timestamp, index, name, utilization.gpu [%], memory.used [MiB], memory.total [MiB], power.draw [W], temperature.gpu
2026/08/28 03:23:44.638, 0, NVIDIA RTX 6000 Ada Generation, 0 %, 2 MiB, 49140 MiB, 82.57 W, 42
2026/08/28 03:23:44.639, 1, NVIDIA RTX 6000 Ada Generation, 0 %, 2 MiB, 49140 MiB, 91.96 W, 57
2026/08/28 03:23:44.640, 2, NVIDIA RTX 6000 Ada Generation, 0 %, 2 MiB, 49140 MiB, 97.09 W, 66
2026/08/28 03:23:44.641, 3, NVIDIA RTX 6000 Ada Generation, 11 %, 2 MiB, 49140 MiB, 79.12 W, 57
2026/08/28 03:23:54.643, 0, NVIDIA RTX 6000 Ada Generation, 30 %, 23622 MiB, 49140 MiB, 86.04 W, 42
2026/08/28 03:23:54.643, 1, NVIDIA RTX 6000 Ada Generation, 24 %, 23792 MiB, 49140 MiB, 94.02 W, 57
2026/08/28 03:23:54.643, 2, NVIDIA RTX 6000 Ada Generation, 26 %, 25052 MiB, 49140 MiB, 96.94 W, 62
2026/08/28 03:23:54.643, 3, NVIDIA RTX 6000 Ada Generation, 28 %, 23162 MiB, 49140 MiB, 93.52 W, 56
2026/08/28 03:24:04.644, 0, NVIDIA RTX 6000 Ada Generation, 81 %, 38942 MiB, 49140 MiB, 247.86 W, 50
2026/08/28 03:24:04.645, 1, NVIDIA RTX 6000 Ada Generation, 88 %, 39100 MiB, 49140 MiB, 276.21 W, 64
2026/08/28 03:24:04.645, 2, NVIDIA RTX 6000 Ada Generation, 83 %, 38982 MiB, 49140 MiB, 275.27 W, 67
2026/08/28 03:24:04.645, 3, NVIDIA RTX 6000 Ada Generation, 89 %, 38602 MiB, 49140 MiB, 278.72 W, 65
2026/08/28 03:24:14.646, 0, NVIDIA RTX 6000 Ada Generation, 86 %, 39230 MiB, 49140 MiB, 258.53 W, 54
2026/08/28 03:24:14.646, 1, NVIDIA RTX 6000 Ada Generation, 81 %, 39100 MiB, 49140 MiB, 262.70 W, 67
2026/08/28 03:24:14.646, 2, NVIDIA RTX 6000 Ada Generation, 89 %, 39042 MiB, 49140 MiB, 298.33 W, 69
2026/08/28 03:24:14.646, 3, NVIDIA RTX 6000 Ada Generation, 88 %, 38828 MiB, 49140 MiB, 262.32 W, 68
2026/08/28 03:24:24.647, 0, NVIDIA RTX 6000 Ada Generation, 90 %, 39344 MiB, 49140 MiB, 276.75 W, 58
2026/08/28 03:24:24.647, 1, NVIDIA RTX 6000 Ada Generation, 90 %, 39270 MiB, 49140 MiB, 269.22 W, 70
2026/08/28 03:24:24.647, 2, NVIDIA RTX 6000 Ada Generation, 81 %, 39042 MiB, 49140 MiB, 280.51 W, 70
2026/08/28 03:24:24.648, 3, NVIDIA RTX 6000 Ada Generation, 88 %, 39018 MiB, 49140 MiB, 286.14 W, 72
2026/08/28 03:24:34.649, 0, NVIDIA RTX 6000 Ada Generation, 91 %, 39344 MiB, 49140 MiB, 280.96 W, 61
2026/08/28 03:24:34.649, 1, NVIDIA RTX 6000 Ada Generation, 86 %, 39482 MiB, 49140 MiB, 262.36 W, 73
2026/08/28 03:24:34.649, 2, NVIDIA RTX 6000 Ada Generation, 89 %, 39210 MiB, 49140 MiB, 290.10 W, 71
2026/08/28 03:24:34.649, 3, NVIDIA RTX 6000 Ada Generation, 87 %, 39018 MiB, 49140 MiB, 289.19 W, 75
2026/08/28 03:24:44.650, 0, NVIDIA RTX 6000 Ada Generation, 88 %, 39384 MiB, 49140 MiB, 262.84 W, 63
2026/08/28 03:24:44.650, 1, NVIDIA RTX 6000 Ada Generation, 90 %, 39562 MiB, 49140 MiB, 286.20 W, 75
2026/08/28 03:24:44.650, 2, NVIDIA RTX 6000 Ada Generation, 91 %, 39210 MiB, 49140 MiB, 299.23 W, 73
2026/08/28 03:24:44.651, 3, NVIDIA RTX 6000 Ada Generation, 86 %, 39018 MiB, 49140 MiB, 270.56 W, 76
2026/08/28 03:24:54.652, 0, NVIDIA RTX 6000 Ada Generation, 88 %, 39384 MiB, 49140 MiB, 283.06 W, 65
2026/08/28 03:24:54.652, 1, NVIDIA RTX 6000 Ada Generation, 88 %, 39562 MiB, 49140 MiB, 289.72 W, 77
2026/08/28 03:24:54.652, 2, NVIDIA RTX 6000 Ada Generation, 88 %, 39210 MiB, 49140 MiB, 277.92 W, 73
2026/08/28 03:24:54.652, 3, NVIDIA RTX 6000 Ada Generation, 86 %, 39066 MiB, 49140 MiB, 279.84 W, 78
2026/08/28 03:25:04.653, 0, NVIDIA RTX 6000 Ada Generation, 87 %, 39384 MiB, 49140 MiB, 265.69 W, 67
2026/08/28 03:25:04.653, 1, NVIDIA RTX 6000 Ada Generation, 88 %, 39562 MiB, 49140 MiB, 291.49 W, 78
2026/08/28 03:25:04.653, 2, NVIDIA RTX 6000 Ada Generation, 80 %, 39226 MiB, 49140 MiB, 280.95 W, 74
2026/08/28 03:25:04.653, 3, NVIDIA RTX 6000 Ada Generation, 89 %, 39150 MiB, 49140 MiB, 298.17 W, 80
2026/08/28 03:25:14.654, 0, NVIDIA RTX 6000 Ada Generation, 87 %, 39384 MiB, 49140 MiB, 270.32 W, 68
2026/08/28 03:25:14.655, 1, NVIDIA RTX 6000 Ada Generation, 84 %, 39562 MiB, 49140 MiB, 272.43 W, 79
2026/08/28 03:25:14.655, 2, NVIDIA RTX 6000 Ada Generation, 89 %, 39234 MiB, 49140 MiB, 297.78 W, 74
2026/08/28 03:25:14.655, 3, NVIDIA RTX 6000 Ada Generation, 90 %, 39154 MiB, 49140 MiB, 297.97 W, 81
2026/08/28 03:25:24.656, 0, NVIDIA RTX 6000 Ada Generation, 88 %, 39384 MiB, 49140 MiB, 275.53 W, 70
2026/08/28 03:25:24.656, 1, NVIDIA RTX 6000 Ada Generation, 88 %, 39572 MiB, 49140 MiB, 276.14 W, 79
2026/08/28 03:25:24.656, 2, NVIDIA RTX 6000 Ada Generation, 87 %, 39234 MiB, 49140 MiB, 283.23 W, 75
2026/08/28 03:25:24.656, 3, NVIDIA RTX 6000 Ada Generation, 86 %, 39154 MiB, 49140 MiB, 281.84 W, 81
2026/08/28 03:25:34.658, 0, NVIDIA RTX 6000 Ada Generation, 88 %, 39542 MiB, 49140 MiB, 289.37 W, 71
2026/08/28 03:25:34.658, 1, NVIDIA RTX 6000 Ada Generation, 87 %, 39572 MiB, 49140 MiB, 280.50 W, 80
2026/08/28 03:25:34.658, 2, NVIDIA RTX 6000 Ada Generation, 84 %, 39470 MiB, 49140 MiB, 287.85 W, 75
2026/08/28 03:25:34.658, 3, NVIDIA RTX 6000 Ada Generation, 89 %, 39154 MiB, 49140 MiB, 298.95 W, 83
2026/08/28 03:25:44.659, 0, NVIDIA RTX 6000 Ada Generation, 91 %, 39542 MiB, 49140 MiB, 289.72 W, 72
2026/08/28 03:25:44.659, 1, NVIDIA RTX 6000 Ada Generation, 88 %, 39572 MiB, 49140 MiB, 285.52 W, 81
2026/08/28 03:25:44.659, 2, NVIDIA RTX 6000 Ada Generation, 89 %, 39636 MiB, 49140 MiB, 298.84 W, 76
2026/08/28 03:25:44.659, 3, NVIDIA RTX 6000 Ada Generation, 93 %, 39154 MiB, 49140 MiB, 298.43 W, 84
2026/08/28 03:25:54.661, 0, NVIDIA RTX 6000 Ada Generation, 94 %, 39542 MiB, 49140 MiB, 290.12 W, 73
2026/08/28 03:25:54.661, 1, NVIDIA RTX 6000 Ada Generation, 86 %, 39572 MiB, 49140 MiB, 276.24 W, 80
2026/08/28 03:25:54.661, 2, NVIDIA RTX 6000 Ada Generation, 93 %, 39636 MiB, 49140 MiB, 299.02 W, 76
2026/08/28 03:25:54.661, 3, NVIDIA RTX 6000 Ada Generation, 89 %, 39192 MiB, 49140 MiB, 297.77 W, 84
2026/08/28 03:26:04.662, 0, NVIDIA RTX 6000 Ada Generation, 88 %, 39542 MiB, 49140 MiB, 286.13 W, 74
2026/08/28 03:26:04.662, 1, NVIDIA RTX 6000 Ada Generation, 86 %, 39572 MiB, 49140 MiB, 273.65 W, 82
2026/08/28 03:26:04.662, 2, NVIDIA RTX 6000 Ada Generation, 80 %, 39636 MiB, 49140 MiB, 281.70 W, 76
2026/08/28 03:26:04.663, 3, NVIDIA RTX 6000 Ada Generation, 86 %, 39258 MiB, 49140 MiB, 283.42 W, 83
2026/08/28 03:26:14.664, 0, NVIDIA RTX 6000 Ada Generation, 84 %, 39542 MiB, 49140 MiB, 274.18 W, 73
2026/08/28 03:26:14.664, 1, NVIDIA RTX 6000 Ada Generation, 87 %, 39572 MiB, 49140 MiB, 293.98 W, 83
2026/08/28 03:26:14.664, 2, NVIDIA RTX 6000 Ada Generation, 89 %, 39636 MiB, 49140 MiB, 297.10 W, 76
2026/08/28 03:26:14.664, 3, NVIDIA RTX 6000 Ada Generation, 90 %, 39258 MiB, 49140 MiB, 287.14 W, 83
2026/08/28 03:26:24.665, 0, NVIDIA RTX 6000 Ada Generation, 88 %, 39542 MiB, 49140 MiB, 295.43 W, 74
2026/08/28 03:26:24.665, 1, NVIDIA RTX 6000 Ada Generation, 78 %, 39572 MiB, 49140 MiB, 276.08 W, 83
2026/08/28 03:26:24.665, 2, NVIDIA RTX 6000 Ada Generation, 84 %, 39636 MiB, 49140 MiB, 280.83 W, 76
2026/08/28 03:26:24.665, 3, NVIDIA RTX 6000 Ada Generation, 93 %, 39604 MiB, 49140 MiB, 292.32 W, 83
2026/08/28 03:26:34.666, 0, NVIDIA RTX 6000 Ada Generation, 83 %, 39542 MiB, 49140 MiB, 275.06 W, 74
2026/08/28 03:26:34.667, 1, NVIDIA RTX 6000 Ada Generation, 88 %, 39572 MiB, 49140 MiB, 296.64 W, 84
2026/08/28 03:26:34.667, 2, NVIDIA RTX 6000 Ada Generation, 85 %, 39636 MiB, 49140 MiB, 284.68 W, 76
2026/08/28 03:26:34.667, 3, NVIDIA RTX 6000 Ada Generation, 86 %, 39604 MiB, 49140 MiB, 280.01 W, 82
2026/08/28 03:26:44.668, 0, NVIDIA RTX 6000 Ada Generation, 80 %, 39542 MiB, 49140 MiB, 276.07 W, 75
2026/08/28 03:26:44.668, 1, NVIDIA RTX 6000 Ada Generation, 87 %, 39572 MiB, 49140 MiB, 278.26 W, 84
2026/08/28 03:26:44.668, 2, NVIDIA RTX 6000 Ada Generation, 85 %, 39636 MiB, 49140 MiB, 290.81 W, 77
2026/08/28 03:26:44.668, 3, NVIDIA RTX 6000 Ada Generation, 91 %, 39604 MiB, 49140 MiB, 298.80 W, 82
2026/08/28 03:26:54.670, 0, NVIDIA RTX 6000 Ada Generation, 89 %, 39542 MiB, 49140 MiB, 278.16 W, 75
2026/08/28 03:26:54.670, 1, NVIDIA RTX 6000 Ada Generation, 79 %, 39572 MiB, 49140 MiB, 277.58 W, 85
2026/08/28 03:26:54.670, 2, NVIDIA RTX 6000 Ada Generation, 90 %, 39636 MiB, 49140 MiB, 298.49 W, 77
2026/08/28 03:26:54.670, 3, NVIDIA RTX 6000 Ada Generation, 88 %, 39604 MiB, 49140 MiB, 281.40 W, 80
2026/08/28 03:27:04.671, 0, NVIDIA RTX 6000 Ada Generation, 91 %, 39542 MiB, 49140 MiB, 295.43 W, 76
2026/08/28 03:27:04.671, 1, NVIDIA RTX 6000 Ada Generation, 88 %, 39572 MiB, 49140 MiB, 295.14 W, 86
2026/08/28 03:27:04.671, 2, NVIDIA RTX 6000 Ada Generation, 92 %, 39636 MiB, 49140 MiB, 299.13 W, 77
2026/08/28 03:27:04.671, 3, NVIDIA RTX 6000 Ada Generation, 91 %, 39604 MiB, 49140 MiB, 298.62 W, 80
2026/08/28 03:27:14.672, 0, NVIDIA RTX 6000 Ada Generation, 86 %, 39542 MiB, 49140 MiB, 270.73 W, 75
2026/08/28 03:27:14.673, 1, NVIDIA RTX 6000 Ada Generation, 88 %, 39572 MiB, 49140 MiB, 294.98 W, 86
2026/08/28 03:27:14.673, 2, NVIDIA RTX 6000 Ada Generation, 83 %, 39636 MiB, 49140 MiB, 281.74 W, 78
2026/08/28 03:27:14.673, 3, NVIDIA RTX 6000 Ada Generation, 91 %, 39604 MiB, 49140 MiB, 298.94 W, 80
2026/08/28 03:27:24.674, 0, NVIDIA RTX 6000 Ada Generation, 82 %, 39542 MiB, 49140 MiB, 276.73 W, 76
2026/08/28 03:27:24.674, 1, NVIDIA RTX 6000 Ada Generation, 91 %, 39572 MiB, 49140 MiB, 294.12 W, 86
2026/08/28 03:27:24.674, 2, NVIDIA RTX 6000 Ada Generation, 86 %, 39636 MiB, 49140 MiB, 282.98 W, 77
2026/08/28 03:27:24.674, 3, NVIDIA RTX 6000 Ada Generation, 85 %, 39604 MiB, 49140 MiB, 281.98 W, 79
2026/08/28 03:27:34.676, 0, NVIDIA RTX 6000 Ada Generation, 89 %, 39542 MiB, 49140 MiB, 277.52 W, 76
2026/08/28 03:27:34.676, 1, NVIDIA RTX 6000 Ada Generation, 89 %, 39572 MiB, 49140 MiB, 295.18 W, 87
2026/08/28 03:27:34.676, 2, NVIDIA RTX 6000 Ada Generation, 78 %, 39656 MiB, 49140 MiB, 284.44 W, 77
2026/08/28 03:27:34.676, 3, NVIDIA RTX 6000 Ada Generation, 91 %, 39604 MiB, 49140 MiB, 298.16 W, 79
2026/08/28 03:27:44.677, 0, NVIDIA RTX 6000 Ada Generation, 88 %, 39542 MiB, 49140 MiB, 283.80 W, 77
2026/08/28 03:27:44.677, 1, NVIDIA RTX 6000 Ada Generation, 88 %, 39572 MiB, 49140 MiB, 295.14 W, 87
2026/08/28 03:27:44.677, 2, NVIDIA RTX 6000 Ada Generation, 88 %, 39656 MiB, 49140 MiB, 298.70 W, 78
2026/08/28 03:27:44.678, 3, NVIDIA RTX 6000 Ada Generation, 79 %, 39604 MiB, 49140 MiB, 279.02 W, 79
2026/08/28 03:27:54.679, 0, NVIDIA RTX 6000 Ada Generation, 88 %, 39696 MiB, 49140 MiB, 296.33 W, 77
2026/08/28 03:27:54.679, 1, NVIDIA RTX 6000 Ada Generation, 87 %, 39578 MiB, 49140 MiB, 279.52 W, 86
2026/08/28 03:27:54.679, 2, NVIDIA RTX 6000 Ada Generation, 88 %, 39656 MiB, 49140 MiB, 284.91 W, 77
2026/08/28 03:27:54.679, 3, NVIDIA RTX 6000 Ada Generation, 89 %, 39604 MiB, 49140 MiB, 298.30 W, 79
2026/08/28 03:28:04.680, 0, NVIDIA RTX 6000 Ada Generation, 91 %, 39696 MiB, 49140 MiB, 297.57 W, 77
2026/08/28 03:28:04.680, 1, NVIDIA RTX 6000 Ada Generation, 85 %, 39578 MiB, 49140 MiB, 282.25 W, 86
2026/08/28 03:28:04.680, 2, NVIDIA RTX 6000 Ada Generation, 88 %, 39656 MiB, 49140 MiB, 289.18 W, 77
2026/08/28 03:28:04.681, 3, NVIDIA RTX 6000 Ada Generation, 90 %, 39604 MiB, 49140 MiB, 285.44 W, 79
2026/08/28 03:28:14.682, 0, NVIDIA RTX 6000 Ada Generation, 91 %, 39696 MiB, 49140 MiB, 299.29 W, 78
2026/08/28 03:28:14.682, 1, NVIDIA RTX 6000 Ada Generation, 88 %, 39578 MiB, 49140 MiB, 295.19 W, 86
2026/08/28 03:28:14.682, 2, NVIDIA RTX 6000 Ada Generation, 90 %, 39656 MiB, 49140 MiB, 295.84 W, 77
2026/08/28 03:28:14.682, 3, NVIDIA RTX 6000 Ada Generation, 78 %, 39604 MiB, 49140 MiB, 278.55 W, 79
2026/08/28 03:28:24.683, 0, NVIDIA RTX 6000 Ada Generation, 78 %, 39696 MiB, 49140 MiB, 276.04 W, 78
2026/08/28 03:28:24.684, 1, NVIDIA RTX 6000 Ada Generation, 87 %, 39578 MiB, 49140 MiB, 276.95 W, 85
2026/08/28 03:28:24.684, 2, NVIDIA RTX 6000 Ada Generation, 88 %, 39656 MiB, 49140 MiB, 298.83 W, 78
2026/08/28 03:28:24.684, 3, NVIDIA RTX 6000 Ada Generation, 92 %, 39604 MiB, 49140 MiB, 298.35 W, 79
2026/08/28 03:28:34.685, 0, NVIDIA RTX 6000 Ada Generation, 86 %, 39696 MiB, 49140 MiB, 275.46 W, 77
2026/08/28 03:28:34.685, 1, NVIDIA RTX 6000 Ada Generation, 88 %, 39578 MiB, 49140 MiB, 296.84 W, 85
2026/08/28 03:28:34.685, 2, NVIDIA RTX 6000 Ada Generation, 93 %, 39656 MiB, 49140 MiB, 299.03 W, 78
2026/08/28 03:28:34.685, 3, NVIDIA RTX 6000 Ada Generation, 92 %, 39604 MiB, 49140 MiB, 298.15 W, 79
2026/08/28 03:28:44.686, 0, NVIDIA RTX 6000 Ada Generation, 92 %, 39700 MiB, 49140 MiB, 297.65 W, 78
2026/08/28 03:28:44.687, 1, NVIDIA RTX 6000 Ada Generation, 78 %, 39578 MiB, 49140 MiB, 279.14 W, 84
2026/08/28 03:28:44.687, 2, NVIDIA RTX 6000 Ada Generation, 86 %, 39656 MiB, 49140 MiB, 281.24 W, 78
2026/08/28 03:28:44.687, 3, NVIDIA RTX 6000 Ada Generation, 92 %, 39604 MiB, 49140 MiB, 298.10 W, 79
2026/08/28 03:28:54.688, 0, NVIDIA RTX 6000 Ada Generation, 87 %, 39700 MiB, 49140 MiB, 280.15 W, 77
2026/08/28 03:28:54.688, 1, NVIDIA RTX 6000 Ada Generation, 90 %, 39578 MiB, 49140 MiB, 297.98 W, 85
2026/08/28 03:28:54.688, 2, NVIDIA RTX 6000 Ada Generation, 93 %, 39656 MiB, 49140 MiB, 293.79 W, 77
2026/08/28 03:28:54.688, 3, NVIDIA RTX 6000 Ada Generation, 88 %, 39604 MiB, 49140 MiB, 298.11 W, 79
2026/08/28 03:29:04.690, 0, NVIDIA RTX 6000 Ada Generation, 88 %, 39700 MiB, 49140 MiB, 297.73 W, 78
2026/08/28 03:29:04.690, 1, NVIDIA RTX 6000 Ada Generation, 84 %, 39578 MiB, 49140 MiB, 276.96 W, 84
2026/08/28 03:29:04.690, 2, NVIDIA RTX 6000 Ada Generation, 80 %, 39656 MiB, 49140 MiB, 286.10 W, 78
2026/08/28 03:29:04.690, 3, NVIDIA RTX 6000 Ada Generation, 83 %, 39604 MiB, 49140 MiB, 280.03 W, 79
2026/08/28 03:29:14.691, 0, NVIDIA RTX 6000 Ada Generation, 88 %, 39700 MiB, 49140 MiB, 297.41 W, 78
2026/08/28 03:29:14.691, 1, NVIDIA RTX 6000 Ada Generation, 82 %, 39578 MiB, 49140 MiB, 280.80 W, 83
2026/08/28 03:29:14.691, 2, NVIDIA RTX 6000 Ada Generation, 82 %, 39656 MiB, 49140 MiB, 283.62 W, 78
2026/08/28 03:29:14.691, 3, NVIDIA RTX 6000 Ada Generation, 91 %, 39604 MiB, 49140 MiB, 288.66 W, 80
2026/08/28 03:29:24.693, 0, NVIDIA RTX 6000 Ada Generation, 88 %, 39700 MiB, 49140 MiB, 278.59 W, 78
2026/08/28 03:29:24.693, 1, NVIDIA RTX 6000 Ada Generation, 88 %, 39578 MiB, 49140 MiB, 296.78 W, 84
2026/08/28 03:29:24.693, 2, NVIDIA RTX 6000 Ada Generation, 91 %, 39656 MiB, 49140 MiB, 298.20 W, 78
2026/08/28 03:29:24.693, 3, NVIDIA RTX 6000 Ada Generation, 90 %, 39604 MiB, 49140 MiB, 298.55 W, 80
2026/08/28 03:29:34.694, 0, NVIDIA RTX 6000 Ada Generation, 85 %, 39700 MiB, 49140 MiB, 283.25 W, 77
2026/08/28 03:29:34.694, 1, NVIDIA RTX 6000 Ada Generation, 80 %, 39578 MiB, 49140 MiB, 279.61 W, 83
2026/08/28 03:29:34.694, 2, NVIDIA RTX 6000 Ada Generation, 85 %, 39656 MiB, 49140 MiB, 280.72 W, 78
2026/08/28 03:29:34.694, 3, NVIDIA RTX 6000 Ada Generation, 88 %, 39604 MiB, 49140 MiB, 298.16 W, 80
2026/08/28 03:29:44.695, 0, NVIDIA RTX 6000 Ada Generation, 89 %, 39700 MiB, 49140 MiB, 298.49 W, 78
2026/08/28 03:29:44.696, 1, NVIDIA RTX 6000 Ada Generation, 92 %, 39578 MiB, 49140 MiB, 297.94 W, 83
2026/08/28 03:29:44.696, 2, NVIDIA RTX 6000 Ada Generation, 83 %, 39656 MiB, 49140 MiB, 284.71 W, 78
2026/08/28 03:29:44.696, 3, NVIDIA RTX 6000 Ada Generation, 92 %, 39604 MiB, 49140 MiB, 298.73 W, 80
2026/08/28 03:29:54.697, 0, NVIDIA RTX 6000 Ada Generation, 88 %, 39700 MiB, 49140 MiB, 298.50 W, 78
2026/08/28 03:29:54.697, 1, NVIDIA RTX 6000 Ada Generation, 89 %, 39578 MiB, 49140 MiB, 297.09 W, 83
2026/08/28 03:29:54.697, 2, NVIDIA RTX 6000 Ada Generation, 89 %, 39656 MiB, 49140 MiB, 298.48 W, 78
2026/08/28 03:29:54.697, 3, NVIDIA RTX 6000 Ada Generation, 93 %, 39604 MiB, 49140 MiB, 298.96 W, 81
2026/08/28 03:30:04.698, 0, NVIDIA RTX 6000 Ada Generation, 85 %, 39700 MiB, 49140 MiB, 278.30 W, 77
2026/08/28 03:30:04.699, 1, NVIDIA RTX 6000 Ada Generation, 81 %, 39578 MiB, 49140 MiB, 280.11 W, 82
2026/08/28 03:30:04.699, 2, NVIDIA RTX 6000 Ada Generation, 85 %, 39656 MiB, 49140 MiB, 280.37 W, 78
2026/08/28 03:30:04.699, 3, NVIDIA RTX 6000 Ada Generation, 79 %, 39604 MiB, 49140 MiB, 279.75 W, 80
2026/08/28 03:30:14.700, 0, NVIDIA RTX 6000 Ada Generation, 80 %, 39700 MiB, 49140 MiB, 279.68 W, 78
2026/08/28 03:30:14.700, 1, NVIDIA RTX 6000 Ada Generation, 84 %, 39578 MiB, 49140 MiB, 282.83 W, 82
2026/08/28 03:30:14.700, 2, NVIDIA RTX 6000 Ada Generation, 87 %, 39656 MiB, 49140 MiB, 298.31 W, 78
2026/08/28 03:30:14.700, 3, NVIDIA RTX 6000 Ada Generation, 86 %, 39604 MiB, 49140 MiB, 283.99 W, 80
2026/08/28 03:30:24.701, 0, NVIDIA RTX 6000 Ada Generation, 82 %, 39700 MiB, 49140 MiB, 278.52 W, 78
2026/08/28 03:30:24.702, 1, NVIDIA RTX 6000 Ada Generation, 88 %, 39578 MiB, 49140 MiB, 296.39 W, 83
2026/08/28 03:30:24.702, 2, NVIDIA RTX 6000 Ada Generation, 92 %, 39656 MiB, 49140 MiB, 299.02 W, 78
2026/08/28 03:30:24.702, 3, NVIDIA RTX 6000 Ada Generation, 89 %, 39604 MiB, 49140 MiB, 288.20 W, 80
2026/08/28 03:30:34.703, 0, NVIDIA RTX 6000 Ada Generation, 87 %, 39700 MiB, 49140 MiB, 280.06 W, 77
2026/08/28 03:30:34.703, 1, NVIDIA RTX 6000 Ada Generation, 88 %, 39578 MiB, 49140 MiB, 296.06 W, 83
2026/08/28 03:30:34.703, 2, NVIDIA RTX 6000 Ada Generation, 84 %, 39656 MiB, 49140 MiB, 287.39 W, 77
2026/08/28 03:30:34.703, 3, NVIDIA RTX 6000 Ada Generation, 79 %, 39604 MiB, 49140 MiB, 288.80 W, 80
2026/08/28 03:30:44.705, 0, NVIDIA RTX 6000 Ada Generation, 90 %, 39700 MiB, 49140 MiB, 283.81 W, 77
2026/08/28 03:30:44.705, 1, NVIDIA RTX 6000 Ada Generation, 84 %, 39578 MiB, 49140 MiB, 275.25 W, 82
2026/08/28 03:30:44.705, 2, NVIDIA RTX 6000 Ada Generation, 88 %, 39656 MiB, 49140 MiB, 298.92 W, 77
2026/08/28 03:30:44.705, 3, NVIDIA RTX 6000 Ada Generation, 92 %, 39604 MiB, 49140 MiB, 298.15 W, 81
2026/08/28 03:30:54.706, 0, NVIDIA RTX 6000 Ada Generation, 88 %, 39700 MiB, 49140 MiB, 283.83 W, 77
2026/08/28 03:30:54.706, 1, NVIDIA RTX 6000 Ada Generation, 88 %, 39578 MiB, 49140 MiB, 294.14 W, 82
2026/08/28 03:30:54.706, 2, NVIDIA RTX 6000 Ada Generation, 79 %, 39656 MiB, 49140 MiB, 283.91 W, 77
2026/08/28 03:30:54.707, 3, NVIDIA RTX 6000 Ada Generation, 91 %, 39604 MiB, 49140 MiB, 298.39 W, 81
2026/08/28 03:31:04.708, 0, NVIDIA RTX 6000 Ada Generation, 88 %, 39700 MiB, 49140 MiB, 298.38 W, 78
2026/08/28 03:31:04.708, 1, NVIDIA RTX 6000 Ada Generation, 85 %, 39578 MiB, 49140 MiB, 274.23 W, 83
2026/08/28 03:31:04.708, 2, NVIDIA RTX 6000 Ada Generation, 88 %, 39656 MiB, 49140 MiB, 298.45 W, 78
2026/08/28 03:31:04.708, 3, NVIDIA RTX 6000 Ada Generation, 81 %, 39604 MiB, 49140 MiB, 280.20 W, 81
2026/08/28 03:31:14.709, 0, NVIDIA RTX 6000 Ada Generation, 91 %, 39700 MiB, 49140 MiB, 298.68 W, 79
2026/08/28 03:31:14.709, 1, NVIDIA RTX 6000 Ada Generation, 91 %, 39578 MiB, 49140 MiB, 294.13 W, 83
2026/08/28 03:31:14.709, 2, NVIDIA RTX 6000 Ada Generation, 82 %, 39656 MiB, 49140 MiB, 285.74 W, 77
2026/08/28 03:31:14.710, 3, NVIDIA RTX 6000 Ada Generation, 88 %, 39604 MiB, 49140 MiB, 284.49 W, 80
2026/08/28 03:31:24.711, 0, NVIDIA RTX 6000 Ada Generation, 80 %, 39700 MiB, 49140 MiB, 290.93 W, 78
2026/08/28 03:31:24.711, 1, NVIDIA RTX 6000 Ada Generation, 88 %, 39578 MiB, 49140 MiB, 292.89 W, 83
2026/08/28 03:31:24.711, 2, NVIDIA RTX 6000 Ada Generation, 90 %, 39656 MiB, 49140 MiB, 298.87 W, 77
2026/08/28 03:31:24.711, 3, NVIDIA RTX 6000 Ada Generation, 86 %, 39604 MiB, 49140 MiB, 279.20 W, 80
2026/08/28 03:31:34.712, 0, NVIDIA RTX 6000 Ada Generation, 81 %, 39702 MiB, 49140 MiB, 282.05 W, 78
2026/08/28 03:31:34.713, 1, NVIDIA RTX 6000 Ada Generation, 88 %, 39578 MiB, 49140 MiB, 295.94 W, 83
2026/08/28 03:31:34.713, 2, NVIDIA RTX 6000 Ada Generation, 88 %, 39656 MiB, 49140 MiB, 291.42 W, 77
2026/08/28 03:31:34.713, 3, NVIDIA RTX 6000 Ada Generation, 92 %, 39604 MiB, 49140 MiB, 298.44 W, 81
2026/08/28 03:31:44.714, 0, NVIDIA RTX 6000 Ada Generation, 88 %, 39702 MiB, 49140 MiB, 298.58 W, 78
2026/08/28 03:31:44.714, 1, NVIDIA RTX 6000 Ada Generation, 78 %, 39578 MiB, 49140 MiB, 276.29 W, 83
2026/08/28 03:31:44.714, 2, NVIDIA RTX 6000 Ada Generation, 88 %, 39656 MiB, 49140 MiB, 285.54 W, 77
2026/08/28 03:31:44.714, 3, NVIDIA RTX 6000 Ada Generation, 90 %, 39604 MiB, 49140 MiB, 298.03 W, 81
2026/08/28 03:31:54.715, 0, NVIDIA RTX 6000 Ada Generation, 83 %, 39702 MiB, 49140 MiB, 277.65 W, 78
2026/08/28 03:31:54.716, 1, NVIDIA RTX 6000 Ada Generation, 83 %, 39578 MiB, 49140 MiB, 278.97 W, 83
2026/08/28 03:31:54.716, 2, NVIDIA RTX 6000 Ada Generation, 86 %, 39656 MiB, 49140 MiB, 287.84 W, 77
2026/08/28 03:31:54.716, 3, NVIDIA RTX 6000 Ada Generation, 90 %, 39604 MiB, 49140 MiB, 284.86 W, 80
2026/08/28 03:32:04.717, 0, NVIDIA RTX 6000 Ada Generation, 88 %, 39702 MiB, 49140 MiB, 281.89 W, 78
2026/08/28 03:32:04.717, 1, NVIDIA RTX 6000 Ada Generation, 84 %, 39578 MiB, 49140 MiB, 281.57 W, 83
2026/08/28 03:32:04.717, 2, NVIDIA RTX 6000 Ada Generation, 85 %, 39656 MiB, 49140 MiB, 293.84 W, 78
2026/08/28 03:32:04.717, 3, NVIDIA RTX 6000 Ada Generation, 92 %, 39604 MiB, 49140 MiB, 289.57 W, 80
2026/08/28 03:32:14.719, 0, NVIDIA RTX 6000 Ada Generation, 90 %, 39702 MiB, 49140 MiB, 284.85 W, 77
2026/08/28 03:32:14.719, 1, NVIDIA RTX 6000 Ada Generation, 78 %, 39578 MiB, 49140 MiB, 276.46 W, 83
2026/08/28 03:32:14.719, 2, NVIDIA RTX 6000 Ada Generation, 91 %, 39656 MiB, 49140 MiB, 298.36 W, 77
2026/08/28 03:32:14.719, 3, NVIDIA RTX 6000 Ada Generation, 92 %, 39604 MiB, 49140 MiB, 298.99 W, 81
2026/08/28 03:32:24.720, 0, NVIDIA RTX 6000 Ada Generation, 88 %, 39702 MiB, 49140 MiB, 298.51 W, 78
2026/08/28 03:32:24.720, 1, NVIDIA RTX 6000 Ada Generation, 88 %, 39578 MiB, 49140 MiB, 296.69 W, 84
2026/08/28 03:32:24.721, 2, NVIDIA RTX 6000 Ada Generation, 91 %, 39656 MiB, 49140 MiB, 298.79 W, 78
2026/08/28 03:32:24.721, 3, NVIDIA RTX 6000 Ada Generation, 86 %, 39604 MiB, 49140 MiB, 282.32 W, 80
2026/08/28 03:32:34.722, 0, NVIDIA RTX 6000 Ada Generation, 88 %, 39702 MiB, 49140 MiB, 297.99 W, 78
2026/08/28 03:32:34.722, 1, NVIDIA RTX 6000 Ada Generation, 86 %, 39578 MiB, 49140 MiB, 276.07 W, 83
2026/08/28 03:32:34.722, 2, NVIDIA RTX 6000 Ada Generation, 90 %, 39656 MiB, 49140 MiB, 298.30 W, 78
2026/08/28 03:32:34.722, 3, NVIDIA RTX 6000 Ada Generation, 89 %, 39604 MiB, 49140 MiB, 298.07 W, 81
2026/08/28 03:32:44.723, 0, NVIDIA RTX 6000 Ada Generation, 87 %, 39702 MiB, 49140 MiB, 278.26 W, 78
2026/08/28 03:32:44.724, 1, NVIDIA RTX 6000 Ada Generation, 79 %, 39578 MiB, 49140 MiB, 275.97 W, 83
2026/08/28 03:32:44.724, 2, NVIDIA RTX 6000 Ada Generation, 79 %, 39656 MiB, 49140 MiB, 285.57 W, 78
2026/08/28 03:32:44.724, 3, NVIDIA RTX 6000 Ada Generation, 81 %, 39604 MiB, 49140 MiB, 281.48 W, 80
2026/08/28 03:32:54.725, 0, NVIDIA RTX 6000 Ada Generation, 89 %, 39702 MiB, 49140 MiB, 298.39 W, 78
2026/08/28 03:32:54.725, 1, NVIDIA RTX 6000 Ada Generation, 88 %, 39578 MiB, 49140 MiB, 277.54 W, 82
2026/08/28 03:32:54.725, 2, NVIDIA RTX 6000 Ada Generation, 90 %, 39656 MiB, 49140 MiB, 287.17 W, 77
2026/08/28 03:32:54.725, 3, NVIDIA RTX 6000 Ada Generation, 88 %, 39604 MiB, 49140 MiB, 298.39 W, 80
2026/08/28 03:33:04.727, 0, NVIDIA RTX 6000 Ada Generation, 91 %, 39702 MiB, 49140 MiB, 298.26 W, 78
2026/08/28 03:33:04.727, 1, NVIDIA RTX 6000 Ada Generation, 88 %, 39578 MiB, 49140 MiB, 297.97 W, 84
2026/08/28 03:33:04.727, 2, NVIDIA RTX 6000 Ada Generation, 89 %, 39656 MiB, 49140 MiB, 298.16 W, 78
2026/08/28 03:33:04.727, 3, NVIDIA RTX 6000 Ada Generation, 92 %, 39604 MiB, 49140 MiB, 289.67 W, 81
2026/08/28 03:33:14.728, 0, NVIDIA RTX 6000 Ada Generation, 80 %, 39702 MiB, 49140 MiB, 277.34 W, 77
2026/08/28 03:33:14.728, 1, NVIDIA RTX 6000 Ada Generation, 88 %, 39578 MiB, 49140 MiB, 299.22 W, 85
2026/08/28 03:33:14.728, 2, NVIDIA RTX 6000 Ada Generation, 87 %, 39656 MiB, 49140 MiB, 282.15 W, 78
2026/08/28 03:33:14.729, 3, NVIDIA RTX 6000 Ada Generation, 81 %, 39604 MiB, 49140 MiB, 282.30 W, 80
2026/08/28 03:33:24.730, 0, NVIDIA RTX 6000 Ada Generation, 88 %, 39702 MiB, 49140 MiB, 298.03 W, 78
2026/08/28 03:33:24.730, 1, NVIDIA RTX 6000 Ada Generation, 86 %, 39578 MiB, 49140 MiB, 278.14 W, 85
2026/08/28 03:33:24.730, 2, NVIDIA RTX 6000 Ada Generation, 92 %, 39664 MiB, 49140 MiB, 289.71 W, 77
2026/08/28 03:33:24.730, 3, NVIDIA RTX 6000 Ada Generation, 80 %, 39604 MiB, 49140 MiB, 279.37 W, 80
2026/08/28 03:33:34.731, 0, NVIDIA RTX 6000 Ada Generation, 89 %, 39702 MiB, 49140 MiB, 298.82 W, 78
2026/08/28 03:33:34.732, 1, NVIDIA RTX 6000 Ada Generation, 86 %, 39578 MiB, 49140 MiB, 282.52 W, 85
2026/08/28 03:33:34.732, 2, NVIDIA RTX 6000 Ada Generation, 89 %, 39664 MiB, 49140 MiB, 298.34 W, 77
2026/08/28 03:33:34.732, 3, NVIDIA RTX 6000 Ada Generation, 88 %, 39604 MiB, 49140 MiB, 297.92 W, 81
2026/08/28 03:33:44.733, 0, NVIDIA RTX 6000 Ada Generation, 88 %, 39702 MiB, 49140 MiB, 280.95 W, 78
2026/08/28 03:33:44.733, 1, NVIDIA RTX 6000 Ada Generation, 89 %, 39578 MiB, 49140 MiB, 286.73 W, 84
2026/08/28 03:33:44.733, 2, NVIDIA RTX 6000 Ada Generation, 89 %, 39664 MiB, 49140 MiB, 291.95 W, 77
2026/08/28 03:33:44.733, 3, NVIDIA RTX 6000 Ada Generation, 84 %, 39604 MiB, 49140 MiB, 275.75 W, 80
2026/08/28 03:33:54.734, 0, NVIDIA RTX 6000 Ada Generation, 84 %, 39702 MiB, 49140 MiB, 283.99 W, 77
2026/08/28 03:33:54.735, 1, NVIDIA RTX 6000 Ada Generation, 88 %, 39710 MiB, 49140 MiB, 289.30 W, 84
2026/08/28 03:33:54.735, 2, NVIDIA RTX 6000 Ada Generation, 89 %, 39664 MiB, 49140 MiB, 294.88 W, 77
2026/08/28 03:33:54.735, 3, NVIDIA RTX 6000 Ada Generation, 85 %, 39604 MiB, 49140 MiB, 285.02 W, 80
2026/08/28 03:34:04.736, 0, NVIDIA RTX 6000 Ada Generation, 85 %, 39702 MiB, 49140 MiB, 285.63 W, 77
2026/08/28 03:34:04.736, 1, NVIDIA RTX 6000 Ada Generation, 85 %, 39710 MiB, 49140 MiB, 278.22 W, 84
2026/08/28 03:34:04.736, 2, NVIDIA RTX 6000 Ada Generation, 84 %, 39664 MiB, 49140 MiB, 282.05 W, 77
2026/08/28 03:34:04.736, 3, NVIDIA RTX 6000 Ada Generation, 91 %, 39604 MiB, 49140 MiB, 289.28 W, 79
2026/08/28 03:34:14.738, 0, NVIDIA RTX 6000 Ada Generation, 87 %, 39702 MiB, 49140 MiB, 298.16 W, 78
2026/08/28 03:34:14.738, 1, NVIDIA RTX 6000 Ada Generation, 80 %, 39710 MiB, 49140 MiB, 275.23 W, 84
2026/08/28 03:34:14.738, 2, NVIDIA RTX 6000 Ada Generation, 88 %, 39664 MiB, 49140 MiB, 286.73 W, 77
2026/08/28 03:34:14.738, 3, NVIDIA RTX 6000 Ada Generation, 91 %, 39604 MiB, 49140 MiB, 298.25 W, 80
2026/08/28 03:34:24.739, 0, NVIDIA RTX 6000 Ada Generation, 88 %, 39702 MiB, 49140 MiB, 298.62 W, 78
2026/08/28 03:34:24.739, 1, NVIDIA RTX 6000 Ada Generation, 88 %, 39710 MiB, 49140 MiB, 296.93 W, 84
2026/08/28 03:34:24.739, 2, NVIDIA RTX 6000 Ada Generation, 88 %, 39664 MiB, 49140 MiB, 292.40 W, 78
2026/08/28 03:34:24.740, 3, NVIDIA RTX 6000 Ada Generation, 84 %, 39604 MiB, 49140 MiB, 279.65 W, 80
2026/08/28 03:34:34.741, 0, NVIDIA RTX 6000 Ada Generation, 88 %, 39702 MiB, 49140 MiB, 297.65 W, 79
2026/08/28 03:34:34.741, 1, NVIDIA RTX 6000 Ada Generation, 88 %, 39710 MiB, 49140 MiB, 298.66 W, 85
2026/08/28 03:34:34.741, 2, NVIDIA RTX 6000 Ada Generation, 90 %, 39664 MiB, 49140 MiB, 298.76 W, 77
2026/08/28 03:34:34.741, 3, NVIDIA RTX 6000 Ada Generation, 90 %, 39604 MiB, 49140 MiB, 298.39 W, 80
2026/08/28 03:34:44.742, 0, NVIDIA RTX 6000 Ada Generation, 84 %, 39702 MiB, 49140 MiB, 278.26 W, 78
2026/08/28 03:34:44.743, 1, NVIDIA RTX 6000 Ada Generation, 91 %, 39710 MiB, 49140 MiB, 298.65 W, 85
2026/08/28 03:34:44.743, 2, NVIDIA RTX 6000 Ada Generation, 89 %, 39664 MiB, 49140 MiB, 299.16 W, 78
2026/08/28 03:34:44.743, 3, NVIDIA RTX 6000 Ada Generation, 80 %, 39604 MiB, 49140 MiB, 279.04 W, 80
2026/08/28 03:34:54.744, 0, NVIDIA RTX 6000 Ada Generation, 89 %, 39704 MiB, 49140 MiB, 293.73 W, 78
2026/08/28 03:34:54.744, 1, NVIDIA RTX 6000 Ada Generation, 83 %, 39710 MiB, 49140 MiB, 280.63 W, 85
2026/08/28 03:34:54.744, 2, NVIDIA RTX 6000 Ada Generation, 87 %, 39664 MiB, 49140 MiB, 283.67 W, 77
2026/08/28 03:34:54.744, 3, NVIDIA RTX 6000 Ada Generation, 91 %, 39604 MiB, 49140 MiB, 288.67 W, 80
2026/08/28 03:35:04.745, 0, NVIDIA RTX 6000 Ada Generation, 88 %, 39704 MiB, 49140 MiB, 298.71 W, 78
2026/08/28 03:35:04.746, 1, NVIDIA RTX 6000 Ada Generation, 83 %, 39710 MiB, 49140 MiB, 283.83 W, 84
2026/08/28 03:35:04.746, 2, NVIDIA RTX 6000 Ada Generation, 88 %, 39664 MiB, 49140 MiB, 286.60 W, 77
2026/08/28 03:35:04.746, 3, NVIDIA RTX 6000 Ada Generation, 92 %, 39604 MiB, 49140 MiB, 299.06 W, 80
2026/08/28 03:35:14.747, 0, NVIDIA RTX 6000 Ada Generation, 88 %, 39704 MiB, 49140 MiB, 297.92 W, 78
2026/08/28 03:35:14.747, 1, NVIDIA RTX 6000 Ada Generation, 88 %, 39710 MiB, 49140 MiB, 283.06 W, 84
2026/08/28 03:35:14.747, 2, NVIDIA RTX 6000 Ada Generation, 87 %, 39664 MiB, 49140 MiB, 287.99 W, 77
2026/08/28 03:35:14.747, 3, NVIDIA RTX 6000 Ada Generation, 80 %, 39604 MiB, 49140 MiB, 277.65 W, 80
2026/08/28 03:35:24.748, 0, NVIDIA RTX 6000 Ada Generation, 82 %, 39704 MiB, 49140 MiB, 279.07 W, 78
2026/08/28 03:35:24.749, 1, NVIDIA RTX 6000 Ada Generation, 92 %, 39710 MiB, 49140 MiB, 288.91 W, 84
2026/08/28 03:35:24.749, 2, NVIDIA RTX 6000 Ada Generation, 90 %, 39664 MiB, 49140 MiB, 298.28 W, 77
2026/08/28 03:35:24.749, 3, NVIDIA RTX 6000 Ada Generation, 87 %, 39604 MiB, 49140 MiB, 284.16 W, 80
2026/08/28 03:35:34.750, 0, NVIDIA RTX 6000 Ada Generation, 92 %, 39704 MiB, 49140 MiB, 298.97 W, 78
2026/08/28 03:35:34.750, 1, NVIDIA RTX 6000 Ada Generation, 88 %, 39710 MiB, 49140 MiB, 295.94 W, 84
2026/08/28 03:35:34.750, 2, NVIDIA RTX 6000 Ada Generation, 89 %, 39664 MiB, 49140 MiB, 298.75 W, 78
2026/08/28 03:35:34.750, 3, NVIDIA RTX 6000 Ada Generation, 89 %, 39604 MiB, 49140 MiB, 298.24 W, 80
2026/08/28 03:35:44.751, 0, NVIDIA RTX 6000 Ada Generation, 78 %, 39704 MiB, 49140 MiB, 275.92 W, 78
2026/08/28 03:35:44.751, 1, NVIDIA RTX 6000 Ada Generation, 81 %, 39710 MiB, 49140 MiB, 279.20 W, 83
2026/08/28 03:35:44.751, 2, NVIDIA RTX 6000 Ada Generation, 85 %, 39664 MiB, 49140 MiB, 300.12 W, 77
2026/08/28 03:35:44.751, 3, NVIDIA RTX 6000 Ada Generation, 89 %, 39604 MiB, 49140 MiB, 297.80 W, 80
2026/08/28 03:35:54.752, 0, NVIDIA RTX 6000 Ada Generation, 86 %, 39704 MiB, 49140 MiB, 277.98 W, 77
2026/08/28 03:35:54.752, 1, NVIDIA RTX 6000 Ada Generation, 85 %, 39710 MiB, 49140 MiB, 282.52 W, 83
2026/08/28 03:35:54.752, 2, NVIDIA RTX 6000 Ada Generation, 88 %, 39664 MiB, 49140 MiB, 285.32 W, 77
2026/08/28 03:35:54.752, 3, NVIDIA RTX 6000 Ada Generation, 89 %, 39604 MiB, 49140 MiB, 283.10 W, 80
2026/08/28 03:36:04.753, 0, NVIDIA RTX 6000 Ada Generation, 86 %, 39704 MiB, 49140 MiB, 277.72 W, 77
2026/08/28 03:36:04.754, 1, NVIDIA RTX 6000 Ada Generation, 88 %, 39710 MiB, 49140 MiB, 295.83 W, 84
2026/08/28 03:36:04.754, 2, NVIDIA RTX 6000 Ada Generation, 90 %, 39664 MiB, 49140 MiB, 298.67 W, 77
2026/08/28 03:36:04.754, 3, NVIDIA RTX 6000 Ada Generation, 86 %, 39604 MiB, 49140 MiB, 278.58 W, 80
2026/08/28 03:36:14.755, 0, NVIDIA RTX 6000 Ada Generation, 88 %, 39704 MiB, 49140 MiB, 297.96 W, 78
2026/08/28 03:36:14.755, 1, NVIDIA RTX 6000 Ada Generation, 88 %, 39710 MiB, 49140 MiB, 297.57 W, 84
2026/08/28 03:36:14.755, 2, NVIDIA RTX 6000 Ada Generation, 81 %, 39664 MiB, 49140 MiB, 284.61 W, 77
2026/08/28 03:36:14.755, 3, NVIDIA RTX 6000 Ada Generation, 89 %, 39604 MiB, 49140 MiB, 295.94 W, 80
2026/08/28 03:36:24.756, 0, NVIDIA RTX 6000 Ada Generation, 87 %, 39704 MiB, 49140 MiB, 280.48 W, 77
2026/08/28 03:36:24.756, 1, NVIDIA RTX 6000 Ada Generation, 83 %, 39710 MiB, 49140 MiB, 279.35 W, 83
2026/08/28 03:36:24.756, 2, NVIDIA RTX 6000 Ada Generation, 89 %, 39664 MiB, 49140 MiB, 298.52 W, 78
2026/08/28 03:36:24.756, 3, NVIDIA RTX 6000 Ada Generation, 90 %, 39604 MiB, 49140 MiB, 298.21 W, 80
2026/08/28 03:36:34.757, 0, NVIDIA RTX 6000 Ada Generation, 89 %, 39704 MiB, 49140 MiB, 284.11 W, 78
2026/08/28 03:36:34.758, 1, NVIDIA RTX 6000 Ada Generation, 84 %, 39710 MiB, 49140 MiB, 281.29 W, 83
2026/08/28 03:36:34.758, 2, NVIDIA RTX 6000 Ada Generation, 86 %, 39664 MiB, 49140 MiB, 284.48 W, 77
2026/08/28 03:36:34.758, 3, NVIDIA RTX 6000 Ada Generation, 83 %, 39608 MiB, 49140 MiB, 283.41 W, 80
2026/08/28 03:36:44.759, 0, NVIDIA RTX 6000 Ada Generation, 90 %, 39704 MiB, 49140 MiB, 298.55 W, 78
2026/08/28 03:36:44.759, 1, NVIDIA RTX 6000 Ada Generation, 80 %, 39710 MiB, 49140 MiB, 278.71 W, 83
2026/08/28 03:36:44.759, 2, NVIDIA RTX 6000 Ada Generation, 89 %, 39664 MiB, 49140 MiB, 289.10 W, 77
2026/08/28 03:36:44.759, 3, NVIDIA RTX 6000 Ada Generation, 91 %, 39608 MiB, 49140 MiB, 298.52 W, 81
2026/08/28 03:36:54.760, 0, NVIDIA RTX 6000 Ada Generation, 88 %, 39704 MiB, 49140 MiB, 298.30 W, 78
2026/08/28 03:36:54.761, 1, NVIDIA RTX 6000 Ada Generation, 88 %, 39710 MiB, 49140 MiB, 297.01 W, 84
2026/08/28 03:36:54.761, 2, NVIDIA RTX 6000 Ada Generation, 87 %, 39664 MiB, 49140 MiB, 294.31 W, 78
2026/08/28 03:36:54.761, 3, NVIDIA RTX 6000 Ada Generation, 91 %, 39608 MiB, 49140 MiB, 289.25 W, 80
2026/08/28 03:37:04.762, 0, NVIDIA RTX 6000 Ada Generation, 80 %, 39704 MiB, 49140 MiB, 277.12 W, 78
2026/08/28 03:37:04.762, 1, NVIDIA RTX 6000 Ada Generation, 83 %, 39710 MiB, 49140 MiB, 278.18 W, 83
2026/08/28 03:37:04.762, 2, NVIDIA RTX 6000 Ada Generation, 89 %, 39664 MiB, 49140 MiB, 298.19 W, 77
2026/08/28 03:37:04.762, 3, NVIDIA RTX 6000 Ada Generation, 81 %, 39608 MiB, 49140 MiB, 279.64 W, 79
2026/08/28 03:37:14.763, 0, NVIDIA RTX 6000 Ada Generation, 79 %, 39704 MiB, 49140 MiB, 276.91 W, 77
2026/08/28 03:37:14.764, 1, NVIDIA RTX 6000 Ada Generation, 83 %, 39710 MiB, 49140 MiB, 281.52 W, 83
2026/08/28 03:37:14.764, 2, NVIDIA RTX 6000 Ada Generation, 90 %, 39664 MiB, 49140 MiB, 298.96 W, 78
2026/08/28 03:37:14.764, 3, NVIDIA RTX 6000 Ada Generation, 90 %, 39608 MiB, 49140 MiB, 298.28 W, 80
2026/08/28 03:37:24.765, 0, NVIDIA RTX 6000 Ada Generation, 86 %, 39704 MiB, 49140 MiB, 297.01 W, 79
2026/08/28 03:37:24.765, 1, NVIDIA RTX 6000 Ada Generation, 88 %, 39710 MiB, 49140 MiB, 296.07 W, 83
2026/08/28 03:37:24.765, 2, NVIDIA RTX 6000 Ada Generation, 90 %, 39664 MiB, 49140 MiB, 298.17 W, 78
2026/08/28 03:37:24.765, 3, NVIDIA RTX 6000 Ada Generation, 89 %, 39608 MiB, 49140 MiB, 298.52 W, 81
2026/08/28 03:37:34.766, 0, NVIDIA RTX 6000 Ada Generation, 77 %, 39704 MiB, 49140 MiB, 275.95 W, 78
2026/08/28 03:37:34.767, 1, NVIDIA RTX 6000 Ada Generation, 88 %, 39710 MiB, 49140 MiB, 282.21 W, 83
2026/08/28 03:37:34.767, 2, NVIDIA RTX 6000 Ada Generation, 88 %, 39664 MiB, 49140 MiB, 286.20 W, 78
2026/08/28 03:37:34.767, 3, NVIDIA RTX 6000 Ada Generation, 90 %, 39608 MiB, 49140 MiB, 297.95 W, 81
2026/08/28 03:37:44.768, 0, NVIDIA RTX 6000 Ada Generation, 91 %, 39704 MiB, 49140 MiB, 298.52 W, 78
2026/08/28 03:37:44.768, 1, NVIDIA RTX 6000 Ada Generation, 91 %, 39710 MiB, 49140 MiB, 296.44 W, 83
2026/08/28 03:37:44.768, 2, NVIDIA RTX 6000 Ada Generation, 88 %, 39664 MiB, 49140 MiB, 298.89 W, 77
2026/08/28 03:37:44.768, 3, NVIDIA RTX 6000 Ada Generation, 95 %, 39608 MiB, 49140 MiB, 299.12 W, 81
2026/08/28 03:37:54.770, 0, NVIDIA RTX 6000 Ada Generation, 88 %, 39704 MiB, 49140 MiB, 298.60 W, 78
2026/08/28 03:37:54.770, 1, NVIDIA RTX 6000 Ada Generation, 92 %, 39710 MiB, 49140 MiB, 297.34 W, 84
2026/08/28 03:37:54.770, 2, NVIDIA RTX 6000 Ada Generation, 93 %, 39664 MiB, 49140 MiB, 298.88 W, 78
2026/08/28 03:37:54.770, 3, NVIDIA RTX 6000 Ada Generation, 83 %, 39608 MiB, 49140 MiB, 282.64 W, 80
2026/08/28 03:38:04.771, 0, NVIDIA RTX 6000 Ada Generation, 80 %, 39704 MiB, 49140 MiB, 276.79 W, 77
2026/08/28 03:38:04.771, 1, NVIDIA RTX 6000 Ada Generation, 81 %, 39710 MiB, 49140 MiB, 280.86 W, 83
2026/08/28 03:38:04.771, 2, NVIDIA RTX 6000 Ada Generation, 82 %, 39664 MiB, 49140 MiB, 283.77 W, 77
2026/08/28 03:38:04.771, 3, NVIDIA RTX 6000 Ada Generation, 91 %, 39608 MiB, 49140 MiB, 284.38 W, 80
2026/08/28 03:38:14.773, 0, NVIDIA RTX 6000 Ada Generation, 91 %, 39704 MiB, 49140 MiB, 298.51 W, 78
2026/08/28 03:38:14.773, 1, NVIDIA RTX 6000 Ada Generation, 90 %, 39710 MiB, 49140 MiB, 297.41 W, 84
2026/08/28 03:38:14.773, 2, NVIDIA RTX 6000 Ada Generation, 88 %, 39664 MiB, 49140 MiB, 290.04 W, 77
2026/08/28 03:38:14.773, 3, NVIDIA RTX 6000 Ada Generation, 84 %, 39608 MiB, 49140 MiB, 287.62 W, 80
2026/08/28 03:38:24.774, 0, NVIDIA RTX 6000 Ada Generation, 87 %, 39704 MiB, 49140 MiB, 278.83 W, 77
2026/08/28 03:38:24.775, 1, NVIDIA RTX 6000 Ada Generation, 87 %, 39710 MiB, 49140 MiB, 278.57 W, 84
2026/08/28 03:38:24.775, 2, NVIDIA RTX 6000 Ada Generation, 92 %, 39664 MiB, 49140 MiB, 298.93 W, 78
2026/08/28 03:38:24.775, 3, NVIDIA RTX 6000 Ada Generation, 89 %, 39608 MiB, 49140 MiB, 298.43 W, 80
2026/08/28 03:38:34.776, 0, NVIDIA RTX 6000 Ada Generation, 86 %, 39704 MiB, 49140 MiB, 299.15 W, 77
2026/08/28 03:38:34.776, 1, NVIDIA RTX 6000 Ada Generation, 88 %, 39710 MiB, 49140 MiB, 295.87 W, 84
2026/08/28 03:38:34.776, 2, NVIDIA RTX 6000 Ada Generation, 87 %, 39664 MiB, 49140 MiB, 282.06 W, 78
2026/08/28 03:38:34.776, 3, NVIDIA RTX 6000 Ada Generation, 89 %, 39608 MiB, 49140 MiB, 298.29 W, 80
2026/08/28 03:38:44.778, 0, NVIDIA RTX 6000 Ada Generation, 84 %, 39704 MiB, 49140 MiB, 277.53 W, 77
2026/08/28 03:38:44.778, 1, NVIDIA RTX 6000 Ada Generation, 91 %, 39710 MiB, 49140 MiB, 297.55 W, 84
2026/08/28 03:38:44.778, 2, NVIDIA RTX 6000 Ada Generation, 88 %, 39664 MiB, 49140 MiB, 288.45 W, 78
2026/08/28 03:38:44.778, 3, NVIDIA RTX 6000 Ada Generation, 89 %, 39608 MiB, 49140 MiB, 298.65 W, 81
2026/08/28 03:38:54.779, 0, NVIDIA RTX 6000 Ada Generation, 88 %, 39704 MiB, 49140 MiB, 298.38 W, 78
2026/08/28 03:38:54.779, 1, NVIDIA RTX 6000 Ada Generation, 80 %, 39710 MiB, 49140 MiB, 278.48 W, 83
2026/08/28 03:38:54.780, 2, NVIDIA RTX 6000 Ada Generation, 92 %, 39664 MiB, 49140 MiB, 298.39 W, 77
2026/08/28 03:38:54.780, 3, NVIDIA RTX 6000 Ada Generation, 92 %, 39608 MiB, 49140 MiB, 298.19 W, 81
2026/08/28 03:39:04.781, 0, NVIDIA RTX 6000 Ada Generation, 86 %, 39704 MiB, 49140 MiB, 278.32 W, 77
2026/08/28 03:39:04.781, 1, NVIDIA RTX 6000 Ada Generation, 84 %, 39710 MiB, 49140 MiB, 282.46 W, 84
2026/08/28 03:39:04.781, 2, NVIDIA RTX 6000 Ada Generation, 83 %, 39664 MiB, 49140 MiB, 283.80 W, 77
2026/08/28 03:39:04.781, 3, NVIDIA RTX 6000 Ada Generation, 81 %, 39608 MiB, 49140 MiB, 283.15 W, 80
2026/08/28 03:39:14.783, 0, NVIDIA RTX 6000 Ada Generation, 88 %, 39704 MiB, 49140 MiB, 298.40 W, 78
2026/08/28 03:39:14.783, 1, NVIDIA RTX 6000 Ada Generation, 88 %, 39710 MiB, 49140 MiB, 296.16 W, 84
2026/08/28 03:39:14.783, 2, NVIDIA RTX 6000 Ada Generation, 88 %, 39664 MiB, 49140 MiB, 298.56 W, 78
2026/08/28 03:39:14.783, 3, NVIDIA RTX 6000 Ada Generation, 88 %, 39608 MiB, 49140 MiB, 285.89 W, 80
2026/08/28 03:39:24.784, 0, NVIDIA RTX 6000 Ada Generation, 82 %, 39704 MiB, 49140 MiB, 278.26 W, 77
2026/08/28 03:39:24.785, 1, NVIDIA RTX 6000 Ada Generation, 78 %, 39710 MiB, 49140 MiB, 278.10 W, 83
2026/08/28 03:39:24.785, 2, NVIDIA RTX 6000 Ada Generation, 80 %, 39664 MiB, 49140 MiB, 293.86 W, 77
2026/08/28 03:39:24.785, 3, NVIDIA RTX 6000 Ada Generation, 91 %, 39608 MiB, 49140 MiB, 298.42 W, 81
2026/08/28 03:39:34.786, 0, NVIDIA RTX 6000 Ada Generation, 85 %, 39704 MiB, 49140 MiB, 280.81 W, 77
2026/08/28 03:39:34.786, 1, NVIDIA RTX 6000 Ada Generation, 88 %, 39710 MiB, 49140 MiB, 281.06 W, 83
2026/08/28 03:39:34.786, 2, NVIDIA RTX 6000 Ada Generation, 89 %, 39664 MiB, 49140 MiB, 298.53 W, 77
2026/08/28 03:39:34.786, 3, NVIDIA RTX 6000 Ada Generation, 88 %, 39608 MiB, 49140 MiB, 298.51 W, 81
2026/08/28 03:39:44.788, 0, NVIDIA RTX 6000 Ada Generation, 84 %, 39704 MiB, 49140 MiB, 285.41 W, 78
2026/08/28 03:39:44.788, 1, NVIDIA RTX 6000 Ada Generation, 78 %, 39710 MiB, 49140 MiB, 276.53 W, 84
2026/08/28 03:39:44.788, 2, NVIDIA RTX 6000 Ada Generation, 88 %, 39664 MiB, 49140 MiB, 298.38 W, 77
2026/08/28 03:39:44.788, 3, NVIDIA RTX 6000 Ada Generation, 89 %, 39608 MiB, 49140 MiB, 298.70 W, 81
2026/08/28 03:39:54.789, 0, NVIDIA RTX 6000 Ada Generation, 90 %, 39704 MiB, 49140 MiB, 298.41 W, 78
2026/08/28 03:39:54.790, 1, NVIDIA RTX 6000 Ada Generation, 88 %, 39710 MiB, 49140 MiB, 296.52 W, 84
2026/08/28 03:39:54.790, 2, NVIDIA RTX 6000 Ada Generation, 87 %, 39664 MiB, 49140 MiB, 284.82 W, 77
2026/08/28 03:39:54.790, 3, NVIDIA RTX 6000 Ada Generation, 90 %, 39608 MiB, 49140 MiB, 293.17 W, 80
2026/08/28 03:40:04.791, 0, NVIDIA RTX 6000 Ada Generation, 93 %, 39704 MiB, 49140 MiB, 299.02 W, 78
2026/08/28 03:40:04.791, 1, NVIDIA RTX 6000 Ada Generation, 88 %, 39710 MiB, 49140 MiB, 297.73 W, 84
2026/08/28 03:40:04.791, 2, NVIDIA RTX 6000 Ada Generation, 83 %, 39664 MiB, 49140 MiB, 282.05 W, 77
2026/08/28 03:40:04.791, 3, NVIDIA RTX 6000 Ada Generation, 86 %, 39608 MiB, 49140 MiB, 284.22 W, 80
2026/08/28 03:40:14.793, 0, NVIDIA RTX 6000 Ada Generation, 88 %, 39704 MiB, 49140 MiB, 297.67 W, 79
2026/08/28 03:40:14.793, 1, NVIDIA RTX 6000 Ada Generation, 91 %, 39710 MiB, 49140 MiB, 298.01 W, 85
2026/08/28 03:40:14.793, 2, NVIDIA RTX 6000 Ada Generation, 87 %, 39664 MiB, 49140 MiB, 286.23 W, 77
2026/08/28 03:40:14.793, 3, NVIDIA RTX 6000 Ada Generation, 90 %, 39608 MiB, 49140 MiB, 287.67 W, 80
2026/08/28 03:40:24.794, 0, NVIDIA RTX 6000 Ada Generation, 86 %, 39704 MiB, 49140 MiB, 278.63 W, 78
2026/08/28 03:40:24.795, 1, NVIDIA RTX 6000 Ada Generation, 83 %, 39710 MiB, 49140 MiB, 279.13 W, 84
2026/08/28 03:40:24.795, 2, NVIDIA RTX 6000 Ada Generation, 81 %, 39664 MiB, 49140 MiB, 286.48 W, 78
2026/08/28 03:40:24.795, 3, NVIDIA RTX 6000 Ada Generation, 88 %, 39608 MiB, 49140 MiB, 290.84 W, 80
2026/08/28 03:40:34.796, 0, NVIDIA RTX 6000 Ada Generation, 88 %, 39704 MiB, 49140 MiB, 298.01 W, 79
2026/08/28 03:40:34.796, 1, NVIDIA RTX 6000 Ada Generation, 83 %, 39710 MiB, 49140 MiB, 282.53 W, 84
2026/08/28 03:40:34.796, 2, NVIDIA RTX 6000 Ada Generation, 86 %, 39664 MiB, 49140 MiB, 290.46 W, 78
2026/08/28 03:40:34.796, 3, NVIDIA RTX 6000 Ada Generation, 87 %, 39608 MiB, 49140 MiB, 279.27 W, 80
2026/08/28 03:40:44.797, 0, NVIDIA RTX 6000 Ada Generation, 90 %, 39704 MiB, 49140 MiB, 298.61 W, 78
2026/08/28 03:40:44.798, 1, NVIDIA RTX 6000 Ada Generation, 87 %, 39710 MiB, 49140 MiB, 287.33 W, 84
2026/08/28 03:40:44.798, 2, NVIDIA RTX 6000 Ada Generation, 91 %, 39664 MiB, 49140 MiB, 298.12 W, 78
2026/08/28 03:40:44.798, 3, NVIDIA RTX 6000 Ada Generation, 89 %, 39608 MiB, 49140 MiB, 298.41 W, 81
2026/08/28 03:40:54.799, 0, NVIDIA RTX 6000 Ada Generation, 88 %, 39704 MiB, 49140 MiB, 278.33 W, 77
2026/08/28 03:40:54.799, 1, NVIDIA RTX 6000 Ada Generation, 89 %, 39710 MiB, 49140 MiB, 288.69 W, 84
2026/08/28 03:40:54.799, 2, NVIDIA RTX 6000 Ada Generation, 88 %, 39664 MiB, 49140 MiB, 298.17 W, 78
2026/08/28 03:40:54.800, 3, NVIDIA RTX 6000 Ada Generation, 88 %, 39608 MiB, 49140 MiB, 298.36 W, 81
2026/08/28 03:41:04.801, 0, NVIDIA RTX 6000 Ada Generation, 88 %, 39704 MiB, 49140 MiB, 298.11 W, 78
2026/08/28 03:41:04.801, 1, NVIDIA RTX 6000 Ada Generation, 92 %, 39710 MiB, 49140 MiB, 297.75 W, 84
2026/08/28 03:41:04.801, 2, NVIDIA RTX 6000 Ada Generation, 92 %, 39664 MiB, 49140 MiB, 298.72 W, 78
2026/08/28 03:41:04.801, 3, NVIDIA RTX 6000 Ada Generation, 89 %, 39608 MiB, 49140 MiB, 298.10 W, 81
2026/08/28 03:41:14.802, 0, NVIDIA RTX 6000 Ada Generation, 80 %, 39704 MiB, 49140 MiB, 278.21 W, 78
2026/08/28 03:41:14.803, 1, NVIDIA RTX 6000 Ada Generation, 87 %, 39710 MiB, 49140 MiB, 281.68 W, 84
2026/08/28 03:41:14.803, 2, NVIDIA RTX 6000 Ada Generation, 84 %, 39664 MiB, 49140 MiB, 281.83 W, 78
2026/08/28 03:41:14.803, 3, NVIDIA RTX 6000 Ada Generation, 91 %, 39608 MiB, 49140 MiB, 298.82 W, 81
2026/08/28 03:41:24.804, 0, NVIDIA RTX 6000 Ada Generation, 86 %, 39704 MiB, 49140 MiB, 280.89 W, 77
2026/08/28 03:41:24.804, 1, NVIDIA RTX 6000 Ada Generation, 86 %, 39710 MiB, 49140 MiB, 278.25 W, 84
2026/08/28 03:41:24.804, 2, NVIDIA RTX 6000 Ada Generation, 89 %, 39664 MiB, 49140 MiB, 287.13 W, 78
2026/08/28 03:41:24.804, 3, NVIDIA RTX 6000 Ada Generation, 83 %, 39608 MiB, 49140 MiB, 284.28 W, 80
2026/08/28 03:41:34.806, 0, NVIDIA RTX 6000 Ada Generation, 85 %, 39704 MiB, 49140 MiB, 286.31 W, 78
2026/08/28 03:41:34.806, 1, NVIDIA RTX 6000 Ada Generation, 91 %, 39710 MiB, 49140 MiB, 296.77 W, 84
2026/08/28 03:41:34.806, 2, NVIDIA RTX 6000 Ada Generation, 88 %, 39664 MiB, 49140 MiB, 298.42 W, 78
2026/08/28 03:41:34.806, 3, NVIDIA RTX 6000 Ada Generation, 87 %, 39608 MiB, 49140 MiB, 287.19 W, 80
2026/08/28 03:41:44.807, 0, NVIDIA RTX 6000 Ada Generation, 88 %, 39704 MiB, 49140 MiB, 298.51 W, 78
2026/08/28 03:41:44.808, 1, NVIDIA RTX 6000 Ada Generation, 88 %, 39710 MiB, 49140 MiB, 297.03 W, 84
2026/08/28 03:41:44.808, 2, NVIDIA RTX 6000 Ada Generation, 79 %, 39664 MiB, 49140 MiB, 283.39 W, 78
2026/08/28 03:41:44.808, 3, NVIDIA RTX 6000 Ada Generation, 88 %, 39608 MiB, 49140 MiB, 289.15 W, 80
2026/08/28 03:41:54.809, 0, NVIDIA RTX 6000 Ada Generation, 88 %, 39704 MiB, 49140 MiB, 299.10 W, 79
2026/08/28 03:41:54.809, 1, NVIDIA RTX 6000 Ada Generation, 92 %, 39710 MiB, 49140 MiB, 298.73 W, 85
2026/08/28 03:41:54.809, 2, NVIDIA RTX 6000 Ada Generation, 82 %, 39664 MiB, 49140 MiB, 284.87 W, 77
2026/08/28 03:41:54.809, 3, NVIDIA RTX 6000 Ada Generation, 88 %, 39608 MiB, 49140 MiB, 298.43 W, 80
2026/08/28 03:42:04.811, 0, NVIDIA RTX 6000 Ada Generation, 84 %, 39704 MiB, 49140 MiB, 280.79 W, 78
2026/08/28 03:42:04.811, 1, NVIDIA RTX 6000 Ada Generation, 87 %, 39710 MiB, 49140 MiB, 279.89 W, 84
2026/08/28 03:42:04.811, 2, NVIDIA RTX 6000 Ada Generation, 85 %, 39664 MiB, 49140 MiB, 293.71 W, 78
2026/08/28 03:42:04.811, 3, NVIDIA RTX 6000 Ada Generation, 90 %, 39608 MiB, 49140 MiB, 298.61 W, 80
2026/08/28 03:42:14.812, 0, NVIDIA RTX 6000 Ada Generation, 88 %, 39704 MiB, 49140 MiB, 282.59 W, 78
2026/08/28 03:42:14.813, 1, NVIDIA RTX 6000 Ada Generation, 81 %, 39710 MiB, 49140 MiB, 281.26 W, 84
2026/08/28 03:42:14.813, 2, NVIDIA RTX 6000 Ada Generation, 89 %, 39664 MiB, 49140 MiB, 298.24 W, 78
2026/08/28 03:42:14.813, 3, NVIDIA RTX 6000 Ada Generation, 88 %, 39608 MiB, 49140 MiB, 298.19 W, 80
2026/08/28 03:42:24.814, 0, NVIDIA RTX 6000 Ada Generation, 92 %, 39704 MiB, 49140 MiB, 289.29 W, 78
2026/08/28 03:42:24.814, 1, NVIDIA RTX 6000 Ada Generation, 88 %, 39710 MiB, 49140 MiB, 286.69 W, 84
2026/08/28 03:42:24.815, 2, NVIDIA RTX 6000 Ada Generation, 86 %, 39664 MiB, 49140 MiB, 282.48 W, 78
2026/08/28 03:42:24.815, 3, NVIDIA RTX 6000 Ada Generation, 94 %, 39608 MiB, 49140 MiB, 298.92 W, 80
2026/08/28 03:42:34.816, 0, NVIDIA RTX 6000 Ada Generation, 88 %, 39704 MiB, 49140 MiB, 298.60 W, 79
2026/08/28 03:42:34.816, 1, NVIDIA RTX 6000 Ada Generation, 87 %, 39710 MiB, 49140 MiB, 288.17 W, 84
2026/08/28 03:42:34.816, 2, NVIDIA RTX 6000 Ada Generation, 89 %, 39664 MiB, 49140 MiB, 298.46 W, 78
2026/08/28 03:42:34.816, 3, NVIDIA RTX 6000 Ada Generation, 90 %, 39608 MiB, 49140 MiB, 298.46 W, 81
2026/08/28 03:42:44.817, 0, NVIDIA RTX 6000 Ada Generation, 88 %, 39704 MiB, 49140 MiB, 297.71 W, 79
2026/08/28 03:42:44.818, 1, NVIDIA RTX 6000 Ada Generation, 83 %, 39732 MiB, 49140 MiB, 287.33 W, 84
2026/08/28 03:42:44.818, 2, NVIDIA RTX 6000 Ada Generation, 78 %, 39664 MiB, 49140 MiB, 284.50 W, 78
2026/08/28 03:42:44.818, 3, NVIDIA RTX 6000 Ada Generation, 86 %, 39608 MiB, 49140 MiB, 279.30 W, 80
2026/08/28 03:42:54.819, 0, NVIDIA RTX 6000 Ada Generation, 92 %, 39704 MiB, 49140 MiB, 290.89 W, 79
2026/08/28 03:42:54.819, 1, NVIDIA RTX 6000 Ada Generation, 92 %, 39732 MiB, 49140 MiB, 296.58 W, 84
2026/08/28 03:42:54.819, 2, NVIDIA RTX 6000 Ada Generation, 89 %, 39664 MiB, 49140 MiB, 298.89 W, 78
2026/08/28 03:42:54.819, 3, NVIDIA RTX 6000 Ada Generation, 87 %, 39608 MiB, 49140 MiB, 281.58 W, 80
2026/08/28 03:43:04.821, 0, NVIDIA RTX 6000 Ada Generation, 81 %, 39704 MiB, 49140 MiB, 281.52 W, 78
2026/08/28 03:43:04.821, 1, NVIDIA RTX 6000 Ada Generation, 88 %, 39732 MiB, 49140 MiB, 296.21 W, 84
2026/08/28 03:43:04.821, 2, NVIDIA RTX 6000 Ada Generation, 86 %, 39664 MiB, 49140 MiB, 284.82 W, 78
2026/08/28 03:43:04.821, 3, NVIDIA RTX 6000 Ada Generation, 84 %, 39608 MiB, 49140 MiB, 286.23 W, 79
2026/08/28 03:43:14.822, 0, NVIDIA RTX 6000 Ada Generation, 88 %, 39704 MiB, 49140 MiB, 298.31 W, 79
2026/08/28 03:43:14.822, 1, NVIDIA RTX 6000 Ada Generation, 90 %, 39732 MiB, 49140 MiB, 282.99 W, 83
2026/08/28 03:43:14.823, 2, NVIDIA RTX 6000 Ada Generation, 91 %, 39664 MiB, 49140 MiB, 298.66 W, 78
2026/08/28 03:43:14.823, 3, NVIDIA RTX 6000 Ada Generation, 92 %, 39608 MiB, 49140 MiB, 291.78 W, 80
2026/08/28 03:43:24.824, 0, NVIDIA RTX 6000 Ada Generation, 88 %, 39704 MiB, 49140 MiB, 298.66 W, 79
2026/08/28 03:43:24.824, 1, NVIDIA RTX 6000 Ada Generation, 88 %, 39732 MiB, 49140 MiB, 296.00 W, 84
2026/08/28 03:43:24.824, 2, NVIDIA RTX 6000 Ada Generation, 90 %, 39664 MiB, 49140 MiB, 291.87 W, 78
2026/08/28 03:43:24.824, 3, NVIDIA RTX 6000 Ada Generation, 90 %, 39608 MiB, 49140 MiB, 298.25 W, 80
2026/08/28 03:43:34.825, 0, NVIDIA RTX 6000 Ada Generation, 88 %, 39704 MiB, 49140 MiB, 297.50 W, 78
2026/08/28 03:43:34.826, 1, NVIDIA RTX 6000 Ada Generation, 79 %, 39732 MiB, 49140 MiB, 277.98 W, 84
2026/08/28 03:43:34.826, 2, NVIDIA RTX 6000 Ada Generation, 89 %, 39664 MiB, 49140 MiB, 299.26 W, 78
2026/08/28 03:43:34.826, 3, NVIDIA RTX 6000 Ada Generation, 91 %, 39608 MiB, 49140 MiB, 298.62 W, 80
2026/08/28 03:43:44.827, 0, NVIDIA RTX 6000 Ada Generation, 87 %, 39704 MiB, 49140 MiB, 277.95 W, 78
2026/08/28 03:43:44.827, 1, NVIDIA RTX 6000 Ada Generation, 91 %, 39732 MiB, 49140 MiB, 296.88 W, 84
2026/08/28 03:43:44.827, 2, NVIDIA RTX 6000 Ada Generation, 89 %, 39664 MiB, 49140 MiB, 293.90 W, 78
2026/08/28 03:43:44.827, 3, NVIDIA RTX 6000 Ada Generation, 81 %, 39608 MiB, 49140 MiB, 279.61 W, 80
2026/08/28 03:43:54.829, 0, NVIDIA RTX 6000 Ada Generation, 86 %, 39704 MiB, 49140 MiB, 283.53 W, 78
2026/08/28 03:43:54.829, 1, NVIDIA RTX 6000 Ada Generation, 91 %, 39732 MiB, 49140 MiB, 297.08 W, 84
2026/08/28 03:43:54.829, 2, NVIDIA RTX 6000 Ada Generation, 82 %, 39664 MiB, 49140 MiB, 282.66 W, 78
2026/08/28 03:43:54.829, 3, NVIDIA RTX 6000 Ada Generation, 89 %, 39608 MiB, 49140 MiB, 298.32 W, 80
2026/08/28 03:44:04.830, 0, NVIDIA RTX 6000 Ada Generation, 92 %, 39704 MiB, 49140 MiB, 298.71 W, 78
2026/08/28 03:44:04.830, 1, NVIDIA RTX 6000 Ada Generation, 86 %, 39732 MiB, 49140 MiB, 281.22 W, 84
2026/08/28 03:44:04.830, 2, NVIDIA RTX 6000 Ada Generation, 89 %, 39664 MiB, 49140 MiB, 298.45 W, 78
2026/08/28 03:44:04.831, 3, NVIDIA RTX 6000 Ada Generation, 91 %, 39608 MiB, 49140 MiB, 296.18 W, 80
2026/08/28 03:44:14.832, 0, NVIDIA RTX 6000 Ada Generation, 90 %, 39704 MiB, 49140 MiB, 287.89 W, 78
2026/08/28 03:44:14.832, 1, NVIDIA RTX 6000 Ada Generation, 88 %, 39732 MiB, 49140 MiB, 296.54 W, 84
2026/08/28 03:44:14.832, 2, NVIDIA RTX 6000 Ada Generation, 81 %, 39664 MiB, 49140 MiB, 288.76 W, 78
2026/08/28 03:44:14.832, 3, NVIDIA RTX 6000 Ada Generation, 92 %, 39608 MiB, 49140 MiB, 298.28 W, 80
2026/08/28 03:44:24.833, 0, NVIDIA RTX 6000 Ada Generation, 84 %, 39704 MiB, 49140 MiB, 279.72 W, 78
2026/08/28 03:44:24.834, 1, NVIDIA RTX 6000 Ada Generation, 87 %, 39732 MiB, 49140 MiB, 297.93 W, 84
2026/08/28 03:44:24.834, 2, NVIDIA RTX 6000 Ada Generation, 86 %, 39664 MiB, 49140 MiB, 286.79 W, 78
2026/08/28 03:44:24.834, 3, NVIDIA RTX 6000 Ada Generation, 93 %, 39608 MiB, 49140 MiB, 298.52 W, 81
2026/08/28 03:44:34.835, 0, NVIDIA RTX 6000 Ada Generation, 90 %, 39704 MiB, 49140 MiB, 285.37 W, 78
2026/08/28 03:44:34.835, 1, NVIDIA RTX 6000 Ada Generation, 93 %, 39732 MiB, 49140 MiB, 297.54 W, 84
2026/08/28 03:44:34.835, 2, NVIDIA RTX 6000 Ada Generation, 89 %, 39664 MiB, 49140 MiB, 298.76 W, 78
2026/08/28 03:44:34.835, 3, NVIDIA RTX 6000 Ada Generation, 84 %, 39608 MiB, 49140 MiB, 282.38 W, 80
2026/08/28 03:44:44.836, 0, NVIDIA RTX 6000 Ada Generation, 88 %, 39704 MiB, 49140 MiB, 298.25 W, 78
2026/08/28 03:44:44.837, 1, NVIDIA RTX 6000 Ada Generation, 80 %, 39732 MiB, 49140 MiB, 277.39 W, 84
2026/08/28 03:44:44.837, 2, NVIDIA RTX 6000 Ada Generation, 87 %, 39664 MiB, 49140 MiB, 285.42 W, 78
2026/08/28 03:44:44.837, 3, NVIDIA RTX 6000 Ada Generation, 87 %, 39608 MiB, 49140 MiB, 287.86 W, 80
2026/08/28 03:44:54.838, 0, NVIDIA RTX 6000 Ada Generation, 88 %, 39704 MiB, 49140 MiB, 298.71 W, 79
2026/08/28 03:44:54.838, 1, NVIDIA RTX 6000 Ada Generation, 89 %, 39732 MiB, 49140 MiB, 283.15 W, 84
2026/08/28 03:44:54.838, 2, NVIDIA RTX 6000 Ada Generation, 89 %, 39664 MiB, 49140 MiB, 297.56 W, 78
2026/08/28 03:44:54.838, 3, NVIDIA RTX 6000 Ada Generation, 90 %, 39608 MiB, 49140 MiB, 290.78 W, 81
2026/08/28 03:45:04.840, 0, NVIDIA RTX 6000 Ada Generation, 79 %, 39704 MiB, 49140 MiB, 283.42 W, 78
2026/08/28 03:45:04.840, 1, NVIDIA RTX 6000 Ada Generation, 85 %, 39732 MiB, 49140 MiB, 288.28 W, 84
2026/08/28 03:45:04.840, 2, NVIDIA RTX 6000 Ada Generation, 89 %, 39664 MiB, 49140 MiB, 287.08 W, 78
2026/08/28 03:45:04.840, 3, NVIDIA RTX 6000 Ada Generation, 89 %, 39608 MiB, 49140 MiB, 299.14 W, 81
2026/08/28 03:45:14.841, 0, NVIDIA RTX 6000 Ada Generation, 88 %, 39704 MiB, 49140 MiB, 298.37 W, 78
2026/08/28 03:45:14.842, 1, NVIDIA RTX 6000 Ada Generation, 85 %, 39732 MiB, 49140 MiB, 278.91 W, 83
2026/08/28 03:45:14.842, 2, NVIDIA RTX 6000 Ada Generation, 88 %, 39664 MiB, 49140 MiB, 298.64 W, 78
2026/08/28 03:45:14.842, 3, NVIDIA RTX 6000 Ada Generation, 84 %, 39608 MiB, 49140 MiB, 281.05 W, 80
2026/08/28 03:45:24.843, 0, NVIDIA RTX 6000 Ada Generation, 80 %, 39704 MiB, 49140 MiB, 280.48 W, 78
2026/08/28 03:45:24.843, 1, NVIDIA RTX 6000 Ada Generation, 84 %, 39732 MiB, 49140 MiB, 276.24 W, 83
2026/08/28 03:45:24.843, 2, NVIDIA RTX 6000 Ada Generation, 82 %, 39736 MiB, 49140 MiB, 287.37 W, 77
2026/08/28 03:45:24.843, 3, NVIDIA RTX 6000 Ada Generation, 86 %, 39608 MiB, 49140 MiB, 285.56 W, 81
2026/08/28 03:45:34.845, 0, NVIDIA RTX 6000 Ada Generation, 89 %, 39704 MiB, 49140 MiB, 286.16 W, 78
2026/08/28 03:45:34.845, 1, NVIDIA RTX 6000 Ada Generation, 92 %, 39732 MiB, 49140 MiB, 296.14 W, 84
2026/08/28 03:45:34.845, 2, NVIDIA RTX 6000 Ada Generation, 85 %, 39736 MiB, 49140 MiB, 291.05 W, 78
2026/08/28 03:45:34.845, 3, NVIDIA RTX 6000 Ada Generation, 89 %, 39608 MiB, 49140 MiB, 298.07 W, 81
2026/08/28 03:45:44.846, 0, NVIDIA RTX 6000 Ada Generation, 89 %, 39704 MiB, 49140 MiB, 298.39 W, 78
2026/08/28 03:45:44.846, 1, NVIDIA RTX 6000 Ada Generation, 88 %, 39732 MiB, 49140 MiB, 297.45 W, 84
2026/08/28 03:45:44.847, 2, NVIDIA RTX 6000 Ada Generation, 90 %, 39736 MiB, 49140 MiB, 295.97 W, 78
2026/08/28 03:45:44.847, 3, NVIDIA RTX 6000 Ada Generation, 84 %, 39608 MiB, 49140 MiB, 284.25 W, 80
2026/08/28 03:45:54.848, 0, NVIDIA RTX 6000 Ada Generation, 88 %, 39704 MiB, 49140 MiB, 299.08 W, 79
2026/08/28 03:45:54.848, 1, NVIDIA RTX 6000 Ada Generation, 82 %, 39732 MiB, 49140 MiB, 279.58 W, 84
2026/08/28 03:45:54.848, 2, NVIDIA RTX 6000 Ada Generation, 91 %, 39904 MiB, 49140 MiB, 294.77 W, 78
2026/08/28 03:45:54.848, 3, NVIDIA RTX 6000 Ada Generation, 89 %, 39608 MiB, 49140 MiB, 298.22 W, 81
2026/08/28 03:46:04.850, 0, NVIDIA RTX 6000 Ada Generation, 83 %, 39704 MiB, 49140 MiB, 284.06 W, 78
2026/08/28 03:46:04.850, 1, NVIDIA RTX 6000 Ada Generation, 88 %, 39732 MiB, 49140 MiB, 296.00 W, 84
2026/08/28 03:46:04.850, 2, NVIDIA RTX 6000 Ada Generation, 93 %, 40188 MiB, 49140 MiB, 289.72 W, 76
2026/08/28 03:46:04.850, 3, NVIDIA RTX 6000 Ada Generation, 87 %, 39608 MiB, 49140 MiB, 280.08 W, 81
2026/08/28 03:46:14.851, 0, NVIDIA RTX 6000 Ada Generation, 86 %, 39704 MiB, 49140 MiB, 277.81 W, 78
2026/08/28 03:46:14.851, 1, NVIDIA RTX 6000 Ada Generation, 88 %, 39732 MiB, 49140 MiB, 297.61 W, 84
2026/08/28 03:46:14.851, 2, NVIDIA RTX 6000 Ada Generation, 92 %, 40188 MiB, 49140 MiB, 298.52 W, 78
2026/08/28 03:46:14.852, 3, NVIDIA RTX 6000 Ada Generation, 83 %, 39608 MiB, 49140 MiB, 284.23 W, 80
2026/08/28 03:46:24.853, 0, NVIDIA RTX 6000 Ada Generation, 91 %, 39704 MiB, 49140 MiB, 293.01 W, 78
2026/08/28 03:46:24.853, 1, NVIDIA RTX 6000 Ada Generation, 88 %, 39732 MiB, 49140 MiB, 298.74 W, 85
2026/08/28 03:46:24.853, 2, NVIDIA RTX 6000 Ada Generation, 89 %, 40188 MiB, 49140 MiB, 299.25 W, 78
2026/08/28 03:46:24.853, 3, NVIDIA RTX 6000 Ada Generation, 82 %, 39608 MiB, 49140 MiB, 279.65 W, 80
2026/08/28 03:46:34.854, 0, NVIDIA RTX 6000 Ada Generation, 85 %, 39704 MiB, 49140 MiB, 276.79 W, 78
2026/08/28 03:46:34.855, 1, NVIDIA RTX 6000 Ada Generation, 88 %, 39732 MiB, 49140 MiB, 280.91 W, 83
2026/08/28 03:46:34.855, 2, NVIDIA RTX 6000 Ada Generation, 94 %, 40188 MiB, 49140 MiB, 298.88 W, 78
2026/08/28 03:46:34.855, 3, NVIDIA RTX 6000 Ada Generation, 89 %, 39608 MiB, 49140 MiB, 297.78 W, 81
2026/08/28 03:46:44.856, 0, NVIDIA RTX 6000 Ada Generation, 89 %, 39704 MiB, 49140 MiB, 281.48 W, 78
2026/08/28 03:46:44.856, 1, NVIDIA RTX 6000 Ada Generation, 91 %, 39732 MiB, 49140 MiB, 287.48 W, 84
2026/08/28 03:46:44.856, 2, NVIDIA RTX 6000 Ada Generation, 89 %, 40188 MiB, 49140 MiB, 298.41 W, 78
2026/08/28 03:46:44.856, 3, NVIDIA RTX 6000 Ada Generation, 84 %, 39608 MiB, 49140 MiB, 281.74 W, 80
2026/08/28 03:46:54.857, 0, NVIDIA RTX 6000 Ada Generation, 87 %, 39704 MiB, 49140 MiB, 285.36 W, 77
2026/08/28 03:46:54.858, 1, NVIDIA RTX 6000 Ada Generation, 93 %, 39732 MiB, 49140 MiB, 289.66 W, 84
2026/08/28 03:46:54.858, 2, NVIDIA RTX 6000 Ada Generation, 86 %, 40188 MiB, 49140 MiB, 283.23 W, 78
2026/08/28 03:46:54.858, 3, NVIDIA RTX 6000 Ada Generation, 92 %, 39608 MiB, 49140 MiB, 298.39 W, 80
2026/08/28 03:47:04.859, 0, NVIDIA RTX 6000 Ada Generation, 90 %, 39704 MiB, 49140 MiB, 289.38 W, 78
2026/08/28 03:47:04.859, 1, NVIDIA RTX 6000 Ada Generation, 88 %, 39732 MiB, 49140 MiB, 296.41 W, 84
2026/08/28 03:47:04.859, 2, NVIDIA RTX 6000 Ada Generation, 82 %, 40188 MiB, 49140 MiB, 288.65 W, 78
2026/08/28 03:47:04.859, 3, NVIDIA RTX 6000 Ada Generation, 88 %, 39608 MiB, 49140 MiB, 280.50 W, 80
2026/08/28 03:47:14.861, 0, NVIDIA RTX 6000 Ada Generation, 92 %, 39704 MiB, 49140 MiB, 299.05 W, 78
2026/08/28 03:47:14.861, 1, NVIDIA RTX 6000 Ada Generation, 86 %, 39732 MiB, 49140 MiB, 277.68 W, 83
2026/08/28 03:47:14.861, 2, NVIDIA RTX 6000 Ada Generation, 89 %, 40188 MiB, 49140 MiB, 298.37 W, 78
2026/08/28 03:47:14.861, 3, NVIDIA RTX 6000 Ada Generation, 89 %, 39608 MiB, 49140 MiB, 298.13 W, 80
2026/08/28 03:47:24.862, 0, NVIDIA RTX 6000 Ada Generation, 88 %, 39704 MiB, 49140 MiB, 298.11 W, 78
2026/08/28 03:47:24.862, 1, NVIDIA RTX 6000 Ada Generation, 89 %, 39732 MiB, 49140 MiB, 296.98 W, 84
2026/08/28 03:47:24.863, 2, NVIDIA RTX 6000 Ada Generation, 91 %, 40188 MiB, 49140 MiB, 299.07 W, 78
2026/08/28 03:47:24.863, 3, NVIDIA RTX 6000 Ada Generation, 81 %, 39608 MiB, 49140 MiB, 279.83 W, 80
2026/08/28 03:47:34.864, 0, NVIDIA RTX 6000 Ada Generation, 90 %, 39704 MiB, 49140 MiB, 298.86 W, 79
2026/08/28 03:47:34.864, 1, NVIDIA RTX 6000 Ada Generation, 88 %, 39732 MiB, 49140 MiB, 278.01 W, 83
2026/08/28 03:47:34.864, 2, NVIDIA RTX 6000 Ada Generation, 84 %, 40188 MiB, 49140 MiB, 285.97 W, 77
2026/08/28 03:47:34.864, 3, NVIDIA RTX 6000 Ada Generation, 87 %, 39608 MiB, 49140 MiB, 283.39 W, 80
2026/08/28 03:47:44.865, 0, NVIDIA RTX 6000 Ada Generation, 90 %, 39704 MiB, 49140 MiB, 298.84 W, 78
2026/08/28 03:47:44.866, 1, NVIDIA RTX 6000 Ada Generation, 91 %, 39732 MiB, 49140 MiB, 297.00 W, 84
2026/08/28 03:47:44.866, 2, NVIDIA RTX 6000 Ada Generation, 90 %, 40188 MiB, 49140 MiB, 288.05 W, 77
2026/08/28 03:47:44.866, 3, NVIDIA RTX 6000 Ada Generation, 90 %, 39608 MiB, 49140 MiB, 298.26 W, 80
2026/08/28 03:47:54.867, 0, NVIDIA RTX 6000 Ada Generation, 89 %, 39704 MiB, 49140 MiB, 298.38 W, 78
2026/08/28 03:47:54.867, 1, NVIDIA RTX 6000 Ada Generation, 91 %, 39732 MiB, 49140 MiB, 296.94 W, 84
2026/08/28 03:47:54.867, 2, NVIDIA RTX 6000 Ada Generation, 89 %, 40188 MiB, 49140 MiB, 293.73 W, 78
2026/08/28 03:47:54.867, 3, NVIDIA RTX 6000 Ada Generation, 88 %, 39608 MiB, 49140 MiB, 298.37 W, 81
2026/08/28 03:48:04.868, 0, NVIDIA RTX 6000 Ada Generation, 88 %, 39704 MiB, 49140 MiB, 298.44 W, 78
2026/08/28 03:48:04.869, 1, NVIDIA RTX 6000 Ada Generation, 85 %, 39732 MiB, 49140 MiB, 280.02 W, 83
2026/08/28 03:48:04.869, 2, NVIDIA RTX 6000 Ada Generation, 92 %, 40188 MiB, 49140 MiB, 295.87 W, 78
2026/08/28 03:48:04.869, 3, NVIDIA RTX 6000 Ada Generation, 94 %, 39608 MiB, 49140 MiB, 298.57 W, 81
2026/08/28 03:48:14.870, 0, NVIDIA RTX 6000 Ada Generation, 85 %, 39704 MiB, 49140 MiB, 277.02 W, 77
2026/08/28 03:48:14.870, 1, NVIDIA RTX 6000 Ada Generation, 85 %, 39732 MiB, 49140 MiB, 283.23 W, 84
2026/08/28 03:48:14.870, 2, NVIDIA RTX 6000 Ada Generation, 88 %, 40188 MiB, 49140 MiB, 298.31 W, 78
2026/08/28 03:48:14.870, 3, NVIDIA RTX 6000 Ada Generation, 86 %, 39608 MiB, 49140 MiB, 283.02 W, 80
2026/08/28 03:48:24.872, 0, NVIDIA RTX 6000 Ada Generation, 89 %, 39704 MiB, 49140 MiB, 285.12 W, 78
2026/08/28 03:48:24.872, 1, NVIDIA RTX 6000 Ada Generation, 87 %, 39732 MiB, 49140 MiB, 278.49 W, 83
2026/08/28 03:48:24.872, 2, NVIDIA RTX 6000 Ada Generation, 90 %, 40188 MiB, 49140 MiB, 298.99 W, 78
2026/08/28 03:48:24.872, 3, NVIDIA RTX 6000 Ada Generation, 87 %, 39608 MiB, 49140 MiB, 286.82 W, 80
2026/08/28 03:48:34.873, 0, NVIDIA RTX 6000 Ada Generation, 88 %, 39704 MiB, 49140 MiB, 297.81 W, 78
2026/08/28 03:48:34.873, 1, NVIDIA RTX 6000 Ada Generation, 89 %, 39732 MiB, 49140 MiB, 296.47 W, 84
2026/08/28 03:48:34.873, 2, NVIDIA RTX 6000 Ada Generation, 89 %, 40188 MiB, 49140 MiB, 298.43 W, 78
2026/08/28 03:48:34.874, 3, NVIDIA RTX 6000 Ada Generation, 88 %, 39608 MiB, 49140 MiB, 291.56 W, 80
2026/08/28 03:48:44.875, 0, NVIDIA RTX 6000 Ada Generation, 88 %, 39704 MiB, 49140 MiB, 279.26 W, 78
2026/08/28 03:48:44.875, 1, NVIDIA RTX 6000 Ada Generation, 79 %, 39732 MiB, 49140 MiB, 276.59 W, 84
2026/08/28 03:48:44.875, 2, NVIDIA RTX 6000 Ada Generation, 78 %, 40188 MiB, 49140 MiB, 283.87 W, 77
2026/08/28 03:48:44.875, 3, NVIDIA RTX 6000 Ada Generation, 83 %, 39608 MiB, 49140 MiB, 284.85 W, 80
2026/08/28 03:48:54.876, 0, NVIDIA RTX 6000 Ada Generation, 90 %, 39704 MiB, 49140 MiB, 286.70 W, 78
2026/08/28 03:48:54.877, 1, NVIDIA RTX 6000 Ada Generation, 85 %, 39732 MiB, 49140 MiB, 282.14 W, 84
2026/08/28 03:48:54.877, 2, NVIDIA RTX 6000 Ada Generation, 82 %, 40188 MiB, 49140 MiB, 288.55 W, 78
2026/08/28 03:48:54.877, 3, NVIDIA RTX 6000 Ada Generation, 90 %, 39608 MiB, 49140 MiB, 298.84 W, 80
2026/08/28 03:49:04.878, 0, NVIDIA RTX 6000 Ada Generation, 85 %, 39704 MiB, 49140 MiB, 280.90 W, 77
2026/08/28 03:49:04.878, 1, NVIDIA RTX 6000 Ada Generation, 88 %, 39732 MiB, 49140 MiB, 296.59 W, 84
2026/08/28 03:49:04.878, 2, NVIDIA RTX 6000 Ada Generation, 91 %, 40188 MiB, 49140 MiB, 298.55 W, 78
2026/08/28 03:49:04.878, 3, NVIDIA RTX 6000 Ada Generation, 86 %, 39608 MiB, 49140 MiB, 282.81 W, 80
2026/08/28 03:49:14.879, 0, NVIDIA RTX 6000 Ada Generation, 91 %, 39704 MiB, 49140 MiB, 299.14 W, 78
2026/08/28 03:49:14.880, 1, NVIDIA RTX 6000 Ada Generation, 83 %, 39732 MiB, 49140 MiB, 279.66 W, 84
2026/08/28 03:49:14.880, 2, NVIDIA RTX 6000 Ada Generation, 81 %, 40188 MiB, 49140 MiB, 283.69 W, 78
2026/08/28 03:49:14.880, 3, NVIDIA RTX 6000 Ada Generation, 89 %, 39608 MiB, 49140 MiB, 296.65 W, 80
2026/08/28 03:49:24.881, 0, NVIDIA RTX 6000 Ada Generation, 84 %, 39704 MiB, 49140 MiB, 276.34 W, 78
2026/08/28 03:49:24.881, 1, NVIDIA RTX 6000 Ada Generation, 88 %, 39732 MiB, 49140 MiB, 296.99 W, 84
2026/08/28 03:49:24.881, 2, NVIDIA RTX 6000 Ada Generation, 89 %, 40188 MiB, 49140 MiB, 298.81 W, 78
2026/08/28 03:49:24.881, 3, NVIDIA RTX 6000 Ada Generation, 90 %, 39608 MiB, 49140 MiB, 290.11 W, 80
2026/08/28 03:49:34.882, 0, NVIDIA RTX 6000 Ada Generation, 84 %, 39704 MiB, 49140 MiB, 277.77 W, 78
2026/08/28 03:49:34.883, 1, NVIDIA RTX 6000 Ada Generation, 88 %, 39732 MiB, 49140 MiB, 297.57 W, 84
2026/08/28 03:49:34.883, 2, NVIDIA RTX 6000 Ada Generation, 88 %, 40188 MiB, 49140 MiB, 287.37 W, 77
2026/08/28 03:49:34.883, 3, NVIDIA RTX 6000 Ada Generation, 89 %, 39608 MiB, 49140 MiB, 279.09 W, 80
2026/08/28 03:49:44.884, 0, NVIDIA RTX 6000 Ada Generation, 92 %, 39704 MiB, 49140 MiB, 298.45 W, 78
2026/08/28 03:49:44.884, 1, NVIDIA RTX 6000 Ada Generation, 84 %, 39732 MiB, 49140 MiB, 281.13 W, 84
2026/08/28 03:49:44.884, 2, NVIDIA RTX 6000 Ada Generation, 92 %, 40188 MiB, 49140 MiB, 291.22 W, 77
2026/08/28 03:49:44.884, 3, NVIDIA RTX 6000 Ada Generation, 89 %, 39608 MiB, 49140 MiB, 298.05 W, 80
2026/08/28 03:49:54.886, 0, NVIDIA RTX 6000 Ada Generation, 84 %, 39704 MiB, 49140 MiB, 277.76 W, 78
2026/08/28 03:49:54.886, 1, NVIDIA RTX 6000 Ada Generation, 87 %, 39732 MiB, 49140 MiB, 284.73 W, 84
2026/08/28 03:49:54.886, 2, NVIDIA RTX 6000 Ada Generation, 89 %, 40188 MiB, 49140 MiB, 298.48 W, 78
2026/08/28 03:49:54.886, 3, NVIDIA RTX 6000 Ada Generation, 90 %, 39608 MiB, 49140 MiB, 298.95 W, 81
2026/08/28 03:50:04.887, 0, NVIDIA RTX 6000 Ada Generation, 79 %, 39704 MiB, 49140 MiB, 279.35 W, 77
2026/08/28 03:50:04.887, 1, NVIDIA RTX 6000 Ada Generation, 92 %, 39732 MiB, 49140 MiB, 296.20 W, 84
2026/08/28 03:50:04.887, 2, NVIDIA RTX 6000 Ada Generation, 81 %, 40188 MiB, 49140 MiB, 284.65 W, 78
2026/08/28 03:50:04.888, 3, NVIDIA RTX 6000 Ada Generation, 89 %, 39608 MiB, 49140 MiB, 287.58 W, 80
2026/08/28 03:50:14.889, 0, NVIDIA RTX 6000 Ada Generation, 79 %, 39704 MiB, 49140 MiB, 277.79 W, 77
2026/08/28 03:50:14.889, 1, NVIDIA RTX 6000 Ada Generation, 88 %, 39732 MiB, 49140 MiB, 280.55 W, 83
2026/08/28 03:50:14.889, 2, NVIDIA RTX 6000 Ada Generation, 85 %, 40188 MiB, 49140 MiB, 288.39 W, 78
2026/08/28 03:50:14.889, 3, NVIDIA RTX 6000 Ada Generation, 85 %, 39608 MiB, 49140 MiB, 284.25 W, 81
2026/08/28 03:50:24.890, 0, NVIDIA RTX 6000 Ada Generation, 87 %, 39704 MiB, 49140 MiB, 281.52 W, 78
2026/08/28 03:50:24.890, 1, NVIDIA RTX 6000 Ada Generation, 89 %, 39732 MiB, 49140 MiB, 297.73 W, 84
2026/08/28 03:50:24.891, 2, NVIDIA RTX 6000 Ada Generation, 90 %, 40188 MiB, 49140 MiB, 298.68 W, 78
2026/08/28 03:50:24.891, 3, NVIDIA RTX 6000 Ada Generation, 92 %, 39608 MiB, 49140 MiB, 290.12 W, 80
2026/08/28 03:50:34.892, 0, NVIDIA RTX 6000 Ada Generation, 88 %, 39704 MiB, 49140 MiB, 285.72 W, 78
2026/08/28 03:50:34.892, 1, NVIDIA RTX 6000 Ada Generation, 82 %, 39732 MiB, 49140 MiB, 280.91 W, 84
2026/08/28 03:50:34.892, 2, NVIDIA RTX 6000 Ada Generation, 88 %, 40188 MiB, 49140 MiB, 298.92 W, 78
2026/08/28 03:50:34.892, 3, NVIDIA RTX 6000 Ada Generation, 92 %, 39608 MiB, 49140 MiB, 292.03 W, 82
2026/08/28 03:50:44.893, 0, NVIDIA RTX 6000 Ada Generation, 88 %, 39704 MiB, 49140 MiB, 298.27 W, 78
2026/08/28 03:50:44.893, 1, NVIDIA RTX 6000 Ada Generation, 88 %, 39732 MiB, 49140 MiB, 296.06 W, 84
2026/08/28 03:50:44.894, 2, NVIDIA RTX 6000 Ada Generation, 80 %, 40188 MiB, 49140 MiB, 283.41 W, 77
2026/08/28 03:50:44.894, 3, NVIDIA RTX 6000 Ada Generation, 89 %, 39608 MiB, 49140 MiB, 297.81 W, 81
2026/08/28 03:50:54.895, 0, NVIDIA RTX 6000 Ada Generation, 88 %, 39704 MiB, 49140 MiB, 298.53 W, 79
2026/08/28 03:50:54.895, 1, NVIDIA RTX 6000 Ada Generation, 86 %, 39732 MiB, 49140 MiB, 278.62 W, 83
2026/08/28 03:50:54.895, 2, NVIDIA RTX 6000 Ada Generation, 88 %, 40188 MiB, 49140 MiB, 293.90 W, 78
2026/08/28 03:50:54.895, 3, NVIDIA RTX 6000 Ada Generation, 82 %, 39608 MiB, 49140 MiB, 280.63 W, 80
2026/08/28 03:51:04.896, 0, NVIDIA RTX 6000 Ada Generation, 88 %, 39704 MiB, 49140 MiB, 295.18 W, 78
2026/08/28 03:51:04.897, 1, NVIDIA RTX 6000 Ada Generation, 90 %, 39732 MiB, 49140 MiB, 296.42 W, 84
2026/08/28 03:51:04.897, 2, NVIDIA RTX 6000 Ada Generation, 92 %, 40188 MiB, 49140 MiB, 299.01 W, 78
2026/08/28 03:51:04.897, 3, NVIDIA RTX 6000 Ada Generation, 90 %, 39608 MiB, 49140 MiB, 298.52 W, 81
2026/08/28 03:51:14.898, 0, NVIDIA RTX 6000 Ada Generation, 87 %, 39704 MiB, 49140 MiB, 284.84 W, 78
2026/08/28 03:51:14.898, 1, NVIDIA RTX 6000 Ada Generation, 88 %, 39732 MiB, 49140 MiB, 297.09 W, 84
2026/08/28 03:51:14.898, 2, NVIDIA RTX 6000 Ada Generation, 79 %, 40188 MiB, 49140 MiB, 282.52 W, 78
2026/08/28 03:51:14.898, 3, NVIDIA RTX 6000 Ada Generation, 84 %, 39608 MiB, 49140 MiB, 278.99 W, 80
2026/08/28 03:51:24.899, 0, NVIDIA RTX 6000 Ada Generation, 86 %, 39704 MiB, 49140 MiB, 277.01 W, 78
2026/08/28 03:51:24.899, 1, NVIDIA RTX 6000 Ada Generation, 79 %, 39732 MiB, 49140 MiB, 276.98 W, 84
2026/08/28 03:51:24.900, 2, NVIDIA RTX 6000 Ada Generation, 88 %, 40188 MiB, 49140 MiB, 298.59 W, 78
2026/08/28 03:51:24.900, 3, NVIDIA RTX 6000 Ada Generation, 89 %, 39608 MiB, 49140 MiB, 298.61 W, 81
2026/08/28 03:51:34.901, 0, NVIDIA RTX 6000 Ada Generation, 88 %, 39704 MiB, 49140 MiB, 298.94 W, 79
2026/08/28 03:51:34.901, 1, NVIDIA RTX 6000 Ada Generation, 89 %, 39732 MiB, 49140 MiB, 282.60 W, 83
2026/08/28 03:51:34.901, 2, NVIDIA RTX 6000 Ada Generation, 85 %, 40188 MiB, 49140 MiB, 283.41 W, 78
2026/08/28 03:51:34.901, 3, NVIDIA RTX 6000 Ada Generation, 89 %, 39608 MiB, 49140 MiB, 298.73 W, 80
2026/08/28 03:51:44.902, 0, NVIDIA RTX 6000 Ada Generation, 87 %, 39704 MiB, 49140 MiB, 280.47 W, 78
2026/08/28 03:51:44.902, 1, NVIDIA RTX 6000 Ada Generation, 88 %, 39732 MiB, 49140 MiB, 296.84 W, 84
2026/08/28 03:51:44.903, 2, NVIDIA RTX 6000 Ada Generation, 86 %, 40188 MiB, 49140 MiB, 287.36 W, 77
2026/08/28 03:51:44.903, 3, NVIDIA RTX 6000 Ada Generation, 88 %, 39608 MiB, 49140 MiB, 277.84 W, 81
2026/08/28 03:51:54.904, 0, NVIDIA RTX 6000 Ada Generation, 86 %, 39704 MiB, 49140 MiB, 281.75 W, 78
2026/08/28 03:51:54.904, 1, NVIDIA RTX 6000 Ada Generation, 93 %, 39732 MiB, 49140 MiB, 297.65 W, 84
2026/08/28 03:51:54.904, 2, NVIDIA RTX 6000 Ada Generation, 92 %, 40188 MiB, 49140 MiB, 298.76 W, 78
2026/08/28 03:51:54.904, 3, NVIDIA RTX 6000 Ada Generation, 86 %, 39608 MiB, 49140 MiB, 288.43 W, 80
2026/08/28 03:52:04.905, 0, NVIDIA RTX 6000 Ada Generation, 89 %, 39704 MiB, 49140 MiB, 288.96 W, 78
2026/08/28 03:52:04.905, 1, NVIDIA RTX 6000 Ada Generation, 88 %, 39732 MiB, 49140 MiB, 297.75 W, 85
2026/08/28 03:52:04.905, 2, NVIDIA RTX 6000 Ada Generation, 80 %, 40188 MiB, 49140 MiB, 282.14 W, 78
2026/08/28 03:52:04.906, 3, NVIDIA RTX 6000 Ada Generation, 89 %, 39608 MiB, 49140 MiB, 299.19 W, 81
2026/08/28 03:52:14.907, 0, NVIDIA RTX 6000 Ada Generation, 88 %, 39704 MiB, 49140 MiB, 298.76 W, 79
2026/08/28 03:52:14.907, 1, NVIDIA RTX 6000 Ada Generation, 83 %, 39732 MiB, 49140 MiB, 278.22 W, 84
2026/08/28 03:52:14.907, 2, NVIDIA RTX 6000 Ada Generation, 91 %, 40188 MiB, 49140 MiB, 299.16 W, 78
2026/08/28 03:52:14.907, 3, NVIDIA RTX 6000 Ada Generation, 90 %, 39608 MiB, 49140 MiB, 298.78 W, 81
2026/08/28 03:52:24.908, 0, NVIDIA RTX 6000 Ada Generation, 88 %, 39704 MiB, 49140 MiB, 298.69 W, 79
2026/08/28 03:52:24.908, 1, NVIDIA RTX 6000 Ada Generation, 84 %, 39732 MiB, 49140 MiB, 281.20 W, 84
2026/08/28 03:52:24.909, 2, NVIDIA RTX 6000 Ada Generation, 78 %, 40188 MiB, 49140 MiB, 284.66 W, 78
2026/08/28 03:52:24.909, 3, NVIDIA RTX 6000 Ada Generation, 78 %, 39608 MiB, 49140 MiB, 279.99 W, 81
2026/08/28 03:52:34.910, 0, NVIDIA RTX 6000 Ada Generation, 81 %, 39704 MiB, 49140 MiB, 278.96 W, 79
2026/08/28 03:52:34.910, 1, NVIDIA RTX 6000 Ada Generation, 84 %, 39732 MiB, 49140 MiB, 283.52 W, 84
2026/08/28 03:52:34.910, 2, NVIDIA RTX 6000 Ada Generation, 82 %, 40188 MiB, 49140 MiB, 287.72 W, 78
2026/08/28 03:52:34.910, 3, NVIDIA RTX 6000 Ada Generation, 89 %, 39608 MiB, 49140 MiB, 283.97 W, 80
2026/08/28 03:52:44.911, 0, NVIDIA RTX 6000 Ada Generation, 88 %, 39704 MiB, 49140 MiB, 282.73 W, 78
2026/08/28 03:52:44.911, 1, NVIDIA RTX 6000 Ada Generation, 87 %, 39732 MiB, 49140 MiB, 286.30 W, 84
2026/08/28 03:52:44.911, 2, NVIDIA RTX 6000 Ada Generation, 90 %, 40188 MiB, 49140 MiB, 299.08 W, 78
2026/08/28 03:52:44.911, 3, NVIDIA RTX 6000 Ada Generation, 90 %, 39608 MiB, 49140 MiB, 287.18 W, 80
2026/08/28 03:52:54.913, 0, NVIDIA RTX 6000 Ada Generation, 91 %, 39704 MiB, 49140 MiB, 286.65 W, 78
2026/08/28 03:52:54.913, 1, NVIDIA RTX 6000 Ada Generation, 88 %, 39732 MiB, 49140 MiB, 296.77 W, 84
2026/08/28 03:52:54.913, 2, NVIDIA RTX 6000 Ada Generation, 82 %, 40188 MiB, 49140 MiB, 283.27 W, 78
2026/08/28 03:52:54.913, 3, NVIDIA RTX 6000 Ada Generation, 90 %, 39608 MiB, 49140 MiB, 298.15 W, 80
2026/08/28 03:53:04.914, 0, NVIDIA RTX 6000 Ada Generation, 88 %, 39704 MiB, 49140 MiB, 295.42 W, 78
2026/08/28 03:53:04.914, 1, NVIDIA RTX 6000 Ada Generation, 79 %, 39732 MiB, 49140 MiB, 276.37 W, 84
2026/08/28 03:53:04.914, 2, NVIDIA RTX 6000 Ada Generation, 84 %, 40188 MiB, 49140 MiB, 287.58 W, 78
2026/08/28 03:53:04.914, 3, NVIDIA RTX 6000 Ada Generation, 92 %, 39608 MiB, 49140 MiB, 297.90 W, 80
2026/08/28 03:53:14.915, 0, NVIDIA RTX 6000 Ada Generation, 88 %, 39704 MiB, 49140 MiB, 298.64 W, 79
2026/08/28 03:53:14.916, 1, NVIDIA RTX 6000 Ada Generation, 92 %, 39732 MiB, 49140 MiB, 296.84 W, 84
2026/08/28 03:53:14.916, 2, NVIDIA RTX 6000 Ada Generation, 88 %, 40188 MiB, 49140 MiB, 298.26 W, 78
2026/08/28 03:53:14.916, 3, NVIDIA RTX 6000 Ada Generation, 87 %, 39608 MiB, 49140 MiB, 278.23 W, 79
2026/08/28 03:53:24.917, 0, NVIDIA RTX 6000 Ada Generation, 88 %, 39704 MiB, 49140 MiB, 299.08 W, 79
2026/08/28 03:53:24.917, 1, NVIDIA RTX 6000 Ada Generation, 89 %, 39732 MiB, 49140 MiB, 296.08 W, 84
2026/08/28 03:53:24.917, 2, NVIDIA RTX 6000 Ada Generation, 86 %, 40188 MiB, 49140 MiB, 278.98 W, 77
2026/08/28 03:53:24.917, 3, NVIDIA RTX 6000 Ada Generation, 89 %, 39608 MiB, 49140 MiB, 298.04 W, 80
2026/08/28 03:53:34.918, 0, NVIDIA RTX 6000 Ada Generation, 79 %, 39704 MiB, 49140 MiB, 278.29 W, 78
2026/08/28 03:53:34.918, 1, NVIDIA RTX 6000 Ada Generation, 79 %, 39732 MiB, 49140 MiB, 279.31 W, 84
2026/08/28 03:53:34.919, 2, NVIDIA RTX 6000 Ada Generation, 89 %, 40188 MiB, 49140 MiB, 288.17 W, 77
2026/08/28 03:53:34.919, 3, NVIDIA RTX 6000 Ada Generation, 87 %, 39608 MiB, 49140 MiB, 281.55 W, 79
2026/08/28 03:53:44.920, 0, NVIDIA RTX 6000 Ada Generation, 92 %, 39704 MiB, 49140 MiB, 298.97 W, 79
2026/08/28 03:53:44.920, 1, NVIDIA RTX 6000 Ada Generation, 84 %, 39732 MiB, 49140 MiB, 280.24 W, 84
2026/08/28 03:53:44.920, 2, NVIDIA RTX 6000 Ada Generation, 90 %, 40188 MiB, 49140 MiB, 298.46 W, 78
2026/08/28 03:53:44.920, 3, NVIDIA RTX 6000 Ada Generation, 89 %, 39608 MiB, 49140 MiB, 298.45 W, 80
2026/08/28 03:53:54.921, 0, NVIDIA RTX 6000 Ada Generation, 88 %, 39704 MiB, 49140 MiB, 299.01 W, 79
2026/08/28 03:53:54.921, 1, NVIDIA RTX 6000 Ada Generation, 88 %, 39732 MiB, 49140 MiB, 296.99 W, 84
2026/08/28 03:53:54.921, 2, NVIDIA RTX 6000 Ada Generation, 88 %, 40188 MiB, 49140 MiB, 299.04 W, 78
2026/08/28 03:53:54.922, 3, NVIDIA RTX 6000 Ada Generation, 91 %, 39608 MiB, 49140 MiB, 298.88 W, 80
2026/08/28 03:54:04.923, 0, NVIDIA RTX 6000 Ada Generation, 85 %, 39704 MiB, 49140 MiB, 278.22 W, 78
2026/08/28 03:54:04.923, 1, NVIDIA RTX 6000 Ada Generation, 91 %, 39732 MiB, 49140 MiB, 297.28 W, 84
2026/08/28 03:54:04.923, 2, NVIDIA RTX 6000 Ada Generation, 84 %, 40188 MiB, 49140 MiB, 282.90 W, 78
2026/08/28 03:54:04.923, 3, NVIDIA RTX 6000 Ada Generation, 82 %, 39608 MiB, 49140 MiB, 279.96 W, 80
2026/08/28 03:54:14.924, 0, NVIDIA RTX 6000 Ada Generation, 90 %, 39704 MiB, 49140 MiB, 298.40 W, 79
2026/08/28 03:54:14.924, 1, NVIDIA RTX 6000 Ada Generation, 86 %, 39732 MiB, 49140 MiB, 277.69 W, 84
2026/08/28 03:54:14.924, 2, NVIDIA RTX 6000 Ada Generation, 82 %, 40188 MiB, 49140 MiB, 282.17 W, 78
2026/08/28 03:54:14.924, 3, NVIDIA RTX 6000 Ada Generation, 87 %, 39608 MiB, 49140 MiB, 284.82 W, 80
2026/08/28 03:54:24.925, 0, NVIDIA RTX 6000 Ada Generation, 91 %, 39704 MiB, 49140 MiB, 298.36 W, 79
2026/08/28 03:54:24.926, 1, NVIDIA RTX 6000 Ada Generation, 83 %, 39732 MiB, 49140 MiB, 282.09 W, 84
2026/08/28 03:54:24.926, 2, NVIDIA RTX 6000 Ada Generation, 87 %, 40188 MiB, 49140 MiB, 286.69 W, 77
2026/08/28 03:54:24.926, 3, NVIDIA RTX 6000 Ada Generation, 91 %, 39608 MiB, 49140 MiB, 298.27 W, 80
2026/08/28 03:54:34.927, 0, NVIDIA RTX 6000 Ada Generation, 85 %, 39704 MiB, 49140 MiB, 276.88 W, 78
2026/08/28 03:54:34.927, 1, NVIDIA RTX 6000 Ada Generation, 88 %, 39732 MiB, 49140 MiB, 289.58 W, 84
2026/08/28 03:54:34.927, 2, NVIDIA RTX 6000 Ada Generation, 90 %, 40188 MiB, 49140 MiB, 291.45 W, 78
2026/08/28 03:54:34.927, 3, NVIDIA RTX 6000 Ada Generation, 89 %, 39608 MiB, 49140 MiB, 298.46 W, 80
2026/08/28 03:54:44.928, 0, NVIDIA RTX 6000 Ada Generation, 89 %, 39704 MiB, 49140 MiB, 298.76 W, 78
2026/08/28 03:54:44.929, 1, NVIDIA RTX 6000 Ada Generation, 88 %, 39732 MiB, 49140 MiB, 296.02 W, 84
2026/08/28 03:54:44.929, 2, NVIDIA RTX 6000 Ada Generation, 89 %, 40188 MiB, 49140 MiB, 298.71 W, 78
2026/08/28 03:54:44.929, 3, NVIDIA RTX 6000 Ada Generation, 89 %, 39608 MiB, 49140 MiB, 283.44 W, 80
2026/08/28 03:54:54.930, 0, NVIDIA RTX 6000 Ada Generation, 84 %, 39704 MiB, 49140 MiB, 278.40 W, 78
2026/08/28 03:54:54.930, 1, NVIDIA RTX 6000 Ada Generation, 91 %, 39732 MiB, 49140 MiB, 296.87 W, 84
2026/08/28 03:54:54.930, 2, NVIDIA RTX 6000 Ada Generation, 89 %, 40188 MiB, 49140 MiB, 298.43 W, 78
2026/08/28 03:54:54.930, 3, NVIDIA RTX 6000 Ada Generation, 89 %, 39608 MiB, 49140 MiB, 298.45 W, 80
2026/08/28 03:55:04.931, 0, NVIDIA RTX 6000 Ada Generation, 91 %, 39704 MiB, 49140 MiB, 298.83 W, 78
2026/08/28 03:55:04.932, 1, NVIDIA RTX 6000 Ada Generation, 81 %, 39732 MiB, 49140 MiB, 278.26 W, 84
2026/08/28 03:55:04.932, 2, NVIDIA RTX 6000 Ada Generation, 84 %, 40188 MiB, 49140 MiB, 286.11 W, 78
2026/08/28 03:55:04.932, 3, NVIDIA RTX 6000 Ada Generation, 94 %, 39608 MiB, 49140 MiB, 299.36 W, 81
2026/08/28 03:55:14.933, 0, NVIDIA RTX 6000 Ada Generation, 83 %, 39704 MiB, 49140 MiB, 279.23 W, 78
2026/08/28 03:55:14.933, 1, NVIDIA RTX 6000 Ada Generation, 82 %, 39732 MiB, 49140 MiB, 278.52 W, 83
2026/08/28 03:55:14.933, 2, NVIDIA RTX 6000 Ada Generation, 89 %, 40188 MiB, 49140 MiB, 287.24 W, 78
2026/08/28 03:55:14.933, 3, NVIDIA RTX 6000 Ada Generation, 79 %, 39608 MiB, 49140 MiB, 279.80 W, 80
2026/08/28 03:55:24.935, 0, NVIDIA RTX 6000 Ada Generation, 88 %, 39704 MiB, 49140 MiB, 298.48 W, 78
2026/08/28 03:55:24.935, 1, NVIDIA RTX 6000 Ada Generation, 90 %, 39732 MiB, 49140 MiB, 296.61 W, 84
2026/08/28 03:55:24.935, 2, NVIDIA RTX 6000 Ada Generation, 89 %, 40188 MiB, 49140 MiB, 298.23 W, 78
2026/08/28 03:55:24.935, 3, NVIDIA RTX 6000 Ada Generation, 85 %, 39608 MiB, 49140 MiB, 284.93 W, 80
2026/08/28 03:55:34.936, 0, NVIDIA RTX 6000 Ada Generation, 88 %, 39704 MiB, 49140 MiB, 298.35 W, 78
2026/08/28 03:55:34.937, 1, NVIDIA RTX 6000 Ada Generation, 88 %, 39732 MiB, 49140 MiB, 296.86 W, 84
2026/08/28 03:55:34.937, 2, NVIDIA RTX 6000 Ada Generation, 92 %, 40188 MiB, 49140 MiB, 298.82 W, 78
2026/08/28 03:55:34.937, 3, NVIDIA RTX 6000 Ada Generation, 87 %, 39608 MiB, 49140 MiB, 287.39 W, 80
2026/08/28 03:55:44.938, 0, NVIDIA RTX 6000 Ada Generation, 86 %, 39704 MiB, 49140 MiB, 279.16 W, 78
2026/08/28 03:55:44.938, 1, NVIDIA RTX 6000 Ada Generation, 85 %, 39732 MiB, 49140 MiB, 277.85 W, 83
2026/08/28 03:55:44.938, 2, NVIDIA RTX 6000 Ada Generation, 91 %, 40188 MiB, 49140 MiB, 287.45 W, 78
2026/08/28 03:55:44.938, 3, NVIDIA RTX 6000 Ada Generation, 89 %, 39608 MiB, 49140 MiB, 298.49 W, 81
2026/08/28 03:55:54.940, 0, NVIDIA RTX 6000 Ada Generation, 89 %, 39704 MiB, 49140 MiB, 284.39 W, 78
2026/08/28 03:55:54.940, 1, NVIDIA RTX 6000 Ada Generation, 84 %, 39732 MiB, 49140 MiB, 283.09 W, 83
2026/08/28 03:55:54.940, 2, NVIDIA RTX 6000 Ada Generation, 87 %, 40188 MiB, 49140 MiB, 288.26 W, 78
2026/08/28 03:55:54.940, 3, NVIDIA RTX 6000 Ada Generation, 87 %, 39608 MiB, 49140 MiB, 282.07 W, 81
2026/08/28 03:56:04.941, 0, NVIDIA RTX 6000 Ada Generation, 88 %, 39704 MiB, 49140 MiB, 290.43 W, 78
2026/08/28 03:56:04.941, 1, NVIDIA RTX 6000 Ada Generation, 82 %, 39732 MiB, 49140 MiB, 292.60 W, 83
2026/08/28 03:56:04.941, 2, NVIDIA RTX 6000 Ada Generation, 88 %, 40228 MiB, 49140 MiB, 294.18 W, 77
2026/08/28 03:56:04.941, 3, NVIDIA RTX 6000 Ada Generation, 86 %, 39608 MiB, 49140 MiB, 280.78 W, 80
2026/08/28 03:56:14.943, 0, NVIDIA RTX 6000 Ada Generation, 88 %, 39704 MiB, 49140 MiB, 298.57 W, 78
2026/08/28 03:56:14.943, 1, NVIDIA RTX 6000 Ada Generation, 89 %, 39732 MiB, 49140 MiB, 297.47 W, 84
2026/08/28 03:56:14.943, 2, NVIDIA RTX 6000 Ada Generation, 91 %, 40228 MiB, 49140 MiB, 297.97 W, 78
2026/08/28 03:56:14.943, 3, NVIDIA RTX 6000 Ada Generation, 89 %, 39608 MiB, 49140 MiB, 298.20 W, 81
2026/08/28 03:56:24.944, 0, NVIDIA RTX 6000 Ada Generation, 93 %, 39704 MiB, 49140 MiB, 298.01 W, 79
2026/08/28 03:56:24.944, 1, NVIDIA RTX 6000 Ada Generation, 91 %, 39732 MiB, 49140 MiB, 296.75 W, 84
2026/08/28 03:56:24.945, 2, NVIDIA RTX 6000 Ada Generation, 82 %, 40228 MiB, 49140 MiB, 284.52 W, 78
2026/08/28 03:56:24.945, 3, NVIDIA RTX 6000 Ada Generation, 89 %, 39608 MiB, 49140 MiB, 291.72 W, 80
2026/08/28 03:56:34.946, 0, NVIDIA RTX 6000 Ada Generation, 85 %, 39704 MiB, 49140 MiB, 278.94 W, 78
2026/08/28 03:56:34.946, 1, NVIDIA RTX 6000 Ada Generation, 78 %, 39732 MiB, 49140 MiB, 289.36 W, 83
2026/08/28 03:56:34.946, 2, NVIDIA RTX 6000 Ada Generation, 89 %, 40228 MiB, 49140 MiB, 298.46 W, 78
2026/08/28 03:56:34.946, 3, NVIDIA RTX 6000 Ada Generation, 86 %, 39608 MiB, 49140 MiB, 279.60 W, 80
2026/08/28 03:56:44.947, 0, NVIDIA RTX 6000 Ada Generation, 84 %, 39704 MiB, 49140 MiB, 278.66 W, 78
2026/08/28 03:56:44.947, 1, NVIDIA RTX 6000 Ada Generation, 88 %, 39732 MiB, 49140 MiB, 296.74 W, 84
2026/08/28 03:56:44.947, 2, NVIDIA RTX 6000 Ada Generation, 85 %, 40228 MiB, 49140 MiB, 285.66 W, 78
2026/08/28 03:56:44.947, 3, NVIDIA RTX 6000 Ada Generation, 91 %, 39608 MiB, 49140 MiB, 298.78 W, 80
2026/08/28 03:56:54.948, 0, NVIDIA RTX 6000 Ada Generation, 88 %, 39704 MiB, 49140 MiB, 298.46 W, 78
2026/08/28 03:56:54.949, 1, NVIDIA RTX 6000 Ada Generation, 89 %, 39732 MiB, 49140 MiB, 297.15 W, 84
2026/08/28 03:56:54.949, 2, NVIDIA RTX 6000 Ada Generation, 90 %, 40228 MiB, 49140 MiB, 298.43 W, 78
2026/08/28 03:56:54.949, 3, NVIDIA RTX 6000 Ada Generation, 88 %, 39608 MiB, 49140 MiB, 299.00 W, 81
2026/08/28 03:57:04.950, 0, NVIDIA RTX 6000 Ada Generation, 83 %, 39704 MiB, 49140 MiB, 277.62 W, 78
2026/08/28 03:57:04.950, 1, NVIDIA RTX 6000 Ada Generation, 91 %, 39732 MiB, 49140 MiB, 298.43 W, 84
2026/08/28 03:57:04.950, 2, NVIDIA RTX 6000 Ada Generation, 81 %, 40228 MiB, 49140 MiB, 282.77 W, 78
2026/08/28 03:57:04.950, 3, NVIDIA RTX 6000 Ada Generation, 89 %, 39608 MiB, 49140 MiB, 283.12 W, 80
2026/08/28 03:57:14.951, 0, NVIDIA RTX 6000 Ada Generation, 79 %, 39704 MiB, 49140 MiB, 278.42 W, 77
2026/08/28 03:57:14.952, 1, NVIDIA RTX 6000 Ada Generation, 82 %, 39732 MiB, 49140 MiB, 279.04 W, 84
2026/08/28 03:57:14.952, 2, NVIDIA RTX 6000 Ada Generation, 90 %, 40228 MiB, 49140 MiB, 287.86 W, 78
2026/08/28 03:57:14.952, 3, NVIDIA RTX 6000 Ada Generation, 86 %, 39608 MiB, 49140 MiB, 287.20 W, 81
2026/08/28 03:57:24.953, 0, NVIDIA RTX 6000 Ada Generation, 82 %, 39704 MiB, 49140 MiB, 281.34 W, 78
2026/08/28 03:57:24.953, 1, NVIDIA RTX 6000 Ada Generation, 89 %, 39732 MiB, 49140 MiB, 282.89 W, 84
2026/08/28 03:57:24.953, 2, NVIDIA RTX 6000 Ada Generation, 89 %, 40228 MiB, 49140 MiB, 287.18 W, 77
2026/08/28 03:57:24.953, 3, NVIDIA RTX 6000 Ada Generation, 84 %, 39608 MiB, 49140 MiB, 279.60 W, 80
2026/08/28 03:57:34.954, 0, NVIDIA RTX 6000 Ada Generation, 90 %, 39704 MiB, 49140 MiB, 285.63 W, 78
2026/08/28 03:57:34.955, 1, NVIDIA RTX 6000 Ada Generation, 91 %, 39732 MiB, 49140 MiB, 286.83 W, 84
2026/08/28 03:57:34.955, 2, NVIDIA RTX 6000 Ada Generation, 87 %, 40228 MiB, 49140 MiB, 290.38 W, 77
2026/08/28 03:57:34.955, 3, NVIDIA RTX 6000 Ada Generation, 90 %, 39608 MiB, 49140 MiB, 298.27 W, 81
2026/08/28 03:57:44.956, 0, NVIDIA RTX 6000 Ada Generation, 88 %, 39704 MiB, 49140 MiB, 298.06 W, 78
2026/08/28 03:57:44.956, 1, NVIDIA RTX 6000 Ada Generation, 90 %, 39732 MiB, 49140 MiB, 296.80 W, 84
2026/08/28 03:57:44.956, 2, NVIDIA RTX 6000 Ada Generation, 89 %, 40228 MiB, 49140 MiB, 294.68 W, 78
2026/08/28 03:57:44.956, 3, NVIDIA RTX 6000 Ada Generation, 89 %, 39608 MiB, 49140 MiB, 299.01 W, 81
2026/08/28 03:57:54.957, 0, NVIDIA RTX 6000 Ada Generation, 92 %, 39704 MiB, 49140 MiB, 298.06 W, 79
2026/08/28 03:57:54.958, 1, NVIDIA RTX 6000 Ada Generation, 92 %, 39732 MiB, 49140 MiB, 297.03 W, 84
2026/08/28 03:57:54.958, 2, NVIDIA RTX 6000 Ada Generation, 88 %, 40228 MiB, 49140 MiB, 298.31 W, 78
2026/08/28 03:57:54.958, 3, NVIDIA RTX 6000 Ada Generation, 89 %, 39608 MiB, 49140 MiB, 298.85 W, 81
2026/08/28 03:58:04.959, 0, NVIDIA RTX 6000 Ada Generation, 81 %, 39704 MiB, 49140 MiB, 280.16 W, 77
2026/08/28 03:58:04.959, 1, NVIDIA RTX 6000 Ada Generation, 90 %, 39732 MiB, 49140 MiB, 298.52 W, 84
2026/08/28 03:58:04.959, 2, NVIDIA RTX 6000 Ada Generation, 93 %, 40228 MiB, 49140 MiB, 298.62 W, 78
2026/08/28 03:58:04.959, 3, NVIDIA RTX 6000 Ada Generation, 90 %, 39608 MiB, 49140 MiB, 283.36 W, 80
2026/08/28 03:58:14.960, 0, NVIDIA RTX 6000 Ada Generation, 88 %, 39704 MiB, 49140 MiB, 297.92 W, 78
2026/08/28 03:58:14.961, 1, NVIDIA RTX 6000 Ada Generation, 80 %, 39732 MiB, 49140 MiB, 279.28 W, 84
2026/08/28 03:58:14.961, 2, NVIDIA RTX 6000 Ada Generation, 94 %, 40228 MiB, 49140 MiB, 298.88 W, 78
2026/08/28 03:58:14.961, 3, NVIDIA RTX 6000 Ada Generation, 86 %, 39608 MiB, 49140 MiB, 287.05 W, 80
2026/08/28 03:58:24.962, 0, NVIDIA RTX 6000 Ada Generation, 81 %, 39704 MiB, 49140 MiB, 278.20 W, 78
2026/08/28 03:58:24.962, 1, NVIDIA RTX 6000 Ada Generation, 89 %, 39732 MiB, 49140 MiB, 282.46 W, 83
2026/08/28 03:58:24.962, 2, NVIDIA RTX 6000 Ada Generation, 79 %, 40228 MiB, 49140 MiB, 283.54 W, 78
2026/08/28 03:58:24.962, 3, NVIDIA RTX 6000 Ada Generation, 90 %, 39608 MiB, 49140 MiB, 291.25 W, 80
2026/08/28 03:58:34.963, 0, NVIDIA RTX 6000 Ada Generation, 88 %, 39704 MiB, 49140 MiB, 298.33 W, 78
2026/08/28 03:58:34.964, 1, NVIDIA RTX 6000 Ada Generation, 89 %, 39732 MiB, 49140 MiB, 287.02 W, 84
2026/08/28 03:58:34.964, 2, NVIDIA RTX 6000 Ada Generation, 87 %, 40228 MiB, 49140 MiB, 282.76 W, 78
2026/08/28 03:58:34.964, 3, NVIDIA RTX 6000 Ada Generation, 85 %, 39608 MiB, 49140 MiB, 280.43 W, 80
2026/08/28 03:58:44.965, 0, NVIDIA RTX 6000 Ada Generation, 89 %, 39704 MiB, 49140 MiB, 298.55 W, 78
2026/08/28 03:58:44.965, 1, NVIDIA RTX 6000 Ada Generation, 89 %, 39756 MiB, 49140 MiB, 288.95 W, 84
2026/08/28 03:58:44.965, 2, NVIDIA RTX 6000 Ada Generation, 81 %, 40228 MiB, 49140 MiB, 289.03 W, 77
2026/08/28 03:58:44.965, 3, NVIDIA RTX 6000 Ada Generation, 89 %, 39608 MiB, 49140 MiB, 298.33 W, 81
2026/08/28 03:58:54.966, 0, NVIDIA RTX 6000 Ada Generation, 87 %, 39704 MiB, 49140 MiB, 282.22 W, 79
2026/08/28 03:58:54.967, 1, NVIDIA RTX 6000 Ada Generation, 77 %, 39756 MiB, 49140 MiB, 276.85 W, 84
2026/08/28 03:58:54.967, 2, NVIDIA RTX 6000 Ada Generation, 87 %, 40228 MiB, 49140 MiB, 290.65 W, 78
2026/08/28 03:58:54.967, 3, NVIDIA RTX 6000 Ada Generation, 85 %, 39608 MiB, 49140 MiB, 287.22 W, 80
2026/08/28 03:59:04.968, 0, NVIDIA RTX 6000 Ada Generation, 83 %, 39704 MiB, 49140 MiB, 276.80 W, 77
2026/08/28 03:59:04.968, 1, NVIDIA RTX 6000 Ada Generation, 91 %, 39756 MiB, 49140 MiB, 296.74 W, 84
2026/08/28 03:59:04.968, 2, NVIDIA RTX 6000 Ada Generation, 88 %, 40228 MiB, 49140 MiB, 298.67 W, 78
2026/08/28 03:59:04.968, 3, NVIDIA RTX 6000 Ada Generation, 87 %, 39608 MiB, 49140 MiB, 281.72 W, 80
2026/08/28 03:59:14.969, 0, NVIDIA RTX 6000 Ada Generation, 79 %, 39704 MiB, 49140 MiB, 278.86 W, 77
2026/08/28 03:59:14.970, 1, NVIDIA RTX 6000 Ada Generation, 88 %, 39756 MiB, 49140 MiB, 296.61 W, 84
2026/08/28 03:59:14.970, 2, NVIDIA RTX 6000 Ada Generation, 90 %, 40228 MiB, 49140 MiB, 298.79 W, 78
2026/08/28 03:59:14.970, 3, NVIDIA RTX 6000 Ada Generation, 90 %, 39608 MiB, 49140 MiB, 286.26 W, 80
2026/08/28 03:59:24.971, 0, NVIDIA RTX 6000 Ada Generation, 89 %, 39704 MiB, 49140 MiB, 298.70 W, 78
2026/08/28 03:59:24.971, 1, NVIDIA RTX 6000 Ada Generation, 87 %, 39756 MiB, 49140 MiB, 281.00 W, 83
2026/08/28 03:59:24.971, 2, NVIDIA RTX 6000 Ada Generation, 88 %, 40228 MiB, 49140 MiB, 298.47 W, 78
2026/08/28 03:59:24.971, 3, NVIDIA RTX 6000 Ada Generation, 92 %, 39608 MiB, 49140 MiB, 298.52 W, 81
2026/08/28 03:59:34.972, 0, NVIDIA RTX 6000 Ada Generation, 91 %, 39704 MiB, 49140 MiB, 298.53 W, 78
2026/08/28 03:59:34.972, 1, NVIDIA RTX 6000 Ada Generation, 90 %, 39756 MiB, 49140 MiB, 296.63 W, 84
2026/08/28 03:59:34.973, 2, NVIDIA RTX 6000 Ada Generation, 83 %, 40228 MiB, 49140 MiB, 286.77 W, 77
2026/08/28 03:59:34.973, 3, NVIDIA RTX 6000 Ada Generation, 92 %, 39608 MiB, 49140 MiB, 298.52 W, 81
2026/08/28 03:59:44.974, 0, NVIDIA RTX 6000 Ada Generation, 86 %, 39704 MiB, 49140 MiB, 281.26 W, 78
2026/08/28 03:59:44.974, 1, NVIDIA RTX 6000 Ada Generation, 90 %, 39756 MiB, 49140 MiB, 298.51 W, 83
2026/08/28 03:59:44.974, 2, NVIDIA RTX 6000 Ada Generation, 94 %, 40228 MiB, 49140 MiB, 299.73 W, 76
2026/08/28 03:59:44.974, 3, NVIDIA RTX 6000 Ada Generation, 87 %, 39608 MiB, 49140 MiB, 282.53 W, 80
2026/08/28 03:59:54.975, 0, NVIDIA RTX 6000 Ada Generation, 89 %, 39704 MiB, 49140 MiB, 299.11 W, 78
2026/08/28 03:59:54.975, 1, NVIDIA RTX 6000 Ada Generation, 92 %, 39756 MiB, 49140 MiB, 296.59 W, 84
2026/08/28 03:59:54.975, 2, NVIDIA RTX 6000 Ada Generation, 83 %, 40228 MiB, 49140 MiB, 287.15 W, 77
2026/08/28 03:59:54.976, 3, NVIDIA RTX 6000 Ada Generation, 87 %, 39608 MiB, 49140 MiB, 286.23 W, 80
2026/08/28 04:00:04.977, 0, NVIDIA RTX 6000 Ada Generation, 84 %, 39704 MiB, 49140 MiB, 278.30 W, 77
2026/08/28 04:00:04.977, 1, NVIDIA RTX 6000 Ada Generation, 85 %, 39756 MiB, 49140 MiB, 278.52 W, 83
2026/08/28 04:00:04.977, 2, NVIDIA RTX 6000 Ada Generation, 90 %, 40228 MiB, 49140 MiB, 298.88 W, 78
2026/08/28 04:00:04.977, 3, NVIDIA RTX 6000 Ada Generation, 91 %, 39608 MiB, 49140 MiB, 298.22 W, 80
2026/08/28 04:00:14.978, 0, NVIDIA RTX 6000 Ada Generation, 92 %, 39704 MiB, 49140 MiB, 298.57 W, 78
2026/08/28 04:00:14.978, 1, NVIDIA RTX 6000 Ada Generation, 92 %, 39756 MiB, 49140 MiB, 296.73 W, 84
2026/08/28 04:00:14.979, 2, NVIDIA RTX 6000 Ada Generation, 80 %, 40228 MiB, 49140 MiB, 285.29 W, 77
2026/08/28 04:00:14.979, 3, NVIDIA RTX 6000 Ada Generation, 92 %, 39608 MiB, 49140 MiB, 298.60 W, 81
2026/08/28 04:00:24.980, 0, NVIDIA RTX 6000 Ada Generation, 88 %, 39704 MiB, 49140 MiB, 298.18 W, 78
2026/08/28 04:00:24.980, 1, NVIDIA RTX 6000 Ada Generation, 88 %, 39756 MiB, 49140 MiB, 280.58 W, 83
2026/08/28 04:00:24.980, 2, NVIDIA RTX 6000 Ada Generation, 83 %, 40228 MiB, 49140 MiB, 286.55 W, 77
2026/08/28 04:00:24.980, 3, NVIDIA RTX 6000 Ada Generation, 91 %, 39608 MiB, 49140 MiB, 298.29 W, 81
2026/08/28 04:00:34.981, 0, NVIDIA RTX 6000 Ada Generation, 84 %, 39704 MiB, 49140 MiB, 278.56 W, 77
2026/08/28 04:00:34.981, 1, NVIDIA RTX 6000 Ada Generation, 92 %, 39756 MiB, 49140 MiB, 296.57 W, 84
2026/08/28 04:00:34.982, 2, NVIDIA RTX 6000 Ada Generation, 86 %, 40228 MiB, 49140 MiB, 292.31 W, 78
2026/08/28 04:00:34.982, 3, NVIDIA RTX 6000 Ada Generation, 83 %, 39608 MiB, 49140 MiB, 280.69 W, 80
2026/08/28 04:00:44.983, 0, NVIDIA RTX 6000 Ada Generation, 89 %, 39704 MiB, 49140 MiB, 298.63 W, 78
2026/08/28 04:00:44.983, 1, NVIDIA RTX 6000 Ada Generation, 94 %, 39756 MiB, 49140 MiB, 296.90 W, 84
2026/08/28 04:00:44.983, 2, NVIDIA RTX 6000 Ada Generation, 88 %, 40228 MiB, 49140 MiB, 298.49 W, 78
2026/08/28 04:00:44.983, 3, NVIDIA RTX 6000 Ada Generation, 87 %, 39608 MiB, 49140 MiB, 286.43 W, 80
2026/08/28 04:00:54.984, 0, NVIDIA RTX 6000 Ada Generation, 87 %, 39704 MiB, 49140 MiB, 298.11 W, 78
2026/08/28 04:00:54.984, 1, NVIDIA RTX 6000 Ada Generation, 78 %, 39756 MiB, 49140 MiB, 277.53 W, 83
2026/08/28 04:00:54.985, 2, NVIDIA RTX 6000 Ada Generation, 89 %, 40228 MiB, 49140 MiB, 298.72 W, 78
2026/08/28 04:00:54.985, 3, NVIDIA RTX 6000 Ada Generation, 88 %, 39608 MiB, 49140 MiB, 289.77 W, 80
2026/08/28 04:01:04.986, 0, NVIDIA RTX 6000 Ada Generation, 83 %, 39704 MiB, 49140 MiB, 279.72 W, 78
2026/08/28 04:01:04.986, 1, NVIDIA RTX 6000 Ada Generation, 90 %, 39756 MiB, 49140 MiB, 282.38 W, 83
2026/08/28 04:01:04.986, 2, NVIDIA RTX 6000 Ada Generation, 93 %, 40228 MiB, 49140 MiB, 299.03 W, 78
2026/08/28 04:01:04.986, 3, NVIDIA RTX 6000 Ada Generation, 87 %, 39608 MiB, 49140 MiB, 279.99 W, 80
2026/08/28 04:01:14.987, 0, NVIDIA RTX 6000 Ada Generation, 88 %, 39704 MiB, 49140 MiB, 298.63 W, 78
2026/08/28 04:01:14.988, 1, NVIDIA RTX 6000 Ada Generation, 91 %, 39756 MiB, 49140 MiB, 286.58 W, 83
2026/08/28 04:01:14.988, 2, NVIDIA RTX 6000 Ada Generation, 89 %, 40228 MiB, 49140 MiB, 298.72 W, 78
2026/08/28 04:01:14.988, 3, NVIDIA RTX 6000 Ada Generation, 90 %, 39608 MiB, 49140 MiB, 298.30 W, 80
2026/08/28 04:01:24.989, 0, NVIDIA RTX 6000 Ada Generation, 91 %, 39704 MiB, 49140 MiB, 298.66 W, 78
2026/08/28 04:01:24.989, 1, NVIDIA RTX 6000 Ada Generation, 88 %, 39756 MiB, 49140 MiB, 296.63 W, 84
2026/08/28 04:01:24.989, 2, NVIDIA RTX 6000 Ada Generation, 80 %, 40228 MiB, 49140 MiB, 283.95 W, 78
2026/08/28 04:01:24.989, 3, NVIDIA RTX 6000 Ada Generation, 88 %, 39608 MiB, 49140 MiB, 281.20 W, 80
2026/08/28 04:01:34.990, 0, NVIDIA RTX 6000 Ada Generation, 88 %, 39704 MiB, 49140 MiB, 280.71 W, 78
2026/08/28 04:01:34.991, 1, NVIDIA RTX 6000 Ada Generation, 86 %, 39756 MiB, 49140 MiB, 284.71 W, 83
2026/08/28 04:01:34.991, 2, NVIDIA RTX 6000 Ada Generation, 88 %, 40228 MiB, 49140 MiB, 287.64 W, 78
2026/08/28 04:01:34.991, 3, NVIDIA RTX 6000 Ada Generation, 89 %, 39608 MiB, 49140 MiB, 298.43 W, 80
2026/08/28 04:01:44.992, 0, NVIDIA RTX 6000 Ada Generation, 84 %, 39704 MiB, 49140 MiB, 282.74 W, 78
2026/08/28 04:01:44.992, 1, NVIDIA RTX 6000 Ada Generation, 87 %, 39756 MiB, 49140 MiB, 278.42 W, 84
2026/08/28 04:01:44.992, 2, NVIDIA RTX 6000 Ada Generation, 90 %, 40228 MiB, 49140 MiB, 291.51 W, 78
2026/08/28 04:01:44.992, 3, NVIDIA RTX 6000 Ada Generation, 83 %, 39608 MiB, 49140 MiB, 280.94 W, 80
2026/08/28 04:01:54.993, 0, NVIDIA RTX 6000 Ada Generation, 92 %, 39704 MiB, 49140 MiB, 298.93 W, 78
2026/08/28 04:01:54.994, 1, NVIDIA RTX 6000 Ada Generation, 95 %, 39756 MiB, 49140 MiB, 284.01 W, 86
2026/08/28 04:01:54.994, 2, NVIDIA RTX 6000 Ada Generation, 88 %, 40228 MiB, 49140 MiB, 298.63 W, 78
2026/08/28 04:01:54.994, 3, NVIDIA RTX 6000 Ada Generation, 89 %, 39608 MiB, 49140 MiB, 283.25 W, 80
2026/08/28 04:02:04.995, 0, NVIDIA RTX 6000 Ada Generation, 91 %, 39704 MiB, 49140 MiB, 298.98 W, 78
2026/08/28 04:02:04.995, 1, NVIDIA RTX 6000 Ada Generation, 88 %, 39756 MiB, 49140 MiB, 296.20 W, 84
2026/08/28 04:02:04.995, 2, NVIDIA RTX 6000 Ada Generation, 89 %, 40228 MiB, 49140 MiB, 298.97 W, 78
2026/08/28 04:02:04.995, 3, NVIDIA RTX 6000 Ada Generation, 82 %, 39608 MiB, 49140 MiB, 280.23 W, 80
2026/08/28 04:02:14.996, 0, NVIDIA RTX 6000 Ada Generation, 79 %, 39704 MiB, 49140 MiB, 280.52 W, 77
2026/08/28 04:02:14.997, 1, NVIDIA RTX 6000 Ada Generation, 88 %, 39756 MiB, 49140 MiB, 277.93 W, 84
2026/08/28 04:02:14.997, 2, NVIDIA RTX 6000 Ada Generation, 89 %, 40228 MiB, 49140 MiB, 298.28 W, 78
2026/08/28 04:02:14.997, 3, NVIDIA RTX 6000 Ada Generation, 88 %, 39608 MiB, 49140 MiB, 298.24 W, 80
2026/08/28 04:02:24.998, 0, NVIDIA RTX 6000 Ada Generation, 88 %, 39704 MiB, 49140 MiB, 298.27 W, 78
2026/08/28 04:02:24.998, 1, NVIDIA RTX 6000 Ada Generation, 89 %, 39756 MiB, 49140 MiB, 282.48 W, 83
2026/08/28 04:02:24.998, 2, NVIDIA RTX 6000 Ada Generation, 81 %, 40228 MiB, 49140 MiB, 284.22 W, 78
2026/08/28 04:02:24.998, 3, NVIDIA RTX 6000 Ada Generation, 82 %, 39608 MiB, 49140 MiB, 280.48 W, 80
2026/08/28 04:02:35.000, 0, NVIDIA RTX 6000 Ada Generation, 88 %, 39704 MiB, 49140 MiB, 299.11 W, 78
2026/08/28 04:02:35.000, 1, NVIDIA RTX 6000 Ada Generation, 78 %, 39756 MiB, 49140 MiB, 276.32 W, 83
2026/08/28 04:02:35.000, 2, NVIDIA RTX 6000 Ada Generation, 87 %, 40228 MiB, 49140 MiB, 286.74 W, 77
2026/08/28 04:02:35.000, 3, NVIDIA RTX 6000 Ada Generation, 87 %, 39608 MiB, 49140 MiB, 277.95 W, 80
2026/08/28 04:02:45.001, 0, NVIDIA RTX 6000 Ada Generation, 86 %, 39704 MiB, 49140 MiB, 279.18 W, 78
2026/08/28 04:02:45.001, 1, NVIDIA RTX 6000 Ada Generation, 88 %, 39756 MiB, 49140 MiB, 296.00 W, 84
2026/08/28 04:02:45.001, 2, NVIDIA RTX 6000 Ada Generation, 89 %, 40228 MiB, 49140 MiB, 298.71 W, 78
2026/08/28 04:02:45.002, 3, NVIDIA RTX 6000 Ada Generation, 87 %, 39608 MiB, 49140 MiB, 279.56 W, 80
2026/08/28 04:02:55.003, 0, NVIDIA RTX 6000 Ada Generation, 88 %, 39704 MiB, 49140 MiB, 298.22 W, 78
2026/08/28 04:02:55.003, 1, NVIDIA RTX 6000 Ada Generation, 82 %, 39756 MiB, 49140 MiB, 278.71 W, 84
2026/08/28 04:02:55.003, 2, NVIDIA RTX 6000 Ada Generation, 89 %, 40228 MiB, 49140 MiB, 298.82 W, 78
2026/08/28 04:02:55.003, 3, NVIDIA RTX 6000 Ada Generation, 88 %, 39608 MiB, 49140 MiB, 298.26 W, 80
2026/08/28 04:03:05.004, 0, NVIDIA RTX 6000 Ada Generation, 90 %, 39704 MiB, 49140 MiB, 295.28 W, 78
2026/08/28 04:03:05.005, 1, NVIDIA RTX 6000 Ada Generation, 88 %, 39756 MiB, 49140 MiB, 295.61 W, 84
2026/08/28 04:03:05.005, 2, NVIDIA RTX 6000 Ada Generation, 85 %, 40228 MiB, 49140 MiB, 281.52 W, 77
2026/08/28 04:03:05.005, 3, NVIDIA RTX 6000 Ada Generation, 87 %, 39608 MiB, 49140 MiB, 281.83 W, 80
2026/08/28 04:03:15.006, 0, NVIDIA RTX 6000 Ada Generation, 85 %, 39704 MiB, 49140 MiB, 277.88 W, 78
2026/08/28 04:03:15.006, 1, NVIDIA RTX 6000 Ada Generation, 87 %, 39756 MiB, 49140 MiB, 277.69 W, 83
2026/08/28 04:03:15.006, 2, NVIDIA RTX 6000 Ada Generation, 87 %, 40228 MiB, 49140 MiB, 277.09 W, 77
2026/08/28 04:03:15.006, 3, NVIDIA RTX 6000 Ada Generation, 92 %, 39608 MiB, 49140 MiB, 298.58 W, 81
2026/08/28 04:03:25.007, 0, NVIDIA RTX 6000 Ada Generation, 89 %, 39704 MiB, 49140 MiB, 298.93 W, 78
2026/08/28 04:03:25.007, 1, NVIDIA RTX 6000 Ada Generation, 91 %, 39756 MiB, 49140 MiB, 296.45 W, 84
2026/08/28 04:03:25.007, 2, NVIDIA RTX 6000 Ada Generation, 90 %, 40228 MiB, 49140 MiB, 288.04 W, 77
2026/08/28 04:03:25.007, 3, NVIDIA RTX 6000 Ada Generation, 84 %, 39608 MiB, 49140 MiB, 282.55 W, 80
2026/08/28 04:03:35.008, 0, NVIDIA RTX 6000 Ada Generation, 89 %, 39704 MiB, 49140 MiB, 298.74 W, 78
2026/08/28 04:03:35.009, 1, NVIDIA RTX 6000 Ada Generation, 84 %, 39756 MiB, 49140 MiB, 278.35 W, 83
2026/08/28 04:03:35.009, 2, NVIDIA RTX 6000 Ada Generation, 91 %, 40228 MiB, 49140 MiB, 298.38 W, 78
2026/08/28 04:03:35.009, 3, NVIDIA RTX 6000 Ada Generation, 91 %, 39608 MiB, 49140 MiB, 297.99 W, 81
2026/08/28 04:03:45.010, 0, NVIDIA RTX 6000 Ada Generation, 88 %, 39704 MiB, 49140 MiB, 279.66 W, 78
2026/08/28 04:03:45.010, 1, NVIDIA RTX 6000 Ada Generation, 88 %, 39756 MiB, 49140 MiB, 295.48 W, 84
2026/08/28 04:03:45.010, 2, NVIDIA RTX 6000 Ada Generation, 80 %, 40228 MiB, 49140 MiB, 284.12 W, 78
2026/08/28 04:03:45.010, 3, NVIDIA RTX 6000 Ada Generation, 89 %, 39608 MiB, 49140 MiB, 298.52 W, 81
2026/08/28 04:03:55.012, 0, NVIDIA RTX 6000 Ada Generation, 89 %, 39704 MiB, 49140 MiB, 281.30 W, 77
2026/08/28 04:03:55.012, 1, NVIDIA RTX 6000 Ada Generation, 86 %, 39756 MiB, 49140 MiB, 279.62 W, 84
2026/08/28 04:03:55.012, 2, NVIDIA RTX 6000 Ada Generation, 91 %, 40228 MiB, 49140 MiB, 291.97 W, 77
2026/08/28 04:03:55.012, 3, NVIDIA RTX 6000 Ada Generation, 91 %, 39608 MiB, 49140 MiB, 299.08 W, 81
2026/08/28 04:04:05.013, 0, NVIDIA RTX 6000 Ada Generation, 91 %, 39704 MiB, 49140 MiB, 299.19 W, 78
2026/08/28 04:04:05.013, 1, NVIDIA RTX 6000 Ada Generation, 92 %, 39756 MiB, 49140 MiB, 296.17 W, 84
2026/08/28 04:04:05.013, 2, NVIDIA RTX 6000 Ada Generation, 89 %, 40228 MiB, 49140 MiB, 298.06 W, 78
2026/08/28 04:04:05.013, 3, NVIDIA RTX 6000 Ada Generation, 87 %, 39608 MiB, 49140 MiB, 282.07 W, 80
2026/08/28 04:04:15.015, 0, NVIDIA RTX 6000 Ada Generation, 82 %, 39704 MiB, 49140 MiB, 276.50 W, 78
2026/08/28 04:04:15.015, 1, NVIDIA RTX 6000 Ada Generation, 84 %, 39756 MiB, 49140 MiB, 277.69 W, 83
2026/08/28 04:04:15.015, 2, NVIDIA RTX 6000 Ada Generation, 91 %, 40228 MiB, 49140 MiB, 298.43 W, 78
2026/08/28 04:04:15.015, 3, NVIDIA RTX 6000 Ada Generation, 86 %, 39608 MiB, 49140 MiB, 286.48 W, 80
2026/08/28 04:04:25.016, 0, NVIDIA RTX 6000 Ada Generation, 82 %, 39704 MiB, 49140 MiB, 284.18 W, 77
2026/08/28 04:04:25.016, 1, NVIDIA RTX 6000 Ada Generation, 91 %, 39756 MiB, 49140 MiB, 275.07 W, 84
2026/08/28 04:04:25.016, 2, NVIDIA RTX 6000 Ada Generation, 81 %, 40228 MiB, 49140 MiB, 284.54 W, 78
2026/08/28 04:04:25.016, 3, NVIDIA RTX 6000 Ada Generation, 91 %, 39608 MiB, 49140 MiB, 288.71 W, 80
2026/08/28 04:04:35.017, 0, NVIDIA RTX 6000 Ada Generation, 86 %, 39704 MiB, 49140 MiB, 279.79 W, 78
2026/08/28 04:04:35.018, 1, NVIDIA RTX 6000 Ada Generation, 88 %, 39756 MiB, 49140 MiB, 296.34 W, 84
2026/08/28 04:04:35.018, 2, NVIDIA RTX 6000 Ada Generation, 79 %, 40228 MiB, 49140 MiB, 280.76 W, 78
2026/08/28 04:04:35.018, 3, NVIDIA RTX 6000 Ada Generation, 91 %, 39608 MiB, 49140 MiB, 298.46 W, 80
2026/08/28 04:04:45.019, 0, NVIDIA RTX 6000 Ada Generation, 87 %, 39704 MiB, 49140 MiB, 284.52 W, 78
2026/08/28 04:04:45.019, 1, NVIDIA RTX 6000 Ada Generation, 82 %, 39756 MiB, 49140 MiB, 280.02 W, 84
2026/08/28 04:04:45.019, 2, NVIDIA RTX 6000 Ada Generation, 85 %, 40228 MiB, 49140 MiB, 284.48 W, 77
2026/08/28 04:04:45.019, 3, NVIDIA RTX 6000 Ada Generation, 92 %, 39608 MiB, 49140 MiB, 298.73 W, 81
2026/08/28 04:04:55.020, 0, NVIDIA RTX 6000 Ada Generation, 88 %, 39704 MiB, 49140 MiB, 298.01 W, 78
2026/08/28 04:04:55.020, 1, NVIDIA RTX 6000 Ada Generation, 88 %, 39756 MiB, 49140 MiB, 295.91 W, 84
2026/08/28 04:04:55.020, 2, NVIDIA RTX 6000 Ada Generation, 89 %, 40228 MiB, 49140 MiB, 287.48 W, 77
2026/08/28 04:04:55.020, 3, NVIDIA RTX 6000 Ada Generation, 90 %, 39608 MiB, 49140 MiB, 298.86 W, 81
2026/08/28 04:05:05.021, 0, NVIDIA RTX 6000 Ada Generation, 91 %, 39704 MiB, 49140 MiB, 298.19 W, 78
2026/08/28 04:05:05.022, 1, NVIDIA RTX 6000 Ada Generation, 81 %, 39756 MiB, 49140 MiB, 277.19 W, 84
2026/08/28 04:05:05.022, 2, NVIDIA RTX 6000 Ada Generation, 85 %, 40228 MiB, 49140 MiB, 290.58 W, 77
2026/08/28 04:05:05.022, 3, NVIDIA RTX 6000 Ada Generation, 85 %, 39608 MiB, 49140 MiB, 293.27 W, 80
2026/08/28 04:05:15.023, 0, NVIDIA RTX 6000 Ada Generation, 81 %, 39704 MiB, 49140 MiB, 277.21 W, 77
2026/08/28 04:05:15.023, 1, NVIDIA RTX 6000 Ada Generation, 77 %, 39756 MiB, 49140 MiB, 275.40 W, 84
2026/08/28 04:05:15.023, 2, NVIDIA RTX 6000 Ada Generation, 92 %, 40228 MiB, 49140 MiB, 296.66 W, 78
2026/08/28 04:05:15.023, 3, NVIDIA RTX 6000 Ada Generation, 83 %, 39608 MiB, 49140 MiB, 282.66 W, 80
2026/08/28 04:05:25.024, 0, NVIDIA RTX 6000 Ada Generation, 85 %, 39704 MiB, 49140 MiB, 286.56 W, 78
2026/08/28 04:05:25.025, 1, NVIDIA RTX 6000 Ada Generation, 87 %, 39756 MiB, 49140 MiB, 278.56 W, 84
2026/08/28 04:05:25.025, 2, NVIDIA RTX 6000 Ada Generation, 88 %, 40228 MiB, 49140 MiB, 298.08 W, 78
2026/08/28 04:05:25.025, 3, NVIDIA RTX 6000 Ada Generation, 89 %, 39608 MiB, 49140 MiB, 287.03 W, 80
2026/08/28 04:05:35.026, 0, NVIDIA RTX 6000 Ada Generation, 89 %, 39704 MiB, 49140 MiB, 298.57 W, 78
2026/08/28 04:05:35.026, 1, NVIDIA RTX 6000 Ada Generation, 88 %, 39756 MiB, 49140 MiB, 296.78 W, 84
2026/08/28 04:05:35.026, 2, NVIDIA RTX 6000 Ada Generation, 88 %, 40228 MiB, 49140 MiB, 299.01 W, 78
2026/08/28 04:05:35.026, 3, NVIDIA RTX 6000 Ada Generation, 90 %, 39608 MiB, 49140 MiB, 290.49 W, 80
2026/08/28 04:05:45.027, 0, NVIDIA RTX 6000 Ada Generation, 79 %, 39704 MiB, 49140 MiB, 279.20 W, 77
2026/08/28 04:05:45.028, 1, NVIDIA RTX 6000 Ada Generation, 93 %, 39756 MiB, 49140 MiB, 298.77 W, 84
2026/08/28 04:05:45.028, 2, NVIDIA RTX 6000 Ada Generation, 93 %, 40228 MiB, 49140 MiB, 298.14 W, 78
2026/08/28 04:05:45.028, 3, NVIDIA RTX 6000 Ada Generation, 84 %, 39608 MiB, 49140 MiB, 278.66 W, 80
2026/08/28 04:05:55.029, 0, NVIDIA RTX 6000 Ada Generation, 85 %, 39704 MiB, 49140 MiB, 281.83 W, 77
2026/08/28 04:05:55.029, 1, NVIDIA RTX 6000 Ada Generation, 87 %, 39756 MiB, 49140 MiB, 280.90 W, 84
2026/08/28 04:05:55.029, 2, NVIDIA RTX 6000 Ada Generation, 84 %, 40228 MiB, 49140 MiB, 280.85 W, 78
2026/08/28 04:05:55.029, 3, NVIDIA RTX 6000 Ada Generation, 86 %, 39608 MiB, 49140 MiB, 279.75 W, 80
2026/08/28 04:06:05.030, 0, NVIDIA RTX 6000 Ada Generation, 91 %, 39704 MiB, 49140 MiB, 298.83 W, 78
2026/08/28 04:06:05.031, 1, NVIDIA RTX 6000 Ada Generation, 91 %, 39756 MiB, 49140 MiB, 286.93 W, 84
2026/08/28 04:06:05.031, 2, NVIDIA RTX 6000 Ada Generation, 82 %, 40228 MiB, 49140 MiB, 283.84 W, 77
2026/08/28 04:06:05.031, 3, NVIDIA RTX 6000 Ada Generation, 91 %, 39608 MiB, 49140 MiB, 298.15 W, 80
2026/08/28 04:06:15.032, 0, NVIDIA RTX 6000 Ada Generation, 89 %, 39704 MiB, 49140 MiB, 298.91 W, 78
2026/08/28 04:06:15.032, 1, NVIDIA RTX 6000 Ada Generation, 85 %, 39756 MiB, 49140 MiB, 289.74 W, 83
2026/08/28 04:06:15.032, 2, NVIDIA RTX 6000 Ada Generation, 89 %, 40228 MiB, 49140 MiB, 298.49 W, 78
2026/08/28 04:06:15.032, 3, NVIDIA RTX 6000 Ada Generation, 82 %, 39608 MiB, 49140 MiB, 279.34 W, 80
2026/08/28 04:06:25.033, 0, NVIDIA RTX 6000 Ada Generation, 79 %, 39704 MiB, 49140 MiB, 283.68 W, 78
2026/08/28 04:06:25.033, 1, NVIDIA RTX 6000 Ada Generation, 89 %, 39756 MiB, 49140 MiB, 296.70 W, 84
2026/08/28 04:06:25.034, 2, NVIDIA RTX 6000 Ada Generation, 83 %, 40228 MiB, 49140 MiB, 283.68 W, 77
2026/08/28 04:06:25.034, 3, NVIDIA RTX 6000 Ada Generation, 89 %, 39608 MiB, 49140 MiB, 282.60 W, 80
2026/08/28 04:06:35.035, 0, NVIDIA RTX 6000 Ada Generation, 87 %, 39704 MiB, 49140 MiB, 277.07 W, 78
2026/08/28 04:06:35.035, 1, NVIDIA RTX 6000 Ada Generation, 90 %, 39756 MiB, 49140 MiB, 296.73 W, 84
2026/08/28 04:06:35.035, 2, NVIDIA RTX 6000 Ada Generation, 84 %, 40228 MiB, 49140 MiB, 286.26 W, 78
2026/08/28 04:06:35.035, 3, NVIDIA RTX 6000 Ada Generation, 90 %, 39608 MiB, 49140 MiB, 298.34 W, 80
2026/08/28 04:06:45.036, 0, NVIDIA RTX 6000 Ada Generation, 84 %, 39704 MiB, 49140 MiB, 281.06 W, 78
2026/08/28 04:06:45.036, 1, NVIDIA RTX 6000 Ada Generation, 85 %, 39756 MiB, 49140 MiB, 278.17 W, 83
2026/08/28 04:06:45.036, 2, NVIDIA RTX 6000 Ada Generation, 88 %, 40228 MiB, 49140 MiB, 291.77 W, 77
2026/08/28 04:06:45.037, 3, NVIDIA RTX 6000 Ada Generation, 93 %, 39608 MiB, 49140 MiB, 301.73 W, 83
2026/08/28 04:06:55.038, 0, NVIDIA RTX 6000 Ada Generation, 89 %, 39704 MiB, 49140 MiB, 285.88 W, 78
2026/08/28 04:06:55.038, 1, NVIDIA RTX 6000 Ada Generation, 87 %, 39756 MiB, 49140 MiB, 279.40 W, 83
2026/08/28 04:06:55.038, 2, NVIDIA RTX 6000 Ada Generation, 90 %, 40228 MiB, 49140 MiB, 298.66 W, 78
2026/08/28 04:06:55.038, 3, NVIDIA RTX 6000 Ada Generation, 81 %, 39608 MiB, 49140 MiB, 282.20 W, 80
2026/08/28 04:07:05.039, 0, NVIDIA RTX 6000 Ada Generation, 90 %, 39704 MiB, 49140 MiB, 285.62 W, 78
2026/08/28 04:07:05.039, 1, NVIDIA RTX 6000 Ada Generation, 88 %, 39756 MiB, 49140 MiB, 295.63 W, 84
2026/08/28 04:07:05.039, 2, NVIDIA RTX 6000 Ada Generation, 89 %, 40228 MiB, 49140 MiB, 298.83 W, 78
2026/08/28 04:07:05.039, 3, NVIDIA RTX 6000 Ada Generation, 90 %, 39608 MiB, 49140 MiB, 298.78 W, 80
2026/08/28 04:07:15.041, 0, NVIDIA RTX 6000 Ada Generation, 91 %, 39704 MiB, 49140 MiB, 298.95 W, 78
2026/08/28 04:07:15.041, 1, NVIDIA RTX 6000 Ada Generation, 82 %, 39756 MiB, 49140 MiB, 278.03 W, 83
2026/08/28 04:07:15.041, 2, NVIDIA RTX 6000 Ada Generation, 89 %, 40228 MiB, 49140 MiB, 285.10 W, 77
2026/08/28 04:07:15.041, 3, NVIDIA RTX 6000 Ada Generation, 79 %, 39608 MiB, 49140 MiB, 279.16 W, 80
2026/08/28 04:07:25.042, 0, NVIDIA RTX 6000 Ada Generation, 88 %, 39704 MiB, 49140 MiB, 298.61 W, 78
2026/08/28 04:07:25.042, 1, NVIDIA RTX 6000 Ada Generation, 92 %, 39756 MiB, 49140 MiB, 297.32 W, 84
2026/08/28 04:07:25.042, 2, NVIDIA RTX 6000 Ada Generation, 81 %, 40228 MiB, 49140 MiB, 283.74 W, 77
2026/08/28 04:07:25.042, 3, NVIDIA RTX 6000 Ada Generation, 87 %, 39608 MiB, 49140 MiB, 281.01 W, 80
2026/08/28 04:07:35.044, 0, NVIDIA RTX 6000 Ada Generation, 88 %, 39704 MiB, 49140 MiB, 297.94 W, 78
2026/08/28 04:07:35.044, 1, NVIDIA RTX 6000 Ada Generation, 88 %, 39756 MiB, 49140 MiB, 279.47 W, 83
2026/08/28 04:07:35.044, 2, NVIDIA RTX 6000 Ada Generation, 81 %, 40228 MiB, 49140 MiB, 287.17 W, 77
2026/08/28 04:07:35.044, 3, NVIDIA RTX 6000 Ada Generation, 81 %, 39608 MiB, 49140 MiB, 279.82 W, 80
2026/08/28 04:07:45.045, 0, NVIDIA RTX 6000 Ada Generation, 81 %, 39704 MiB, 49140 MiB, 280.51 W, 77
2026/08/28 04:07:45.045, 1, NVIDIA RTX 6000 Ada Generation, 86 %, 39756 MiB, 49140 MiB, 279.39 W, 83
2026/08/28 04:07:45.045, 2, NVIDIA RTX 6000 Ada Generation, 89 %, 40228 MiB, 49140 MiB, 299.01 W, 77
2026/08/28 04:07:45.045, 3, NVIDIA RTX 6000 Ada Generation, 91 %, 39608 MiB, 49140 MiB, 298.25 W, 80
2026/08/28 04:07:55.046, 0, NVIDIA RTX 6000 Ada Generation, 88 %, 39704 MiB, 49140 MiB, 298.71 W, 78
2026/08/28 04:07:55.047, 1, NVIDIA RTX 6000 Ada Generation, 90 %, 39756 MiB, 49140 MiB, 297.42 W, 84
2026/08/28 04:07:55.047, 2, NVIDIA RTX 6000 Ada Generation, 92 %, 40228 MiB, 49140 MiB, 299.01 W, 78
2026/08/28 04:07:55.047, 3, NVIDIA RTX 6000 Ada Generation, 86 %, 39608 MiB, 49140 MiB, 280.81 W, 80
2026/08/28 04:08:05.048, 0, NVIDIA RTX 6000 Ada Generation, 90 %, 39704 MiB, 49140 MiB, 298.48 W, 78
2026/08/28 04:08:05.048, 1, NVIDIA RTX 6000 Ada Generation, 88 %, 39756 MiB, 49140 MiB, 297.07 W, 84
2026/08/28 04:08:05.048, 2, NVIDIA RTX 6000 Ada Generation, 87 %, 40228 MiB, 49140 MiB, 286.60 W, 78
2026/08/28 04:08:05.048, 3, NVIDIA RTX 6000 Ada Generation, 89 %, 39608 MiB, 49140 MiB, 298.71 W, 80
2026/08/28 04:08:15.049, 0, NVIDIA RTX 6000 Ada Generation, 88 %, 39704 MiB, 49140 MiB, 298.11 W, 78
2026/08/28 04:08:15.050, 1, NVIDIA RTX 6000 Ada Generation, 91 %, 39756 MiB, 49140 MiB, 298.24 W, 84
2026/08/28 04:08:15.050, 2, NVIDIA RTX 6000 Ada Generation, 84 %, 40228 MiB, 49140 MiB, 285.88 W, 77
2026/08/28 04:08:15.050, 3, NVIDIA RTX 6000 Ada Generation, 83 %, 39608 MiB, 49140 MiB, 278.27 W, 80
2026/08/28 04:08:25.051, 0, NVIDIA RTX 6000 Ada Generation, 84 %, 39704 MiB, 49140 MiB, 278.69 W, 77
2026/08/28 04:08:25.051, 1, NVIDIA RTX 6000 Ada Generation, 83 %, 39756 MiB, 49140 MiB, 278.72 W, 84
2026/08/28 04:08:25.051, 2, NVIDIA RTX 6000 Ada Generation, 87 %, 40228 MiB, 49140 MiB, 288.07 W, 78
2026/08/28 04:08:25.051, 3, NVIDIA RTX 6000 Ada Generation, 89 %, 39608 MiB, 49140 MiB, 298.15 W, 81
2026/08/28 04:08:35.052, 0, NVIDIA RTX 6000 Ada Generation, 86 %, 39704 MiB, 49140 MiB, 287.11 W, 78
2026/08/28 04:08:35.052, 1, NVIDIA RTX 6000 Ada Generation, 83 %, 39756 MiB, 49140 MiB, 280.83 W, 84
2026/08/28 04:08:35.052, 2, NVIDIA RTX 6000 Ada Generation, 91 %, 40228 MiB, 49140 MiB, 295.32 W, 77
2026/08/28 04:08:35.053, 3, NVIDIA RTX 6000 Ada Generation, 91 %, 39608 MiB, 49140 MiB, 298.40 W, 81
2026/08/28 04:08:45.054, 0, NVIDIA RTX 6000 Ada Generation, 80 %, 39704 MiB, 49140 MiB, 278.98 W, 77
2026/08/28 04:08:45.054, 1, NVIDIA RTX 6000 Ada Generation, 86 %, 39756 MiB, 49140 MiB, 285.62 W, 83
2026/08/28 04:08:45.054, 2, NVIDIA RTX 6000 Ada Generation, 89 %, 40228 MiB, 49140 MiB, 298.14 W, 78
2026/08/28 04:08:45.054, 3, NVIDIA RTX 6000 Ada Generation, 88 %, 39608 MiB, 49140 MiB, 281.69 W, 80
2026/08/28 04:08:55.055, 0, NVIDIA RTX 6000 Ada Generation, 88 %, 39704 MiB, 49140 MiB, 298.14 W, 78
2026/08/28 04:08:55.055, 1, NVIDIA RTX 6000 Ada Generation, 92 %, 39756 MiB, 49140 MiB, 286.64 W, 84
2026/08/28 04:08:55.055, 2, NVIDIA RTX 6000 Ada Generation, 90 %, 40228 MiB, 49140 MiB, 280.38 W, 78
2026/08/28 04:08:55.055, 3, NVIDIA RTX 6000 Ada Generation, 83 %, 39608 MiB, 49140 MiB, 280.44 W, 80
2026/08/28 04:09:05.056, 0, NVIDIA RTX 6000 Ada Generation, 77 %, 39704 MiB, 49140 MiB, 276.93 W, 77
2026/08/28 04:09:05.057, 1, NVIDIA RTX 6000 Ada Generation, 83 %, 39756 MiB, 49140 MiB, 278.02 W, 83
2026/08/28 04:09:05.057, 2, NVIDIA RTX 6000 Ada Generation, 90 %, 40228 MiB, 49140 MiB, 297.54 W, 78
2026/08/28 04:09:05.057, 3, NVIDIA RTX 6000 Ada Generation, 89 %, 39608 MiB, 49140 MiB, 298.08 W, 80
2026/08/28 04:09:15.058, 0, NVIDIA RTX 6000 Ada Generation, 89 %, 39704 MiB, 49140 MiB, 288.04 W, 77
2026/08/28 04:09:15.058, 1, NVIDIA RTX 6000 Ada Generation, 79 %, 39756 MiB, 49140 MiB, 275.84 W, 83
2026/08/28 04:09:15.058, 2, NVIDIA RTX 6000 Ada Generation, 80 %, 40228 MiB, 49140 MiB, 283.77 W, 78
2026/08/28 04:09:15.058, 3, NVIDIA RTX 6000 Ada Generation, 86 %, 39608 MiB, 49140 MiB, 280.93 W, 80
2026/08/28 04:09:25.059, 0, NVIDIA RTX 6000 Ada Generation, 87 %, 39704 MiB, 49140 MiB, 279.00 W, 77
2026/08/28 04:09:25.060, 1, NVIDIA RTX 6000 Ada Generation, 0 %, 39796 MiB, 49140 MiB, 110.30 W, 77
2026/08/28 04:09:25.060, 2, NVIDIA RTX 6000 Ada Generation, 90 %, 40228 MiB, 49140 MiB, 298.66 W, 78
2026/08/28 04:09:25.060, 3, NVIDIA RTX 6000 Ada Generation, 91 %, 39608 MiB, 49140 MiB, 298.55 W, 80
2026/08/28 04:09:35.061, 0, NVIDIA RTX 6000 Ada Generation, 87 %, 39704 MiB, 49140 MiB, 282.32 W, 77
2026/08/28 04:09:35.061, 1, NVIDIA RTX 6000 Ada Generation, 0 %, 39796 MiB, 49140 MiB, 102.88 W, 73
2026/08/28 04:09:35.061, 2, NVIDIA RTX 6000 Ada Generation, 88 %, 40228 MiB, 49140 MiB, 281.94 W, 78
2026/08/28 04:09:35.061, 3, NVIDIA RTX 6000 Ada Generation, 88 %, 39608 MiB, 49140 MiB, 282.08 W, 79
2026/08/28 04:09:45.062, 0, NVIDIA RTX 6000 Ada Generation, 89 %, 39704 MiB, 49140 MiB, 298.29 W, 77
2026/08/28 04:09:45.063, 1, NVIDIA RTX 6000 Ada Generation, 0 %, 39796 MiB, 49140 MiB, 35.50 W, 67
2026/08/28 04:09:45.063, 2, NVIDIA RTX 6000 Ada Generation, 88 %, 40228 MiB, 49140 MiB, 284.74 W, 78
2026/08/28 04:09:45.063, 3, NVIDIA RTX 6000 Ada Generation, 81 %, 39608 MiB, 49140 MiB, 277.52 W, 80
2026/08/28 04:09:55.064, 0, NVIDIA RTX 6000 Ada Generation, 93 %, 39704 MiB, 49140 MiB, 298.62 W, 78
2026/08/28 04:09:55.064, 1, NVIDIA RTX 6000 Ada Generation, 0 %, 39796 MiB, 49140 MiB, 33.17 W, 63
2026/08/28 04:09:55.064, 2, NVIDIA RTX 6000 Ada Generation, 86 %, 40228 MiB, 49140 MiB, 286.85 W, 77
2026/08/28 04:09:55.064, 3, NVIDIA RTX 6000 Ada Generation, 91 %, 39608 MiB, 49140 MiB, 298.18 W, 80
2026/08/28 04:10:05.065, 0, NVIDIA RTX 6000 Ada Generation, 0 %, 39712 MiB, 49140 MiB, 136.64 W, 72
2026/08/28 04:10:05.066, 1, NVIDIA RTX 6000 Ada Generation, 0 %, 39796 MiB, 49140 MiB, 32.28 W, 61
2026/08/28 04:10:05.066, 2, NVIDIA RTX 6000 Ada Generation, 89 %, 40228 MiB, 49140 MiB, 294.08 W, 77
2026/08/28 04:10:05.066, 3, NVIDIA RTX 6000 Ada Generation, 91 %, 39608 MiB, 49140 MiB, 298.47 W, 80
2026/08/28 04:10:15.067, 0, NVIDIA RTX 6000 Ada Generation, 0 %, 39712 MiB, 49140 MiB, 105.19 W, 67
2026/08/28 04:10:15.067, 1, NVIDIA RTX 6000 Ada Generation, 0 %, 39796 MiB, 49140 MiB, 31.07 W, 59
2026/08/28 04:10:15.067, 2, NVIDIA RTX 6000 Ada Generation, 91 %, 40228 MiB, 49140 MiB, 298.59 W, 77
2026/08/28 04:10:15.067, 3, NVIDIA RTX 6000 Ada Generation, 90 %, 39608 MiB, 49140 MiB, 298.56 W, 80
2026/08/28 04:10:25.068, 0, NVIDIA RTX 6000 Ada Generation, 0 %, 39712 MiB, 49140 MiB, 41.48 W, 61
2026/08/28 04:10:25.069, 1, NVIDIA RTX 6000 Ada Generation, 0 %, 39796 MiB, 49140 MiB, 29.81 W, 57
2026/08/28 04:10:25.069, 2, NVIDIA RTX 6000 Ada Generation, 88 %, 40228 MiB, 49140 MiB, 298.34 W, 77
2026/08/28 04:10:25.069, 3, NVIDIA RTX 6000 Ada Generation, 90 %, 39608 MiB, 49140 MiB, 287.20 W, 79
2026/08/28 04:10:35.070, 0, NVIDIA RTX 6000 Ada Generation, 0 %, 39712 MiB, 49140 MiB, 38.84 W, 57
2026/08/28 04:10:35.070, 1, NVIDIA RTX 6000 Ada Generation, 0 %, 39796 MiB, 49140 MiB, 29.93 W, 56
2026/08/28 04:10:35.070, 2, NVIDIA RTX 6000 Ada Generation, 88 %, 40228 MiB, 49140 MiB, 298.76 W, 78
2026/08/28 04:10:35.070, 3, NVIDIA RTX 6000 Ada Generation, 87 %, 39608 MiB, 49140 MiB, 280.24 W, 79
2026/08/28 04:10:45.071, 0, NVIDIA RTX 6000 Ada Generation, 0 %, 39712 MiB, 49140 MiB, 92.28 W, 57
2026/08/28 04:10:45.072, 1, NVIDIA RTX 6000 Ada Generation, 0 %, 39796 MiB, 49140 MiB, 29.22 W, 54
2026/08/28 04:10:45.072, 2, NVIDIA RTX 6000 Ada Generation, 91 %, 40228 MiB, 49140 MiB, 298.23 W, 77
2026/08/28 04:10:45.072, 3, NVIDIA RTX 6000 Ada Generation, 0 %, 39648 MiB, 49140 MiB, 104.15 W, 70
2026/08/28 04:10:55.073, 0, NVIDIA RTX 6000 Ada Generation, 0 %, 39712 MiB, 49140 MiB, 60.75 W, 53
2026/08/28 04:10:55.073, 1, NVIDIA RTX 6000 Ada Generation, 0 %, 39796 MiB, 49140 MiB, 28.71 W, 53
2026/08/28 04:10:55.073, 2, NVIDIA RTX 6000 Ada Generation, 85 %, 40230 MiB, 49140 MiB, 281.47 W, 77
2026/08/28 04:10:55.073, 3, NVIDIA RTX 6000 Ada Generation, 0 %, 39648 MiB, 49140 MiB, 65.48 W, 65
2026/08/28 04:11:05.075, 0, NVIDIA RTX 6000 Ada Generation, 0 %, 39712 MiB, 49140 MiB, 35.38 W, 50
2026/08/28 04:11:05.075, 1, NVIDIA RTX 6000 Ada Generation, 0 %, 39796 MiB, 49140 MiB, 27.96 W, 52
2026/08/28 04:11:05.075, 2, NVIDIA RTX 6000 Ada Generation, 87 %, 40230 MiB, 49140 MiB, 298.80 W, 76
2026/08/28 04:11:05.075, 3, NVIDIA RTX 6000 Ada Generation, 0 %, 39648 MiB, 49140 MiB, 33.35 W, 61
2026/08/28 04:11:15.076, 0, NVIDIA RTX 6000 Ada Generation, 0 %, 39712 MiB, 49140 MiB, 34.11 W, 48
2026/08/28 04:11:15.076, 1, NVIDIA RTX 6000 Ada Generation, 0 %, 39796 MiB, 49140 MiB, 27.34 W, 50
2026/08/28 04:11:15.076, 2, NVIDIA RTX 6000 Ada Generation, 88 %, 40230 MiB, 49140 MiB, 298.67 W, 76
2026/08/28 04:11:15.076, 3, NVIDIA RTX 6000 Ada Generation, 0 %, 39648 MiB, 49140 MiB, 30.71 W, 58
2026/08/28 04:11:25.077, 0, NVIDIA RTX 6000 Ada Generation, 0 %, 39712 MiB, 49140 MiB, 33.27 W, 46
2026/08/28 04:11:25.078, 1, NVIDIA RTX 6000 Ada Generation, 0 %, 39796 MiB, 49140 MiB, 26.78 W, 49
2026/08/28 04:11:25.078, 2, NVIDIA RTX 6000 Ada Generation, 92 %, 40230 MiB, 49140 MiB, 288.43 W, 76
2026/08/28 04:11:25.078, 3, NVIDIA RTX 6000 Ada Generation, 0 %, 39648 MiB, 49140 MiB, 29.36 W, 56
2026/08/28 04:11:35.079, 0, NVIDIA RTX 6000 Ada Generation, 0 %, 39712 MiB, 49140 MiB, 32.39 W, 45
2026/08/28 04:11:35.079, 1, NVIDIA RTX 6000 Ada Generation, 0 %, 39796 MiB, 49140 MiB, 26.73 W, 48
2026/08/28 04:11:35.079, 2, NVIDIA RTX 6000 Ada Generation, 92 %, 40230 MiB, 49140 MiB, 289.70 W, 76
2026/08/28 04:11:35.079, 3, NVIDIA RTX 6000 Ada Generation, 0 %, 39648 MiB, 49140 MiB, 28.65 W, 54
2026/08/28 04:11:45.080, 0, NVIDIA RTX 6000 Ada Generation, 0 %, 39712 MiB, 49140 MiB, 31.78 W, 43
2026/08/28 04:11:45.080, 1, NVIDIA RTX 6000 Ada Generation, 0 %, 39796 MiB, 49140 MiB, 26.28 W, 48
2026/08/28 04:11:45.080, 2, NVIDIA RTX 6000 Ada Generation, 95 %, 40230 MiB, 49140 MiB, 284.43 W, 76
2026/08/28 04:11:45.081, 3, NVIDIA RTX 6000 Ada Generation, 0 %, 39648 MiB, 49140 MiB, 27.84 W, 52
2026/08/28 04:11:55.082, 0, NVIDIA RTX 6000 Ada Generation, 0 %, 39712 MiB, 49140 MiB, 31.24 W, 42
2026/08/28 04:11:55.082, 1, NVIDIA RTX 6000 Ada Generation, 0 %, 39796 MiB, 49140 MiB, 26.15 W, 47
2026/08/28 04:11:55.082, 2, NVIDIA RTX 6000 Ada Generation, 89 %, 40230 MiB, 49140 MiB, 284.11 W, 75
2026/08/28 04:11:55.082, 3, NVIDIA RTX 6000 Ada Generation, 0 %, 39648 MiB, 49140 MiB, 27.34 W, 51
2026/08/28 04:12:05.083, 0, NVIDIA RTX 6000 Ada Generation, 0 %, 39712 MiB, 49140 MiB, 30.89 W, 41
2026/08/28 04:12:05.083, 1, NVIDIA RTX 6000 Ada Generation, 0 %, 39796 MiB, 49140 MiB, 25.71 W, 46
2026/08/28 04:12:05.083, 2, NVIDIA RTX 6000 Ada Generation, 91 %, 40230 MiB, 49140 MiB, 298.33 W, 75
2026/08/28 04:12:05.084, 3, NVIDIA RTX 6000 Ada Generation, 0 %, 39648 MiB, 49140 MiB, 27.06 W, 50
2026/08/28 04:12:15.085, 0, NVIDIA RTX 6000 Ada Generation, 0 %, 39712 MiB, 49140 MiB, 30.60 W, 40
2026/08/28 04:12:15.085, 1, NVIDIA RTX 6000 Ada Generation, 0 %, 39796 MiB, 49140 MiB, 25.50 W, 45
2026/08/28 04:12:15.085, 2, NVIDIA RTX 6000 Ada Generation, 89 %, 40230 MiB, 49140 MiB, 297.12 W, 75
2026/08/28 04:12:15.085, 3, NVIDIA RTX 6000 Ada Generation, 0 %, 39648 MiB, 49140 MiB, 26.74 W, 48
2026/08/28 04:12:25.086, 0, NVIDIA RTX 6000 Ada Generation, 0 %, 39712 MiB, 49140 MiB, 30.29 W, 39
2026/08/28 04:12:25.087, 1, NVIDIA RTX 6000 Ada Generation, 0 %, 39796 MiB, 49140 MiB, 25.47 W, 45
2026/08/28 04:12:25.087, 2, NVIDIA RTX 6000 Ada Generation, 86 %, 40230 MiB, 49140 MiB, 279.05 W, 75
2026/08/28 04:12:25.087, 3, NVIDIA RTX 6000 Ada Generation, 0 %, 39648 MiB, 49140 MiB, 26.68 W, 48
2026/08/28 04:12:35.088, 0, NVIDIA RTX 6000 Ada Generation, 0 %, 39712 MiB, 49140 MiB, 29.94 W, 39
2026/08/28 04:12:35.088, 1, NVIDIA RTX 6000 Ada Generation, 0 %, 39796 MiB, 49140 MiB, 25.21 W, 44
2026/08/28 04:12:35.088, 2, NVIDIA RTX 6000 Ada Generation, 86 %, 40230 MiB, 49140 MiB, 285.71 W, 75
2026/08/28 04:12:35.088, 3, NVIDIA RTX 6000 Ada Generation, 0 %, 39648 MiB, 49140 MiB, 26.26 W, 47
2026/08/28 04:12:45.089, 0, NVIDIA RTX 6000 Ada Generation, 0 %, 39712 MiB, 49140 MiB, 29.64 W, 38
2026/08/28 04:12:45.090, 1, NVIDIA RTX 6000 Ada Generation, 0 %, 39796 MiB, 49140 MiB, 24.94 W, 44
2026/08/28 04:12:45.090, 2, NVIDIA RTX 6000 Ada Generation, 90 %, 40230 MiB, 49140 MiB, 298.39 W, 75
2026/08/28 04:12:45.090, 3, NVIDIA RTX 6000 Ada Generation, 0 %, 39648 MiB, 49140 MiB, 26.07 W, 46
2026/08/28 04:12:55.091, 0, NVIDIA RTX 6000 Ada Generation, 0 %, 39712 MiB, 49140 MiB, 29.57 W, 37
2026/08/28 04:12:55.091, 1, NVIDIA RTX 6000 Ada Generation, 0 %, 39796 MiB, 49140 MiB, 25.37 W, 43
2026/08/28 04:12:55.091, 2, NVIDIA RTX 6000 Ada Generation, 82 %, 40230 MiB, 49140 MiB, 283.04 W, 75
2026/08/28 04:12:55.091, 3, NVIDIA RTX 6000 Ada Generation, 0 %, 39648 MiB, 49140 MiB, 25.91 W, 45
2026/08/28 04:13:05.093, 0, NVIDIA RTX 6000 Ada Generation, 0 %, 39712 MiB, 49140 MiB, 29.50 W, 37
2026/08/28 04:13:05.093, 1, NVIDIA RTX 6000 Ada Generation, 0 %, 39796 MiB, 49140 MiB, 24.93 W, 43
2026/08/28 04:13:05.093, 2, NVIDIA RTX 6000 Ada Generation, 87 %, 40230 MiB, 49140 MiB, 287.13 W, 75
2026/08/28 04:13:05.093, 3, NVIDIA RTX 6000 Ada Generation, 0 %, 39648 MiB, 49140 MiB, 25.66 W, 45
2026/08/28 04:13:15.094, 0, NVIDIA RTX 6000 Ada Generation, 0 %, 39712 MiB, 49140 MiB, 29.18 W, 37
2026/08/28 04:13:15.094, 1, NVIDIA RTX 6000 Ada Generation, 0 %, 39796 MiB, 49140 MiB, 24.81 W, 42
2026/08/28 04:13:15.094, 2, NVIDIA RTX 6000 Ada Generation, 92 %, 40230 MiB, 49140 MiB, 292.67 W, 75
2026/08/28 04:13:15.094, 3, NVIDIA RTX 6000 Ada Generation, 0 %, 39648 MiB, 49140 MiB, 25.46 W, 44
2026/08/28 04:13:25.096, 0, NVIDIA RTX 6000 Ada Generation, 0 %, 39712 MiB, 49140 MiB, 29.19 W, 36
2026/08/28 04:13:25.096, 1, NVIDIA RTX 6000 Ada Generation, 0 %, 39796 MiB, 49140 MiB, 24.78 W, 42
2026/08/28 04:13:25.096, 2, NVIDIA RTX 6000 Ada Generation, 93 %, 40230 MiB, 49140 MiB, 298.70 W, 75
2026/08/28 04:13:25.096, 3, NVIDIA RTX 6000 Ada Generation, 0 %, 39648 MiB, 49140 MiB, 25.72 W, 43
2026/08/28 04:13:35.097, 0, NVIDIA RTX 6000 Ada Generation, 0 %, 39712 MiB, 49140 MiB, 28.95 W, 36
2026/08/28 04:13:35.097, 1, NVIDIA RTX 6000 Ada Generation, 0 %, 39796 MiB, 49140 MiB, 24.40 W, 42
2026/08/28 04:13:35.097, 2, NVIDIA RTX 6000 Ada Generation, 88 %, 40230 MiB, 49140 MiB, 298.92 W, 75
2026/08/28 04:13:35.098, 3, NVIDIA RTX 6000 Ada Generation, 0 %, 39648 MiB, 49140 MiB, 25.33 W, 43
2026/08/28 04:13:45.099, 0, NVIDIA RTX 6000 Ada Generation, 0 %, 39712 MiB, 49140 MiB, 28.90 W, 36
2026/08/28 04:13:45.099, 1, NVIDIA RTX 6000 Ada Generation, 0 %, 39796 MiB, 49140 MiB, 24.38 W, 41
2026/08/28 04:13:45.099, 2, NVIDIA RTX 6000 Ada Generation, 92 %, 40230 MiB, 49140 MiB, 298.82 W, 75
2026/08/28 04:13:45.099, 3, NVIDIA RTX 6000 Ada Generation, 0 %, 39648 MiB, 49140 MiB, 24.80 W, 43
2026/08/28 04:13:55.100, 0, NVIDIA RTX 6000 Ada Generation, 0 %, 39712 MiB, 49140 MiB, 28.80 W, 35
2026/08/28 04:13:55.100, 1, NVIDIA RTX 6000 Ada Generation, 0 %, 39796 MiB, 49140 MiB, 24.44 W, 41
2026/08/28 04:13:55.100, 2, NVIDIA RTX 6000 Ada Generation, 78 %, 40230 MiB, 49140 MiB, 282.09 W, 75
2026/08/28 04:13:55.100, 3, NVIDIA RTX 6000 Ada Generation, 0 %, 39648 MiB, 49140 MiB, 24.97 W, 42
2026/08/28 04:14:05.101, 0, NVIDIA RTX 6000 Ada Generation, 0 %, 39712 MiB, 49140 MiB, 28.94 W, 35
2026/08/28 04:14:05.102, 1, NVIDIA RTX 6000 Ada Generation, 0 %, 39796 MiB, 49140 MiB, 24.59 W, 41
2026/08/28 04:14:05.102, 2, NVIDIA RTX 6000 Ada Generation, 93 %, 40230 MiB, 49140 MiB, 298.48 W, 75
2026/08/28 04:14:05.102, 3, NVIDIA RTX 6000 Ada Generation, 0 %, 39648 MiB, 49140 MiB, 25.12 W, 42
2026/08/28 04:14:15.102, 0, NVIDIA RTX 6000 Ada Generation, 0 %, 39712 MiB, 49140 MiB, 29.00 W, 35
2026/08/28 04:14:15.103, 1, NVIDIA RTX 6000 Ada Generation, 0 %, 39796 MiB, 49140 MiB, 24.73 W, 40
2026/08/28 04:14:15.103, 2, NVIDIA RTX 6000 Ada Generation, 86 %, 40230 MiB, 49140 MiB, 282.15 W, 75
2026/08/28 04:14:15.103, 3, NVIDIA RTX 6000 Ada Generation, 0 %, 39648 MiB, 49140 MiB, 25.06 W, 42
2026/08/28 04:14:25.104, 0, NVIDIA RTX 6000 Ada Generation, 0 %, 39712 MiB, 49140 MiB, 28.88 W, 35
2026/08/28 04:14:25.104, 1, NVIDIA RTX 6000 Ada Generation, 0 %, 39796 MiB, 49140 MiB, 24.33 W, 40
2026/08/28 04:14:25.104, 2, NVIDIA RTX 6000 Ada Generation, 89 %, 40230 MiB, 49140 MiB, 298.34 W, 75
2026/08/28 04:14:25.104, 3, NVIDIA RTX 6000 Ada Generation, 0 %, 39648 MiB, 49140 MiB, 24.70 W, 41
2026/08/28 04:14:35.105, 0, NVIDIA RTX 6000 Ada Generation, 0 %, 39712 MiB, 49140 MiB, 28.93 W, 35
2026/08/28 04:14:35.105, 1, NVIDIA RTX 6000 Ada Generation, 0 %, 39796 MiB, 49140 MiB, 24.37 W, 40
2026/08/28 04:14:35.106, 2, NVIDIA RTX 6000 Ada Generation, 88 %, 40230 MiB, 49140 MiB, 279.93 W, 75
2026/08/28 04:14:35.106, 3, NVIDIA RTX 6000 Ada Generation, 0 %, 39648 MiB, 49140 MiB, 24.97 W, 41
2026/08/28 04:14:45.107, 0, NVIDIA RTX 6000 Ada Generation, 0 %, 39712 MiB, 49140 MiB, 28.75 W, 34
2026/08/28 04:14:45.107, 1, NVIDIA RTX 6000 Ada Generation, 0 %, 39796 MiB, 49140 MiB, 24.25 W, 40
2026/08/28 04:14:45.107, 2, NVIDIA RTX 6000 Ada Generation, 89 %, 40230 MiB, 49140 MiB, 290.20 W, 74
2026/08/28 04:14:45.107, 3, NVIDIA RTX 6000 Ada Generation, 0 %, 39648 MiB, 49140 MiB, 25.05 W, 41
2026/08/28 04:14:55.108, 0, NVIDIA RTX 6000 Ada Generation, 0 %, 39712 MiB, 49140 MiB, 28.68 W, 34
2026/08/28 04:14:55.108, 1, NVIDIA RTX 6000 Ada Generation, 0 %, 39796 MiB, 49140 MiB, 24.23 W, 39
2026/08/28 04:14:55.109, 2, NVIDIA RTX 6000 Ada Generation, 89 %, 40230 MiB, 49140 MiB, 298.73 W, 75
2026/08/28 04:14:55.109, 3, NVIDIA RTX 6000 Ada Generation, 0 %, 39648 MiB, 49140 MiB, 24.77 W, 41
2026/08/28 04:15:05.110, 0, NVIDIA RTX 6000 Ada Generation, 0 %, 39712 MiB, 49140 MiB, 28.75 W, 34
2026/08/28 04:15:05.110, 1, NVIDIA RTX 6000 Ada Generation, 0 %, 39796 MiB, 49140 MiB, 24.14 W, 39
2026/08/28 04:15:05.110, 2, NVIDIA RTX 6000 Ada Generation, 87 %, 40230 MiB, 49140 MiB, 278.25 W, 75
2026/08/28 04:15:05.110, 3, NVIDIA RTX 6000 Ada Generation, 0 %, 39648 MiB, 49140 MiB, 24.57 W, 40
2026/08/28 04:15:15.111, 0, NVIDIA RTX 6000 Ada Generation, 0 %, 39726 MiB, 49140 MiB, 56.17 W, 36
2026/08/28 04:15:15.111, 1, NVIDIA RTX 6000 Ada Generation, 0 %, 39778 MiB, 49140 MiB, 64.02 W, 41
2026/08/28 04:15:15.111, 2, NVIDIA RTX 6000 Ada Generation, 0 %, 40252 MiB, 49140 MiB, 177.95 W, 72
2026/08/28 04:15:15.111, 3, NVIDIA RTX 6000 Ada Generation, 0 %, 39630 MiB, 49140 MiB, 59.30 W, 43
