timestamp, index, name, utilization.gpu [%], memory.used [MiB]
2026/09/05 20:10:18.135, 0, NVIDIA L40S, 0 %, 0 MiB
2026/09/05 20:10:18.135, 1, NVIDIA L40S, 0 %, 0 MiB
2026/09/05 20:10:18.135, 2, NVIDIA L40S, 0 %, 0 MiB
2026/09/05 20:10:18.136, 3, NVIDIA L40S, 0 %, 0 MiB
2026/09/05 20:10:28.137, 0, NVIDIA L40S, 0 %, 547 MiB
2026/09/05 20:10:28.137, 1, NVIDIA L40S, 0 %, 3 MiB
2026/09/05 20:10:28.137, 2, NVIDIA L40S, 0 %, 547 MiB
2026/09/05 20:10:28.137, 3, NVIDIA L40S, 0 %, 3 MiB
2026/09/05 20:10:38.138, 0, NVIDIA L40S, 89 %, 26587 MiB
2026/09/05 20:10:38.139, 1, NVIDIA L40S, 88 %, 26587 MiB
2026/09/05 20:10:38.139, 2, NVIDIA L40S, 77 %, 26587 MiB
2026/09/05 20:10:38.139, 3, NVIDIA L40S, 90 %, 26587 MiB
2026/09/05 20:10:48.140, 0, NVIDIA L40S, 89 %, 26591 MiB
2026/09/05 20:10:48.140, 1, NVIDIA L40S, 88 %, 26589 MiB
2026/09/05 20:10:48.140, 2, NVIDIA L40S, 87 %, 26591 MiB
2026/09/05 20:10:48.140, 3, NVIDIA L40S, 90 %, 26589 MiB
2026/09/05 20:10:58.141, 0, NVIDIA L40S, 89 %, 26591 MiB
2026/09/05 20:10:58.141, 1, NVIDIA L40S, 89 %, 26589 MiB
2026/09/05 20:10:58.141, 2, NVIDIA L40S, 89 %, 26591 MiB
2026/09/05 20:10:58.141, 3, NVIDIA L40S, 85 %, 26589 MiB
2026/09/05 20:11:08.143, 0, NVIDIA L40S, 88 %, 26591 MiB
2026/09/05 20:11:08.143, 1, NVIDIA L40S, 88 %, 26591 MiB
2026/09/05 20:11:08.143, 2, NVIDIA L40S, 90 %, 26591 MiB
2026/09/05 20:11:08.143, 3, NVIDIA L40S, 90 %, 26591 MiB
2026/09/05 20:11:18.144, 0, NVIDIA L40S, 88 %, 26591 MiB
2026/09/05 20:11:18.144, 1, NVIDIA L40S, 89 %, 26591 MiB
2026/09/05 20:11:18.144, 2, NVIDIA L40S, 90 %, 26591 MiB
2026/09/05 20:11:18.144, 3, NVIDIA L40S, 90 %, 26591 MiB
2026/09/05 20:11:28.145, 0, NVIDIA L40S, 0 %, 26591 MiB
2026/09/05 20:11:28.145, 1, NVIDIA L40S, 100 %, 26591 MiB
2026/09/05 20:11:28.145, 2, NVIDIA L40S, 100 %, 26591 MiB
2026/09/05 20:11:28.146, 3, NVIDIA L40S, 100 %, 26591 MiB
2026/09/05 20:11:38.146, 0, NVIDIA L40S, 88 %, 26591 MiB
2026/09/05 20:11:38.147, 1, NVIDIA L40S, 88 %, 26591 MiB
2026/09/05 20:11:38.147, 2, NVIDIA L40S, 89 %, 26591 MiB
2026/09/05 20:11:38.147, 3, NVIDIA L40S, 88 %, 26591 MiB
2026/09/05 20:11:48.148, 0, NVIDIA L40S, 87 %, 26591 MiB
2026/09/05 20:11:48.148, 1, NVIDIA L40S, 89 %, 26591 MiB
2026/09/05 20:11:48.148, 2, NVIDIA L40S, 89 %, 26591 MiB
2026/09/05 20:11:48.148, 3, NVIDIA L40S, 91 %, 26591 MiB
2026/09/05 20:11:58.149, 0, NVIDIA L40S, 88 %, 26591 MiB
2026/09/05 20:11:58.149, 1, NVIDIA L40S, 90 %, 26591 MiB
2026/09/05 20:11:58.149, 2, NVIDIA L40S, 89 %, 26591 MiB
2026/09/05 20:11:58.149, 3, NVIDIA L40S, 84 %, 26591 MiB
2026/09/05 20:12:08.150, 0, NVIDIA L40S, 89 %, 26591 MiB
2026/09/05 20:12:08.150, 1, NVIDIA L40S, 87 %, 26591 MiB
2026/09/05 20:12:08.150, 2, NVIDIA L40S, 90 %, 26591 MiB
2026/09/05 20:12:08.150, 3, NVIDIA L40S, 90 %, 26591 MiB
2026/09/05 20:12:18.151, 0, NVIDIA L40S, 89 %, 26591 MiB
2026/09/05 20:12:18.151, 1, NVIDIA L40S, 88 %, 26591 MiB
2026/09/05 20:12:18.151, 2, NVIDIA L40S, 89 %, 26591 MiB
2026/09/05 20:12:18.151, 3, NVIDIA L40S, 89 %, 26591 MiB
2026/09/05 20:12:28.152, 0, NVIDIA L40S, 90 %, 26591 MiB
2026/09/05 20:12:28.152, 1, NVIDIA L40S, 88 %, 26591 MiB
2026/09/05 20:12:28.152, 2, NVIDIA L40S, 89 %, 26591 MiB
2026/09/05 20:12:28.152, 3, NVIDIA L40S, 88 %, 26591 MiB
2026/09/05 20:12:38.153, 0, NVIDIA L40S, 90 %, 26591 MiB
2026/09/05 20:12:38.153, 1, NVIDIA L40S, 89 %, 26591 MiB
2026/09/05 20:12:38.154, 2, NVIDIA L40S, 86 %, 26591 MiB
2026/09/05 20:12:38.154, 3, NVIDIA L40S, 89 %, 26591 MiB
2026/09/05 20:12:48.154, 0, NVIDIA L40S, 90 %, 26591 MiB
2026/09/05 20:12:48.155, 1, NVIDIA L40S, 88 %, 26591 MiB
2026/09/05 20:12:48.155, 2, NVIDIA L40S, 91 %, 26591 MiB
2026/09/05 20:12:48.155, 3, NVIDIA L40S, 90 %, 26591 MiB
2026/09/05 20:12:58.156, 0, NVIDIA L40S, 89 %, 26591 MiB
2026/09/05 20:12:58.156, 1, NVIDIA L40S, 88 %, 26591 MiB
2026/09/05 20:12:58.156, 2, NVIDIA L40S, 87 %, 26591 MiB
2026/09/05 20:12:58.156, 3, NVIDIA L40S, 89 %, 26591 MiB
2026/09/05 20:13:08.157, 0, NVIDIA L40S, 88 %, 26591 MiB
2026/09/05 20:13:08.157, 1, NVIDIA L40S, 89 %, 26591 MiB
2026/09/05 20:13:08.157, 2, NVIDIA L40S, 91 %, 26591 MiB
2026/09/05 20:13:08.157, 3, NVIDIA L40S, 90 %, 26591 MiB
2026/09/05 20:13:18.158, 0, NVIDIA L40S, 89 %, 26591 MiB
2026/09/05 20:13:18.158, 1, NVIDIA L40S, 88 %, 26591 MiB
2026/09/05 20:13:18.158, 2, NVIDIA L40S, 88 %, 26591 MiB
2026/09/05 20:13:18.158, 3, NVIDIA L40S, 90 %, 26591 MiB
2026/09/05 20:13:28.159, 0, NVIDIA L40S, 87 %, 26591 MiB
2026/09/05 20:13:28.159, 1, NVIDIA L40S, 86 %, 26591 MiB
2026/09/05 20:13:28.159, 2, NVIDIA L40S, 90 %, 26591 MiB
2026/09/05 20:13:28.159, 3, NVIDIA L40S, 91 %, 26591 MiB
2026/09/05 20:13:38.160, 0, NVIDIA L40S, 90 %, 26591 MiB
2026/09/05 20:13:38.160, 1, NVIDIA L40S, 89 %, 26591 MiB
2026/09/05 20:13:38.161, 2, NVIDIA L40S, 89 %, 26591 MiB
2026/09/05 20:13:38.161, 3, NVIDIA L40S, 88 %, 26591 MiB
2026/09/05 20:13:48.161, 0, NVIDIA L40S, 89 %, 26591 MiB
2026/09/05 20:13:48.162, 1, NVIDIA L40S, 90 %, 26591 MiB
2026/09/05 20:13:48.162, 2, NVIDIA L40S, 89 %, 26591 MiB
2026/09/05 20:13:48.162, 3, NVIDIA L40S, 89 %, 26591 MiB
2026/09/05 20:13:58.163, 0, NVIDIA L40S, 0 %, 0 MiB
2026/09/05 20:13:58.163, 1, NVIDIA L40S, 0 %, 0 MiB
2026/09/05 20:13:58.163, 2, NVIDIA L40S, 0 %, 0 MiB
2026/09/05 20:13:58.163, 3, NVIDIA L40S, 0 %, 0 MiB
2026/09/05 20:14:08.164, 0, NVIDIA L40S, 0 %, 3 MiB
2026/09/05 20:14:08.164, 1, NVIDIA L40S, 0 %, 3 MiB
2026/09/05 20:14:08.164, 2, NVIDIA L40S, 0 %, 3 MiB
2026/09/05 20:14:08.164, 3, NVIDIA L40S, 0 %, 3 MiB
2026/09/05 20:14:18.166, 0, NVIDIA L40S, 1 %, 9499 MiB
2026/09/05 20:14:18.166, 1, NVIDIA L40S, 24 %, 8311 MiB
2026/09/05 20:14:18.166, 2, NVIDIA L40S, 2 %, 9499 MiB
2026/09/05 20:14:18.166, 3, NVIDIA L40S, 23 %, 8215 MiB
2026/09/05 20:14:28.167, 0, NVIDIA L40S, 97 %, 27333 MiB
2026/09/05 20:14:28.167, 1, NVIDIA L40S, 98 %, 27449 MiB
2026/09/05 20:14:28.167, 2, NVIDIA L40S, 87 %, 27489 MiB
2026/09/05 20:14:28.167, 3, NVIDIA L40S, 97 %, 27469 MiB
2026/09/05 20:14:38.168, 0, NVIDIA L40S, 97 %, 27435 MiB
2026/09/05 20:14:38.168, 1, NVIDIA L40S, 93 %, 27723 MiB
2026/09/05 20:14:38.168, 2, NVIDIA L40S, 94 %, 27757 MiB
2026/09/05 20:14:38.168, 3, NVIDIA L40S, 96 %, 27469 MiB
2026/09/05 20:14:48.169, 0, NVIDIA L40S, 97 %, 27435 MiB
2026/09/05 20:14:48.170, 1, NVIDIA L40S, 95 %, 27741 MiB
2026/09/05 20:14:48.170, 2, NVIDIA L40S, 97 %, 27757 MiB
2026/09/05 20:14:48.170, 3, NVIDIA L40S, 97 %, 27473 MiB
2026/09/05 20:14:58.171, 0, NVIDIA L40S, 94 %, 27589 MiB
2026/09/05 20:14:58.171, 1, NVIDIA L40S, 95 %, 27741 MiB
2026/09/05 20:14:58.171, 2, NVIDIA L40S, 97 %, 27757 MiB
2026/09/05 20:14:58.171, 3, NVIDIA L40S, 98 %, 27473 MiB
2026/09/05 20:15:08.172, 0, NVIDIA L40S, 97 %, 27589 MiB
2026/09/05 20:15:08.172, 1, NVIDIA L40S, 97 %, 27741 MiB
2026/09/05 20:15:08.172, 2, NVIDIA L40S, 98 %, 27757 MiB
2026/09/05 20:15:08.172, 3, NVIDIA L40S, 97 %, 27533 MiB
2026/09/05 20:15:18.173, 0, NVIDIA L40S, 98 %, 27589 MiB
2026/09/05 20:15:18.174, 1, NVIDIA L40S, 86 %, 27741 MiB
2026/09/05 20:15:18.174, 2, NVIDIA L40S, 94 %, 27757 MiB
2026/09/05 20:15:18.174, 3, NVIDIA L40S, 97 %, 27533 MiB
2026/09/05 20:15:28.175, 0, NVIDIA L40S, 98 %, 27589 MiB
2026/09/05 20:15:28.175, 1, NVIDIA L40S, 96 %, 27741 MiB
2026/09/05 20:15:28.175, 2, NVIDIA L40S, 98 %, 27759 MiB
2026/09/05 20:15:28.175, 3, NVIDIA L40S, 77 %, 27533 MiB
2026/09/05 20:15:38.176, 0, NVIDIA L40S, 97 %, 27589 MiB
2026/09/05 20:15:38.176, 1, NVIDIA L40S, 78 %, 27741 MiB
2026/09/05 20:15:38.176, 2, NVIDIA L40S, 98 %, 27759 MiB
2026/09/05 20:15:38.176, 3, NVIDIA L40S, 97 %, 27533 MiB
2026/09/05 20:15:48.177, 0, NVIDIA L40S, 95 %, 27809 MiB
2026/09/05 20:15:48.178, 1, NVIDIA L40S, 96 %, 27759 MiB
2026/09/05 20:15:48.178, 2, NVIDIA L40S, 96 %, 27759 MiB
2026/09/05 20:15:48.178, 3, NVIDIA L40S, 81 %, 27533 MiB
2026/09/05 20:15:58.179, 0, NVIDIA L40S, 99 %, 27809 MiB
2026/09/05 20:15:58.179, 1, NVIDIA L40S, 96 %, 27759 MiB
2026/09/05 20:15:58.179, 2, NVIDIA L40S, 88 %, 27759 MiB
2026/09/05 20:15:58.179, 3, NVIDIA L40S, 94 %, 27533 MiB
2026/09/05 20:16:08.180, 0, NVIDIA L40S, 88 %, 27917 MiB
2026/09/05 20:16:08.180, 1, NVIDIA L40S, 96 %, 27759 MiB
2026/09/05 20:16:08.180, 2, NVIDIA L40S, 97 %, 27799 MiB
2026/09/05 20:16:08.180, 3, NVIDIA L40S, 97 %, 27593 MiB
2026/09/05 20:16:18.181, 0, NVIDIA L40S, 95 %, 28287 MiB
2026/09/05 20:16:18.181, 1, NVIDIA L40S, 98 %, 27759 MiB
2026/09/05 20:16:18.182, 2, NVIDIA L40S, 97 %, 27799 MiB
2026/09/05 20:16:18.182, 3, NVIDIA L40S, 97 %, 27593 MiB
2026/09/05 20:16:28.183, 0, NVIDIA L40S, 95 %, 28327 MiB
2026/09/05 20:16:28.183, 1, NVIDIA L40S, 80 %, 27921 MiB
2026/09/05 20:16:28.183, 2, NVIDIA L40S, 98 %, 27799 MiB
2026/09/05 20:16:28.183, 3, NVIDIA L40S, 97 %, 27593 MiB
2026/09/05 20:16:38.184, 0, NVIDIA L40S, 97 %, 28327 MiB
2026/09/05 20:16:38.184, 1, NVIDIA L40S, 93 %, 28247 MiB
2026/09/05 20:16:38.184, 2, NVIDIA L40S, 94 %, 27799 MiB
2026/09/05 20:16:38.184, 3, NVIDIA L40S, 97 %, 27593 MiB
2026/09/05 20:16:48.185, 0, NVIDIA L40S, 97 %, 28327 MiB
2026/09/05 20:16:48.515, 1, NVIDIA L40S, 96 %, 28247 MiB
2026/09/05 20:16:48.515, 2, NVIDIA L40S, 98 %, 27799 MiB
2026/09/05 20:16:48.516, 3, NVIDIA L40S, 97 %, 27593 MiB
2026/09/05 20:16:58.517, 0, NVIDIA L40S, 97 %, 28327 MiB
2026/09/05 20:16:58.517, 1, NVIDIA L40S, 95 %, 28247 MiB
2026/09/05 20:16:58.517, 2, NVIDIA L40S, 97 %, 27799 MiB
2026/09/05 20:16:58.517, 3, NVIDIA L40S, 98 %, 27833 MiB
2026/09/05 20:17:08.518, 0, NVIDIA L40S, 97 %, 28327 MiB
2026/09/05 20:17:08.518, 1, NVIDIA L40S, 97 %, 28247 MiB
2026/09/05 20:17:08.518, 2, NVIDIA L40S, 89 %, 27799 MiB
2026/09/05 20:17:08.518, 3, NVIDIA L40S, 86 %, 27833 MiB
2026/09/05 20:17:18.519, 0, NVIDIA L40S, 97 %, 28327 MiB
2026/09/05 20:17:18.519, 1, NVIDIA L40S, 97 %, 28247 MiB
2026/09/05 20:17:18.519, 2, NVIDIA L40S, 97 %, 27911 MiB
2026/09/05 20:17:18.519, 3, NVIDIA L40S, 90 %, 27833 MiB
2026/09/05 20:17:28.520, 0, NVIDIA L40S, 98 %, 28327 MiB
2026/09/05 20:17:28.521, 1, NVIDIA L40S, 97 %, 28247 MiB
2026/09/05 20:17:28.521, 2, NVIDIA L40S, 98 %, 27911 MiB
2026/09/05 20:17:28.521, 3, NVIDIA L40S, 98 %, 27833 MiB
2026/09/05 20:17:38.522, 0, NVIDIA L40S, 81 %, 28327 MiB
2026/09/05 20:17:38.522, 1, NVIDIA L40S, 97 %, 28247 MiB
2026/09/05 20:17:38.522, 2, NVIDIA L40S, 80 %, 27911 MiB
2026/09/05 20:17:38.522, 3, NVIDIA L40S, 94 %, 27893 MiB
2026/09/05 20:17:48.523, 0, NVIDIA L40S, 88 %, 28327 MiB
2026/09/05 20:17:48.523, 1, NVIDIA L40S, 82 %, 28247 MiB
2026/09/05 20:17:48.523, 2, NVIDIA L40S, 94 %, 27911 MiB
2026/09/05 20:17:48.523, 3, NVIDIA L40S, 96 %, 28261 MiB
2026/09/05 20:17:58.524, 0, NVIDIA L40S, 94 %, 28361 MiB
2026/09/05 20:17:58.524, 1, NVIDIA L40S, 96 %, 28247 MiB
2026/09/05 20:17:58.525, 2, NVIDIA L40S, 97 %, 27911 MiB
2026/09/05 20:17:58.525, 3, NVIDIA L40S, 97 %, 28327 MiB
2026/09/05 20:18:08.526, 0, NVIDIA L40S, 94 %, 28361 MiB
2026/09/05 20:18:08.526, 1, NVIDIA L40S, 97 %, 28247 MiB
2026/09/05 20:18:08.526, 2, NVIDIA L40S, 97 %, 27911 MiB
2026/09/05 20:18:08.526, 3, NVIDIA L40S, 97 %, 28327 MiB
2026/09/05 20:18:18.527, 0, NVIDIA L40S, 97 %, 28361 MiB
2026/09/05 20:18:18.527, 1, NVIDIA L40S, 98 %, 28247 MiB
2026/09/05 20:18:18.527, 2, NVIDIA L40S, 97 %, 27911 MiB
2026/09/05 20:18:18.527, 3, NVIDIA L40S, 97 %, 28327 MiB
2026/09/05 20:18:28.528, 0, NVIDIA L40S, 84 %, 28361 MiB
2026/09/05 20:18:28.528, 1, NVIDIA L40S, 85 %, 28247 MiB
2026/09/05 20:18:28.528, 2, NVIDIA L40S, 82 %, 27911 MiB
2026/09/05 20:18:28.528, 3, NVIDIA L40S, 95 %, 28327 MiB
2026/09/05 20:18:38.529, 0, NVIDIA L40S, 97 %, 28361 MiB
2026/09/05 20:18:38.530, 1, NVIDIA L40S, 90 %, 28247 MiB
2026/09/05 20:18:38.530, 2, NVIDIA L40S, 97 %, 27911 MiB
2026/09/05 20:18:38.530, 3, NVIDIA L40S, 97 %, 28327 MiB
2026/09/05 20:18:48.531, 0, NVIDIA L40S, 98 %, 28361 MiB
2026/09/05 20:18:48.531, 1, NVIDIA L40S, 94 %, 28247 MiB
2026/09/05 20:18:48.531, 2, NVIDIA L40S, 82 %, 27911 MiB
2026/09/05 20:18:48.531, 3, NVIDIA L40S, 98 %, 28327 MiB
2026/09/05 20:18:58.532, 0, NVIDIA L40S, 98 %, 28361 MiB
2026/09/05 20:18:58.532, 1, NVIDIA L40S, 96 %, 28247 MiB
2026/09/05 20:18:58.532, 2, NVIDIA L40S, 97 %, 27913 MiB
2026/09/05 20:18:58.532, 3, NVIDIA L40S, 98 %, 28327 MiB
2026/09/05 20:19:08.533, 0, NVIDIA L40S, 97 %, 28361 MiB
2026/09/05 20:19:08.534, 1, NVIDIA L40S, 96 %, 28247 MiB
2026/09/05 20:19:08.534, 2, NVIDIA L40S, 98 %, 27913 MiB
2026/09/05 20:19:08.534, 3, NVIDIA L40S, 86 %, 28327 MiB
2026/09/05 20:19:18.535, 0, NVIDIA L40S, 85 %, 28361 MiB
2026/09/05 20:19:18.535, 1, NVIDIA L40S, 97 %, 28247 MiB
2026/09/05 20:19:18.535, 2, NVIDIA L40S, 85 %, 27913 MiB
2026/09/05 20:19:18.535, 3, NVIDIA L40S, 95 %, 28475 MiB
2026/09/05 20:19:28.536, 0, NVIDIA L40S, 91 %, 28361 MiB
2026/09/05 20:19:28.536, 1, NVIDIA L40S, 97 %, 28247 MiB
2026/09/05 20:19:28.536, 2, NVIDIA L40S, 96 %, 27955 MiB
2026/09/05 20:19:28.536, 3, NVIDIA L40S, 97 %, 28497 MiB
2026/09/05 20:19:38.537, 0, NVIDIA L40S, 97 %, 28361 MiB
2026/09/05 20:19:38.537, 1, NVIDIA L40S, 97 %, 28247 MiB
2026/09/05 20:19:38.537, 2, NVIDIA L40S, 97 %, 27955 MiB
2026/09/05 20:19:38.538, 3, NVIDIA L40S, 97 %, 28497 MiB
2026/09/05 20:19:48.539, 0, NVIDIA L40S, 97 %, 28361 MiB
2026/09/05 20:19:48.539, 1, NVIDIA L40S, 98 %, 28247 MiB
2026/09/05 20:19:48.539, 2, NVIDIA L40S, 97 %, 27955 MiB
2026/09/05 20:19:48.539, 3, NVIDIA L40S, 94 %, 28497 MiB
2026/09/05 20:19:58.540, 0, NVIDIA L40S, 97 %, 28361 MiB
2026/09/05 20:19:58.540, 1, NVIDIA L40S, 95 %, 28247 MiB
2026/09/05 20:19:58.540, 2, NVIDIA L40S, 97 %, 27955 MiB
2026/09/05 20:19:58.540, 3, NVIDIA L40S, 98 %, 28497 MiB
2026/09/05 20:20:08.541, 0, NVIDIA L40S, 98 %, 28361 MiB
2026/09/05 20:20:08.541, 1, NVIDIA L40S, 92 %, 28247 MiB
2026/09/05 20:20:08.541, 2, NVIDIA L40S, 97 %, 27955 MiB
2026/09/05 20:20:08.541, 3, NVIDIA L40S, 96 %, 28497 MiB
2026/09/05 20:20:18.542, 0, NVIDIA L40S, 97 %, 28361 MiB
2026/09/05 20:20:18.543, 1, NVIDIA L40S, 96 %, 28247 MiB
2026/09/05 20:20:18.543, 2, NVIDIA L40S, 98 %, 27955 MiB
2026/09/05 20:20:18.543, 3, NVIDIA L40S, 97 %, 28497 MiB
2026/09/05 20:20:28.544, 0, NVIDIA L40S, 97 %, 28361 MiB
2026/09/05 20:20:28.544, 1, NVIDIA L40S, 80 %, 28247 MiB
2026/09/05 20:20:28.544, 2, NVIDIA L40S, 97 %, 27955 MiB
2026/09/05 20:20:28.544, 3, NVIDIA L40S, 97 %, 28497 MiB
2026/09/05 20:20:38.545, 0, NVIDIA L40S, 84 %, 28361 MiB
2026/09/05 20:20:38.545, 1, NVIDIA L40S, 95 %, 28247 MiB
2026/09/05 20:20:38.545, 2, NVIDIA L40S, 82 %, 27955 MiB
2026/09/05 20:20:38.545, 3, NVIDIA L40S, 81 %, 28497 MiB
2026/09/05 20:20:48.546, 0, NVIDIA L40S, 97 %, 28361 MiB
2026/09/05 20:20:48.547, 1, NVIDIA L40S, 96 %, 28247 MiB
2026/09/05 20:20:48.547, 2, NVIDIA L40S, 92 %, 28019 MiB
2026/09/05 20:20:48.547, 3, NVIDIA L40S, 97 %, 28497 MiB
2026/09/05 20:20:58.548, 0, NVIDIA L40S, 94 %, 28361 MiB
2026/09/05 20:20:58.548, 1, NVIDIA L40S, 96 %, 28247 MiB
2026/09/05 20:20:58.548, 2, NVIDIA L40S, 95 %, 28271 MiB
2026/09/05 20:20:58.548, 3, NVIDIA L40S, 94 %, 28497 MiB
2026/09/05 20:21:08.549, 0, NVIDIA L40S, 97 %, 28361 MiB
2026/09/05 20:21:08.549, 1, NVIDIA L40S, 94 %, 28247 MiB
2026/09/05 20:21:08.549, 2, NVIDIA L40S, 97 %, 28271 MiB
2026/09/05 20:21:08.549, 3, NVIDIA L40S, 97 %, 28497 MiB
2026/09/05 20:21:18.550, 0, NVIDIA L40S, 96 %, 28361 MiB
2026/09/05 20:21:18.550, 1, NVIDIA L40S, 95 %, 28251 MiB
2026/09/05 20:21:18.550, 2, NVIDIA L40S, 97 %, 28271 MiB
2026/09/05 20:21:18.551, 3, NVIDIA L40S, 97 %, 28497 MiB
2026/09/05 20:21:28.551, 0, NVIDIA L40S, 97 %, 28361 MiB
2026/09/05 20:21:28.552, 1, NVIDIA L40S, 95 %, 28251 MiB
2026/09/05 20:21:28.552, 2, NVIDIA L40S, 96 %, 28271 MiB
2026/09/05 20:21:28.552, 3, NVIDIA L40S, 97 %, 28497 MiB
2026/09/05 20:21:38.553, 0, NVIDIA L40S, 82 %, 28361 MiB
2026/09/05 20:21:38.553, 1, NVIDIA L40S, 83 %, 28251 MiB
2026/09/05 20:21:38.553, 2, NVIDIA L40S, 97 %, 28271 MiB
2026/09/05 20:21:38.553, 3, NVIDIA L40S, 94 %, 28497 MiB
2026/09/05 20:21:48.554, 0, NVIDIA L40S, 97 %, 28361 MiB
2026/09/05 20:21:48.554, 1, NVIDIA L40S, 95 %, 28251 MiB
2026/09/05 20:21:48.554, 2, NVIDIA L40S, 97 %, 28271 MiB
2026/09/05 20:21:48.554, 3, NVIDIA L40S, 95 %, 28497 MiB
2026/09/05 20:21:58.555, 0, NVIDIA L40S, 98 %, 28361 MiB
2026/09/05 20:21:58.555, 1, NVIDIA L40S, 96 %, 28251 MiB
2026/09/05 20:21:58.556, 2, NVIDIA L40S, 99 %, 28271 MiB
2026/09/05 20:21:58.556, 3, NVIDIA L40S, 96 %, 28497 MiB
2026/09/05 20:22:08.557, 0, NVIDIA L40S, 81 %, 28361 MiB
2026/09/05 20:22:08.557, 1, NVIDIA L40S, 97 %, 28251 MiB
2026/09/05 20:22:08.557, 2, NVIDIA L40S, 83 %, 28271 MiB
2026/09/05 20:22:08.557, 3, NVIDIA L40S, 95 %, 28497 MiB
2026/09/05 20:22:18.558, 0, NVIDIA L40S, 95 %, 28361 MiB
2026/09/05 20:22:18.558, 1, NVIDIA L40S, 95 %, 28251 MiB
2026/09/05 20:22:18.558, 2, NVIDIA L40S, 98 %, 28271 MiB
2026/09/05 20:22:18.558, 3, NVIDIA L40S, 96 %, 28497 MiB
2026/09/05 20:22:28.559, 0, NVIDIA L40S, 97 %, 28361 MiB
2026/09/05 20:22:28.559, 1, NVIDIA L40S, 97 %, 28251 MiB
2026/09/05 20:22:28.559, 2, NVIDIA L40S, 97 %, 28271 MiB
2026/09/05 20:22:28.560, 3, NVIDIA L40S, 97 %, 28497 MiB
2026/09/05 20:22:38.561, 0, NVIDIA L40S, 81 %, 28361 MiB
2026/09/05 20:22:38.561, 1, NVIDIA L40S, 94 %, 28251 MiB
2026/09/05 20:22:38.561, 2, NVIDIA L40S, 81 %, 28271 MiB
2026/09/05 20:22:38.561, 3, NVIDIA L40S, 84 %, 28497 MiB
2026/09/05 20:22:48.562, 0, NVIDIA L40S, 98 %, 28361 MiB
2026/09/05 20:22:48.562, 1, NVIDIA L40S, 94 %, 28251 MiB
2026/09/05 20:22:48.562, 2, NVIDIA L40S, 97 %, 28271 MiB
2026/09/05 20:22:48.562, 3, NVIDIA L40S, 94 %, 28497 MiB
2026/09/05 20:22:58.563, 0, NVIDIA L40S, 98 %, 28361 MiB
2026/09/05 20:22:58.563, 1, NVIDIA L40S, 95 %, 28251 MiB
2026/09/05 20:22:58.563, 2, NVIDIA L40S, 94 %, 28271 MiB
2026/09/05 20:22:58.563, 3, NVIDIA L40S, 96 %, 28497 MiB
2026/09/05 20:23:08.564, 0, NVIDIA L40S, 98 %, 28361 MiB
2026/09/05 20:23:08.564, 1, NVIDIA L40S, 95 %, 28251 MiB
2026/09/05 20:23:08.565, 2, NVIDIA L40S, 86 %, 28271 MiB
2026/09/05 20:23:08.565, 3, NVIDIA L40S, 96 %, 28497 MiB
2026/09/05 20:23:18.566, 0, NVIDIA L40S, 96 %, 28361 MiB
2026/09/05 20:23:18.566, 1, NVIDIA L40S, 96 %, 28251 MiB
2026/09/05 20:23:18.566, 2, NVIDIA L40S, 97 %, 28271 MiB
2026/09/05 20:23:18.566, 3, NVIDIA L40S, 97 %, 28497 MiB
2026/09/05 20:23:28.567, 0, NVIDIA L40S, 97 %, 28361 MiB
2026/09/05 20:23:28.567, 1, NVIDIA L40S, 83 %, 28251 MiB
2026/09/05 20:23:28.567, 2, NVIDIA L40S, 97 %, 28271 MiB
2026/09/05 20:23:28.567, 3, NVIDIA L40S, 97 %, 28497 MiB
2026/09/05 20:23:38.568, 0, NVIDIA L40S, 97 %, 28361 MiB
2026/09/05 20:23:38.568, 1, NVIDIA L40S, 77 %, 28251 MiB
2026/09/05 20:23:38.568, 2, NVIDIA L40S, 97 %, 28271 MiB
2026/09/05 20:23:38.569, 3, NVIDIA L40S, 97 %, 28497 MiB
2026/09/05 20:23:48.569, 0, NVIDIA L40S, 97 %, 28361 MiB
2026/09/05 20:23:48.570, 1, NVIDIA L40S, 95 %, 28251 MiB
2026/09/05 20:23:48.570, 2, NVIDIA L40S, 83 %, 28271 MiB
2026/09/05 20:23:48.570, 3, NVIDIA L40S, 97 %, 28497 MiB
2026/09/05 20:23:58.571, 0, NVIDIA L40S, 97 %, 28361 MiB
2026/09/05 20:23:58.571, 1, NVIDIA L40S, 98 %, 28251 MiB
2026/09/05 20:23:58.571, 2, NVIDIA L40S, 97 %, 28271 MiB
2026/09/05 20:23:58.571, 3, NVIDIA L40S, 99 %, 28497 MiB
2026/09/05 20:24:08.572, 0, NVIDIA L40S, 98 %, 28361 MiB
2026/09/05 20:24:08.572, 1, NVIDIA L40S, 95 %, 28251 MiB
2026/09/05 20:24:08.572, 2, NVIDIA L40S, 97 %, 28271 MiB
2026/09/05 20:24:08.572, 3, NVIDIA L40S, 86 %, 28497 MiB
2026/09/05 20:24:18.573, 0, NVIDIA L40S, 85 %, 28361 MiB
2026/09/05 20:24:18.574, 1, NVIDIA L40S, 94 %, 28251 MiB
2026/09/05 20:24:18.574, 2, NVIDIA L40S, 97 %, 28271 MiB
2026/09/05 20:24:18.574, 3, NVIDIA L40S, 92 %, 28497 MiB
2026/09/05 20:24:28.575, 0, NVIDIA L40S, 95 %, 28363 MiB
2026/09/05 20:24:28.575, 1, NVIDIA L40S, 94 %, 28251 MiB
2026/09/05 20:24:28.575, 2, NVIDIA L40S, 83 %, 28271 MiB
2026/09/05 20:24:28.575, 3, NVIDIA L40S, 96 %, 28497 MiB
2026/09/05 20:24:38.576, 0, NVIDIA L40S, 97 %, 28363 MiB
2026/09/05 20:24:38.576, 1, NVIDIA L40S, 77 %, 28251 MiB
2026/09/05 20:24:38.576, 2, NVIDIA L40S, 90 %, 28271 MiB
2026/09/05 20:24:38.576, 3, NVIDIA L40S, 97 %, 28497 MiB
2026/09/05 20:24:48.577, 0, NVIDIA L40S, 99 %, 28363 MiB
2026/09/05 20:24:48.577, 1, NVIDIA L40S, 94 %, 28251 MiB
2026/09/05 20:24:48.578, 2, NVIDIA L40S, 94 %, 28271 MiB
2026/09/05 20:24:48.578, 3, NVIDIA L40S, 93 %, 28497 MiB
2026/09/05 20:24:58.579, 0, NVIDIA L40S, 95 %, 28363 MiB
2026/09/05 20:24:58.579, 1, NVIDIA L40S, 77 %, 28251 MiB
2026/09/05 20:24:58.579, 2, NVIDIA L40S, 97 %, 28271 MiB
2026/09/05 20:24:58.579, 3, NVIDIA L40S, 82 %, 28497 MiB
2026/09/05 20:25:08.580, 0, NVIDIA L40S, 97 %, 28363 MiB
2026/09/05 20:25:08.580, 1, NVIDIA L40S, 96 %, 28251 MiB
2026/09/05 20:25:08.580, 2, NVIDIA L40S, 98 %, 28271 MiB
2026/09/05 20:25:08.580, 3, NVIDIA L40S, 97 %, 28497 MiB
2026/09/05 20:25:18.581, 0, NVIDIA L40S, 78 %, 28363 MiB
2026/09/05 20:25:18.581, 1, NVIDIA L40S, 96 %, 28251 MiB
2026/09/05 20:25:18.581, 2, NVIDIA L40S, 98 %, 28271 MiB
2026/09/05 20:25:18.581, 3, NVIDIA L40S, 96 %, 28497 MiB
2026/09/05 20:25:28.582, 0, NVIDIA L40S, 97 %, 28363 MiB
2026/09/05 20:25:28.583, 1, NVIDIA L40S, 93 %, 28251 MiB
2026/09/05 20:25:28.583, 2, NVIDIA L40S, 98 %, 28271 MiB
2026/09/05 20:25:28.583, 3, NVIDIA L40S, 97 %, 28497 MiB
2026/09/05 20:25:38.584, 0, NVIDIA L40S, 97 %, 28363 MiB
2026/09/05 20:25:38.584, 1, NVIDIA L40S, 95 %, 28251 MiB
2026/09/05 20:25:38.584, 2, NVIDIA L40S, 97 %, 28271 MiB
2026/09/05 20:25:38.584, 3, NVIDIA L40S, 93 %, 28497 MiB
2026/09/05 20:25:48.585, 0, NVIDIA L40S, 97 %, 28363 MiB
2026/09/05 20:25:48.585, 1, NVIDIA L40S, 88 %, 28251 MiB
2026/09/05 20:25:48.585, 2, NVIDIA L40S, 97 %, 28271 MiB
2026/09/05 20:25:48.585, 3, NVIDIA L40S, 94 %, 28497 MiB
2026/09/05 20:25:58.586, 0, NVIDIA L40S, 98 %, 28363 MiB
2026/09/05 20:25:58.587, 1, NVIDIA L40S, 96 %, 28251 MiB
2026/09/05 20:25:58.587, 2, NVIDIA L40S, 98 %, 28271 MiB
2026/09/05 20:25:58.587, 3, NVIDIA L40S, 96 %, 28505 MiB
2026/09/05 20:26:08.588, 0, NVIDIA L40S, 84 %, 28363 MiB
2026/09/05 20:26:08.588, 1, NVIDIA L40S, 96 %, 28251 MiB
2026/09/05 20:26:08.588, 2, NVIDIA L40S, 96 %, 28271 MiB
2026/09/05 20:26:08.588, 3, NVIDIA L40S, 98 %, 28505 MiB
2026/09/05 20:26:18.589, 0, NVIDIA L40S, 96 %, 28363 MiB
2026/09/05 20:26:18.589, 1, NVIDIA L40S, 85 %, 28251 MiB
2026/09/05 20:26:18.589, 2, NVIDIA L40S, 94 %, 28271 MiB
2026/09/05 20:26:18.589, 3, NVIDIA L40S, 98 %, 28505 MiB
2026/09/05 20:26:28.590, 0, NVIDIA L40S, 97 %, 28363 MiB
2026/09/05 20:26:28.591, 1, NVIDIA L40S, 96 %, 28251 MiB
2026/09/05 20:26:28.591, 2, NVIDIA L40S, 97 %, 28271 MiB
2026/09/05 20:26:28.591, 3, NVIDIA L40S, 96 %, 28505 MiB
2026/09/05 20:26:38.592, 0, NVIDIA L40S, 97 %, 28363 MiB
2026/09/05 20:26:38.592, 1, NVIDIA L40S, 96 %, 28251 MiB
2026/09/05 20:26:38.592, 2, NVIDIA L40S, 81 %, 28271 MiB
2026/09/05 20:26:38.592, 3, NVIDIA L40S, 98 %, 28505 MiB
2026/09/05 20:26:48.593, 0, NVIDIA L40S, 97 %, 28363 MiB
2026/09/05 20:26:48.593, 1, NVIDIA L40S, 82 %, 28251 MiB
2026/09/05 20:26:48.593, 2, NVIDIA L40S, 97 %, 28271 MiB
2026/09/05 20:26:48.593, 3, NVIDIA L40S, 97 %, 28505 MiB
2026/09/05 20:26:58.594, 0, NVIDIA L40S, 97 %, 28363 MiB
2026/09/05 20:26:58.594, 1, NVIDIA L40S, 94 %, 28251 MiB
2026/09/05 20:26:58.595, 2, NVIDIA L40S, 97 %, 28271 MiB
2026/09/05 20:26:58.595, 3, NVIDIA L40S, 94 %, 28505 MiB
2026/09/05 20:27:08.596, 0, NVIDIA L40S, 98 %, 28363 MiB
2026/09/05 20:27:08.596, 1, NVIDIA L40S, 95 %, 28251 MiB
2026/09/05 20:27:08.596, 2, NVIDIA L40S, 84 %, 28271 MiB
2026/09/05 20:27:08.596, 3, NVIDIA L40S, 96 %, 28505 MiB
2026/09/05 20:27:18.597, 0, NVIDIA L40S, 89 %, 28363 MiB
2026/09/05 20:27:18.597, 1, NVIDIA L40S, 96 %, 28251 MiB
2026/09/05 20:27:18.597, 2, NVIDIA L40S, 97 %, 28271 MiB
2026/09/05 20:27:18.597, 3, NVIDIA L40S, 97 %, 28505 MiB
2026/09/05 20:27:28.598, 0, NVIDIA L40S, 94 %, 28363 MiB
2026/09/05 20:27:28.598, 1, NVIDIA L40S, 96 %, 28251 MiB
2026/09/05 20:27:28.598, 2, NVIDIA L40S, 79 %, 28271 MiB
2026/09/05 20:27:28.598, 3, NVIDIA L40S, 82 %, 28505 MiB
2026/09/05 20:27:38.599, 0, NVIDIA L40S, 97 %, 28363 MiB
2026/09/05 20:27:38.600, 1, NVIDIA L40S, 97 %, 28251 MiB
2026/09/05 20:27:38.600, 2, NVIDIA L40S, 95 %, 28271 MiB
2026/09/05 20:27:38.600, 3, NVIDIA L40S, 98 %, 28505 MiB
2026/09/05 20:27:48.601, 0, NVIDIA L40S, 96 %, 28363 MiB
2026/09/05 20:27:48.601, 1, NVIDIA L40S, 92 %, 28251 MiB
2026/09/05 20:27:48.601, 2, NVIDIA L40S, 97 %, 28271 MiB
2026/09/05 20:27:48.601, 3, NVIDIA L40S, 97 %, 28505 MiB
2026/09/05 20:27:58.602, 0, NVIDIA L40S, 98 %, 28363 MiB
2026/09/05 20:27:58.602, 1, NVIDIA L40S, 96 %, 28251 MiB
2026/09/05 20:27:58.602, 2, NVIDIA L40S, 96 %, 28271 MiB
2026/09/05 20:27:58.602, 3, NVIDIA L40S, 94 %, 28505 MiB
2026/09/05 20:28:08.603, 0, NVIDIA L40S, 97 %, 28363 MiB
2026/09/05 20:28:08.603, 1, NVIDIA L40S, 84 %, 28251 MiB
2026/09/05 20:28:08.604, 2, NVIDIA L40S, 97 %, 28271 MiB
2026/09/05 20:28:08.604, 3, NVIDIA L40S, 96 %, 28505 MiB
2026/09/05 20:28:18.605, 0, NVIDIA L40S, 97 %, 28363 MiB
2026/09/05 20:28:18.605, 1, NVIDIA L40S, 94 %, 28251 MiB
2026/09/05 20:28:18.605, 2, NVIDIA L40S, 98 %, 28271 MiB
2026/09/05 20:28:18.605, 3, NVIDIA L40S, 98 %, 28505 MiB
2026/09/05 20:28:28.606, 0, NVIDIA L40S, 98 %, 28363 MiB
2026/09/05 20:28:28.606, 1, NVIDIA L40S, 94 %, 28251 MiB
2026/09/05 20:28:28.606, 2, NVIDIA L40S, 94 %, 28271 MiB
2026/09/05 20:28:28.606, 3, NVIDIA L40S, 95 %, 28505 MiB
2026/09/05 20:28:38.607, 0, NVIDIA L40S, 98 %, 28363 MiB
2026/09/05 20:28:38.607, 1, NVIDIA L40S, 0 %, 28251 MiB
2026/09/05 20:28:38.607, 2, NVIDIA L40S, 97 %, 28271 MiB
2026/09/05 20:28:38.607, 3, NVIDIA L40S, 95 %, 28505 MiB
2026/09/05 20:28:48.608, 0, NVIDIA L40S, 83 %, 28363 MiB
2026/09/05 20:28:48.608, 1, NVIDIA L40S, 0 %, 28251 MiB
2026/09/05 20:28:48.609, 2, NVIDIA L40S, 97 %, 28271 MiB
2026/09/05 20:28:48.609, 3, NVIDIA L40S, 96 %, 28505 MiB
2026/09/05 20:28:58.609, 0, NVIDIA L40S, 94 %, 28363 MiB
2026/09/05 20:28:58.610, 1, NVIDIA L40S, 0 %, 28251 MiB
2026/09/05 20:28:58.610, 2, NVIDIA L40S, 86 %, 28271 MiB
2026/09/05 20:28:58.610, 3, NVIDIA L40S, 98 %, 28505 MiB
2026/09/05 20:29:08.610, 0, NVIDIA L40S, 97 %, 28363 MiB
2026/09/05 20:29:08.611, 1, NVIDIA L40S, 0 %, 28251 MiB
2026/09/05 20:29:08.611, 2, NVIDIA L40S, 97 %, 28271 MiB
2026/09/05 20:29:08.611, 3, NVIDIA L40S, 97 %, 28505 MiB
2026/09/05 20:29:18.611, 0, NVIDIA L40S, 85 %, 28363 MiB
2026/09/05 20:29:18.612, 1, NVIDIA L40S, 0 %, 28251 MiB
2026/09/05 20:29:18.612, 2, NVIDIA L40S, 80 %, 28271 MiB
2026/09/05 20:29:18.612, 3, NVIDIA L40S, 97 %, 28505 MiB
2026/09/05 20:29:28.613, 0, NVIDIA L40S, 97 %, 28363 MiB
2026/09/05 20:29:28.613, 1, NVIDIA L40S, 0 %, 28251 MiB
2026/09/05 20:29:28.613, 2, NVIDIA L40S, 87 %, 28271 MiB
2026/09/05 20:29:28.613, 3, NVIDIA L40S, 98 %, 28505 MiB
2026/09/05 20:29:38.614, 0, NVIDIA L40S, 94 %, 28363 MiB
2026/09/05 20:29:38.614, 1, NVIDIA L40S, 0 %, 28251 MiB
2026/09/05 20:29:38.614, 2, NVIDIA L40S, 88 %, 28271 MiB
2026/09/05 20:29:38.614, 3, NVIDIA L40S, 83 %, 28505 MiB
2026/09/05 20:29:48.615, 0, NVIDIA L40S, 93 %, 28363 MiB
2026/09/05 20:29:48.616, 1, NVIDIA L40S, 0 %, 28251 MiB
2026/09/05 20:29:48.616, 2, NVIDIA L40S, 90 %, 28271 MiB
2026/09/05 20:29:48.616, 3, NVIDIA L40S, 86 %, 28505 MiB
2026/09/05 20:29:58.617, 0, NVIDIA L40S, 96 %, 28363 MiB
2026/09/05 20:29:58.617, 1, NVIDIA L40S, 0 %, 28251 MiB
2026/09/05 20:29:58.617, 2, NVIDIA L40S, 98 %, 28271 MiB
2026/09/05 20:29:58.617, 3, NVIDIA L40S, 0 %, 28505 MiB
2026/09/05 20:30:08.618, 0, NVIDIA L40S, 75 %, 28363 MiB
2026/09/05 20:30:08.618, 1, NVIDIA L40S, 0 %, 28251 MiB
2026/09/05 20:30:08.618, 2, NVIDIA L40S, 82 %, 28271 MiB
2026/09/05 20:30:08.618, 3, NVIDIA L40S, 0 %, 28505 MiB
2026/09/05 20:30:18.619, 0, NVIDIA L40S, 85 %, 28363 MiB
2026/09/05 20:30:18.619, 1, NVIDIA L40S, 0 %, 28251 MiB
2026/09/05 20:30:18.619, 2, NVIDIA L40S, 96 %, 28271 MiB
2026/09/05 20:30:18.619, 3, NVIDIA L40S, 0 %, 28505 MiB
2026/09/05 20:30:28.620, 0, NVIDIA L40S, 85 %, 28363 MiB
2026/09/05 20:30:28.620, 1, NVIDIA L40S, 0 %, 28251 MiB
2026/09/05 20:30:28.620, 2, NVIDIA L40S, 97 %, 28271 MiB
2026/09/05 20:30:28.620, 3, NVIDIA L40S, 0 %, 28505 MiB
2026/09/05 20:30:38.621, 0, NVIDIA L40S, 76 %, 28363 MiB
2026/09/05 20:30:38.621, 1, NVIDIA L40S, 0 %, 28251 MiB
2026/09/05 20:30:38.621, 2, NVIDIA L40S, 97 %, 28271 MiB
2026/09/05 20:30:38.621, 3, NVIDIA L40S, 0 %, 28505 MiB
2026/09/05 20:30:48.622, 0, NVIDIA L40S, 96 %, 28363 MiB
2026/09/05 20:30:48.622, 1, NVIDIA L40S, 0 %, 28251 MiB
2026/09/05 20:30:48.622, 2, NVIDIA L40S, 96 %, 28271 MiB
2026/09/05 20:30:48.623, 3, NVIDIA L40S, 0 %, 28505 MiB
2026/09/05 20:30:58.623, 0, NVIDIA L40S, 94 %, 28363 MiB
2026/09/05 20:30:58.623, 1, NVIDIA L40S, 0 %, 28251 MiB
2026/09/05 20:30:58.624, 2, NVIDIA L40S, 96 %, 28271 MiB
2026/09/05 20:30:58.624, 3, NVIDIA L40S, 0 %, 28505 MiB
2026/09/05 20:31:08.624, 0, NVIDIA L40S, 97 %, 28363 MiB
2026/09/05 20:31:08.625, 1, NVIDIA L40S, 0 %, 28251 MiB
2026/09/05 20:31:08.625, 2, NVIDIA L40S, 81 %, 28271 MiB
2026/09/05 20:31:08.625, 3, NVIDIA L40S, 0 %, 28505 MiB
2026/09/05 20:31:18.625, 0, NVIDIA L40S, 96 %, 28363 MiB
2026/09/05 20:31:18.626, 1, NVIDIA L40S, 0 %, 28251 MiB
2026/09/05 20:31:18.626, 2, NVIDIA L40S, 88 %, 28271 MiB
2026/09/05 20:31:18.626, 3, NVIDIA L40S, 0 %, 28505 MiB
2026/09/05 20:31:28.627, 0, NVIDIA L40S, 97 %, 28363 MiB
2026/09/05 20:31:28.627, 1, NVIDIA L40S, 0 %, 28251 MiB
2026/09/05 20:31:28.627, 2, NVIDIA L40S, 97 %, 28271 MiB
2026/09/05 20:31:28.627, 3, NVIDIA L40S, 0 %, 28505 MiB
2026/09/05 20:31:38.628, 0, NVIDIA L40S, 97 %, 28363 MiB
2026/09/05 20:31:38.628, 1, NVIDIA L40S, 0 %, 28251 MiB
2026/09/05 20:31:38.628, 2, NVIDIA L40S, 97 %, 28271 MiB
2026/09/05 20:31:38.628, 3, NVIDIA L40S, 0 %, 28505 MiB
2026/09/05 20:31:48.629, 0, NVIDIA L40S, 97 %, 28363 MiB
2026/09/05 20:31:48.630, 1, NVIDIA L40S, 0 %, 28251 MiB
2026/09/05 20:31:48.630, 2, NVIDIA L40S, 97 %, 28271 MiB
2026/09/05 20:31:48.630, 3, NVIDIA L40S, 0 %, 28505 MiB
2026/09/05 20:31:58.631, 0, NVIDIA L40S, 86 %, 28363 MiB
2026/09/05 20:31:58.631, 1, NVIDIA L40S, 0 %, 28251 MiB
2026/09/05 20:31:58.631, 2, NVIDIA L40S, 96 %, 28271 MiB
2026/09/05 20:31:58.631, 3, NVIDIA L40S, 0 %, 28505 MiB
2026/09/05 20:32:08.632, 0, NVIDIA L40S, 92 %, 28363 MiB
2026/09/05 20:32:08.632, 1, NVIDIA L40S, 0 %, 28251 MiB
2026/09/05 20:32:08.632, 2, NVIDIA L40S, 86 %, 28271 MiB
2026/09/05 20:32:08.632, 3, NVIDIA L40S, 0 %, 28505 MiB
2026/09/05 20:32:18.633, 0, NVIDIA L40S, 98 %, 28363 MiB
2026/09/05 20:32:18.634, 1, NVIDIA L40S, 0 %, 28251 MiB
2026/09/05 20:32:18.634, 2, NVIDIA L40S, 97 %, 28271 MiB
2026/09/05 20:32:18.634, 3, NVIDIA L40S, 0 %, 28505 MiB
2026/09/05 20:32:28.635, 0, NVIDIA L40S, 86 %, 28363 MiB
2026/09/05 20:32:28.635, 1, NVIDIA L40S, 0 %, 28251 MiB
2026/09/05 20:32:28.635, 2, NVIDIA L40S, 96 %, 28271 MiB
2026/09/05 20:32:28.635, 3, NVIDIA L40S, 0 %, 28505 MiB
2026/09/05 20:32:38.636, 0, NVIDIA L40S, 89 %, 28363 MiB
2026/09/05 20:32:38.636, 1, NVIDIA L40S, 0 %, 28251 MiB
2026/09/05 20:32:38.636, 2, NVIDIA L40S, 86 %, 28271 MiB
2026/09/05 20:32:38.636, 3, NVIDIA L40S, 0 %, 28505 MiB
2026/09/05 20:32:48.638, 0, NVIDIA L40S, 90 %, 28363 MiB
2026/09/05 20:32:48.638, 1, NVIDIA L40S, 0 %, 28251 MiB
2026/09/05 20:32:48.638, 2, NVIDIA L40S, 96 %, 28271 MiB
2026/09/05 20:32:48.638, 3, NVIDIA L40S, 0 %, 28505 MiB
2026/09/05 20:32:58.639, 0, NVIDIA L40S, 86 %, 28363 MiB
2026/09/05 20:32:58.639, 1, NVIDIA L40S, 0 %, 28251 MiB
2026/09/05 20:32:58.639, 2, NVIDIA L40S, 96 %, 28271 MiB
2026/09/05 20:32:58.639, 3, NVIDIA L40S, 0 %, 28505 MiB
2026/09/05 20:33:08.640, 0, NVIDIA L40S, 96 %, 28363 MiB
2026/09/05 20:33:08.641, 1, NVIDIA L40S, 0 %, 28251 MiB
2026/09/05 20:33:08.641, 2, NVIDIA L40S, 0 %, 28271 MiB
2026/09/05 20:33:08.641, 3, NVIDIA L40S, 0 %, 28505 MiB
2026/09/05 20:33:18.642, 0, NVIDIA L40S, 96 %, 28363 MiB
2026/09/05 20:33:18.642, 1, NVIDIA L40S, 0 %, 28251 MiB
2026/09/05 20:33:18.642, 2, NVIDIA L40S, 0 %, 28271 MiB
2026/09/05 20:33:18.642, 3, NVIDIA L40S, 0 %, 28505 MiB
2026/09/05 20:33:28.643, 0, NVIDIA L40S, 93 %, 28363 MiB
2026/09/05 20:33:28.644, 1, NVIDIA L40S, 0 %, 28251 MiB
2026/09/05 20:33:28.644, 2, NVIDIA L40S, 0 %, 28271 MiB
2026/09/05 20:33:28.644, 3, NVIDIA L40S, 0 %, 28505 MiB
2026/09/05 20:33:38.645, 0, NVIDIA L40S, 96 %, 28363 MiB
2026/09/05 20:33:38.645, 1, NVIDIA L40S, 0 %, 28251 MiB
2026/09/05 20:33:38.645, 2, NVIDIA L40S, 0 %, 28271 MiB
2026/09/05 20:33:38.645, 3, NVIDIA L40S, 0 %, 28505 MiB
2026/09/05 20:33:48.646, 0, NVIDIA L40S, 96 %, 28363 MiB
2026/09/05 20:33:48.646, 1, NVIDIA L40S, 0 %, 28251 MiB
2026/09/05 20:33:48.646, 2, NVIDIA L40S, 0 %, 28271 MiB
2026/09/05 20:33:48.647, 3, NVIDIA L40S, 0 %, 28505 MiB
2026/09/05 20:33:58.648, 0, NVIDIA L40S, 98 %, 28363 MiB
2026/09/05 20:33:58.648, 1, NVIDIA L40S, 0 %, 28251 MiB
2026/09/05 20:33:58.648, 2, NVIDIA L40S, 0 %, 28271 MiB
2026/09/05 20:33:58.648, 3, NVIDIA L40S, 0 %, 28505 MiB
2026/09/05 20:34:08.649, 0, NVIDIA L40S, 86 %, 28363 MiB
2026/09/05 20:34:08.649, 1, NVIDIA L40S, 0 %, 28251 MiB
2026/09/05 20:34:08.649, 2, NVIDIA L40S, 0 %, 28271 MiB
2026/09/05 20:34:08.649, 3, NVIDIA L40S, 0 %, 28505 MiB
2026/09/05 20:34:18.651, 0, NVIDIA L40S, 86 %, 28363 MiB
2026/09/05 20:34:18.651, 1, NVIDIA L40S, 0 %, 28251 MiB
2026/09/05 20:34:18.651, 2, NVIDIA L40S, 0 %, 28271 MiB
2026/09/05 20:34:18.651, 3, NVIDIA L40S, 0 %, 28505 MiB
2026/09/05 20:34:28.652, 0, NVIDIA L40S, 94 %, 28365 MiB
2026/09/05 20:34:28.652, 1, NVIDIA L40S, 0 %, 28251 MiB
2026/09/05 20:34:28.652, 2, NVIDIA L40S, 0 %, 28271 MiB
2026/09/05 20:34:28.652, 3, NVIDIA L40S, 0 %, 28505 MiB
2026/09/05 20:34:38.653, 0, NVIDIA L40S, 94 %, 28365 MiB
2026/09/05 20:34:38.654, 1, NVIDIA L40S, 0 %, 28251 MiB
2026/09/05 20:34:38.654, 2, NVIDIA L40S, 0 %, 28271 MiB
2026/09/05 20:34:38.654, 3, NVIDIA L40S, 0 %, 28505 MiB
2026/09/05 20:34:48.655, 0, NVIDIA L40S, 0 %, 3 MiB
2026/09/05 20:34:48.655, 1, NVIDIA L40S, 0 %, 3 MiB
2026/09/05 20:34:48.655, 2, NVIDIA L40S, 0 %, 3 MiB
2026/09/05 20:34:48.655, 3, NVIDIA L40S, 0 %, 3 MiB
2026/09/05 20:34:58.656, 0, NVIDIA L40S, 20 %, 14239 MiB
2026/09/05 20:34:58.657, 1, NVIDIA L40S, 21 %, 14239 MiB
2026/09/05 20:34:58.657, 2, NVIDIA L40S, 20 %, 14239 MiB
2026/09/05 20:34:58.657, 3, NVIDIA L40S, 20 %, 14239 MiB
2026/09/05 20:35:08.658, 0, NVIDIA L40S, 96 %, 27333 MiB
2026/09/05 20:35:08.658, 1, NVIDIA L40S, 98 %, 27449 MiB
2026/09/05 20:35:08.658, 2, NVIDIA L40S, 81 %, 27509 MiB
2026/09/05 20:35:08.658, 3, NVIDIA L40S, 97 %, 27469 MiB
2026/09/05 20:35:18.659, 0, NVIDIA L40S, 97 %, 27435 MiB
2026/09/05 20:35:18.659, 1, NVIDIA L40S, 94 %, 27723 MiB
2026/09/05 20:35:18.659, 2, NVIDIA L40S, 97 %, 27757 MiB
2026/09/05 20:35:18.659, 3, NVIDIA L40S, 98 %, 27469 MiB
2026/09/05 20:35:28.660, 0, NVIDIA L40S, 97 %, 27435 MiB
2026/09/05 20:35:28.660, 1, NVIDIA L40S, 96 %, 27737 MiB
2026/09/05 20:35:28.661, 2, NVIDIA L40S, 96 %, 27757 MiB
2026/09/05 20:35:28.661, 3, NVIDIA L40S, 96 %, 27473 MiB
2026/09/05 20:35:38.662, 0, NVIDIA L40S, 94 %, 27589 MiB
2026/09/05 20:35:38.662, 1, NVIDIA L40S, 96 %, 27737 MiB
2026/09/05 20:35:38.662, 2, NVIDIA L40S, 97 %, 27757 MiB
2026/09/05 20:35:38.662, 3, NVIDIA L40S, 84 %, 27473 MiB
2026/09/05 20:35:48.663, 0, NVIDIA L40S, 97 %, 27589 MiB
2026/09/05 20:35:48.663, 1, NVIDIA L40S, 97 %, 27737 MiB
2026/09/05 20:35:48.663, 2, NVIDIA L40S, 77 %, 27757 MiB
2026/09/05 20:35:48.663, 3, NVIDIA L40S, 98 %, 27533 MiB
2026/09/05 20:35:58.664, 0, NVIDIA L40S, 97 %, 27589 MiB
2026/09/05 20:35:58.664, 1, NVIDIA L40S, 97 %, 27737 MiB
2026/09/05 20:35:58.665, 2, NVIDIA L40S, 97 %, 27759 MiB
2026/09/05 20:35:58.665, 3, NVIDIA L40S, 96 %, 27533 MiB
2026/09/05 20:36:08.666, 0, NVIDIA L40S, 97 %, 27589 MiB
2026/09/05 20:36:08.666, 1, NVIDIA L40S, 95 %, 27737 MiB
2026/09/05 20:36:08.666, 2, NVIDIA L40S, 96 %, 27759 MiB
2026/09/05 20:36:08.666, 3, NVIDIA L40S, 85 %, 27533 MiB
2026/09/05 20:36:18.667, 0, NVIDIA L40S, 96 %, 27589 MiB
2026/09/05 20:36:18.667, 1, NVIDIA L40S, 93 %, 27737 MiB
2026/09/05 20:36:18.667, 2, NVIDIA L40S, 97 %, 27759 MiB
2026/09/05 20:36:18.667, 3, NVIDIA L40S, 97 %, 27533 MiB
2026/09/05 20:36:28.668, 0, NVIDIA L40S, 97 %, 27809 MiB
2026/09/05 20:36:28.668, 1, NVIDIA L40S, 95 %, 27755 MiB
2026/09/05 20:36:28.669, 2, NVIDIA L40S, 97 %, 27759 MiB
2026/09/05 20:36:28.669, 3, NVIDIA L40S, 93 %, 27533 MiB
2026/09/05 20:36:38.670, 0, NVIDIA L40S, 99 %, 27809 MiB
2026/09/05 20:36:38.670, 1, NVIDIA L40S, 95 %, 27755 MiB
2026/09/05 20:36:38.670, 2, NVIDIA L40S, 85 %, 27759 MiB
2026/09/05 20:36:38.670, 3, NVIDIA L40S, 96 %, 27593 MiB
2026/09/05 20:36:48.671, 0, NVIDIA L40S, 83 %, 27917 MiB
2026/09/05 20:36:48.671, 1, NVIDIA L40S, 96 %, 27755 MiB
2026/09/05 20:36:48.671, 2, NVIDIA L40S, 96 %, 27799 MiB
2026/09/05 20:36:48.671, 3, NVIDIA L40S, 96 %, 27593 MiB
2026/09/05 20:36:58.672, 0, NVIDIA L40S, 94 %, 28327 MiB
2026/09/05 20:36:58.673, 1, NVIDIA L40S, 82 %, 27917 MiB
2026/09/05 20:36:58.673, 2, NVIDIA L40S, 97 %, 27799 MiB
2026/09/05 20:36:58.673, 3, NVIDIA L40S, 97 %, 27593 MiB
2026/09/05 20:37:08.674, 0, NVIDIA L40S, 96 %, 28327 MiB
2026/09/05 20:37:08.674, 1, NVIDIA L40S, 93 %, 27977 MiB
2026/09/05 20:37:08.674, 2, NVIDIA L40S, 83 %, 27799 MiB
2026/09/05 20:37:08.674, 3, NVIDIA L40S, 97 %, 27593 MiB
2026/09/05 20:37:18.675, 0, NVIDIA L40S, 96 %, 28327 MiB
2026/09/05 20:37:18.675, 1, NVIDIA L40S, 97 %, 28243 MiB
2026/09/05 20:37:18.675, 2, NVIDIA L40S, 97 %, 27799 MiB
2026/09/05 20:37:18.675, 3, NVIDIA L40S, 97 %, 27593 MiB
2026/09/05 20:37:28.676, 0, NVIDIA L40S, 97 %, 28327 MiB
2026/09/05 20:37:28.677, 1, NVIDIA L40S, 96 %, 28243 MiB
2026/09/05 20:37:28.677, 2, NVIDIA L40S, 96 %, 27799 MiB
2026/09/05 20:37:28.677, 3, NVIDIA L40S, 97 %, 27593 MiB
2026/09/05 20:37:38.678, 0, NVIDIA L40S, 97 %, 28327 MiB
2026/09/05 20:37:38.678, 1, NVIDIA L40S, 97 %, 28243 MiB
2026/09/05 20:37:38.678, 2, NVIDIA L40S, 97 %, 27799 MiB
2026/09/05 20:37:38.678, 3, NVIDIA L40S, 98 %, 27833 MiB
2026/09/05 20:37:48.679, 0, NVIDIA L40S, 97 %, 28327 MiB
2026/09/05 20:37:48.679, 1, NVIDIA L40S, 97 %, 28243 MiB
2026/09/05 20:37:48.679, 2, NVIDIA L40S, 95 %, 27911 MiB
2026/09/05 20:37:48.679, 3, NVIDIA L40S, 81 %, 27833 MiB
2026/09/05 20:37:58.680, 0, NVIDIA L40S, 97 %, 28327 MiB
2026/09/05 20:37:58.681, 1, NVIDIA L40S, 97 %, 28243 MiB
2026/09/05 20:37:58.681, 2, NVIDIA L40S, 97 %, 27911 MiB
2026/09/05 20:37:58.681, 3, NVIDIA L40S, 97 %, 27833 MiB
2026/09/05 20:38:08.682, 0, NVIDIA L40S, 98 %, 28327 MiB
2026/09/05 20:38:08.682, 1, NVIDIA L40S, 97 %, 28243 MiB
2026/09/05 20:38:08.682, 2, NVIDIA L40S, 98 %, 27911 MiB
2026/09/05 20:38:08.682, 3, NVIDIA L40S, 94 %, 27893 MiB
2026/09/05 20:38:18.683, 0, NVIDIA L40S, 83 %, 28327 MiB
2026/09/05 20:38:18.683, 1, NVIDIA L40S, 79 %, 28243 MiB
2026/09/05 20:38:18.683, 2, NVIDIA L40S, 88 %, 27911 MiB
2026/09/05 20:38:18.683, 3, NVIDIA L40S, 96 %, 28169 MiB
2026/09/05 20:38:28.684, 0, NVIDIA L40S, 87 %, 28327 MiB
2026/09/05 20:38:28.685, 1, NVIDIA L40S, 96 %, 28243 MiB
2026/09/05 20:38:28.685, 2, NVIDIA L40S, 96 %, 27911 MiB
2026/09/05 20:38:28.685, 3, NVIDIA L40S, 97 %, 28309 MiB
2026/09/05 20:38:38.686, 0, NVIDIA L40S, 94 %, 28355 MiB
2026/09/05 20:38:38.686, 1, NVIDIA L40S, 96 %, 28243 MiB
2026/09/05 20:38:38.686, 2, NVIDIA L40S, 97 %, 27911 MiB
2026/09/05 20:38:38.686, 3, NVIDIA L40S, 97 %, 28309 MiB
2026/09/05 20:38:48.687, 0, NVIDIA L40S, 96 %, 28355 MiB
2026/09/05 20:38:48.687, 1, NVIDIA L40S, 98 %, 28243 MiB
2026/09/05 20:38:48.687, 2, NVIDIA L40S, 97 %, 27911 MiB
2026/09/05 20:38:48.687, 3, NVIDIA L40S, 97 %, 28309 MiB
2026/09/05 20:38:58.688, 0, NVIDIA L40S, 97 %, 28355 MiB
2026/09/05 20:38:58.689, 1, NVIDIA L40S, 80 %, 28243 MiB
2026/09/05 20:38:58.689, 2, NVIDIA L40S, 98 %, 27911 MiB
2026/09/05 20:38:58.689, 3, NVIDIA L40S, 97 %, 28309 MiB
2026/09/05 20:39:08.690, 0, NVIDIA L40S, 93 %, 28355 MiB
2026/09/05 20:39:08.690, 1, NVIDIA L40S, 93 %, 28243 MiB
2026/09/05 20:39:08.690, 2, NVIDIA L40S, 96 %, 27911 MiB
2026/09/05 20:39:08.690, 3, NVIDIA L40S, 98 %, 28309 MiB
2026/09/05 20:39:18.691, 0, NVIDIA L40S, 96 %, 28355 MiB
2026/09/05 20:39:18.691, 1, NVIDIA L40S, 95 %, 28243 MiB
2026/09/05 20:39:18.691, 2, NVIDIA L40S, 84 %, 27911 MiB
2026/09/05 20:39:18.691, 3, NVIDIA L40S, 97 %, 28309 MiB
2026/09/05 20:39:28.692, 0, NVIDIA L40S, 94 %, 28355 MiB
2026/09/05 20:39:28.693, 1, NVIDIA L40S, 97 %, 28243 MiB
2026/09/05 20:39:28.693, 2, NVIDIA L40S, 96 %, 27913 MiB
2026/09/05 20:39:28.693, 3, NVIDIA L40S, 98 %, 28309 MiB
2026/09/05 20:39:38.694, 0, NVIDIA L40S, 96 %, 28355 MiB
2026/09/05 20:39:38.694, 1, NVIDIA L40S, 97 %, 28243 MiB
2026/09/05 20:39:38.694, 2, NVIDIA L40S, 97 %, 27913 MiB
2026/09/05 20:39:38.694, 3, NVIDIA L40S, 86 %, 28309 MiB
2026/09/05 20:39:48.695, 0, NVIDIA L40S, 97 %, 28355 MiB
2026/09/05 20:39:48.695, 1, NVIDIA L40S, 97 %, 28243 MiB
2026/09/05 20:39:48.695, 2, NVIDIA L40S, 89 %, 27913 MiB
2026/09/05 20:39:48.695, 3, NVIDIA L40S, 92 %, 28309 MiB
2026/09/05 20:39:58.696, 0, NVIDIA L40S, 86 %, 28355 MiB
2026/09/05 20:39:58.697, 1, NVIDIA L40S, 97 %, 28243 MiB
2026/09/05 20:39:58.697, 2, NVIDIA L40S, 96 %, 27955 MiB
2026/09/05 20:39:58.697, 3, NVIDIA L40S, 96 %, 28501 MiB
2026/09/05 20:40:08.698, 0, NVIDIA L40S, 94 %, 28363 MiB
2026/09/05 20:40:08.698, 1, NVIDIA L40S, 97 %, 28243 MiB
2026/09/05 20:40:08.698, 2, NVIDIA L40S, 96 %, 27955 MiB
2026/09/05 20:40:08.698, 3, NVIDIA L40S, 97 %, 28501 MiB
2026/09/05 20:40:18.699, 0, NVIDIA L40S, 96 %, 28363 MiB
2026/09/05 20:40:18.699, 1, NVIDIA L40S, 78 %, 28243 MiB
2026/09/05 20:40:18.699, 2, NVIDIA L40S, 97 %, 27955 MiB
2026/09/05 20:40:18.699, 3, NVIDIA L40S, 87 %, 28501 MiB
2026/09/05 20:40:28.700, 0, NVIDIA L40S, 86 %, 28363 MiB
2026/09/05 20:40:28.700, 1, NVIDIA L40S, 95 %, 28243 MiB
2026/09/05 20:40:28.701, 2, NVIDIA L40S, 96 %, 27955 MiB
2026/09/05 20:40:28.701, 3, NVIDIA L40S, 96 %, 28501 MiB
2026/09/05 20:40:38.702, 0, NVIDIA L40S, 97 %, 28363 MiB
2026/09/05 20:40:38.702, 1, NVIDIA L40S, 94 %, 28243 MiB
2026/09/05 20:40:38.702, 2, NVIDIA L40S, 97 %, 27955 MiB
2026/09/05 20:40:38.702, 3, NVIDIA L40S, 96 %, 28501 MiB
2026/09/05 20:40:48.703, 0, NVIDIA L40S, 96 %, 28363 MiB
2026/09/05 20:40:48.703, 1, NVIDIA L40S, 95 %, 28247 MiB
2026/09/05 20:40:48.703, 2, NVIDIA L40S, 98 %, 27955 MiB
2026/09/05 20:40:48.703, 3, NVIDIA L40S, 95 %, 28501 MiB
2026/09/05 20:40:58.704, 0, NVIDIA L40S, 93 %, 28363 MiB
2026/09/05 20:40:58.704, 1, NVIDIA L40S, 97 %, 28247 MiB
2026/09/05 20:40:58.704, 2, NVIDIA L40S, 97 %, 27955 MiB
2026/09/05 20:40:58.704, 3, NVIDIA L40S, 97 %, 28501 MiB
2026/09/05 20:41:08.705, 0, NVIDIA L40S, 96 %, 28363 MiB
2026/09/05 20:41:08.706, 1, NVIDIA L40S, 98 %, 28247 MiB
2026/09/05 20:41:08.706, 2, NVIDIA L40S, 80 %, 27955 MiB
2026/09/05 20:41:08.706, 3, NVIDIA L40S, 80 %, 28501 MiB
2026/09/05 20:41:18.707, 0, NVIDIA L40S, 96 %, 28363 MiB
2026/09/05 20:41:18.707, 1, NVIDIA L40S, 97 %, 28247 MiB
2026/09/05 20:41:18.707, 2, NVIDIA L40S, 92 %, 27955 MiB
2026/09/05 20:41:18.707, 3, NVIDIA L40S, 96 %, 28501 MiB
2026/09/05 20:41:28.708, 0, NVIDIA L40S, 86 %, 28363 MiB
2026/09/05 20:41:28.708, 1, NVIDIA L40S, 98 %, 28247 MiB
2026/09/05 20:41:28.708, 2, NVIDIA L40S, 96 %, 28271 MiB
2026/09/05 20:41:28.708, 3, NVIDIA L40S, 96 %, 28501 MiB
2026/09/05 20:41:38.709, 0, NVIDIA L40S, 96 %, 28363 MiB
2026/09/05 20:41:38.709, 1, NVIDIA L40S, 97 %, 28251 MiB
2026/09/05 20:41:38.709, 2, NVIDIA L40S, 97 %, 28271 MiB
2026/09/05 20:41:38.710, 3, NVIDIA L40S, 96 %, 28501 MiB
2026/09/05 20:41:48.711, 0, NVIDIA L40S, 93 %, 28363 MiB
2026/09/05 20:41:48.711, 1, NVIDIA L40S, 94 %, 28251 MiB
2026/09/05 20:41:48.711, 2, NVIDIA L40S, 97 %, 28271 MiB
2026/09/05 20:41:48.711, 3, NVIDIA L40S, 96 %, 28501 MiB
2026/09/05 20:41:58.712, 0, NVIDIA L40S, 96 %, 28363 MiB
2026/09/05 20:41:58.712, 1, NVIDIA L40S, 79 %, 28251 MiB
2026/09/05 20:41:58.712, 2, NVIDIA L40S, 96 %, 28271 MiB
2026/09/05 20:41:58.712, 3, NVIDIA L40S, 97 %, 28501 MiB
2026/09/05 20:42:08.713, 0, NVIDIA L40S, 77 %, 28363 MiB
2026/09/05 20:42:08.713, 1, NVIDIA L40S, 94 %, 28251 MiB
2026/09/05 20:42:08.713, 2, NVIDIA L40S, 97 %, 28271 MiB
2026/09/05 20:42:08.713, 3, NVIDIA L40S, 96 %, 28501 MiB
2026/09/05 20:42:18.714, 0, NVIDIA L40S, 96 %, 28363 MiB
2026/09/05 20:42:18.715, 1, NVIDIA L40S, 97 %, 28251 MiB
2026/09/05 20:42:18.715, 2, NVIDIA L40S, 97 %, 28271 MiB
2026/09/05 20:42:18.715, 3, NVIDIA L40S, 96 %, 28501 MiB
2026/09/05 20:42:28.716, 0, NVIDIA L40S, 97 %, 28363 MiB
2026/09/05 20:42:28.716, 1, NVIDIA L40S, 97 %, 28251 MiB
2026/09/05 20:42:28.716, 2, NVIDIA L40S, 98 %, 28271 MiB
2026/09/05 20:42:28.716, 3, NVIDIA L40S, 98 %, 28501 MiB
2026/09/05 20:42:38.717, 0, NVIDIA L40S, 81 %, 28363 MiB
2026/09/05 20:42:38.717, 1, NVIDIA L40S, 96 %, 28251 MiB
2026/09/05 20:42:38.717, 2, NVIDIA L40S, 82 %, 28271 MiB
2026/09/05 20:42:38.717, 3, NVIDIA L40S, 95 %, 28501 MiB
2026/09/05 20:42:48.718, 0, NVIDIA L40S, 94 %, 28363 MiB
2026/09/05 20:42:48.718, 1, NVIDIA L40S, 97 %, 28251 MiB
2026/09/05 20:42:48.719, 2, NVIDIA L40S, 96 %, 28271 MiB
2026/09/05 20:42:48.719, 3, NVIDIA L40S, 96 %, 28501 MiB
2026/09/05 20:42:58.720, 0, NVIDIA L40S, 96 %, 28363 MiB
2026/09/05 20:42:58.720, 1, NVIDIA L40S, 94 %, 28251 MiB
2026/09/05 20:42:58.720, 2, NVIDIA L40S, 97 %, 28271 MiB
2026/09/05 20:42:58.720, 3, NVIDIA L40S, 98 %, 28501 MiB
2026/09/05 20:43:08.721, 0, NVIDIA L40S, 78 %, 28363 MiB
2026/09/05 20:43:08.721, 1, NVIDIA L40S, 95 %, 28251 MiB
2026/09/05 20:43:08.721, 2, NVIDIA L40S, 79 %, 28271 MiB
2026/09/05 20:43:08.721, 3, NVIDIA L40S, 83 %, 28501 MiB
2026/09/05 20:43:18.722, 0, NVIDIA L40S, 97 %, 28363 MiB
2026/09/05 20:43:18.722, 1, NVIDIA L40S, 97 %, 28251 MiB
2026/09/05 20:43:18.722, 2, NVIDIA L40S, 97 %, 28271 MiB
2026/09/05 20:43:18.723, 3, NVIDIA L40S, 96 %, 28501 MiB
2026/09/05 20:43:28.724, 0, NVIDIA L40S, 97 %, 28363 MiB
2026/09/05 20:43:28.724, 1, NVIDIA L40S, 96 %, 28251 MiB
2026/09/05 20:43:28.724, 2, NVIDIA L40S, 91 %, 28271 MiB
2026/09/05 20:43:28.724, 3, NVIDIA L40S, 97 %, 28501 MiB
2026/09/05 20:43:38.725, 0, NVIDIA L40S, 98 %, 28363 MiB
2026/09/05 20:43:38.725, 1, NVIDIA L40S, 96 %, 28251 MiB
2026/09/05 20:43:38.725, 2, NVIDIA L40S, 89 %, 28271 MiB
2026/09/05 20:43:38.725, 3, NVIDIA L40S, 97 %, 28501 MiB
2026/09/05 20:43:48.726, 0, NVIDIA L40S, 93 %, 28363 MiB
2026/09/05 20:43:48.726, 1, NVIDIA L40S, 80 %, 28251 MiB
2026/09/05 20:43:48.726, 2, NVIDIA L40S, 96 %, 28271 MiB
2026/09/05 20:43:48.727, 3, NVIDIA L40S, 97 %, 28501 MiB
2026/09/05 20:43:58.728, 0, NVIDIA L40S, 96 %, 28363 MiB
2026/09/05 20:43:58.728, 1, NVIDIA L40S, 79 %, 28251 MiB
2026/09/05 20:43:58.728, 2, NVIDIA L40S, 97 %, 28271 MiB
2026/09/05 20:43:58.728, 3, NVIDIA L40S, 97 %, 28501 MiB
2026/09/05 20:44:08.729, 0, NVIDIA L40S, 97 %, 28363 MiB
2026/09/05 20:44:08.729, 1, NVIDIA L40S, 96 %, 28251 MiB
2026/09/05 20:44:08.729, 2, NVIDIA L40S, 96 %, 28271 MiB
2026/09/05 20:44:08.729, 3, NVIDIA L40S, 97 %, 28501 MiB
2026/09/05 20:44:18.730, 0, NVIDIA L40S, 96 %, 28363 MiB
2026/09/05 20:44:18.730, 1, NVIDIA L40S, 83 %, 28251 MiB
2026/09/05 20:44:18.730, 2, NVIDIA L40S, 85 %, 28271 MiB
2026/09/05 20:44:18.731, 3, NVIDIA L40S, 97 %, 28501 MiB
2026/09/05 20:44:28.732, 0, NVIDIA L40S, 97 %, 28363 MiB
2026/09/05 20:44:28.732, 1, NVIDIA L40S, 97 %, 28251 MiB
2026/09/05 20:44:28.732, 2, NVIDIA L40S, 96 %, 28271 MiB
2026/09/05 20:44:28.732, 3, NVIDIA L40S, 98 %, 28501 MiB
2026/09/05 20:44:38.733, 0, NVIDIA L40S, 98 %, 28363 MiB
2026/09/05 20:44:38.733, 1, NVIDIA L40S, 98 %, 28251 MiB
2026/09/05 20:44:38.733, 2, NVIDIA L40S, 97 %, 28271 MiB
2026/09/05 20:44:38.733, 3, NVIDIA L40S, 85 %, 28501 MiB
2026/09/05 20:44:48.734, 0, NVIDIA L40S, 89 %, 28363 MiB
2026/09/05 20:44:48.734, 1, NVIDIA L40S, 96 %, 28251 MiB
2026/09/05 20:44:48.734, 2, NVIDIA L40S, 98 %, 28271 MiB
2026/09/05 20:44:48.735, 3, NVIDIA L40S, 96 %, 28501 MiB
2026/09/05 20:44:58.736, 0, NVIDIA L40S, 95 %, 28363 MiB
2026/09/05 20:44:58.736, 1, NVIDIA L40S, 94 %, 28251 MiB
2026/09/05 20:44:58.736, 2, NVIDIA L40S, 89 %, 28271 MiB
2026/09/05 20:44:58.736, 3, NVIDIA L40S, 97 %, 28501 MiB
2026/09/05 20:45:08.737, 0, NVIDIA L40S, 96 %, 28363 MiB
2026/09/05 20:45:08.737, 1, NVIDIA L40S, 96 %, 28251 MiB
2026/09/05 20:45:08.737, 2, NVIDIA L40S, 92 %, 28271 MiB
2026/09/05 20:45:08.737, 3, NVIDIA L40S, 82 %, 28501 MiB
2026/09/05 20:45:18.738, 0, NVIDIA L40S, 81 %, 28363 MiB
2026/09/05 20:45:18.738, 1, NVIDIA L40S, 95 %, 28251 MiB
2026/09/05 20:45:18.738, 2, NVIDIA L40S, 96 %, 28271 MiB
2026/09/05 20:45:18.739, 3, NVIDIA L40S, 96 %, 28501 MiB
2026/09/05 20:45:28.740, 0, NVIDIA L40S, 95 %, 28363 MiB
2026/09/05 20:45:28.740, 1, NVIDIA L40S, 81 %, 28251 MiB
2026/09/05 20:45:28.740, 2, NVIDIA L40S, 97 %, 28271 MiB
2026/09/05 20:45:28.740, 3, NVIDIA L40S, 96 %, 28501 MiB
2026/09/05 20:45:38.741, 0, NVIDIA L40S, 96 %, 28363 MiB
2026/09/05 20:45:38.741, 1, NVIDIA L40S, 97 %, 28251 MiB
2026/09/05 20:45:38.741, 2, NVIDIA L40S, 96 %, 28271 MiB
2026/09/05 20:45:38.741, 3, NVIDIA L40S, 84 %, 28501 MiB
2026/09/05 20:45:48.742, 0, NVIDIA L40S, 86 %, 28363 MiB
2026/09/05 20:45:48.742, 1, NVIDIA L40S, 96 %, 28251 MiB
2026/09/05 20:45:48.742, 2, NVIDIA L40S, 97 %, 28271 MiB
2026/09/05 20:45:48.742, 3, NVIDIA L40S, 97 %, 28501 MiB
2026/09/05 20:45:58.743, 0, NVIDIA L40S, 97 %, 28363 MiB
2026/09/05 20:45:58.744, 1, NVIDIA L40S, 98 %, 28251 MiB
2026/09/05 20:45:58.744, 2, NVIDIA L40S, 97 %, 28271 MiB
2026/09/05 20:45:58.744, 3, NVIDIA L40S, 77 %, 28501 MiB
2026/09/05 20:46:08.745, 0, NVIDIA L40S, 97 %, 28363 MiB
2026/09/05 20:46:08.745, 1, NVIDIA L40S, 96 %, 28251 MiB
2026/09/05 20:46:08.745, 2, NVIDIA L40S, 97 %, 28271 MiB
2026/09/05 20:46:08.745, 3, NVIDIA L40S, 97 %, 28501 MiB
2026/09/05 20:46:18.746, 0, NVIDIA L40S, 97 %, 28363 MiB
2026/09/05 20:46:18.746, 1, NVIDIA L40S, 97 %, 28251 MiB
2026/09/05 20:46:18.746, 2, NVIDIA L40S, 98 %, 28271 MiB
2026/09/05 20:46:18.746, 3, NVIDIA L40S, 96 %, 28505 MiB
2026/09/05 20:46:28.747, 0, NVIDIA L40S, 83 %, 28363 MiB
2026/09/05 20:46:28.748, 1, NVIDIA L40S, 98 %, 28251 MiB
2026/09/05 20:46:28.748, 2, NVIDIA L40S, 79 %, 28271 MiB
2026/09/05 20:46:28.748, 3, NVIDIA L40S, 97 %, 28505 MiB
2026/09/05 20:46:38.749, 0, NVIDIA L40S, 94 %, 28363 MiB
2026/09/05 20:46:38.749, 1, NVIDIA L40S, 96 %, 28251 MiB
2026/09/05 20:46:38.749, 2, NVIDIA L40S, 98 %, 28271 MiB
2026/09/05 20:46:38.749, 3, NVIDIA L40S, 98 %, 28505 MiB
2026/09/05 20:46:48.750, 0, NVIDIA L40S, 96 %, 28363 MiB
2026/09/05 20:46:48.750, 1, NVIDIA L40S, 94 %, 28251 MiB
2026/09/05 20:46:48.750, 2, NVIDIA L40S, 96 %, 28271 MiB
2026/09/05 20:46:48.751, 3, NVIDIA L40S, 83 %, 28505 MiB
2026/09/05 20:46:58.752, 0, NVIDIA L40S, 97 %, 28363 MiB
2026/09/05 20:46:58.752, 1, NVIDIA L40S, 98 %, 28251 MiB
2026/09/05 20:46:58.752, 2, NVIDIA L40S, 98 %, 28271 MiB
2026/09/05 20:46:58.752, 3, NVIDIA L40S, 97 %, 28505 MiB
2026/09/05 20:47:08.753, 0, NVIDIA L40S, 97 %, 28363 MiB
2026/09/05 20:47:08.753, 1, NVIDIA L40S, 94 %, 28251 MiB
2026/09/05 20:47:08.753, 2, NVIDIA L40S, 94 %, 28271 MiB
2026/09/05 20:47:08.753, 3, NVIDIA L40S, 96 %, 28505 MiB
2026/09/05 20:47:18.754, 0, NVIDIA L40S, 98 %, 28363 MiB
2026/09/05 20:47:18.754, 1, NVIDIA L40S, 96 %, 28251 MiB
2026/09/05 20:47:18.754, 2, NVIDIA L40S, 95 %, 28271 MiB
2026/09/05 20:47:18.755, 3, NVIDIA L40S, 94 %, 28505 MiB
2026/09/05 20:47:28.756, 0, NVIDIA L40S, 98 %, 28363 MiB
2026/09/05 20:47:28.756, 1, NVIDIA L40S, 96 %, 28251 MiB
2026/09/05 20:47:28.756, 2, NVIDIA L40S, 96 %, 28271 MiB
2026/09/05 20:47:28.756, 3, NVIDIA L40S, 95 %, 28505 MiB
2026/09/05 20:47:38.757, 0, NVIDIA L40S, 83 %, 28363 MiB
2026/09/05 20:47:38.757, 1, NVIDIA L40S, 97 %, 28251 MiB
2026/09/05 20:47:38.757, 2, NVIDIA L40S, 97 %, 28271 MiB
2026/09/05 20:47:38.757, 3, NVIDIA L40S, 96 %, 28505 MiB
2026/09/05 20:47:48.758, 0, NVIDIA L40S, 93 %, 28363 MiB
2026/09/05 20:47:48.758, 1, NVIDIA L40S, 96 %, 28251 MiB
2026/09/05 20:47:48.758, 2, NVIDIA L40S, 98 %, 28271 MiB
2026/09/05 20:47:48.759, 3, NVIDIA L40S, 98 %, 28505 MiB
2026/09/05 20:47:58.760, 0, NVIDIA L40S, 96 %, 28363 MiB
2026/09/05 20:47:58.760, 1, NVIDIA L40S, 87 %, 28251 MiB
2026/09/05 20:47:58.760, 2, NVIDIA L40S, 94 %, 28271 MiB
2026/09/05 20:47:58.760, 3, NVIDIA L40S, 97 %, 28505 MiB
2026/09/05 20:48:08.761, 0, NVIDIA L40S, 80 %, 28363 MiB
2026/09/05 20:48:08.761, 1, NVIDIA L40S, 96 %, 28251 MiB
2026/09/05 20:48:08.761, 2, NVIDIA L40S, 97 %, 28271 MiB
2026/09/05 20:48:08.761, 3, NVIDIA L40S, 96 %, 28505 MiB
2026/09/05 20:48:18.762, 0, NVIDIA L40S, 97 %, 28363 MiB
2026/09/05 20:48:18.762, 1, NVIDIA L40S, 98 %, 28251 MiB
2026/09/05 20:48:18.762, 2, NVIDIA L40S, 97 %, 28271 MiB
2026/09/05 20:48:18.763, 3, NVIDIA L40S, 96 %, 28505 MiB
2026/09/05 20:48:28.764, 0, NVIDIA L40S, 97 %, 28363 MiB
2026/09/05 20:48:28.764, 1, NVIDIA L40S, 95 %, 28251 MiB
2026/09/05 20:48:28.764, 2, NVIDIA L40S, 97 %, 28271 MiB
2026/09/05 20:48:28.764, 3, NVIDIA L40S, 97 %, 28505 MiB
2026/09/05 20:48:38.765, 0, NVIDIA L40S, 97 %, 28363 MiB
2026/09/05 20:48:38.765, 1, NVIDIA L40S, 97 %, 28251 MiB
2026/09/05 20:48:38.765, 2, NVIDIA L40S, 97 %, 28271 MiB
2026/09/05 20:48:38.765, 3, NVIDIA L40S, 98 %, 28505 MiB
2026/09/05 20:48:48.766, 0, NVIDIA L40S, 97 %, 28363 MiB
2026/09/05 20:48:48.766, 1, NVIDIA L40S, 0 %, 28251 MiB
2026/09/05 20:48:48.767, 2, NVIDIA L40S, 89 %, 28271 MiB
2026/09/05 20:48:48.767, 3, NVIDIA L40S, 94 %, 28505 MiB
2026/09/05 20:48:58.768, 0, NVIDIA L40S, 87 %, 28363 MiB
2026/09/05 20:48:58.768, 1, NVIDIA L40S, 0 %, 28251 MiB
2026/09/05 20:48:58.768, 2, NVIDIA L40S, 96 %, 28271 MiB
2026/09/05 20:48:58.768, 3, NVIDIA L40S, 94 %, 28505 MiB
2026/09/05 20:49:08.769, 0, NVIDIA L40S, 87 %, 28363 MiB
2026/09/05 20:49:08.769, 1, NVIDIA L40S, 0 %, 28251 MiB
2026/09/05 20:49:08.769, 2, NVIDIA L40S, 96 %, 28271 MiB
2026/09/05 20:49:08.769, 3, NVIDIA L40S, 96 %, 28505 MiB
2026/09/05 20:49:18.771, 0, NVIDIA L40S, 93 %, 28363 MiB
2026/09/05 20:49:18.771, 1, NVIDIA L40S, 0 %, 28251 MiB
2026/09/05 20:49:18.771, 2, NVIDIA L40S, 82 %, 28271 MiB
2026/09/05 20:49:18.771, 3, NVIDIA L40S, 97 %, 28505 MiB
2026/09/05 20:49:28.772, 0, NVIDIA L40S, 96 %, 28363 MiB
2026/09/05 20:49:28.772, 1, NVIDIA L40S, 0 %, 28251 MiB
2026/09/05 20:49:28.772, 2, NVIDIA L40S, 96 %, 28271 MiB
2026/09/05 20:49:28.772, 3, NVIDIA L40S, 96 %, 28505 MiB
2026/09/05 20:49:38.773, 0, NVIDIA L40S, 98 %, 28363 MiB
2026/09/05 20:49:38.773, 1, NVIDIA L40S, 0 %, 28251 MiB
2026/09/05 20:49:38.773, 2, NVIDIA L40S, 89 %, 28271 MiB
2026/09/05 20:49:38.773, 3, NVIDIA L40S, 98 %, 28505 MiB
2026/09/05 20:49:48.774, 0, NVIDIA L40S, 96 %, 28363 MiB
2026/09/05 20:49:48.774, 1, NVIDIA L40S, 0 %, 28251 MiB
2026/09/05 20:49:48.774, 2, NVIDIA L40S, 97 %, 28271 MiB
2026/09/05 20:49:48.774, 3, NVIDIA L40S, 98 %, 28505 MiB
2026/09/05 20:49:58.775, 0, NVIDIA L40S, 97 %, 28363 MiB
2026/09/05 20:49:58.775, 1, NVIDIA L40S, 0 %, 28251 MiB
2026/09/05 20:49:58.776, 2, NVIDIA L40S, 97 %, 28271 MiB
2026/09/05 20:49:58.776, 3, NVIDIA L40S, 85 %, 28505 MiB
2026/09/05 20:50:08.776, 0, NVIDIA L40S, 85 %, 28363 MiB
2026/09/05 20:50:08.777, 1, NVIDIA L40S, 0 %, 28251 MiB
2026/09/05 20:50:08.777, 2, NVIDIA L40S, 97 %, 28271 MiB
2026/09/05 20:50:08.777, 3, NVIDIA L40S, 89 %, 28505 MiB
2026/09/05 20:50:18.778, 0, NVIDIA L40S, 95 %, 28363 MiB
2026/09/05 20:50:18.778, 1, NVIDIA L40S, 0 %, 28251 MiB
2026/09/05 20:50:18.778, 2, NVIDIA L40S, 98 %, 28271 MiB
2026/09/05 20:50:18.778, 3, NVIDIA L40S, 0 %, 28505 MiB
2026/09/05 20:50:28.779, 0, NVIDIA L40S, 97 %, 28363 MiB
2026/09/05 20:50:28.779, 1, NVIDIA L40S, 0 %, 28251 MiB
2026/09/05 20:50:28.779, 2, NVIDIA L40S, 93 %, 28271 MiB
2026/09/05 20:50:28.779, 3, NVIDIA L40S, 0 %, 28505 MiB
2026/09/05 20:50:38.780, 0, NVIDIA L40S, 95 %, 28363 MiB
2026/09/05 20:50:38.780, 1, NVIDIA L40S, 0 %, 28251 MiB
2026/09/05 20:50:38.780, 2, NVIDIA L40S, 95 %, 28271 MiB
2026/09/05 20:50:38.780, 3, NVIDIA L40S, 0 %, 28505 MiB
2026/09/05 20:50:48.781, 0, NVIDIA L40S, 94 %, 28363 MiB
2026/09/05 20:50:48.782, 1, NVIDIA L40S, 0 %, 28251 MiB
2026/09/05 20:50:48.782, 2, NVIDIA L40S, 95 %, 28271 MiB
2026/09/05 20:50:48.782, 3, NVIDIA L40S, 0 %, 28505 MiB
2026/09/05 20:50:58.783, 0, NVIDIA L40S, 93 %, 28363 MiB
2026/09/05 20:50:58.783, 1, NVIDIA L40S, 0 %, 28251 MiB
2026/09/05 20:50:58.783, 2, NVIDIA L40S, 96 %, 28271 MiB
2026/09/05 20:50:58.783, 3, NVIDIA L40S, 0 %, 28505 MiB
2026/09/05 20:51:08.784, 0, NVIDIA L40S, 98 %, 28363 MiB
2026/09/05 20:51:08.784, 1, NVIDIA L40S, 0 %, 28251 MiB
2026/09/05 20:51:08.784, 2, NVIDIA L40S, 96 %, 28271 MiB
2026/09/05 20:51:08.784, 3, NVIDIA L40S, 0 %, 28505 MiB
2026/09/05 20:51:18.785, 0, NVIDIA L40S, 95 %, 28363 MiB
2026/09/05 20:51:18.786, 1, NVIDIA L40S, 0 %, 28251 MiB
2026/09/05 20:51:18.786, 2, NVIDIA L40S, 96 %, 28271 MiB
2026/09/05 20:51:18.786, 3, NVIDIA L40S, 0 %, 28505 MiB
2026/09/05 20:51:28.787, 0, NVIDIA L40S, 81 %, 28363 MiB
2026/09/05 20:51:28.787, 1, NVIDIA L40S, 0 %, 28251 MiB
2026/09/05 20:51:28.787, 2, NVIDIA L40S, 81 %, 28271 MiB
2026/09/05 20:51:28.787, 3, NVIDIA L40S, 0 %, 28505 MiB
2026/09/05 20:51:38.788, 0, NVIDIA L40S, 95 %, 28363 MiB
2026/09/05 20:51:38.788, 1, NVIDIA L40S, 0 %, 28251 MiB
2026/09/05 20:51:38.788, 2, NVIDIA L40S, 95 %, 28271 MiB
2026/09/05 20:51:38.789, 3, NVIDIA L40S, 0 %, 28505 MiB
2026/09/05 20:51:48.789, 0, NVIDIA L40S, 95 %, 28363 MiB
2026/09/05 20:51:48.789, 1, NVIDIA L40S, 0 %, 28251 MiB
2026/09/05 20:51:48.790, 2, NVIDIA L40S, 95 %, 28271 MiB
2026/09/05 20:51:48.790, 3, NVIDIA L40S, 0 %, 28505 MiB
2026/09/05 20:51:58.790, 0, NVIDIA L40S, 97 %, 28363 MiB
2026/09/05 20:51:58.791, 1, NVIDIA L40S, 0 %, 28251 MiB
2026/09/05 20:51:58.791, 2, NVIDIA L40S, 84 %, 28271 MiB
2026/09/05 20:51:58.791, 3, NVIDIA L40S, 0 %, 28505 MiB
2026/09/05 20:52:08.792, 0, NVIDIA L40S, 97 %, 28363 MiB
2026/09/05 20:52:08.792, 1, NVIDIA L40S, 0 %, 28251 MiB
2026/09/05 20:52:08.792, 2, NVIDIA L40S, 96 %, 28271 MiB
2026/09/05 20:52:08.792, 3, NVIDIA L40S, 0 %, 28505 MiB
2026/09/05 20:52:18.793, 0, NVIDIA L40S, 96 %, 28363 MiB
2026/09/05 20:52:18.793, 1, NVIDIA L40S, 0 %, 28251 MiB
2026/09/05 20:52:18.793, 2, NVIDIA L40S, 98 %, 28271 MiB
2026/09/05 20:52:18.793, 3, NVIDIA L40S, 0 %, 28505 MiB
2026/09/05 20:52:28.794, 0, NVIDIA L40S, 98 %, 28363 MiB
2026/09/05 20:52:28.795, 1, NVIDIA L40S, 0 %, 28251 MiB
2026/09/05 20:52:28.795, 2, NVIDIA L40S, 94 %, 28271 MiB
2026/09/05 20:52:28.795, 3, NVIDIA L40S, 0 %, 28505 MiB
2026/09/05 20:52:38.796, 0, NVIDIA L40S, 77 %, 28363 MiB
2026/09/05 20:52:38.796, 1, NVIDIA L40S, 0 %, 28251 MiB
2026/09/05 20:52:38.796, 2, NVIDIA L40S, 96 %, 28271 MiB
2026/09/05 20:52:38.796, 3, NVIDIA L40S, 0 %, 28505 MiB
2026/09/05 20:52:48.797, 0, NVIDIA L40S, 88 %, 28363 MiB
2026/09/05 20:52:48.797, 1, NVIDIA L40S, 0 %, 28251 MiB
2026/09/05 20:52:48.797, 2, NVIDIA L40S, 97 %, 28271 MiB
2026/09/05 20:52:48.797, 3, NVIDIA L40S, 0 %, 28505 MiB
2026/09/05 20:52:58.798, 0, NVIDIA L40S, 93 %, 28363 MiB
2026/09/05 20:52:58.798, 1, NVIDIA L40S, 0 %, 28251 MiB
2026/09/05 20:52:58.798, 2, NVIDIA L40S, 77 %, 28271 MiB
2026/09/05 20:52:58.798, 3, NVIDIA L40S, 0 %, 28505 MiB
2026/09/05 20:53:08.799, 0, NVIDIA L40S, 96 %, 28363 MiB
2026/09/05 20:53:08.799, 1, NVIDIA L40S, 0 %, 28251 MiB
2026/09/05 20:53:08.799, 2, NVIDIA L40S, 94 %, 28271 MiB
2026/09/05 20:53:08.799, 3, NVIDIA L40S, 0 %, 28505 MiB
2026/09/05 20:53:18.800, 0, NVIDIA L40S, 94 %, 28363 MiB
2026/09/05 20:53:18.800, 1, NVIDIA L40S, 0 %, 28251 MiB
2026/09/05 20:53:18.801, 2, NVIDIA L40S, 0 %, 28271 MiB
2026/09/05 20:53:18.801, 3, NVIDIA L40S, 0 %, 28505 MiB
2026/09/05 20:53:28.801, 0, NVIDIA L40S, 93 %, 28363 MiB
2026/09/05 20:53:28.802, 1, NVIDIA L40S, 0 %, 28251 MiB
2026/09/05 20:53:28.802, 2, NVIDIA L40S, 0 %, 28271 MiB
2026/09/05 20:53:28.802, 3, NVIDIA L40S, 0 %, 28505 MiB
2026/09/05 20:53:38.803, 0, NVIDIA L40S, 95 %, 28363 MiB
2026/09/05 20:53:38.803, 1, NVIDIA L40S, 0 %, 28251 MiB
2026/09/05 20:53:38.803, 2, NVIDIA L40S, 0 %, 28271 MiB
2026/09/05 20:53:38.803, 3, NVIDIA L40S, 0 %, 28505 MiB
2026/09/05 20:53:48.804, 0, NVIDIA L40S, 96 %, 28363 MiB
2026/09/05 20:53:48.804, 1, NVIDIA L40S, 0 %, 28251 MiB
2026/09/05 20:53:48.804, 2, NVIDIA L40S, 0 %, 28271 MiB
2026/09/05 20:53:48.804, 3, NVIDIA L40S, 0 %, 28505 MiB
2026/09/05 20:53:58.805, 0, NVIDIA L40S, 95 %, 28363 MiB
2026/09/05 20:53:58.805, 1, NVIDIA L40S, 0 %, 28251 MiB
2026/09/05 20:53:58.805, 2, NVIDIA L40S, 0 %, 28271 MiB
2026/09/05 20:53:58.805, 3, NVIDIA L40S, 0 %, 28505 MiB
2026/09/05 20:54:08.806, 0, NVIDIA L40S, 97 %, 28363 MiB
2026/09/05 20:54:08.806, 1, NVIDIA L40S, 0 %, 28251 MiB
2026/09/05 20:54:08.806, 2, NVIDIA L40S, 0 %, 28271 MiB
2026/09/05 20:54:08.806, 3, NVIDIA L40S, 0 %, 28505 MiB
2026/09/05 20:54:18.807, 0, NVIDIA L40S, 83 %, 28363 MiB
2026/09/05 20:54:18.807, 1, NVIDIA L40S, 0 %, 28251 MiB
2026/09/05 20:54:18.807, 2, NVIDIA L40S, 0 %, 28271 MiB
2026/09/05 20:54:18.807, 3, NVIDIA L40S, 0 %, 28505 MiB
2026/09/05 20:54:28.808, 0, NVIDIA L40S, 84 %, 28363 MiB
2026/09/05 20:54:28.808, 1, NVIDIA L40S, 0 %, 28251 MiB
2026/09/05 20:54:28.808, 2, NVIDIA L40S, 0 %, 28271 MiB
2026/09/05 20:54:28.809, 3, NVIDIA L40S, 0 %, 28505 MiB
2026/09/05 20:54:38.809, 0, NVIDIA L40S, 84 %, 28363 MiB
2026/09/05 20:54:38.809, 1, NVIDIA L40S, 0 %, 28251 MiB
2026/09/05 20:54:38.810, 2, NVIDIA L40S, 0 %, 28271 MiB
2026/09/05 20:54:38.810, 3, NVIDIA L40S, 0 %, 28505 MiB
2026/09/05 20:54:48.810, 0, NVIDIA L40S, 93 %, 28363 MiB
2026/09/05 20:54:48.811, 1, NVIDIA L40S, 0 %, 28251 MiB
2026/09/05 20:54:48.811, 2, NVIDIA L40S, 0 %, 28271 MiB
2026/09/05 20:54:48.811, 3, NVIDIA L40S, 0 %, 28505 MiB
2026/09/05 20:54:58.812, 0, NVIDIA L40S, 0 %, 3 MiB
2026/09/05 20:54:58.812, 1, NVIDIA L40S, 0 %, 3 MiB
2026/09/05 20:54:58.812, 2, NVIDIA L40S, 0 %, 3 MiB
2026/09/05 20:54:58.812, 3, NVIDIA L40S, 0 %, 3 MiB
2026/09/05 20:55:08.813, 0, NVIDIA L40S, 0 %, 9583 MiB
2026/09/05 20:55:08.813, 1, NVIDIA L40S, 10 %, 9775 MiB
2026/09/05 20:55:08.813, 2, NVIDIA L40S, 17 %, 9499 MiB
2026/09/05 20:55:08.814, 3, NVIDIA L40S, 24 %, 12155 MiB
2026/09/05 20:55:18.814, 0, NVIDIA L40S, 97 %, 27333 MiB
2026/09/05 20:55:18.815, 1, NVIDIA L40S, 98 %, 27449 MiB
2026/09/05 20:55:18.815, 2, NVIDIA L40S, 87 %, 27469 MiB
2026/09/05 20:55:18.815, 3, NVIDIA L40S, 95 %, 27469 MiB
2026/09/05 20:55:28.816, 0, NVIDIA L40S, 97 %, 27435 MiB
2026/09/05 20:55:28.816, 1, NVIDIA L40S, 95 %, 27723 MiB
2026/09/05 20:55:28.816, 2, NVIDIA L40S, 97 %, 27757 MiB
2026/09/05 20:55:28.816, 3, NVIDIA L40S, 98 %, 27469 MiB
2026/09/05 20:55:38.817, 0, NVIDIA L40S, 97 %, 27435 MiB
2026/09/05 20:55:38.817, 1, NVIDIA L40S, 96 %, 27739 MiB
2026/09/05 20:55:38.817, 2, NVIDIA L40S, 97 %, 27757 MiB
2026/09/05 20:55:38.817, 3, NVIDIA L40S, 97 %, 27469 MiB
2026/09/05 20:55:48.818, 0, NVIDIA L40S, 93 %, 27589 MiB
2026/09/05 20:55:48.819, 1, NVIDIA L40S, 96 %, 27739 MiB
2026/09/05 20:55:48.819, 2, NVIDIA L40S, 97 %, 27757 MiB
2026/09/05 20:55:48.819, 3, NVIDIA L40S, 77 %, 27469 MiB
2026/09/05 20:55:58.820, 0, NVIDIA L40S, 97 %, 27589 MiB
2026/09/05 20:55:58.820, 1, NVIDIA L40S, 97 %, 27739 MiB
2026/09/05 20:55:58.820, 2, NVIDIA L40S, 78 %, 27757 MiB
2026/09/05 20:55:58.820, 3, NVIDIA L40S, 98 %, 27529 MiB
2026/09/05 20:56:08.821, 0, NVIDIA L40S, 97 %, 27589 MiB
2026/09/05 20:56:08.821, 1, NVIDIA L40S, 96 %, 27739 MiB
2026/09/05 20:56:08.821, 2, NVIDIA L40S, 96 %, 27757 MiB
2026/09/05 20:56:08.821, 3, NVIDIA L40S, 98 %, 27529 MiB
2026/09/05 20:56:18.822, 0, NVIDIA L40S, 97 %, 27589 MiB
2026/09/05 20:56:18.822, 1, NVIDIA L40S, 96 %, 27739 MiB
2026/09/05 20:56:18.823, 2, NVIDIA L40S, 97 %, 27757 MiB
2026/09/05 20:56:18.823, 3, NVIDIA L40S, 79 %, 27529 MiB
2026/09/05 20:56:28.824, 0, NVIDIA L40S, 97 %, 27589 MiB
2026/09/05 20:56:28.824, 1, NVIDIA L40S, 94 %, 27739 MiB
2026/09/05 20:56:28.824, 2, NVIDIA L40S, 98 %, 27757 MiB
2026/09/05 20:56:28.824, 3, NVIDIA L40S, 96 %, 27529 MiB
2026/09/05 20:56:38.825, 0, NVIDIA L40S, 97 %, 27809 MiB
2026/09/05 20:56:38.825, 1, NVIDIA L40S, 96 %, 27757 MiB
2026/09/05 20:56:38.825, 2, NVIDIA L40S, 97 %, 27757 MiB
2026/09/05 20:56:38.825, 3, NVIDIA L40S, 94 %, 27531 MiB
2026/09/05 20:56:48.826, 0, NVIDIA L40S, 99 %, 27809 MiB
2026/09/05 20:56:48.826, 1, NVIDIA L40S, 93 %, 27757 MiB
2026/09/05 20:56:48.826, 2, NVIDIA L40S, 89 %, 27757 MiB
2026/09/05 20:56:48.827, 3, NVIDIA L40S, 97 %, 27591 MiB
2026/09/05 20:56:58.827, 0, NVIDIA L40S, 87 %, 27917 MiB
2026/09/05 20:56:58.828, 1, NVIDIA L40S, 96 %, 27757 MiB
2026/09/05 20:56:58.828, 2, NVIDIA L40S, 97 %, 27797 MiB
2026/09/05 20:56:58.828, 3, NVIDIA L40S, 97 %, 27591 MiB
2026/09/05 20:57:08.829, 0, NVIDIA L40S, 96 %, 28327 MiB
2026/09/05 20:57:08.829, 1, NVIDIA L40S, 84 %, 27919 MiB
2026/09/05 20:57:08.829, 2, NVIDIA L40S, 97 %, 27797 MiB
2026/09/05 20:57:08.829, 3, NVIDIA L40S, 97 %, 27591 MiB
2026/09/05 20:57:18.830, 0, NVIDIA L40S, 95 %, 28327 MiB
2026/09/05 20:57:18.830, 1, NVIDIA L40S, 88 %, 27979 MiB
2026/09/05 20:57:18.830, 2, NVIDIA L40S, 85 %, 27797 MiB
2026/09/05 20:57:18.830, 3, NVIDIA L40S, 98 %, 27591 MiB
2026/09/05 20:57:28.831, 0, NVIDIA L40S, 97 %, 28327 MiB
2026/09/05 20:57:28.832, 1, NVIDIA L40S, 96 %, 28245 MiB
2026/09/05 20:57:28.832, 2, NVIDIA L40S, 97 %, 27797 MiB
2026/09/05 20:57:28.832, 3, NVIDIA L40S, 98 %, 27591 MiB
2026/09/05 20:57:38.833, 0, NVIDIA L40S, 98 %, 28327 MiB
2026/09/05 20:57:38.833, 1, NVIDIA L40S, 96 %, 28245 MiB
2026/09/05 20:57:38.833, 2, NVIDIA L40S, 97 %, 27797 MiB
2026/09/05 20:57:38.833, 3, NVIDIA L40S, 97 %, 27591 MiB
2026/09/05 20:57:48.834, 0, NVIDIA L40S, 97 %, 28327 MiB
2026/09/05 20:57:48.834, 1, NVIDIA L40S, 97 %, 28245 MiB
2026/09/05 20:57:48.834, 2, NVIDIA L40S, 97 %, 27797 MiB
2026/09/05 20:57:48.834, 3, NVIDIA L40S, 98 %, 27831 MiB
2026/09/05 20:57:58.835, 0, NVIDIA L40S, 97 %, 28327 MiB
2026/09/05 20:57:58.835, 1, NVIDIA L40S, 96 %, 28245 MiB
2026/09/05 20:57:58.835, 2, NVIDIA L40S, 94 %, 27909 MiB
2026/09/05 20:57:58.836, 3, NVIDIA L40S, 88 %, 27831 MiB
2026/09/05 20:58:08.837, 0, NVIDIA L40S, 97 %, 28327 MiB
2026/09/05 20:58:08.837, 1, NVIDIA L40S, 97 %, 28245 MiB
2026/09/05 20:58:08.837, 2, NVIDIA L40S, 97 %, 27909 MiB
2026/09/05 20:58:08.837, 3, NVIDIA L40S, 97 %, 27831 MiB
2026/09/05 20:58:18.838, 0, NVIDIA L40S, 98 %, 28327 MiB
2026/09/05 20:58:18.838, 1, NVIDIA L40S, 97 %, 28245 MiB
2026/09/05 20:58:18.838, 2, NVIDIA L40S, 98 %, 27909 MiB
2026/09/05 20:58:18.838, 3, NVIDIA L40S, 94 %, 27891 MiB
2026/09/05 20:58:28.839, 0, NVIDIA L40S, 83 %, 28327 MiB
2026/09/05 20:58:28.839, 1, NVIDIA L40S, 88 %, 28245 MiB
2026/09/05 20:58:28.839, 2, NVIDIA L40S, 86 %, 27909 MiB
2026/09/05 20:58:28.839, 3, NVIDIA L40S, 95 %, 28281 MiB
2026/09/05 20:58:38.840, 0, NVIDIA L40S, 87 %, 28327 MiB
2026/09/05 20:58:38.841, 1, NVIDIA L40S, 95 %, 28245 MiB
2026/09/05 20:58:38.841, 2, NVIDIA L40S, 95 %, 27909 MiB
2026/09/05 20:58:38.841, 3, NVIDIA L40S, 97 %, 28325 MiB
2026/09/05 20:58:48.842, 0, NVIDIA L40S, 96 %, 28357 MiB
2026/09/05 20:58:48.842, 1, NVIDIA L40S, 96 %, 28245 MiB
2026/09/05 20:58:48.842, 2, NVIDIA L40S, 97 %, 27909 MiB
2026/09/05 20:58:48.842, 3, NVIDIA L40S, 97 %, 28325 MiB
2026/09/05 20:58:58.843, 0, NVIDIA L40S, 97 %, 28357 MiB
2026/09/05 20:58:58.843, 1, NVIDIA L40S, 98 %, 28245 MiB
2026/09/05 20:58:58.843, 2, NVIDIA L40S, 97 %, 27909 MiB
2026/09/05 20:58:58.843, 3, NVIDIA L40S, 97 %, 28325 MiB
2026/09/05 20:59:08.844, 0, NVIDIA L40S, 98 %, 28357 MiB
2026/09/05 20:59:08.844, 1, NVIDIA L40S, 79 %, 28245 MiB
2026/09/05 20:59:08.844, 2, NVIDIA L40S, 98 %, 27909 MiB
2026/09/05 20:59:08.845, 3, NVIDIA L40S, 97 %, 28325 MiB
2026/09/05 20:59:18.845, 0, NVIDIA L40S, 94 %, 28357 MiB
2026/09/05 20:59:18.846, 1, NVIDIA L40S, 90 %, 28245 MiB
2026/09/05 20:59:18.846, 2, NVIDIA L40S, 97 %, 27909 MiB
2026/09/05 20:59:18.846, 3, NVIDIA L40S, 97 %, 28325 MiB
2026/09/05 20:59:28.847, 0, NVIDIA L40S, 97 %, 28357 MiB
2026/09/05 20:59:28.847, 1, NVIDIA L40S, 94 %, 28245 MiB
2026/09/05 20:59:28.847, 2, NVIDIA L40S, 77 %, 27909 MiB
2026/09/05 20:59:28.847, 3, NVIDIA L40S, 98 %, 28325 MiB
2026/09/05 20:59:38.848, 0, NVIDIA L40S, 96 %, 28357 MiB
2026/09/05 20:59:38.848, 1, NVIDIA L40S, 96 %, 28245 MiB
2026/09/05 20:59:38.848, 2, NVIDIA L40S, 97 %, 27909 MiB
2026/09/05 20:59:38.848, 3, NVIDIA L40S, 88 %, 28325 MiB
2026/09/05 20:59:48.849, 0, NVIDIA L40S, 96 %, 28357 MiB
2026/09/05 20:59:48.850, 1, NVIDIA L40S, 97 %, 28245 MiB
2026/09/05 20:59:48.850, 2, NVIDIA L40S, 97 %, 27909 MiB
2026/09/05 20:59:48.850, 3, NVIDIA L40S, 87 %, 28325 MiB
2026/09/05 20:59:58.851, 0, NVIDIA L40S, 98 %, 28357 MiB
2026/09/05 20:59:58.851, 1, NVIDIA L40S, 96 %, 28245 MiB
2026/09/05 20:59:58.851, 2, NVIDIA L40S, 83 %, 27909 MiB
2026/09/05 20:59:58.851, 3, NVIDIA L40S, 94 %, 28497 MiB
2026/09/05 21:00:08.852, 0, NVIDIA L40S, 85 %, 28357 MiB
2026/09/05 21:00:08.852, 1, NVIDIA L40S, 97 %, 28245 MiB
2026/09/05 21:00:08.853, 2, NVIDIA L40S, 96 %, 27953 MiB
2026/09/05 21:00:08.853, 3, NVIDIA L40S, 97 %, 28497 MiB
2026/09/05 21:00:18.854, 0, NVIDIA L40S, 94 %, 28361 MiB
2026/09/05 21:00:18.854, 1, NVIDIA L40S, 97 %, 28245 MiB
2026/09/05 21:00:18.854, 2, NVIDIA L40S, 97 %, 27953 MiB
2026/09/05 21:00:18.854, 3, NVIDIA L40S, 98 %, 28497 MiB
2026/09/05 21:00:28.855, 0, NVIDIA L40S, 97 %, 28361 MiB
2026/09/05 21:00:28.855, 1, NVIDIA L40S, 86 %, 28245 MiB
2026/09/05 21:00:28.855, 2, NVIDIA L40S, 96 %, 27953 MiB
2026/09/05 21:00:28.855, 3, NVIDIA L40S, 97 %, 28497 MiB
2026/09/05 21:00:38.856, 0, NVIDIA L40S, 96 %, 28361 MiB
2026/09/05 21:00:38.856, 1, NVIDIA L40S, 95 %, 28245 MiB
2026/09/05 21:00:38.856, 2, NVIDIA L40S, 97 %, 27953 MiB
2026/09/05 21:00:38.857, 3, NVIDIA L40S, 94 %, 28497 MiB
2026/09/05 21:00:48.858, 0, NVIDIA L40S, 96 %, 28361 MiB
2026/09/05 21:00:48.858, 1, NVIDIA L40S, 94 %, 28247 MiB
2026/09/05 21:00:48.858, 2, NVIDIA L40S, 97 %, 27953 MiB
2026/09/05 21:00:48.858, 3, NVIDIA L40S, 97 %, 28497 MiB
2026/09/05 21:00:58.859, 0, NVIDIA L40S, 97 %, 28361 MiB
2026/09/05 21:00:58.859, 1, NVIDIA L40S, 96 %, 28247 MiB
2026/09/05 21:00:58.859, 2, NVIDIA L40S, 98 %, 27953 MiB
2026/09/05 21:00:58.859, 3, NVIDIA L40S, 97 %, 28497 MiB
2026/09/05 21:01:08.860, 0, NVIDIA L40S, 97 %, 28361 MiB
2026/09/05 21:01:08.860, 1, NVIDIA L40S, 96 %, 28247 MiB
2026/09/05 21:01:08.860, 2, NVIDIA L40S, 97 %, 27953 MiB
2026/09/05 21:01:08.861, 3, NVIDIA L40S, 97 %, 28497 MiB
2026/09/05 21:01:18.862, 0, NVIDIA L40S, 85 %, 28361 MiB
2026/09/05 21:01:18.862, 1, NVIDIA L40S, 98 %, 28247 MiB
2026/09/05 21:01:18.862, 2, NVIDIA L40S, 80 %, 27953 MiB
2026/09/05 21:01:18.862, 3, NVIDIA L40S, 96 %, 28497 MiB
2026/09/05 21:01:28.863, 0, NVIDIA L40S, 97 %, 28361 MiB
2026/09/05 21:01:28.863, 1, NVIDIA L40S, 96 %, 28247 MiB
2026/09/05 21:01:28.863, 2, NVIDIA L40S, 92 %, 27969 MiB
2026/09/05 21:01:28.863, 3, NVIDIA L40S, 76 %, 28497 MiB
2026/09/05 21:01:38.864, 0, NVIDIA L40S, 95 %, 28361 MiB
2026/09/05 21:01:38.864, 1, NVIDIA L40S, 98 %, 28247 MiB
2026/09/05 21:01:38.864, 2, NVIDIA L40S, 96 %, 28269 MiB
2026/09/05 21:01:38.864, 3, NVIDIA L40S, 97 %, 28497 MiB
2026/09/05 21:01:48.865, 0, NVIDIA L40S, 97 %, 28361 MiB
2026/09/05 21:01:48.866, 1, NVIDIA L40S, 96 %, 28249 MiB
2026/09/05 21:01:48.866, 2, NVIDIA L40S, 96 %, 28269 MiB
2026/09/05 21:01:48.866, 3, NVIDIA L40S, 94 %, 28497 MiB
2026/09/05 21:01:58.867, 0, NVIDIA L40S, 96 %, 28361 MiB
2026/09/05 21:01:58.867, 1, NVIDIA L40S, 95 %, 28249 MiB
2026/09/05 21:01:58.867, 2, NVIDIA L40S, 97 %, 28269 MiB
2026/09/05 21:01:58.867, 3, NVIDIA L40S, 85 %, 28497 MiB
2026/09/05 21:02:08.868, 0, NVIDIA L40S, 97 %, 28361 MiB
2026/09/05 21:02:08.868, 1, NVIDIA L40S, 79 %, 28249 MiB
2026/09/05 21:02:08.869, 2, NVIDIA L40S, 97 %, 28269 MiB
2026/09/05 21:02:08.869, 3, NVIDIA L40S, 83 %, 28497 MiB
2026/09/05 21:02:18.870, 0, NVIDIA L40S, 86 %, 28361 MiB
2026/09/05 21:02:18.870, 1, NVIDIA L40S, 97 %, 28249 MiB
2026/09/05 21:02:18.870, 2, NVIDIA L40S, 97 %, 28269 MiB
2026/09/05 21:02:18.870, 3, NVIDIA L40S, 82 %, 28497 MiB
2026/09/05 21:02:28.871, 0, NVIDIA L40S, 97 %, 28361 MiB
2026/09/05 21:02:28.871, 1, NVIDIA L40S, 96 %, 28249 MiB
2026/09/05 21:02:28.871, 2, NVIDIA L40S, 98 %, 28269 MiB
2026/09/05 21:02:28.871, 3, NVIDIA L40S, 97 %, 28497 MiB
2026/09/05 21:02:38.872, 0, NVIDIA L40S, 98 %, 28361 MiB
2026/09/05 21:02:38.872, 1, NVIDIA L40S, 97 %, 28249 MiB
2026/09/05 21:02:38.872, 2, NVIDIA L40S, 98 %, 28269 MiB
2026/09/05 21:02:38.873, 3, NVIDIA L40S, 94 %, 28497 MiB
2026/09/05 21:02:48.874, 0, NVIDIA L40S, 89 %, 28361 MiB
2026/09/05 21:02:48.874, 1, NVIDIA L40S, 96 %, 28249 MiB
2026/09/05 21:02:48.874, 2, NVIDIA L40S, 83 %, 28269 MiB
2026/09/05 21:02:48.874, 3, NVIDIA L40S, 97 %, 28497 MiB
2026/09/05 21:02:58.875, 0, NVIDIA L40S, 97 %, 28361 MiB
2026/09/05 21:02:58.875, 1, NVIDIA L40S, 98 %, 28249 MiB
2026/09/05 21:02:58.875, 2, NVIDIA L40S, 96 %, 28269 MiB
2026/09/05 21:02:58.875, 3, NVIDIA L40S, 98 %, 28497 MiB
2026/09/05 21:03:08.876, 0, NVIDIA L40S, 97 %, 28361 MiB
2026/09/05 21:03:08.876, 1, NVIDIA L40S, 94 %, 28249 MiB
2026/09/05 21:03:08.876, 2, NVIDIA L40S, 97 %, 28269 MiB
2026/09/05 21:03:08.876, 3, NVIDIA L40S, 86 %, 28497 MiB
2026/09/05 21:03:18.877, 0, NVIDIA L40S, 94 %, 28361 MiB
2026/09/05 21:03:18.878, 1, NVIDIA L40S, 95 %, 28249 MiB
2026/09/05 21:03:18.878, 2, NVIDIA L40S, 94 %, 28269 MiB
2026/09/05 21:03:18.878, 3, NVIDIA L40S, 96 %, 28497 MiB
2026/09/05 21:03:28.879, 0, NVIDIA L40S, 97 %, 28361 MiB
2026/09/05 21:03:28.879, 1, NVIDIA L40S, 96 %, 28249 MiB
2026/09/05 21:03:28.879, 2, NVIDIA L40S, 97 %, 28269 MiB
2026/09/05 21:03:28.879, 3, NVIDIA L40S, 97 %, 28497 MiB
2026/09/05 21:03:38.880, 0, NVIDIA L40S, 97 %, 28361 MiB
2026/09/05 21:03:38.880, 1, NVIDIA L40S, 96 %, 28249 MiB
2026/09/05 21:03:38.880, 2, NVIDIA L40S, 97 %, 28269 MiB
2026/09/05 21:03:38.880, 3, NVIDIA L40S, 97 %, 28497 MiB
2026/09/05 21:03:48.881, 0, NVIDIA L40S, 80 %, 28361 MiB
2026/09/05 21:03:48.882, 1, NVIDIA L40S, 97 %, 28249 MiB
2026/09/05 21:03:48.882, 2, NVIDIA L40S, 88 %, 28269 MiB
2026/09/05 21:03:48.882, 3, NVIDIA L40S, 98 %, 28497 MiB
2026/09/05 21:03:58.883, 0, NVIDIA L40S, 97 %, 28361 MiB
2026/09/05 21:03:58.883, 1, NVIDIA L40S, 93 %, 28249 MiB
2026/09/05 21:03:58.883, 2, NVIDIA L40S, 97 %, 28269 MiB
2026/09/05 21:03:58.883, 3, NVIDIA L40S, 97 %, 28497 MiB
2026/09/05 21:04:08.884, 0, NVIDIA L40S, 98 %, 28361 MiB
2026/09/05 21:04:08.884, 1, NVIDIA L40S, 87 %, 28249 MiB
2026/09/05 21:04:08.884, 2, NVIDIA L40S, 97 %, 28269 MiB
2026/09/05 21:04:08.884, 3, NVIDIA L40S, 97 %, 28497 MiB
2026/09/05 21:04:18.885, 0, NVIDIA L40S, 97 %, 28361 MiB
2026/09/05 21:04:18.886, 1, NVIDIA L40S, 96 %, 28249 MiB
2026/09/05 21:04:18.886, 2, NVIDIA L40S, 98 %, 28269 MiB
2026/09/05 21:04:18.886, 3, NVIDIA L40S, 97 %, 28497 MiB
2026/09/05 21:04:28.887, 0, NVIDIA L40S, 97 %, 28361 MiB
2026/09/05 21:04:28.887, 1, NVIDIA L40S, 81 %, 28249 MiB
2026/09/05 21:04:28.887, 2, NVIDIA L40S, 95 %, 28269 MiB
2026/09/05 21:04:28.887, 3, NVIDIA L40S, 98 %, 28497 MiB
2026/09/05 21:04:38.888, 0, NVIDIA L40S, 98 %, 28361 MiB
2026/09/05 21:04:38.888, 1, NVIDIA L40S, 97 %, 28249 MiB
2026/09/05 21:04:38.888, 2, NVIDIA L40S, 96 %, 28269 MiB
2026/09/05 21:04:38.888, 3, NVIDIA L40S, 84 %, 28497 MiB
2026/09/05 21:04:48.889, 0, NVIDIA L40S, 82 %, 28361 MiB
2026/09/05 21:04:48.890, 1, NVIDIA L40S, 85 %, 28249 MiB
2026/09/05 21:04:48.890, 2, NVIDIA L40S, 97 %, 28269 MiB
2026/09/05 21:04:48.890, 3, NVIDIA L40S, 94 %, 28497 MiB
2026/09/05 21:04:58.891, 0, NVIDIA L40S, 94 %, 28361 MiB
2026/09/05 21:04:58.891, 1, NVIDIA L40S, 98 %, 28249 MiB
2026/09/05 21:04:58.891, 2, NVIDIA L40S, 98 %, 28269 MiB
2026/09/05 21:04:58.891, 3, NVIDIA L40S, 96 %, 28497 MiB
2026/09/05 21:05:08.892, 0, NVIDIA L40S, 97 %, 28365 MiB
2026/09/05 21:05:08.892, 1, NVIDIA L40S, 94 %, 28249 MiB
2026/09/05 21:05:08.892, 2, NVIDIA L40S, 85 %, 28269 MiB
2026/09/05 21:05:08.892, 3, NVIDIA L40S, 78 %, 28497 MiB
2026/09/05 21:05:18.893, 0, NVIDIA L40S, 97 %, 28365 MiB
2026/09/05 21:05:18.894, 1, NVIDIA L40S, 96 %, 28249 MiB
2026/09/05 21:05:18.894, 2, NVIDIA L40S, 94 %, 28269 MiB
2026/09/05 21:05:18.894, 3, NVIDIA L40S, 97 %, 28497 MiB
2026/09/05 21:05:28.895, 0, NVIDIA L40S, 94 %, 28365 MiB
2026/09/05 21:05:28.895, 1, NVIDIA L40S, 96 %, 28249 MiB
2026/09/05 21:05:28.895, 2, NVIDIA L40S, 95 %, 28269 MiB
2026/09/05 21:05:28.895, 3, NVIDIA L40S, 97 %, 28497 MiB
2026/09/05 21:05:38.896, 0, NVIDIA L40S, 97 %, 28365 MiB
2026/09/05 21:05:38.896, 1, NVIDIA L40S, 96 %, 28249 MiB
2026/09/05 21:05:38.896, 2, NVIDIA L40S, 96 %, 28269 MiB
2026/09/05 21:05:38.896, 3, NVIDIA L40S, 79 %, 28497 MiB
2026/09/05 21:05:48.897, 0, NVIDIA L40S, 85 %, 28365 MiB
2026/09/05 21:05:48.898, 1, NVIDIA L40S, 83 %, 28249 MiB
2026/09/05 21:05:48.898, 2, NVIDIA L40S, 97 %, 28269 MiB
2026/09/05 21:05:48.898, 3, NVIDIA L40S, 97 %, 28497 MiB
2026/09/05 21:05:58.899, 0, NVIDIA L40S, 97 %, 28365 MiB
2026/09/05 21:05:58.899, 1, NVIDIA L40S, 96 %, 28249 MiB
2026/09/05 21:05:58.899, 2, NVIDIA L40S, 96 %, 28269 MiB
2026/09/05 21:05:58.899, 3, NVIDIA L40S, 80 %, 28497 MiB
2026/09/05 21:06:08.900, 0, NVIDIA L40S, 97 %, 28365 MiB
2026/09/05 21:06:08.900, 1, NVIDIA L40S, 79 %, 28249 MiB
2026/09/05 21:06:08.900, 2, NVIDIA L40S, 98 %, 28269 MiB
2026/09/05 21:06:08.900, 3, NVIDIA L40S, 98 %, 28497 MiB
2026/09/05 21:06:18.901, 0, NVIDIA L40S, 98 %, 28365 MiB
2026/09/05 21:06:18.902, 1, NVIDIA L40S, 95 %, 28249 MiB
2026/09/05 21:06:18.902, 2, NVIDIA L40S, 97 %, 28269 MiB
2026/09/05 21:06:18.902, 3, NVIDIA L40S, 98 %, 28503 MiB
2026/09/05 21:06:28.903, 0, NVIDIA L40S, 98 %, 28365 MiB
2026/09/05 21:06:28.903, 1, NVIDIA L40S, 96 %, 28249 MiB
2026/09/05 21:06:28.903, 2, NVIDIA L40S, 98 %, 28269 MiB
2026/09/05 21:06:28.903, 3, NVIDIA L40S, 97 %, 28503 MiB
2026/09/05 21:06:38.904, 0, NVIDIA L40S, 90 %, 28365 MiB
2026/09/05 21:06:38.904, 1, NVIDIA L40S, 78 %, 28249 MiB
2026/09/05 21:06:38.904, 2, NVIDIA L40S, 97 %, 28269 MiB
2026/09/05 21:06:38.904, 3, NVIDIA L40S, 98 %, 28503 MiB
2026/09/05 21:06:48.905, 0, NVIDIA L40S, 94 %, 28365 MiB
2026/09/05 21:06:48.905, 1, NVIDIA L40S, 96 %, 28249 MiB
2026/09/05 21:06:48.906, 2, NVIDIA L40S, 82 %, 28269 MiB
2026/09/05 21:06:48.906, 3, NVIDIA L40S, 88 %, 28503 MiB
2026/09/05 21:06:58.907, 0, NVIDIA L40S, 97 %, 28365 MiB
2026/09/05 21:06:58.907, 1, NVIDIA L40S, 96 %, 28249 MiB
2026/09/05 21:06:58.907, 2, NVIDIA L40S, 97 %, 28269 MiB
2026/09/05 21:06:58.907, 3, NVIDIA L40S, 97 %, 28503 MiB
2026/09/05 21:07:08.908, 0, NVIDIA L40S, 97 %, 28365 MiB
2026/09/05 21:07:08.908, 1, NVIDIA L40S, 88 %, 28249 MiB
2026/09/05 21:07:08.908, 2, NVIDIA L40S, 85 %, 28269 MiB
2026/09/05 21:07:08.908, 3, NVIDIA L40S, 97 %, 28503 MiB
2026/09/05 21:07:18.909, 0, NVIDIA L40S, 97 %, 28365 MiB
2026/09/05 21:07:18.909, 1, NVIDIA L40S, 94 %, 28249 MiB
2026/09/05 21:07:18.910, 2, NVIDIA L40S, 97 %, 28269 MiB
2026/09/05 21:07:18.910, 3, NVIDIA L40S, 95 %, 28503 MiB
2026/09/05 21:07:28.911, 0, NVIDIA L40S, 97 %, 28365 MiB
2026/09/05 21:07:28.911, 1, NVIDIA L40S, 95 %, 28249 MiB
2026/09/05 21:07:28.911, 2, NVIDIA L40S, 97 %, 28269 MiB
2026/09/05 21:07:28.911, 3, NVIDIA L40S, 97 %, 28503 MiB
2026/09/05 21:07:38.912, 0, NVIDIA L40S, 81 %, 28365 MiB
2026/09/05 21:07:38.912, 1, NVIDIA L40S, 96 %, 28249 MiB
2026/09/05 21:07:38.912, 2, NVIDIA L40S, 98 %, 28269 MiB
2026/09/05 21:07:38.912, 3, NVIDIA L40S, 97 %, 28503 MiB
2026/09/05 21:07:48.913, 0, NVIDIA L40S, 94 %, 28365 MiB
2026/09/05 21:07:48.913, 1, NVIDIA L40S, 97 %, 28249 MiB
2026/09/05 21:07:48.914, 2, NVIDIA L40S, 97 %, 28269 MiB
2026/09/05 21:07:48.914, 3, NVIDIA L40S, 82 %, 28503 MiB
2026/09/05 21:07:58.915, 0, NVIDIA L40S, 97 %, 28365 MiB
2026/09/05 21:07:58.915, 1, NVIDIA L40S, 97 %, 28249 MiB
2026/09/05 21:07:58.915, 2, NVIDIA L40S, 82 %, 28269 MiB
2026/09/05 21:07:58.915, 3, NVIDIA L40S, 97 %, 28503 MiB
2026/09/05 21:08:08.916, 0, NVIDIA L40S, 82 %, 28365 MiB
2026/09/05 21:08:08.916, 1, NVIDIA L40S, 94 %, 28249 MiB
2026/09/05 21:08:08.916, 2, NVIDIA L40S, 94 %, 28269 MiB
2026/09/05 21:08:08.916, 3, NVIDIA L40S, 97 %, 28503 MiB
2026/09/05 21:08:18.917, 0, NVIDIA L40S, 97 %, 28365 MiB
2026/09/05 21:08:18.917, 1, NVIDIA L40S, 96 %, 28249 MiB
2026/09/05 21:08:18.918, 2, NVIDIA L40S, 97 %, 28269 MiB
2026/09/05 21:08:18.918, 3, NVIDIA L40S, 97 %, 28503 MiB
2026/09/05 21:08:28.919, 0, NVIDIA L40S, 98 %, 28365 MiB
2026/09/05 21:08:28.919, 1, NVIDIA L40S, 83 %, 28249 MiB
2026/09/05 21:08:28.919, 2, NVIDIA L40S, 98 %, 28269 MiB
2026/09/05 21:08:28.919, 3, NVIDIA L40S, 97 %, 28503 MiB
2026/09/05 21:08:38.920, 0, NVIDIA L40S, 98 %, 28365 MiB
2026/09/05 21:08:38.920, 1, NVIDIA L40S, 97 %, 28249 MiB
2026/09/05 21:08:38.920, 2, NVIDIA L40S, 97 %, 28269 MiB
2026/09/05 21:08:38.920, 3, NVIDIA L40S, 98 %, 28503 MiB
2026/09/05 21:08:48.921, 0, NVIDIA L40S, 97 %, 28365 MiB
2026/09/05 21:08:48.922, 1, NVIDIA L40S, 97 %, 28249 MiB
2026/09/05 21:08:48.922, 2, NVIDIA L40S, 98 %, 28269 MiB
2026/09/05 21:08:48.922, 3, NVIDIA L40S, 94 %, 28503 MiB
2026/09/05 21:08:58.923, 0, NVIDIA L40S, 97 %, 28365 MiB
2026/09/05 21:08:58.923, 1, NVIDIA L40S, 0 %, 28249 MiB
2026/09/05 21:08:58.923, 2, NVIDIA L40S, 90 %, 28269 MiB
2026/09/05 21:08:58.923, 3, NVIDIA L40S, 97 %, 28503 MiB
2026/09/05 21:09:08.924, 0, NVIDIA L40S, 80 %, 28365 MiB
2026/09/05 21:09:08.924, 1, NVIDIA L40S, 0 %, 28249 MiB
2026/09/05 21:09:08.924, 2, NVIDIA L40S, 98 %, 28269 MiB
2026/09/05 21:09:08.924, 3, NVIDIA L40S, 97 %, 28503 MiB
2026/09/05 21:09:18.925, 0, NVIDIA L40S, 92 %, 28365 MiB
2026/09/05 21:09:18.925, 1, NVIDIA L40S, 0 %, 28249 MiB
2026/09/05 21:09:18.925, 2, NVIDIA L40S, 97 %, 28269 MiB
2026/09/05 21:09:18.925, 3, NVIDIA L40S, 98 %, 28503 MiB
2026/09/05 21:09:28.926, 0, NVIDIA L40S, 97 %, 28365 MiB
2026/09/05 21:09:28.926, 1, NVIDIA L40S, 0 %, 28249 MiB
2026/09/05 21:09:28.927, 2, NVIDIA L40S, 94 %, 28269 MiB
2026/09/05 21:09:28.927, 3, NVIDIA L40S, 97 %, 28503 MiB
2026/09/05 21:09:38.927, 0, NVIDIA L40S, 78 %, 28365 MiB
2026/09/05 21:09:38.928, 1, NVIDIA L40S, 0 %, 28249 MiB
2026/09/05 21:09:38.928, 2, NVIDIA L40S, 97 %, 28269 MiB
2026/09/05 21:09:38.928, 3, NVIDIA L40S, 97 %, 28503 MiB
2026/09/05 21:09:48.929, 0, NVIDIA L40S, 97 %, 28365 MiB
2026/09/05 21:09:48.929, 1, NVIDIA L40S, 0 %, 28249 MiB
2026/09/05 21:09:48.929, 2, NVIDIA L40S, 95 %, 28269 MiB
2026/09/05 21:09:48.929, 3, NVIDIA L40S, 98 %, 28503 MiB
2026/09/05 21:09:58.930, 0, NVIDIA L40S, 98 %, 28365 MiB
2026/09/05 21:09:58.930, 1, NVIDIA L40S, 0 %, 28249 MiB
2026/09/05 21:09:58.930, 2, NVIDIA L40S, 87 %, 28269 MiB
2026/09/05 21:09:58.930, 3, NVIDIA L40S, 83 %, 28503 MiB
2026/09/05 21:10:08.931, 0, NVIDIA L40S, 83 %, 28365 MiB
2026/09/05 21:10:08.931, 1, NVIDIA L40S, 0 %, 28249 MiB
2026/09/05 21:10:08.931, 2, NVIDIA L40S, 86 %, 28269 MiB
2026/09/05 21:10:08.931, 3, NVIDIA L40S, 0 %, 28503 MiB
2026/09/05 21:10:18.932, 0, NVIDIA L40S, 95 %, 28365 MiB
2026/09/05 21:10:18.932, 1, NVIDIA L40S, 0 %, 28249 MiB
2026/09/05 21:10:18.933, 2, NVIDIA L40S, 86 %, 28269 MiB
2026/09/05 21:10:18.933, 3, NVIDIA L40S, 0 %, 28503 MiB
2026/09/05 21:10:28.933, 0, NVIDIA L40S, 86 %, 28365 MiB
2026/09/05 21:10:28.934, 1, NVIDIA L40S, 0 %, 28249 MiB
2026/09/05 21:10:28.934, 2, NVIDIA L40S, 98 %, 28269 MiB
2026/09/05 21:10:28.934, 3, NVIDIA L40S, 0 %, 28503 MiB
2026/09/05 21:10:38.935, 0, NVIDIA L40S, 95 %, 28365 MiB
2026/09/05 21:10:38.935, 1, NVIDIA L40S, 0 %, 28249 MiB
2026/09/05 21:10:38.935, 2, NVIDIA L40S, 84 %, 28269 MiB
2026/09/05 21:10:38.935, 3, NVIDIA L40S, 0 %, 28503 MiB
2026/09/05 21:10:48.936, 0, NVIDIA L40S, 93 %, 28365 MiB
2026/09/05 21:10:48.936, 1, NVIDIA L40S, 0 %, 28249 MiB
2026/09/05 21:10:48.936, 2, NVIDIA L40S, 97 %, 28269 MiB
2026/09/05 21:10:48.936, 3, NVIDIA L40S, 0 %, 28503 MiB
2026/09/05 21:10:58.937, 0, NVIDIA L40S, 94 %, 28365 MiB
2026/09/05 21:10:58.937, 1, NVIDIA L40S, 0 %, 28249 MiB
2026/09/05 21:10:58.937, 2, NVIDIA L40S, 96 %, 28269 MiB
2026/09/05 21:10:58.937, 3, NVIDIA L40S, 0 %, 28503 MiB
2026/09/05 21:11:08.938, 0, NVIDIA L40S, 98 %, 28365 MiB
2026/09/05 21:11:08.939, 1, NVIDIA L40S, 0 %, 28249 MiB
2026/09/05 21:11:08.939, 2, NVIDIA L40S, 96 %, 28269 MiB
2026/09/05 21:11:08.939, 3, NVIDIA L40S, 0 %, 28503 MiB
2026/09/05 21:11:18.939, 0, NVIDIA L40S, 95 %, 28365 MiB
2026/09/05 21:11:18.940, 1, NVIDIA L40S, 0 %, 28249 MiB
2026/09/05 21:11:18.940, 2, NVIDIA L40S, 96 %, 28269 MiB
2026/09/05 21:11:18.940, 3, NVIDIA L40S, 0 %, 28503 MiB
2026/09/05 21:11:28.941, 0, NVIDIA L40S, 86 %, 28365 MiB
2026/09/05 21:11:28.941, 1, NVIDIA L40S, 0 %, 28249 MiB
2026/09/05 21:11:28.941, 2, NVIDIA L40S, 97 %, 28269 MiB
2026/09/05 21:11:28.941, 3, NVIDIA L40S, 0 %, 28503 MiB
2026/09/05 21:11:38.942, 0, NVIDIA L40S, 95 %, 28365 MiB
2026/09/05 21:11:38.942, 1, NVIDIA L40S, 0 %, 28249 MiB
2026/09/05 21:11:38.942, 2, NVIDIA L40S, 77 %, 28269 MiB
2026/09/05 21:11:38.942, 3, NVIDIA L40S, 0 %, 28503 MiB
2026/09/05 21:11:48.943, 0, NVIDIA L40S, 95 %, 28365 MiB
2026/09/05 21:11:48.943, 1, NVIDIA L40S, 0 %, 28249 MiB
2026/09/05 21:11:48.943, 2, NVIDIA L40S, 94 %, 28269 MiB
2026/09/05 21:11:48.943, 3, NVIDIA L40S, 0 %, 28503 MiB
2026/09/05 21:11:58.944, 0, NVIDIA L40S, 96 %, 28365 MiB
2026/09/05 21:11:58.944, 1, NVIDIA L40S, 0 %, 28249 MiB
2026/09/05 21:11:58.944, 2, NVIDIA L40S, 96 %, 28269 MiB
2026/09/05 21:11:58.944, 3, NVIDIA L40S, 0 %, 28503 MiB
2026/09/05 21:12:08.945, 0, NVIDIA L40S, 96 %, 28365 MiB
2026/09/05 21:12:08.945, 1, NVIDIA L40S, 0 %, 28249 MiB
2026/09/05 21:12:08.946, 2, NVIDIA L40S, 97 %, 28269 MiB
2026/09/05 21:12:08.946, 3, NVIDIA L40S, 0 %, 28503 MiB
2026/09/05 21:12:18.946, 0, NVIDIA L40S, 96 %, 28365 MiB
2026/09/05 21:12:18.947, 1, NVIDIA L40S, 0 %, 28249 MiB
2026/09/05 21:12:18.947, 2, NVIDIA L40S, 97 %, 28269 MiB
2026/09/05 21:12:18.947, 3, NVIDIA L40S, 0 %, 28503 MiB
2026/09/05 21:12:28.948, 0, NVIDIA L40S, 98 %, 28365 MiB
2026/09/05 21:12:28.948, 1, NVIDIA L40S, 0 %, 28249 MiB
2026/09/05 21:12:28.948, 2, NVIDIA L40S, 97 %, 28269 MiB
2026/09/05 21:12:28.948, 3, NVIDIA L40S, 0 %, 28503 MiB
2026/09/05 21:12:38.949, 0, NVIDIA L40S, 79 %, 28365 MiB
2026/09/05 21:12:38.949, 1, NVIDIA L40S, 0 %, 28249 MiB
2026/09/05 21:12:38.949, 2, NVIDIA L40S, 85 %, 28269 MiB
2026/09/05 21:12:38.949, 3, NVIDIA L40S, 0 %, 28503 MiB
2026/09/05 21:12:48.950, 0, NVIDIA L40S, 90 %, 28365 MiB
2026/09/05 21:12:48.950, 1, NVIDIA L40S, 0 %, 28249 MiB
2026/09/05 21:12:48.950, 2, NVIDIA L40S, 86 %, 28269 MiB
2026/09/05 21:12:48.950, 3, NVIDIA L40S, 0 %, 28503 MiB
2026/09/05 21:12:58.951, 0, NVIDIA L40S, 95 %, 28365 MiB
2026/09/05 21:12:58.951, 1, NVIDIA L40S, 0 %, 28249 MiB
2026/09/05 21:12:58.951, 2, NVIDIA L40S, 85 %, 28269 MiB
2026/09/05 21:12:58.951, 3, NVIDIA L40S, 0 %, 28503 MiB
2026/09/05 21:13:08.952, 0, NVIDIA L40S, 95 %, 28365 MiB
2026/09/05 21:13:08.952, 1, NVIDIA L40S, 0 %, 28249 MiB
2026/09/05 21:13:08.952, 2, NVIDIA L40S, 78 %, 28269 MiB
2026/09/05 21:13:08.953, 3, NVIDIA L40S, 0 %, 28503 MiB
2026/09/05 21:13:18.953, 0, NVIDIA L40S, 96 %, 28365 MiB
2026/09/05 21:13:18.954, 1, NVIDIA L40S, 0 %, 28249 MiB
2026/09/05 21:13:18.954, 2, NVIDIA L40S, 96 %, 28269 MiB
2026/09/05 21:13:18.954, 3, NVIDIA L40S, 0 %, 28503 MiB
2026/09/05 21:13:28.955, 0, NVIDIA L40S, 96 %, 28365 MiB
2026/09/05 21:13:28.955, 1, NVIDIA L40S, 0 %, 28249 MiB
2026/09/05 21:13:28.955, 2, NVIDIA L40S, 0 %, 28269 MiB
2026/09/05 21:13:28.955, 3, NVIDIA L40S, 0 %, 28503 MiB
2026/09/05 21:13:38.956, 0, NVIDIA L40S, 96 %, 28365 MiB
2026/09/05 21:13:38.956, 1, NVIDIA L40S, 0 %, 28249 MiB
2026/09/05 21:13:38.956, 2, NVIDIA L40S, 0 %, 28269 MiB
2026/09/05 21:13:38.956, 3, NVIDIA L40S, 0 %, 28503 MiB
2026/09/05 21:13:48.957, 0, NVIDIA L40S, 97 %, 28365 MiB
2026/09/05 21:13:48.957, 1, NVIDIA L40S, 0 %, 28249 MiB
2026/09/05 21:13:48.957, 2, NVIDIA L40S, 0 %, 28269 MiB
2026/09/05 21:13:48.957, 3, NVIDIA L40S, 0 %, 28503 MiB
2026/09/05 21:13:58.958, 0, NVIDIA L40S, 86 %, 28365 MiB
2026/09/05 21:13:58.958, 1, NVIDIA L40S, 0 %, 28249 MiB
2026/09/05 21:13:58.959, 2, NVIDIA L40S, 0 %, 28269 MiB
2026/09/05 21:13:58.959, 3, NVIDIA L40S, 0 %, 28503 MiB
2026/09/05 21:14:08.959, 0, NVIDIA L40S, 98 %, 28365 MiB
2026/09/05 21:14:08.960, 1, NVIDIA L40S, 0 %, 28249 MiB
2026/09/05 21:14:08.960, 2, NVIDIA L40S, 0 %, 28269 MiB
2026/09/05 21:14:08.960, 3, NVIDIA L40S, 0 %, 28503 MiB
2026/09/05 21:14:18.960, 0, NVIDIA L40S, 80 %, 28365 MiB
2026/09/05 21:14:18.961, 1, NVIDIA L40S, 0 %, 28249 MiB
2026/09/05 21:14:18.961, 2, NVIDIA L40S, 0 %, 28269 MiB
2026/09/05 21:14:18.961, 3, NVIDIA L40S, 0 %, 28503 MiB
2026/09/05 21:14:28.962, 0, NVIDIA L40S, 84 %, 28365 MiB
2026/09/05 21:14:28.962, 1, NVIDIA L40S, 0 %, 28249 MiB
2026/09/05 21:14:28.962, 2, NVIDIA L40S, 0 %, 28269 MiB
2026/09/05 21:14:28.962, 3, NVIDIA L40S, 0 %, 28503 MiB
2026/09/05 21:14:38.963, 0, NVIDIA L40S, 89 %, 28365 MiB
2026/09/05 21:14:38.963, 1, NVIDIA L40S, 0 %, 28249 MiB
2026/09/05 21:14:38.963, 2, NVIDIA L40S, 0 %, 28269 MiB
2026/09/05 21:14:38.963, 3, NVIDIA L40S, 0 %, 28503 MiB
2026/09/05 21:14:48.964, 0, NVIDIA L40S, 95 %, 28415 MiB
2026/09/05 21:14:48.964, 1, NVIDIA L40S, 0 %, 28299 MiB
2026/09/05 21:14:48.964, 2, NVIDIA L40S, 0 %, 28319 MiB
2026/09/05 21:14:48.964, 3, NVIDIA L40S, 0 %, 28553 MiB
2026/09/05 21:14:58.965, 0, NVIDIA L40S, 0 %, 21 MiB
2026/09/05 21:14:58.965, 1, NVIDIA L40S, 0 %, 21 MiB
2026/09/05 21:14:58.970, 2, NVIDIA L40S, 0 %, 21 MiB
2026/09/05 21:14:58.971, 3, NVIDIA L40S, 0 %, 3 MiB
2026/09/05 21:15:08.973, 0, NVIDIA L40S, 12 %, 26239 MiB
2026/09/05 21:15:08.973, 1, NVIDIA L40S, 23 %, 27143 MiB
2026/09/05 21:15:08.973, 2, NVIDIA L40S, 15 %, 25123 MiB
2026/09/05 21:15:08.974, 3, NVIDIA L40S, 15 %, 25011 MiB
2026/09/05 21:15:18.974, 0, NVIDIA L40S, 97 %, 27361 MiB
2026/09/05 21:15:18.974, 1, NVIDIA L40S, 85 %, 27561 MiB
2026/09/05 21:15:18.974, 2, NVIDIA L40S, 84 %, 27709 MiB
2026/09/05 21:15:18.974, 3, NVIDIA L40S, 96 %, 27467 MiB
2026/09/05 21:15:28.975, 0, NVIDIA L40S, 96 %, 27435 MiB
2026/09/05 21:15:28.975, 1, NVIDIA L40S, 96 %, 27737 MiB
2026/09/05 21:15:28.975, 2, NVIDIA L40S, 97 %, 27757 MiB
2026/09/05 21:15:28.976, 3, NVIDIA L40S, 86 %, 27467 MiB
2026/09/05 21:15:38.976, 0, NVIDIA L40S, 99 %, 27461 MiB
2026/09/05 21:15:38.977, 1, NVIDIA L40S, 96 %, 27737 MiB
2026/09/05 21:15:38.977, 2, NVIDIA L40S, 97 %, 27757 MiB
2026/09/05 21:15:38.977, 3, NVIDIA L40S, 95 %, 27469 MiB
2026/09/05 21:15:48.977, 0, NVIDIA L40S, 97 %, 27589 MiB
2026/09/05 21:15:48.978, 1, NVIDIA L40S, 97 %, 27737 MiB
2026/09/05 21:15:48.978, 2, NVIDIA L40S, 97 %, 27757 MiB
2026/09/05 21:15:48.978, 3, NVIDIA L40S, 84 %, 27529 MiB
2026/09/05 21:15:58.979, 0, NVIDIA L40S, 97 %, 27589 MiB
2026/09/05 21:15:58.979, 1, NVIDIA L40S, 82 %, 27737 MiB
2026/09/05 21:15:58.979, 2, NVIDIA L40S, 84 %, 27757 MiB
2026/09/05 21:15:58.979, 3, NVIDIA L40S, 93 %, 27529 MiB
2026/09/05 21:16:08.980, 0, NVIDIA L40S, 97 %, 27589 MiB
2026/09/05 21:16:08.980, 1, NVIDIA L40S, 96 %, 27737 MiB
2026/09/05 21:16:08.980, 2, NVIDIA L40S, 97 %, 27759 MiB
2026/09/05 21:16:08.980, 3, NVIDIA L40S, 94 %, 27529 MiB
2026/09/05 21:16:18.981, 0, NVIDIA L40S, 97 %, 27589 MiB
2026/09/05 21:16:18.981, 1, NVIDIA L40S, 86 %, 27737 MiB
2026/09/05 21:16:18.981, 2, NVIDIA L40S, 97 %, 27759 MiB
2026/09/05 21:16:18.981, 3, NVIDIA L40S, 93 %, 27529 MiB
2026/09/05 21:16:28.982, 0, NVIDIA L40S, 97 %, 27589 MiB
2026/09/05 21:16:28.982, 1, NVIDIA L40S, 96 %, 27757 MiB
2026/09/05 21:16:28.982, 2, NVIDIA L40S, 94 %, 27759 MiB
2026/09/05 21:16:28.982, 3, NVIDIA L40S, 96 %, 27529 MiB
2026/09/05 21:16:38.983, 0, NVIDIA L40S, 97 %, 27809 MiB
2026/09/05 21:16:38.983, 1, NVIDIA L40S, 98 %, 27757 MiB
2026/09/05 21:16:38.983, 2, NVIDIA L40S, 98 %, 27759 MiB
2026/09/05 21:16:38.983, 3, NVIDIA L40S, 93 %, 27531 MiB
2026/09/05 21:16:48.984, 0, NVIDIA L40S, 99 %, 27899 MiB
2026/09/05 21:16:48.984, 1, NVIDIA L40S, 96 %, 27757 MiB
2026/09/05 21:16:48.984, 2, NVIDIA L40S, 93 %, 27799 MiB
2026/09/05 21:16:48.984, 3, NVIDIA L40S, 95 %, 27591 MiB
2026/09/05 21:16:58.985, 0, NVIDIA L40S, 91 %, 27917 MiB
2026/09/05 21:16:58.985, 1, NVIDIA L40S, 98 %, 27757 MiB
2026/09/05 21:16:58.985, 2, NVIDIA L40S, 97 %, 27799 MiB
2026/09/05 21:16:58.985, 3, NVIDIA L40S, 96 %, 27591 MiB
2026/09/05 21:17:08.986, 0, NVIDIA L40S, 94 %, 28327 MiB
2026/09/05 21:17:08.986, 1, NVIDIA L40S, 89 %, 27919 MiB
2026/09/05 21:17:08.986, 2, NVIDIA L40S, 97 %, 27799 MiB
2026/09/05 21:17:08.986, 3, NVIDIA L40S, 96 %, 27591 MiB
2026/09/05 21:17:18.987, 0, NVIDIA L40S, 96 %, 28327 MiB
2026/09/05 21:17:18.987, 1, NVIDIA L40S, 95 %, 28245 MiB
2026/09/05 21:17:18.987, 2, NVIDIA L40S, 94 %, 27799 MiB
2026/09/05 21:17:18.988, 3, NVIDIA L40S, 96 %, 27591 MiB
2026/09/05 21:17:28.988, 0, NVIDIA L40S, 97 %, 28327 MiB
2026/09/05 21:17:28.988, 1, NVIDIA L40S, 96 %, 28245 MiB
2026/09/05 21:17:28.989, 2, NVIDIA L40S, 97 %, 27799 MiB
2026/09/05 21:17:28.989, 3, NVIDIA L40S, 97 %, 27591 MiB
2026/09/05 21:17:38.989, 0, NVIDIA L40S, 97 %, 28327 MiB
2026/09/05 21:17:38.990, 1, NVIDIA L40S, 97 %, 28245 MiB
2026/09/05 21:17:38.990, 2, NVIDIA L40S, 94 %, 27799 MiB
2026/09/05 21:17:38.990, 3, NVIDIA L40S, 95 %, 27831 MiB
2026/09/05 21:17:48.990, 0, NVIDIA L40S, 97 %, 28327 MiB
2026/09/05 21:17:48.991, 1, NVIDIA L40S, 97 %, 28245 MiB
2026/09/05 21:17:48.991, 2, NVIDIA L40S, 87 %, 27799 MiB
2026/09/05 21:17:48.991, 3, NVIDIA L40S, 84 %, 27831 MiB
2026/09/05 21:17:58.991, 0, NVIDIA L40S, 97 %, 28327 MiB
2026/09/05 21:17:58.992, 1, NVIDIA L40S, 97 %, 28245 MiB
2026/09/05 21:17:58.992, 2, NVIDIA L40S, 98 %, 27911 MiB
2026/09/05 21:17:58.992, 3, NVIDIA L40S, 81 %, 27831 MiB
2026/09/05 21:18:08.993, 0, NVIDIA L40S, 92 %, 28327 MiB
2026/09/05 21:18:08.993, 1, NVIDIA L40S, 97 %, 28245 MiB
2026/09/05 21:18:08.993, 2, NVIDIA L40S, 98 %, 27911 MiB
2026/09/05 21:18:08.993, 3, NVIDIA L40S, 96 %, 27831 MiB
2026/09/05 21:18:18.994, 0, NVIDIA L40S, 98 %, 28327 MiB
2026/09/05 21:18:18.994, 1, NVIDIA L40S, 98 %, 28245 MiB
2026/09/05 21:18:18.994, 2, NVIDIA L40S, 83 %, 27911 MiB
2026/09/05 21:18:18.994, 3, NVIDIA L40S, 96 %, 27891 MiB
2026/09/05 21:18:28.995, 0, NVIDIA L40S, 86 %, 28327 MiB
2026/09/05 21:18:28.995, 1, NVIDIA L40S, 96 %, 28245 MiB
2026/09/05 21:18:28.995, 2, NVIDIA L40S, 94 %, 27911 MiB
2026/09/05 21:18:28.995, 3, NVIDIA L40S, 97 %, 28323 MiB
2026/09/05 21:18:38.996, 0, NVIDIA L40S, 96 %, 28327 MiB
2026/09/05 21:18:38.996, 1, NVIDIA L40S, 97 %, 28245 MiB
2026/09/05 21:18:38.996, 2, NVIDIA L40S, 97 %, 27911 MiB
2026/09/05 21:18:38.996, 3, NVIDIA L40S, 95 %, 28323 MiB
2026/09/05 21:18:48.997, 0, NVIDIA L40S, 94 %, 28359 MiB
2026/09/05 21:18:48.997, 1, NVIDIA L40S, 98 %, 28245 MiB
2026/09/05 21:18:48.997, 2, NVIDIA L40S, 97 %, 27911 MiB
2026/09/05 21:18:48.998, 3, NVIDIA L40S, 97 %, 28323 MiB
2026/09/05 21:18:58.998, 0, NVIDIA L40S, 94 %, 28359 MiB
2026/09/05 21:18:58.999, 1, NVIDIA L40S, 80 %, 28245 MiB
2026/09/05 21:18:58.999, 2, NVIDIA L40S, 98 %, 27911 MiB
2026/09/05 21:18:58.999, 3, NVIDIA L40S, 96 %, 28323 MiB
2026/09/05 21:19:08.999, 0, NVIDIA L40S, 77 %, 28359 MiB
2026/09/05 21:19:09.000, 1, NVIDIA L40S, 87 %, 28245 MiB
2026/09/05 21:19:09.000, 2, NVIDIA L40S, 97 %, 27911 MiB
2026/09/05 21:19:09.000, 3, NVIDIA L40S, 97 %, 28323 MiB
2026/09/05 21:19:19.001, 0, NVIDIA L40S, 97 %, 28359 MiB
2026/09/05 21:19:19.001, 1, NVIDIA L40S, 96 %, 28245 MiB
2026/09/05 21:19:19.001, 2, NVIDIA L40S, 97 %, 27911 MiB
2026/09/05 21:19:19.001, 3, NVIDIA L40S, 97 %, 28323 MiB
2026/09/05 21:19:29.002, 0, NVIDIA L40S, 79 %, 28359 MiB
2026/09/05 21:19:29.002, 1, NVIDIA L40S, 96 %, 28245 MiB
2026/09/05 21:19:29.002, 2, NVIDIA L40S, 97 %, 27911 MiB
2026/09/05 21:19:29.002, 3, NVIDIA L40S, 98 %, 28323 MiB
2026/09/05 21:19:39.003, 0, NVIDIA L40S, 96 %, 28359 MiB
2026/09/05 21:19:39.003, 1, NVIDIA L40S, 97 %, 28245 MiB
2026/09/05 21:19:39.003, 2, NVIDIA L40S, 97 %, 27911 MiB
2026/09/05 21:19:39.003, 3, NVIDIA L40S, 82 %, 28323 MiB
2026/09/05 21:19:49.004, 0, NVIDIA L40S, 96 %, 28359 MiB
2026/09/05 21:19:49.004, 1, NVIDIA L40S, 97 %, 28245 MiB
2026/09/05 21:19:49.004, 2, NVIDIA L40S, 87 %, 27911 MiB
2026/09/05 21:19:49.004, 3, NVIDIA L40S, 93 %, 28323 MiB
2026/09/05 21:19:59.005, 0, NVIDIA L40S, 82 %, 28359 MiB
2026/09/05 21:19:59.005, 1, NVIDIA L40S, 97 %, 28245 MiB
2026/09/05 21:19:59.005, 2, NVIDIA L40S, 96 %, 27953 MiB
2026/09/05 21:19:59.005, 3, NVIDIA L40S, 96 %, 28493 MiB
2026/09/05 21:20:09.006, 0, NVIDIA L40S, 94 %, 28359 MiB
2026/09/05 21:20:09.006, 1, NVIDIA L40S, 97 %, 28245 MiB
2026/09/05 21:20:09.006, 2, NVIDIA L40S, 97 %, 27953 MiB
2026/09/05 21:20:09.006, 3, NVIDIA L40S, 96 %, 28493 MiB
2026/09/05 21:20:19.007, 0, NVIDIA L40S, 97 %, 28361 MiB
2026/09/05 21:20:19.007, 1, NVIDIA L40S, 98 %, 28245 MiB
2026/09/05 21:20:19.007, 2, NVIDIA L40S, 97 %, 27953 MiB
2026/09/05 21:20:19.007, 3, NVIDIA L40S, 78 %, 28493 MiB
2026/09/05 21:20:29.008, 0, NVIDIA L40S, 84 %, 28361 MiB
2026/09/05 21:20:29.008, 1, NVIDIA L40S, 96 %, 28245 MiB
2026/09/05 21:20:29.008, 2, NVIDIA L40S, 97 %, 27953 MiB
2026/09/05 21:20:29.008, 3, NVIDIA L40S, 95 %, 28493 MiB
2026/09/05 21:20:39.009, 0, NVIDIA L40S, 96 %, 28361 MiB
2026/09/05 21:20:39.009, 1, NVIDIA L40S, 81 %, 28245 MiB
2026/09/05 21:20:39.009, 2, NVIDIA L40S, 97 %, 27953 MiB
2026/09/05 21:20:39.010, 3, NVIDIA L40S, 94 %, 28493 MiB
2026/09/05 21:20:49.010, 0, NVIDIA L40S, 84 %, 28361 MiB
2026/09/05 21:20:49.010, 1, NVIDIA L40S, 97 %, 28247 MiB
2026/09/05 21:20:49.011, 2, NVIDIA L40S, 98 %, 27953 MiB
2026/09/05 21:20:49.011, 3, NVIDIA L40S, 96 %, 28493 MiB
2026/09/05 21:20:59.011, 0, NVIDIA L40S, 76 %, 28361 MiB
2026/09/05 21:20:59.012, 1, NVIDIA L40S, 94 %, 28247 MiB
2026/09/05 21:20:59.012, 2, NVIDIA L40S, 97 %, 27953 MiB
2026/09/05 21:20:59.012, 3, NVIDIA L40S, 97 %, 28493 MiB
2026/09/05 21:21:09.012, 0, NVIDIA L40S, 97 %, 28361 MiB
2026/09/05 21:21:09.013, 1, NVIDIA L40S, 97 %, 28247 MiB
2026/09/05 21:21:09.013, 2, NVIDIA L40S, 86 %, 27953 MiB
2026/09/05 21:21:09.013, 3, NVIDIA L40S, 86 %, 28493 MiB
2026/09/05 21:21:19.014, 0, NVIDIA L40S, 97 %, 28361 MiB
2026/09/05 21:21:19.014, 1, NVIDIA L40S, 97 %, 28247 MiB
2026/09/05 21:21:19.014, 2, NVIDIA L40S, 89 %, 27953 MiB
2026/09/05 21:21:19.014, 3, NVIDIA L40S, 95 %, 28493 MiB
2026/09/05 21:21:29.015, 0, NVIDIA L40S, 98 %, 28361 MiB
2026/09/05 21:21:29.015, 1, NVIDIA L40S, 96 %, 28247 MiB
2026/09/05 21:21:29.015, 2, NVIDIA L40S, 94 %, 28269 MiB
2026/09/05 21:21:29.015, 3, NVIDIA L40S, 79 %, 28493 MiB
2026/09/05 21:21:39.016, 0, NVIDIA L40S, 96 %, 28361 MiB
2026/09/05 21:21:39.016, 1, NVIDIA L40S, 96 %, 28251 MiB
2026/09/05 21:21:39.016, 2, NVIDIA L40S, 97 %, 28269 MiB
2026/09/05 21:21:39.016, 3, NVIDIA L40S, 96 %, 28493 MiB
2026/09/05 21:21:49.017, 0, NVIDIA L40S, 86 %, 28361 MiB
2026/09/05 21:21:49.017, 1, NVIDIA L40S, 84 %, 28251 MiB
2026/09/05 21:21:49.017, 2, NVIDIA L40S, 97 %, 28269 MiB
2026/09/05 21:21:49.017, 3, NVIDIA L40S, 95 %, 28493 MiB
2026/09/05 21:21:59.018, 0, NVIDIA L40S, 96 %, 28361 MiB
2026/09/05 21:21:59.018, 1, NVIDIA L40S, 98 %, 28251 MiB
2026/09/05 21:21:59.018, 2, NVIDIA L40S, 98 %, 28269 MiB
2026/09/05 21:21:59.018, 3, NVIDIA L40S, 93 %, 28493 MiB
2026/09/05 21:22:09.019, 0, NVIDIA L40S, 99 %, 28361 MiB
2026/09/05 21:22:09.019, 1, NVIDIA L40S, 96 %, 28251 MiB
2026/09/05 21:22:09.019, 2, NVIDIA L40S, 97 %, 28269 MiB
2026/09/05 21:22:09.019, 3, NVIDIA L40S, 80 %, 28493 MiB
2026/09/05 21:22:19.020, 0, NVIDIA L40S, 96 %, 28361 MiB
2026/09/05 21:22:19.020, 1, NVIDIA L40S, 97 %, 28251 MiB
2026/09/05 21:22:19.020, 2, NVIDIA L40S, 97 %, 28269 MiB
2026/09/05 21:22:19.020, 3, NVIDIA L40S, 95 %, 28493 MiB
2026/09/05 21:22:29.021, 0, NVIDIA L40S, 97 %, 28361 MiB
2026/09/05 21:22:29.021, 1, NVIDIA L40S, 97 %, 28251 MiB
2026/09/05 21:22:29.021, 2, NVIDIA L40S, 98 %, 28269 MiB
2026/09/05 21:22:29.021, 3, NVIDIA L40S, 96 %, 28493 MiB
2026/09/05 21:22:39.022, 0, NVIDIA L40S, 80 %, 28361 MiB
2026/09/05 21:22:39.022, 1, NVIDIA L40S, 97 %, 28251 MiB
2026/09/05 21:22:39.022, 2, NVIDIA L40S, 83 %, 28269 MiB
2026/09/05 21:22:39.022, 3, NVIDIA L40S, 94 %, 28493 MiB
2026/09/05 21:22:49.023, 0, NVIDIA L40S, 96 %, 28361 MiB
2026/09/05 21:22:49.023, 1, NVIDIA L40S, 98 %, 28251 MiB
2026/09/05 21:22:49.023, 2, NVIDIA L40S, 97 %, 28269 MiB
2026/09/05 21:22:49.024, 3, NVIDIA L40S, 95 %, 28493 MiB
2026/09/05 21:22:59.024, 0, NVIDIA L40S, 97 %, 28361 MiB
2026/09/05 21:22:59.024, 1, NVIDIA L40S, 94 %, 28251 MiB
2026/09/05 21:22:59.025, 2, NVIDIA L40S, 97 %, 28269 MiB
2026/09/05 21:22:59.025, 3, NVIDIA L40S, 97 %, 28493 MiB
2026/09/05 21:23:09.025, 0, NVIDIA L40S, 79 %, 28361 MiB
2026/09/05 21:23:09.026, 1, NVIDIA L40S, 96 %, 28251 MiB
2026/09/05 21:23:09.026, 2, NVIDIA L40S, 81 %, 28269 MiB
2026/09/05 21:23:09.026, 3, NVIDIA L40S, 86 %, 28493 MiB
2026/09/05 21:23:19.026, 0, NVIDIA L40S, 96 %, 28361 MiB
2026/09/05 21:23:19.027, 1, NVIDIA L40S, 97 %, 28251 MiB
2026/09/05 21:23:19.027, 2, NVIDIA L40S, 97 %, 28269 MiB
2026/09/05 21:23:19.027, 3, NVIDIA L40S, 96 %, 28493 MiB
2026/09/05 21:23:29.027, 0, NVIDIA L40S, 97 %, 28361 MiB
2026/09/05 21:23:29.028, 1, NVIDIA L40S, 97 %, 28251 MiB
2026/09/05 21:23:29.028, 2, NVIDIA L40S, 97 %, 28269 MiB
2026/09/05 21:23:29.028, 3, NVIDIA L40S, 95 %, 28493 MiB
2026/09/05 21:23:39.029, 0, NVIDIA L40S, 84 %, 28361 MiB
2026/09/05 21:23:39.029, 1, NVIDIA L40S, 96 %, 28251 MiB
2026/09/05 21:23:39.029, 2, NVIDIA L40S, 82 %, 28269 MiB
2026/09/05 21:23:39.029, 3, NVIDIA L40S, 96 %, 28493 MiB
2026/09/05 21:23:49.030, 0, NVIDIA L40S, 94 %, 28361 MiB
2026/09/05 21:23:49.030, 1, NVIDIA L40S, 85 %, 28251 MiB
2026/09/05 21:23:49.030, 2, NVIDIA L40S, 96 %, 28269 MiB
2026/09/05 21:23:49.030, 3, NVIDIA L40S, 97 %, 28493 MiB
2026/09/05 21:23:59.031, 0, NVIDIA L40S, 96 %, 28361 MiB
2026/09/05 21:23:59.031, 1, NVIDIA L40S, 76 %, 28251 MiB
2026/09/05 21:23:59.031, 2, NVIDIA L40S, 97 %, 28269 MiB
2026/09/05 21:23:59.031, 3, NVIDIA L40S, 97 %, 28493 MiB
2026/09/05 21:24:09.032, 0, NVIDIA L40S, 97 %, 28361 MiB
2026/09/05 21:24:09.032, 1, NVIDIA L40S, 96 %, 28251 MiB
2026/09/05 21:24:09.032, 2, NVIDIA L40S, 98 %, 28269 MiB
2026/09/05 21:24:09.032, 3, NVIDIA L40S, 97 %, 28493 MiB
2026/09/05 21:24:19.033, 0, NVIDIA L40S, 97 %, 28361 MiB
2026/09/05 21:24:19.033, 1, NVIDIA L40S, 76 %, 28251 MiB
2026/09/05 21:24:19.033, 2, NVIDIA L40S, 94 %, 28269 MiB
2026/09/05 21:24:19.033, 3, NVIDIA L40S, 98 %, 28493 MiB
2026/09/05 21:24:29.034, 0, NVIDIA L40S, 98 %, 28361 MiB
2026/09/05 21:24:29.034, 1, NVIDIA L40S, 97 %, 28251 MiB
2026/09/05 21:24:29.034, 2, NVIDIA L40S, 97 %, 28269 MiB
2026/09/05 21:24:29.034, 3, NVIDIA L40S, 98 %, 28493 MiB
2026/09/05 21:24:39.035, 0, NVIDIA L40S, 98 %, 28361 MiB
2026/09/05 21:24:39.035, 1, NVIDIA L40S, 84 %, 28251 MiB
2026/09/05 21:24:39.035, 2, NVIDIA L40S, 97 %, 28269 MiB
2026/09/05 21:24:39.035, 3, NVIDIA L40S, 86 %, 28493 MiB
2026/09/05 21:24:49.036, 0, NVIDIA L40S, 85 %, 28361 MiB
2026/09/05 21:24:49.036, 1, NVIDIA L40S, 97 %, 28251 MiB
2026/09/05 21:24:49.036, 2, NVIDIA L40S, 98 %, 28269 MiB
2026/09/05 21:24:49.037, 3, NVIDIA L40S, 94 %, 28493 MiB
2026/09/05 21:24:59.037, 0, NVIDIA L40S, 94 %, 28363 MiB
2026/09/05 21:24:59.038, 1, NVIDIA L40S, 93 %, 28251 MiB
2026/09/05 21:24:59.038, 2, NVIDIA L40S, 87 %, 28269 MiB
2026/09/05 21:24:59.038, 3, NVIDIA L40S, 96 %, 28493 MiB
2026/09/05 21:25:09.039, 0, NVIDIA L40S, 97 %, 28363 MiB
2026/09/05 21:25:09.039, 1, NVIDIA L40S, 95 %, 28251 MiB
2026/09/05 21:25:09.039, 2, NVIDIA L40S, 94 %, 28269 MiB
2026/09/05 21:25:09.039, 3, NVIDIA L40S, 78 %, 28493 MiB
2026/09/05 21:25:19.040, 0, NVIDIA L40S, 82 %, 28363 MiB
2026/09/05 21:25:19.040, 1, NVIDIA L40S, 96 %, 28251 MiB
2026/09/05 21:25:19.041, 2, NVIDIA L40S, 96 %, 28269 MiB
2026/09/05 21:25:19.041, 3, NVIDIA L40S, 96 %, 28493 MiB
2026/09/05 21:25:29.042, 0, NVIDIA L40S, 97 %, 28363 MiB
2026/09/05 21:25:29.042, 1, NVIDIA L40S, 96 %, 28251 MiB
2026/09/05 21:25:29.042, 2, NVIDIA L40S, 97 %, 28269 MiB
2026/09/05 21:25:29.042, 3, NVIDIA L40S, 84 %, 28493 MiB
2026/09/05 21:25:39.043, 0, NVIDIA L40S, 97 %, 28363 MiB
2026/09/05 21:25:39.043, 1, NVIDIA L40S, 77 %, 28251 MiB
2026/09/05 21:25:39.043, 2, NVIDIA L40S, 98 %, 28269 MiB
2026/09/05 21:25:39.043, 3, NVIDIA L40S, 81 %, 28493 MiB
2026/09/05 21:25:49.044, 0, NVIDIA L40S, 95 %, 28363 MiB
2026/09/05 21:25:49.044, 1, NVIDIA L40S, 96 %, 28251 MiB
2026/09/05 21:25:49.045, 2, NVIDIA L40S, 97 %, 28269 MiB
2026/09/05 21:25:49.045, 3, NVIDIA L40S, 94 %, 28493 MiB
2026/09/05 21:25:59.045, 0, NVIDIA L40S, 96 %, 28363 MiB
2026/09/05 21:25:59.046, 1, NVIDIA L40S, 84 %, 28251 MiB
2026/09/05 21:25:59.046, 2, NVIDIA L40S, 98 %, 28269 MiB
2026/09/05 21:25:59.046, 3, NVIDIA L40S, 80 %, 28493 MiB
2026/09/05 21:26:09.047, 0, NVIDIA L40S, 97 %, 28363 MiB
2026/09/05 21:26:09.047, 1, NVIDIA L40S, 96 %, 28251 MiB
2026/09/05 21:26:09.047, 2, NVIDIA L40S, 97 %, 28269 MiB
2026/09/05 21:26:09.047, 3, NVIDIA L40S, 97 %, 28493 MiB
2026/09/05 21:26:19.048, 0, NVIDIA L40S, 98 %, 28363 MiB
2026/09/05 21:26:19.048, 1, NVIDIA L40S, 96 %, 28251 MiB
2026/09/05 21:26:19.048, 2, NVIDIA L40S, 98 %, 28269 MiB
2026/09/05 21:26:19.048, 3, NVIDIA L40S, 94 %, 28501 MiB
2026/09/05 21:26:29.049, 0, NVIDIA L40S, 90 %, 28363 MiB
2026/09/05 21:26:29.050, 1, NVIDIA L40S, 80 %, 28251 MiB
2026/09/05 21:26:29.050, 2, NVIDIA L40S, 97 %, 28269 MiB
2026/09/05 21:26:29.050, 3, NVIDIA L40S, 94 %, 28501 MiB
2026/09/05 21:26:39.051, 0, NVIDIA L40S, 96 %, 28363 MiB
2026/09/05 21:26:39.051, 1, NVIDIA L40S, 96 %, 28251 MiB
2026/09/05 21:26:39.051, 2, NVIDIA L40S, 86 %, 28269 MiB
2026/09/05 21:26:39.051, 3, NVIDIA L40S, 97 %, 28501 MiB
2026/09/05 21:26:49.052, 0, NVIDIA L40S, 96 %, 28363 MiB
2026/09/05 21:26:49.052, 1, NVIDIA L40S, 96 %, 28251 MiB
2026/09/05 21:26:49.052, 2, NVIDIA L40S, 97 %, 28269 MiB
2026/09/05 21:26:49.052, 3, NVIDIA L40S, 82 %, 28501 MiB
2026/09/05 21:26:59.053, 0, NVIDIA L40S, 97 %, 28363 MiB
2026/09/05 21:26:59.053, 1, NVIDIA L40S, 88 %, 28251 MiB
2026/09/05 21:26:59.053, 2, NVIDIA L40S, 84 %, 28269 MiB
2026/09/05 21:26:59.053, 3, NVIDIA L40S, 95 %, 28501 MiB
2026/09/05 21:27:09.054, 0, NVIDIA L40S, 98 %, 28363 MiB
2026/09/05 21:27:09.054, 1, NVIDIA L40S, 94 %, 28251 MiB
2026/09/05 21:27:09.054, 2, NVIDIA L40S, 98 %, 28269 MiB
2026/09/05 21:27:09.054, 3, NVIDIA L40S, 94 %, 28501 MiB
2026/09/05 21:27:19.055, 0, NVIDIA L40S, 97 %, 28363 MiB
2026/09/05 21:27:19.055, 1, NVIDIA L40S, 96 %, 28251 MiB
2026/09/05 21:27:19.056, 2, NVIDIA L40S, 98 %, 28269 MiB
2026/09/05 21:27:19.056, 3, NVIDIA L40S, 93 %, 28501 MiB
2026/09/05 21:27:29.056, 0, NVIDIA L40S, 98 %, 28363 MiB
2026/09/05 21:27:29.057, 1, NVIDIA L40S, 97 %, 28251 MiB
2026/09/05 21:27:29.057, 2, NVIDIA L40S, 84 %, 28269 MiB
2026/09/05 21:27:29.057, 3, NVIDIA L40S, 95 %, 28501 MiB
2026/09/05 21:27:39.058, 0, NVIDIA L40S, 88 %, 28363 MiB
2026/09/05 21:27:39.058, 1, NVIDIA L40S, 97 %, 28251 MiB
2026/09/05 21:27:39.058, 2, NVIDIA L40S, 97 %, 28269 MiB
2026/09/05 21:27:39.058, 3, NVIDIA L40S, 96 %, 28501 MiB
2026/09/05 21:27:49.059, 0, NVIDIA L40S, 95 %, 28363 MiB
2026/09/05 21:27:49.059, 1, NVIDIA L40S, 97 %, 28251 MiB
2026/09/05 21:27:49.059, 2, NVIDIA L40S, 86 %, 28269 MiB
2026/09/05 21:27:49.059, 3, NVIDIA L40S, 97 %, 28501 MiB
2026/09/05 21:27:59.060, 0, NVIDIA L40S, 96 %, 28363 MiB
2026/09/05 21:27:59.060, 1, NVIDIA L40S, 94 %, 28251 MiB
2026/09/05 21:27:59.060, 2, NVIDIA L40S, 94 %, 28269 MiB
2026/09/05 21:27:59.060, 3, NVIDIA L40S, 92 %, 28501 MiB
2026/09/05 21:28:09.061, 0, NVIDIA L40S, 96 %, 28363 MiB
2026/09/05 21:28:09.061, 1, NVIDIA L40S, 96 %, 28251 MiB
2026/09/05 21:28:09.061, 2, NVIDIA L40S, 97 %, 28269 MiB
2026/09/05 21:28:09.061, 3, NVIDIA L40S, 95 %, 28501 MiB
2026/09/05 21:28:19.062, 0, NVIDIA L40S, 97 %, 28363 MiB
2026/09/05 21:28:19.062, 1, NVIDIA L40S, 86 %, 28251 MiB
2026/09/05 21:28:19.062, 2, NVIDIA L40S, 98 %, 28269 MiB
2026/09/05 21:28:19.062, 3, NVIDIA L40S, 93 %, 28501 MiB
2026/09/05 21:28:29.063, 0, NVIDIA L40S, 96 %, 28363 MiB
2026/09/05 21:28:29.063, 1, NVIDIA L40S, 97 %, 28251 MiB
2026/09/05 21:28:29.063, 2, NVIDIA L40S, 98 %, 28269 MiB
2026/09/05 21:28:29.063, 3, NVIDIA L40S, 95 %, 28501 MiB
2026/09/05 21:28:39.064, 0, NVIDIA L40S, 97 %, 28363 MiB
2026/09/05 21:28:39.064, 1, NVIDIA L40S, 96 %, 28251 MiB
2026/09/05 21:28:39.064, 2, NVIDIA L40S, 81 %, 28269 MiB
2026/09/05 21:28:39.065, 3, NVIDIA L40S, 98 %, 28501 MiB
2026/09/05 21:28:49.066, 0, NVIDIA L40S, 87 %, 28363 MiB
2026/09/05 21:28:49.066, 1, NVIDIA L40S, 0 %, 28251 MiB
2026/09/05 21:28:49.066, 2, NVIDIA L40S, 97 %, 28269 MiB
2026/09/05 21:28:49.066, 3, NVIDIA L40S, 91 %, 28501 MiB
2026/09/05 21:28:59.067, 0, NVIDIA L40S, 98 %, 28363 MiB
2026/09/05 21:28:59.067, 1, NVIDIA L40S, 0 %, 28251 MiB
2026/09/05 21:28:59.067, 2, NVIDIA L40S, 97 %, 28269 MiB
2026/09/05 21:28:59.067, 3, NVIDIA L40S, 89 %, 28501 MiB
2026/09/05 21:29:09.068, 0, NVIDIA L40S, 89 %, 28363 MiB
2026/09/05 21:29:09.069, 1, NVIDIA L40S, 0 %, 28251 MiB
2026/09/05 21:29:09.069, 2, NVIDIA L40S, 97 %, 28269 MiB
2026/09/05 21:29:09.069, 3, NVIDIA L40S, 94 %, 28501 MiB
2026/09/05 21:29:19.070, 0, NVIDIA L40S, 94 %, 28363 MiB
2026/09/05 21:29:19.070, 1, NVIDIA L40S, 0 %, 28251 MiB
2026/09/05 21:29:19.070, 2, NVIDIA L40S, 97 %, 28269 MiB
2026/09/05 21:29:19.070, 3, NVIDIA L40S, 94 %, 28501 MiB
2026/09/05 21:29:29.071, 0, NVIDIA L40S, 98 %, 28363 MiB
2026/09/05 21:29:29.071, 1, NVIDIA L40S, 0 %, 28251 MiB
2026/09/05 21:29:29.071, 2, NVIDIA L40S, 84 %, 28269 MiB
2026/09/05 21:29:29.072, 3, NVIDIA L40S, 95 %, 28501 MiB
2026/09/05 21:29:39.073, 0, NVIDIA L40S, 95 %, 28363 MiB
2026/09/05 21:29:39.073, 1, NVIDIA L40S, 0 %, 28251 MiB
2026/09/05 21:29:39.073, 2, NVIDIA L40S, 96 %, 28269 MiB
2026/09/05 21:29:39.073, 3, NVIDIA L40S, 96 %, 28501 MiB
2026/09/05 21:29:49.074, 0, NVIDIA L40S, 97 %, 28363 MiB
2026/09/05 21:29:49.074, 1, NVIDIA L40S, 0 %, 28251 MiB
2026/09/05 21:29:49.074, 2, NVIDIA L40S, 98 %, 28269 MiB
2026/09/05 21:29:49.074, 3, NVIDIA L40S, 98 %, 28501 MiB
2026/09/05 21:29:59.075, 0, NVIDIA L40S, 80 %, 28363 MiB
2026/09/05 21:29:59.075, 1, NVIDIA L40S, 0 %, 28251 MiB
2026/09/05 21:29:59.075, 2, NVIDIA L40S, 98 %, 28269 MiB
2026/09/05 21:29:59.075, 3, NVIDIA L40S, 84 %, 28501 MiB
2026/09/05 21:30:09.076, 0, NVIDIA L40S, 96 %, 28363 MiB
2026/09/05 21:30:09.076, 1, NVIDIA L40S, 0 %, 28251 MiB
2026/09/05 21:30:09.076, 2, NVIDIA L40S, 98 %, 28269 MiB
2026/09/05 21:30:09.076, 3, NVIDIA L40S, 90 %, 28501 MiB
2026/09/05 21:30:19.077, 0, NVIDIA L40S, 95 %, 28363 MiB
2026/09/05 21:30:19.078, 1, NVIDIA L40S, 0 %, 28251 MiB
2026/09/05 21:30:19.078, 2, NVIDIA L40S, 86 %, 28269 MiB
2026/09/05 21:30:19.078, 3, NVIDIA L40S, 0 %, 28501 MiB
2026/09/05 21:30:29.079, 0, NVIDIA L40S, 94 %, 28363 MiB
2026/09/05 21:30:29.079, 1, NVIDIA L40S, 0 %, 28251 MiB
2026/09/05 21:30:29.079, 2, NVIDIA L40S, 84 %, 28269 MiB
2026/09/05 21:30:29.079, 3, NVIDIA L40S, 0 %, 28501 MiB
2026/09/05 21:30:39.080, 0, NVIDIA L40S, 95 %, 28363 MiB
2026/09/05 21:30:39.080, 1, NVIDIA L40S, 0 %, 28251 MiB
2026/09/05 21:30:39.080, 2, NVIDIA L40S, 85 %, 28269 MiB
2026/09/05 21:30:39.080, 3, NVIDIA L40S, 0 %, 28501 MiB
2026/09/05 21:30:49.081, 0, NVIDIA L40S, 86 %, 28363 MiB
2026/09/05 21:30:49.081, 1, NVIDIA L40S, 0 %, 28251 MiB
2026/09/05 21:30:49.081, 2, NVIDIA L40S, 87 %, 28269 MiB
2026/09/05 21:30:49.081, 3, NVIDIA L40S, 0 %, 28501 MiB
2026/09/05 21:30:59.082, 0, NVIDIA L40S, 95 %, 28363 MiB
2026/09/05 21:30:59.082, 1, NVIDIA L40S, 0 %, 28251 MiB
2026/09/05 21:30:59.082, 2, NVIDIA L40S, 97 %, 28269 MiB
2026/09/05 21:30:59.082, 3, NVIDIA L40S, 0 %, 28501 MiB
2026/09/05 21:31:09.083, 0, NVIDIA L40S, 93 %, 28363 MiB
2026/09/05 21:31:09.083, 1, NVIDIA L40S, 0 %, 28251 MiB
2026/09/05 21:31:09.083, 2, NVIDIA L40S, 97 %, 28269 MiB
2026/09/05 21:31:09.083, 3, NVIDIA L40S, 0 %, 28501 MiB
2026/09/05 21:31:19.084, 0, NVIDIA L40S, 92 %, 28363 MiB
2026/09/05 21:31:19.084, 1, NVIDIA L40S, 0 %, 28251 MiB
2026/09/05 21:31:19.084, 2, NVIDIA L40S, 98 %, 28269 MiB
2026/09/05 21:31:19.084, 3, NVIDIA L40S, 0 %, 28501 MiB
2026/09/05 21:31:29.085, 0, NVIDIA L40S, 84 %, 28363 MiB
2026/09/05 21:31:29.086, 1, NVIDIA L40S, 0 %, 28251 MiB
2026/09/05 21:31:29.086, 2, NVIDIA L40S, 93 %, 28269 MiB
2026/09/05 21:31:29.086, 3, NVIDIA L40S, 0 %, 28501 MiB
2026/09/05 21:31:39.087, 0, NVIDIA L40S, 85 %, 28363 MiB
2026/09/05 21:31:39.087, 1, NVIDIA L40S, 0 %, 28251 MiB
2026/09/05 21:31:39.087, 2, NVIDIA L40S, 96 %, 28269 MiB
2026/09/05 21:31:39.087, 3, NVIDIA L40S, 0 %, 28501 MiB
2026/09/05 21:31:49.088, 0, NVIDIA L40S, 96 %, 28363 MiB
2026/09/05 21:31:49.088, 1, NVIDIA L40S, 0 %, 28251 MiB
2026/09/05 21:31:49.088, 2, NVIDIA L40S, 97 %, 28269 MiB
2026/09/05 21:31:49.088, 3, NVIDIA L40S, 0 %, 28501 MiB
2026/09/05 21:31:59.089, 0, NVIDIA L40S, 96 %, 28363 MiB
2026/09/05 21:31:59.090, 1, NVIDIA L40S, 0 %, 28251 MiB
2026/09/05 21:31:59.090, 2, NVIDIA L40S, 96 %, 28269 MiB
2026/09/05 21:31:59.090, 3, NVIDIA L40S, 0 %, 28501 MiB
2026/09/05 21:32:09.090, 0, NVIDIA L40S, 96 %, 28363 MiB
2026/09/05 21:32:09.091, 1, NVIDIA L40S, 0 %, 28251 MiB
2026/09/05 21:32:09.091, 2, NVIDIA L40S, 96 %, 28269 MiB
2026/09/05 21:32:09.091, 3, NVIDIA L40S, 0 %, 28501 MiB
2026/09/05 21:32:19.092, 0, NVIDIA L40S, 97 %, 28363 MiB
2026/09/05 21:32:19.092, 1, NVIDIA L40S, 0 %, 28251 MiB
2026/09/05 21:32:19.092, 2, NVIDIA L40S, 82 %, 28269 MiB
2026/09/05 21:32:19.092, 3, NVIDIA L40S, 0 %, 28501 MiB
2026/09/05 21:32:29.093, 0, NVIDIA L40S, 98 %, 28363 MiB
2026/09/05 21:32:29.093, 1, NVIDIA L40S, 0 %, 28251 MiB
2026/09/05 21:32:29.093, 2, NVIDIA L40S, 97 %, 28269 MiB
2026/09/05 21:32:29.093, 3, NVIDIA L40S, 0 %, 28501 MiB
2026/09/05 21:32:39.094, 0, NVIDIA L40S, 88 %, 28363 MiB
2026/09/05 21:32:39.094, 1, NVIDIA L40S, 0 %, 28251 MiB
2026/09/05 21:32:39.094, 2, NVIDIA L40S, 94 %, 28269 MiB
2026/09/05 21:32:39.095, 3, NVIDIA L40S, 0 %, 28501 MiB
2026/09/05 21:32:49.095, 0, NVIDIA L40S, 88 %, 28363 MiB
2026/09/05 21:32:49.096, 1, NVIDIA L40S, 0 %, 28251 MiB
2026/09/05 21:32:49.096, 2, NVIDIA L40S, 84 %, 28269 MiB
2026/09/05 21:32:49.096, 3, NVIDIA L40S, 0 %, 28501 MiB
2026/09/05 21:32:59.097, 0, NVIDIA L40S, 95 %, 28363 MiB
2026/09/05 21:32:59.097, 1, NVIDIA L40S, 0 %, 28251 MiB
2026/09/05 21:32:59.097, 2, NVIDIA L40S, 97 %, 28269 MiB
2026/09/05 21:32:59.097, 3, NVIDIA L40S, 0 %, 28501 MiB
2026/09/05 21:33:09.098, 0, NVIDIA L40S, 93 %, 28363 MiB
2026/09/05 21:33:09.098, 1, NVIDIA L40S, 0 %, 28251 MiB
2026/09/05 21:33:09.098, 2, NVIDIA L40S, 0 %, 28269 MiB
2026/09/05 21:33:09.098, 3, NVIDIA L40S, 0 %, 28501 MiB
2026/09/05 21:33:19.099, 0, NVIDIA L40S, 95 %, 28363 MiB
2026/09/05 21:33:19.100, 1, NVIDIA L40S, 0 %, 28251 MiB
2026/09/05 21:33:19.100, 2, NVIDIA L40S, 0 %, 28269 MiB
2026/09/05 21:33:19.100, 3, NVIDIA L40S, 0 %, 28501 MiB
2026/09/05 21:33:29.101, 0, NVIDIA L40S, 96 %, 28363 MiB
2026/09/05 21:33:29.101, 1, NVIDIA L40S, 0 %, 28251 MiB
2026/09/05 21:33:29.101, 2, NVIDIA L40S, 0 %, 28269 MiB
2026/09/05 21:33:29.101, 3, NVIDIA L40S, 0 %, 28501 MiB
2026/09/05 21:33:39.102, 0, NVIDIA L40S, 95 %, 28363 MiB
2026/09/05 21:33:39.102, 1, NVIDIA L40S, 0 %, 28251 MiB
2026/09/05 21:33:39.102, 2, NVIDIA L40S, 0 %, 28269 MiB
2026/09/05 21:33:39.102, 3, NVIDIA L40S, 0 %, 28501 MiB
2026/09/05 21:33:49.103, 0, NVIDIA L40S, 96 %, 28363 MiB
2026/09/05 21:33:49.104, 1, NVIDIA L40S, 0 %, 28251 MiB
2026/09/05 21:33:49.104, 2, NVIDIA L40S, 0 %, 28269 MiB
2026/09/05 21:33:49.104, 3, NVIDIA L40S, 0 %, 28501 MiB
2026/09/05 21:33:59.105, 0, NVIDIA L40S, 95 %, 28363 MiB
2026/09/05 21:33:59.105, 1, NVIDIA L40S, 0 %, 28251 MiB
2026/09/05 21:33:59.105, 2, NVIDIA L40S, 0 %, 28269 MiB
2026/09/05 21:33:59.105, 3, NVIDIA L40S, 0 %, 28501 MiB
2026/09/05 21:34:09.106, 0, NVIDIA L40S, 98 %, 28363 MiB
2026/09/05 21:34:09.106, 1, NVIDIA L40S, 0 %, 28251 MiB
2026/09/05 21:34:09.106, 2, NVIDIA L40S, 0 %, 28269 MiB
2026/09/05 21:34:09.106, 3, NVIDIA L40S, 0 %, 28501 MiB
2026/09/05 21:34:19.107, 0, NVIDIA L40S, 85 %, 28363 MiB
2026/09/05 21:34:19.107, 1, NVIDIA L40S, 0 %, 28251 MiB
2026/09/05 21:34:19.107, 2, NVIDIA L40S, 0 %, 28269 MiB
2026/09/05 21:34:19.108, 3, NVIDIA L40S, 0 %, 28501 MiB
2026/09/05 21:34:29.108, 0, NVIDIA L40S, 91 %, 28363 MiB
2026/09/05 21:34:29.109, 1, NVIDIA L40S, 0 %, 28251 MiB
2026/09/05 21:34:29.109, 2, NVIDIA L40S, 0 %, 28269 MiB
2026/09/05 21:34:29.109, 3, NVIDIA L40S, 0 %, 28501 MiB
2026/09/05 21:34:39.110, 0, NVIDIA L40S, 93 %, 28363 MiB
2026/09/05 21:34:39.110, 1, NVIDIA L40S, 0 %, 28251 MiB
2026/09/05 21:34:39.110, 2, NVIDIA L40S, 0 %, 28269 MiB
2026/09/05 21:34:39.110, 3, NVIDIA L40S, 0 %, 28501 MiB
2026/09/05 21:34:49.111, 0, NVIDIA L40S, 0 %, 0 MiB
2026/09/05 21:34:49.111, 1, NVIDIA L40S, 0 %, 0 MiB
2026/09/05 21:34:49.111, 2, NVIDIA L40S, 0 %, 0 MiB
2026/09/05 21:34:49.111, 3, NVIDIA L40S, 0 %, 0 MiB
2026/09/05 21:34:59.112, 0, NVIDIA L40S, 0 %, 3 MiB
2026/09/05 21:34:59.112, 1, NVIDIA L40S, 0 %, 3 MiB
2026/09/05 21:34:59.112, 2, NVIDIA L40S, 0 %, 433 MiB
2026/09/05 21:34:59.113, 3, NVIDIA L40S, 0 %, 433 MiB
2026/09/05 21:35:09.114, 0, NVIDIA L40S, 0 %, 27243 MiB
2026/09/05 21:35:09.114, 1, NVIDIA L40S, 28 %, 27143 MiB
2026/09/05 21:35:09.114, 2, NVIDIA L40S, 14 %, 25919 MiB
2026/09/05 21:35:09.114, 3, NVIDIA L40S, 19 %, 25919 MiB
2026/09/05 21:35:19.115, 0, NVIDIA L40S, 98 %, 27361 MiB
2026/09/05 21:35:19.115, 1, NVIDIA L40S, 82 %, 27549 MiB
2026/09/05 21:35:19.115, 2, NVIDIA L40S, 84 %, 27709 MiB
2026/09/05 21:35:19.115, 3, NVIDIA L40S, 97 %, 27465 MiB
2026/09/05 21:35:29.116, 0, NVIDIA L40S, 95 %, 27435 MiB
2026/09/05 21:35:29.117, 1, NVIDIA L40S, 95 %, 27731 MiB
2026/09/05 21:35:29.117, 2, NVIDIA L40S, 97 %, 27759 MiB
2026/09/05 21:35:29.117, 3, NVIDIA L40S, 95 %, 27465 MiB
2026/09/05 21:35:39.118, 0, NVIDIA L40S, 86 %, 27461 MiB
2026/09/05 21:35:39.118, 1, NVIDIA L40S, 95 %, 27731 MiB
2026/09/05 21:35:39.118, 2, NVIDIA L40S, 97 %, 27759 MiB
2026/09/05 21:35:39.118, 3, NVIDIA L40S, 96 %, 27473 MiB
2026/09/05 21:35:49.119, 0, NVIDIA L40S, 95 %, 27589 MiB
2026/09/05 21:35:49.119, 1, NVIDIA L40S, 96 %, 27731 MiB
2026/09/05 21:35:49.119, 2, NVIDIA L40S, 97 %, 27759 MiB
2026/09/05 21:35:49.119, 3, NVIDIA L40S, 94 %, 27533 MiB
2026/09/05 21:35:59.120, 0, NVIDIA L40S, 96 %, 27589 MiB
2026/09/05 21:35:59.121, 1, NVIDIA L40S, 81 %, 27731 MiB
2026/09/05 21:35:59.121, 2, NVIDIA L40S, 87 %, 27759 MiB
2026/09/05 21:35:59.121, 3, NVIDIA L40S, 94 %, 27533 MiB
2026/09/05 21:36:09.122, 0, NVIDIA L40S, 97 %, 27589 MiB
2026/09/05 21:36:09.122, 1, NVIDIA L40S, 96 %, 27735 MiB
2026/09/05 21:36:09.122, 2, NVIDIA L40S, 97 %, 27759 MiB
2026/09/05 21:36:09.122, 3, NVIDIA L40S, 97 %, 27533 MiB
2026/09/05 21:36:19.123, 0, NVIDIA L40S, 97 %, 27589 MiB
2026/09/05 21:36:19.123, 1, NVIDIA L40S, 98 %, 27735 MiB
2026/09/05 21:36:19.123, 2, NVIDIA L40S, 97 %, 27759 MiB
2026/09/05 21:36:19.123, 3, NVIDIA L40S, 96 %, 27533 MiB
2026/09/05 21:36:29.124, 0, NVIDIA L40S, 97 %, 27589 MiB
2026/09/05 21:36:29.125, 1, NVIDIA L40S, 96 %, 27757 MiB
2026/09/05 21:36:29.125, 2, NVIDIA L40S, 94 %, 27759 MiB
2026/09/05 21:36:29.125, 3, NVIDIA L40S, 98 %, 27533 MiB
2026/09/05 21:36:39.126, 0, NVIDIA L40S, 98 %, 27809 MiB
2026/09/05 21:36:39.126, 1, NVIDIA L40S, 98 %, 27757 MiB
2026/09/05 21:36:39.126, 2, NVIDIA L40S, 98 %, 27759 MiB
2026/09/05 21:36:39.126, 3, NVIDIA L40S, 96 %, 27533 MiB
2026/09/05 21:36:49.127, 0, NVIDIA L40S, 97 %, 27899 MiB
2026/09/05 21:36:49.127, 1, NVIDIA L40S, 95 %, 27757 MiB
2026/09/05 21:36:49.127, 2, NVIDIA L40S, 97 %, 27799 MiB
2026/09/05 21:36:49.127, 3, NVIDIA L40S, 97 %, 27593 MiB
2026/09/05 21:36:59.128, 0, NVIDIA L40S, 82 %, 27917 MiB
2026/09/05 21:36:59.129, 1, NVIDIA L40S, 98 %, 27757 MiB
2026/09/05 21:36:59.129, 2, NVIDIA L40S, 97 %, 27799 MiB
2026/09/05 21:36:59.129, 3, NVIDIA L40S, 97 %, 27593 MiB
2026/09/05 21:37:09.130, 0, NVIDIA L40S, 96 %, 28327 MiB
2026/09/05 21:37:09.130, 1, NVIDIA L40S, 90 %, 27919 MiB
2026/09/05 21:37:09.130, 2, NVIDIA L40S, 97 %, 27799 MiB
2026/09/05 21:37:09.130, 3, NVIDIA L40S, 97 %, 27593 MiB
2026/09/05 21:37:19.131, 0, NVIDIA L40S, 95 %, 28327 MiB
2026/09/05 21:37:19.131, 1, NVIDIA L40S, 95 %, 28245 MiB
2026/09/05 21:37:19.131, 2, NVIDIA L40S, 94 %, 27799 MiB
2026/09/05 21:37:19.131, 3, NVIDIA L40S, 97 %, 27593 MiB
2026/09/05 21:37:29.132, 0, NVIDIA L40S, 96 %, 28327 MiB
2026/09/05 21:37:29.133, 1, NVIDIA L40S, 96 %, 28245 MiB
2026/09/05 21:37:29.133, 2, NVIDIA L40S, 97 %, 27799 MiB
2026/09/05 21:37:29.133, 3, NVIDIA L40S, 97 %, 27593 MiB
2026/09/05 21:37:39.134, 0, NVIDIA L40S, 96 %, 28327 MiB
2026/09/05 21:37:39.134, 1, NVIDIA L40S, 96 %, 28245 MiB
2026/09/05 21:37:39.134, 2, NVIDIA L40S, 97 %, 27799 MiB
2026/09/05 21:37:39.134, 3, NVIDIA L40S, 98 %, 27833 MiB
2026/09/05 21:37:49.135, 0, NVIDIA L40S, 97 %, 28327 MiB
2026/09/05 21:37:49.135, 1, NVIDIA L40S, 97 %, 28245 MiB
2026/09/05 21:37:49.135, 2, NVIDIA L40S, 87 %, 27799 MiB
2026/09/05 21:37:49.135, 3, NVIDIA L40S, 77 %, 27833 MiB
2026/09/05 21:37:59.136, 0, NVIDIA L40S, 97 %, 28327 MiB
2026/09/05 21:37:59.137, 1, NVIDIA L40S, 97 %, 28245 MiB
2026/09/05 21:37:59.137, 2, NVIDIA L40S, 97 %, 27911 MiB
2026/09/05 21:37:59.137, 3, NVIDIA L40S, 87 %, 27833 MiB
2026/09/05 21:38:09.138, 0, NVIDIA L40S, 98 %, 28327 MiB
2026/09/05 21:38:09.138, 1, NVIDIA L40S, 97 %, 28245 MiB
2026/09/05 21:38:09.138, 2, NVIDIA L40S, 97 %, 27911 MiB
2026/09/05 21:38:09.138, 3, NVIDIA L40S, 84 %, 27833 MiB
2026/09/05 21:38:19.139, 0, NVIDIA L40S, 98 %, 28327 MiB
2026/09/05 21:38:19.139, 1, NVIDIA L40S, 99 %, 28245 MiB
2026/09/05 21:38:19.139, 2, NVIDIA L40S, 86 %, 27911 MiB
2026/09/05 21:38:19.140, 3, NVIDIA L40S, 96 %, 27935 MiB
2026/09/05 21:38:29.141, 0, NVIDIA L40S, 83 %, 28327 MiB
2026/09/05 21:38:29.141, 1, NVIDIA L40S, 96 %, 28245 MiB
2026/09/05 21:38:29.141, 2, NVIDIA L40S, 94 %, 27911 MiB
2026/09/05 21:38:29.141, 3, NVIDIA L40S, 97 %, 28327 MiB
2026/09/05 21:38:39.142, 0, NVIDIA L40S, 93 %, 28327 MiB
2026/09/05 21:38:39.142, 1, NVIDIA L40S, 95 %, 28245 MiB
2026/09/05 21:38:39.142, 2, NVIDIA L40S, 97 %, 27911 MiB
2026/09/05 21:38:39.142, 3, NVIDIA L40S, 97 %, 28327 MiB
2026/09/05 21:38:49.143, 0, NVIDIA L40S, 96 %, 28355 MiB
2026/09/05 21:38:49.143, 1, NVIDIA L40S, 98 %, 28245 MiB
2026/09/05 21:38:49.144, 2, NVIDIA L40S, 98 %, 27911 MiB
2026/09/05 21:38:49.144, 3, NVIDIA L40S, 97 %, 28327 MiB
2026/09/05 21:38:59.145, 0, NVIDIA L40S, 95 %, 28355 MiB
2026/09/05 21:38:59.145, 1, NVIDIA L40S, 85 %, 28245 MiB
2026/09/05 21:38:59.145, 2, NVIDIA L40S, 98 %, 27911 MiB
2026/09/05 21:38:59.145, 3, NVIDIA L40S, 97 %, 28327 MiB
2026/09/05 21:39:09.146, 0, NVIDIA L40S, 85 %, 28355 MiB
2026/09/05 21:39:09.146, 1, NVIDIA L40S, 85 %, 28245 MiB
2026/09/05 21:39:09.146, 2, NVIDIA L40S, 97 %, 27911 MiB
2026/09/05 21:39:09.146, 3, NVIDIA L40S, 97 %, 28327 MiB
2026/09/05 21:39:19.147, 0, NVIDIA L40S, 95 %, 28355 MiB
2026/09/05 21:39:19.147, 1, NVIDIA L40S, 94 %, 28245 MiB
2026/09/05 21:39:19.148, 2, NVIDIA L40S, 98 %, 27911 MiB
2026/09/05 21:39:19.148, 3, NVIDIA L40S, 98 %, 28327 MiB
2026/09/05 21:39:29.149, 0, NVIDIA L40S, 77 %, 28355 MiB
2026/09/05 21:39:29.149, 1, NVIDIA L40S, 95 %, 28245 MiB
2026/09/05 21:39:29.149, 2, NVIDIA L40S, 97 %, 27911 MiB
2026/09/05 21:39:29.149, 3, NVIDIA L40S, 98 %, 28327 MiB
2026/09/05 21:39:39.150, 0, NVIDIA L40S, 95 %, 28355 MiB
2026/09/05 21:39:39.150, 1, NVIDIA L40S, 97 %, 28245 MiB
2026/09/05 21:39:39.150, 2, NVIDIA L40S, 97 %, 27911 MiB
2026/09/05 21:39:39.150, 3, NVIDIA L40S, 91 %, 28327 MiB
2026/09/05 21:39:49.151, 0, NVIDIA L40S, 96 %, 28355 MiB
2026/09/05 21:39:49.152, 1, NVIDIA L40S, 97 %, 28245 MiB
2026/09/05 21:39:49.152, 2, NVIDIA L40S, 86 %, 27911 MiB
2026/09/05 21:39:49.152, 3, NVIDIA L40S, 90 %, 28347 MiB
2026/09/05 21:39:59.153, 0, NVIDIA L40S, 86 %, 28355 MiB
2026/09/05 21:39:59.153, 1, NVIDIA L40S, 97 %, 28245 MiB
2026/09/05 21:39:59.153, 2, NVIDIA L40S, 94 %, 27953 MiB
2026/09/05 21:39:59.153, 3, NVIDIA L40S, 96 %, 28497 MiB
2026/09/05 21:40:09.154, 0, NVIDIA L40S, 93 %, 28361 MiB
2026/09/05 21:40:09.154, 1, NVIDIA L40S, 97 %, 28245 MiB
2026/09/05 21:40:09.154, 2, NVIDIA L40S, 96 %, 27953 MiB
2026/09/05 21:40:09.154, 3, NVIDIA L40S, 98 %, 28497 MiB
2026/09/05 21:40:19.155, 0, NVIDIA L40S, 95 %, 28361 MiB
2026/09/05 21:40:19.156, 1, NVIDIA L40S, 92 %, 28245 MiB
2026/09/05 21:40:19.156, 2, NVIDIA L40S, 97 %, 27953 MiB
2026/09/05 21:40:19.156, 3, NVIDIA L40S, 93 %, 28497 MiB
2026/09/05 21:40:29.157, 0, NVIDIA L40S, 74 %, 28361 MiB
2026/09/05 21:40:29.157, 1, NVIDIA L40S, 95 %, 28245 MiB
2026/09/05 21:40:29.157, 2, NVIDIA L40S, 97 %, 27953 MiB
2026/09/05 21:40:29.157, 3, NVIDIA L40S, 98 %, 28497 MiB
2026/09/05 21:40:39.158, 0, NVIDIA L40S, 95 %, 28361 MiB
2026/09/05 21:40:39.158, 1, NVIDIA L40S, 88 %, 28245 MiB
2026/09/05 21:40:39.158, 2, NVIDIA L40S, 97 %, 27953 MiB
2026/09/05 21:40:39.158, 3, NVIDIA L40S, 97 %, 28497 MiB
2026/09/05 21:40:49.159, 0, NVIDIA L40S, 84 %, 28361 MiB
2026/09/05 21:40:49.160, 1, NVIDIA L40S, 96 %, 28247 MiB
2026/09/05 21:40:49.160, 2, NVIDIA L40S, 98 %, 27953 MiB
2026/09/05 21:40:49.160, 3, NVIDIA L40S, 97 %, 28497 MiB
2026/09/05 21:40:59.161, 0, NVIDIA L40S, 76 %, 28361 MiB
2026/09/05 21:40:59.161, 1, NVIDIA L40S, 84 %, 28247 MiB
2026/09/05 21:40:59.161, 2, NVIDIA L40S, 97 %, 27953 MiB
2026/09/05 21:40:59.161, 3, NVIDIA L40S, 98 %, 28497 MiB
2026/09/05 21:41:09.162, 0, NVIDIA L40S, 96 %, 28361 MiB
2026/09/05 21:41:09.162, 1, NVIDIA L40S, 95 %, 28247 MiB
2026/09/05 21:41:09.162, 2, NVIDIA L40S, 85 %, 27953 MiB
2026/09/05 21:41:09.162, 3, NVIDIA L40S, 84 %, 28497 MiB
2026/09/05 21:41:19.164, 0, NVIDIA L40S, 96 %, 28361 MiB
2026/09/05 21:41:19.164, 1, NVIDIA L40S, 96 %, 28247 MiB
2026/09/05 21:41:19.164, 2, NVIDIA L40S, 91 %, 27953 MiB
2026/09/05 21:41:19.164, 3, NVIDIA L40S, 97 %, 28497 MiB
2026/09/05 21:41:29.165, 0, NVIDIA L40S, 98 %, 28361 MiB
2026/09/05 21:41:29.165, 1, NVIDIA L40S, 95 %, 28247 MiB
2026/09/05 21:41:29.165, 2, NVIDIA L40S, 95 %, 28269 MiB
2026/09/05 21:41:29.165, 3, NVIDIA L40S, 96 %, 28497 MiB
2026/09/05 21:41:39.166, 0, NVIDIA L40S, 96 %, 28361 MiB
2026/09/05 21:41:39.166, 1, NVIDIA L40S, 95 %, 28247 MiB
2026/09/05 21:41:39.166, 2, NVIDIA L40S, 97 %, 28269 MiB
2026/09/05 21:41:39.167, 3, NVIDIA L40S, 98 %, 28497 MiB
2026/09/05 21:41:49.168, 0, NVIDIA L40S, 88 %, 28361 MiB
2026/09/05 21:41:49.168, 1, NVIDIA L40S, 81 %, 28247 MiB
2026/09/05 21:41:49.168, 2, NVIDIA L40S, 97 %, 28269 MiB
2026/09/05 21:41:49.168, 3, NVIDIA L40S, 96 %, 28497 MiB
2026/09/05 21:41:59.169, 0, NVIDIA L40S, 95 %, 28361 MiB
2026/09/05 21:41:59.169, 1, NVIDIA L40S, 98 %, 28247 MiB
2026/09/05 21:41:59.169, 2, NVIDIA L40S, 97 %, 28269 MiB
2026/09/05 21:41:59.169, 3, NVIDIA L40S, 97 %, 28497 MiB
2026/09/05 21:42:09.170, 0, NVIDIA L40S, 98 %, 28361 MiB
2026/09/05 21:42:09.170, 1, NVIDIA L40S, 96 %, 28247 MiB
2026/09/05 21:42:09.171, 2, NVIDIA L40S, 97 %, 28269 MiB
2026/09/05 21:42:09.171, 3, NVIDIA L40S, 96 %, 28497 MiB
2026/09/05 21:42:19.172, 0, NVIDIA L40S, 96 %, 28361 MiB
2026/09/05 21:42:19.172, 1, NVIDIA L40S, 96 %, 28247 MiB
2026/09/05 21:42:19.172, 2, NVIDIA L40S, 98 %, 28269 MiB
2026/09/05 21:42:19.172, 3, NVIDIA L40S, 96 %, 28497 MiB
2026/09/05 21:42:29.173, 0, NVIDIA L40S, 96 %, 28361 MiB
2026/09/05 21:42:29.173, 1, NVIDIA L40S, 96 %, 28247 MiB
2026/09/05 21:42:29.173, 2, NVIDIA L40S, 98 %, 28269 MiB
2026/09/05 21:42:29.173, 3, NVIDIA L40S, 93 %, 28497 MiB
2026/09/05 21:42:39.174, 0, NVIDIA L40S, 85 %, 28361 MiB
2026/09/05 21:42:39.174, 1, NVIDIA L40S, 93 %, 28247 MiB
2026/09/05 21:42:39.174, 2, NVIDIA L40S, 79 %, 28269 MiB
2026/09/05 21:42:39.175, 3, NVIDIA L40S, 96 %, 28497 MiB
2026/09/05 21:42:49.175, 0, NVIDIA L40S, 94 %, 28361 MiB
2026/09/05 21:42:49.176, 1, NVIDIA L40S, 95 %, 28247 MiB
2026/09/05 21:42:49.176, 2, NVIDIA L40S, 97 %, 28269 MiB
2026/09/05 21:42:49.176, 3, NVIDIA L40S, 97 %, 28497 MiB
2026/09/05 21:42:59.177, 0, NVIDIA L40S, 95 %, 28361 MiB
2026/09/05 21:42:59.177, 1, NVIDIA L40S, 94 %, 28247 MiB
2026/09/05 21:42:59.177, 2, NVIDIA L40S, 97 %, 28269 MiB
2026/09/05 21:42:59.177, 3, NVIDIA L40S, 85 %, 28497 MiB
2026/09/05 21:43:09.178, 0, NVIDIA L40S, 84 %, 28361 MiB
2026/09/05 21:43:09.178, 1, NVIDIA L40S, 95 %, 28247 MiB
2026/09/05 21:43:09.178, 2, NVIDIA L40S, 94 %, 28269 MiB
2026/09/05 21:43:09.178, 3, NVIDIA L40S, 94 %, 28497 MiB
2026/09/05 21:43:19.179, 0, NVIDIA L40S, 96 %, 28361 MiB
2026/09/05 21:43:19.180, 1, NVIDIA L40S, 97 %, 28247 MiB
2026/09/05 21:43:19.180, 2, NVIDIA L40S, 97 %, 28269 MiB
2026/09/05 21:43:19.180, 3, NVIDIA L40S, 96 %, 28497 MiB
2026/09/05 21:43:29.181, 0, NVIDIA L40S, 97 %, 28361 MiB
2026/09/05 21:43:29.181, 1, NVIDIA L40S, 96 %, 28247 MiB
2026/09/05 21:43:29.181, 2, NVIDIA L40S, 98 %, 28269 MiB
2026/09/05 21:43:29.181, 3, NVIDIA L40S, 97 %, 28497 MiB
2026/09/05 21:43:39.182, 0, NVIDIA L40S, 79 %, 28361 MiB
2026/09/05 21:43:39.182, 1, NVIDIA L40S, 97 %, 28247 MiB
2026/09/05 21:43:39.182, 2, NVIDIA L40S, 94 %, 28269 MiB
2026/09/05 21:43:39.182, 3, NVIDIA L40S, 96 %, 28497 MiB
2026/09/05 21:43:49.183, 0, NVIDIA L40S, 94 %, 28361 MiB
2026/09/05 21:43:49.183, 1, NVIDIA L40S, 84 %, 28247 MiB
2026/09/05 21:43:49.183, 2, NVIDIA L40S, 97 %, 28269 MiB
2026/09/05 21:43:49.184, 3, NVIDIA L40S, 97 %, 28497 MiB
2026/09/05 21:43:59.185, 0, NVIDIA L40S, 95 %, 28361 MiB
2026/09/05 21:43:59.185, 1, NVIDIA L40S, 79 %, 28247 MiB
2026/09/05 21:43:59.185, 2, NVIDIA L40S, 97 %, 28269 MiB
2026/09/05 21:43:59.185, 3, NVIDIA L40S, 98 %, 28497 MiB
2026/09/05 21:44:09.186, 0, NVIDIA L40S, 96 %, 28361 MiB
2026/09/05 21:44:09.186, 1, NVIDIA L40S, 96 %, 28247 MiB
2026/09/05 21:44:09.186, 2, NVIDIA L40S, 98 %, 28269 MiB
2026/09/05 21:44:09.186, 3, NVIDIA L40S, 97 %, 28497 MiB
2026/09/05 21:44:19.187, 0, NVIDIA L40S, 97 %, 28361 MiB
2026/09/05 21:44:19.187, 1, NVIDIA L40S, 86 %, 28247 MiB
2026/09/05 21:44:19.188, 2, NVIDIA L40S, 96 %, 28269 MiB
2026/09/05 21:44:19.188, 3, NVIDIA L40S, 99 %, 28497 MiB
2026/09/05 21:44:29.189, 0, NVIDIA L40S, 97 %, 28361 MiB
2026/09/05 21:44:29.189, 1, NVIDIA L40S, 95 %, 28247 MiB
2026/09/05 21:44:29.189, 2, NVIDIA L40S, 97 %, 28269 MiB
2026/09/05 21:44:29.189, 3, NVIDIA L40S, 84 %, 28497 MiB
2026/09/05 21:44:39.190, 0, NVIDIA L40S, 98 %, 28361 MiB
2026/09/05 21:44:39.190, 1, NVIDIA L40S, 86 %, 28247 MiB
2026/09/05 21:44:39.190, 2, NVIDIA L40S, 97 %, 28269 MiB
2026/09/05 21:44:39.190, 3, NVIDIA L40S, 94 %, 28497 MiB
2026/09/05 21:44:49.191, 0, NVIDIA L40S, 83 %, 28361 MiB
2026/09/05 21:44:49.191, 1, NVIDIA L40S, 97 %, 28247 MiB
2026/09/05 21:44:49.192, 2, NVIDIA L40S, 84 %, 28269 MiB
2026/09/05 21:44:49.192, 3, NVIDIA L40S, 96 %, 28497 MiB
2026/09/05 21:44:59.193, 0, NVIDIA L40S, 94 %, 28365 MiB
2026/09/05 21:44:59.193, 1, NVIDIA L40S, 94 %, 28247 MiB
2026/09/05 21:44:59.193, 2, NVIDIA L40S, 89 %, 28269 MiB
2026/09/05 21:44:59.193, 3, NVIDIA L40S, 99 %, 28497 MiB
2026/09/05 21:45:09.194, 0, NVIDIA L40S, 97 %, 28365 MiB
2026/09/05 21:45:09.194, 1, NVIDIA L40S, 96 %, 28247 MiB
2026/09/05 21:45:09.194, 2, NVIDIA L40S, 94 %, 28269 MiB
2026/09/05 21:45:09.194, 3, NVIDIA L40S, 96 %, 28497 MiB
2026/09/05 21:45:19.195, 0, NVIDIA L40S, 84 %, 28365 MiB
2026/09/05 21:45:19.195, 1, NVIDIA L40S, 96 %, 28247 MiB
2026/09/05 21:45:19.196, 2, NVIDIA L40S, 97 %, 28269 MiB
2026/09/05 21:45:19.196, 3, NVIDIA L40S, 97 %, 28497 MiB
2026/09/05 21:45:29.197, 0, NVIDIA L40S, 96 %, 28365 MiB
2026/09/05 21:45:29.197, 1, NVIDIA L40S, 96 %, 28247 MiB
2026/09/05 21:45:29.197, 2, NVIDIA L40S, 96 %, 28269 MiB
2026/09/05 21:45:29.197, 3, NVIDIA L40S, 98 %, 28497 MiB
2026/09/05 21:45:39.198, 0, NVIDIA L40S, 96 %, 28365 MiB
2026/09/05 21:45:39.198, 1, NVIDIA L40S, 78 %, 28247 MiB
2026/09/05 21:45:39.198, 2, NVIDIA L40S, 97 %, 28269 MiB
2026/09/05 21:45:39.198, 3, NVIDIA L40S, 96 %, 28497 MiB
2026/09/05 21:45:49.199, 0, NVIDIA L40S, 93 %, 28365 MiB
2026/09/05 21:45:49.199, 1, NVIDIA L40S, 96 %, 28247 MiB
2026/09/05 21:45:49.199, 2, NVIDIA L40S, 98 %, 28269 MiB
2026/09/05 21:45:49.199, 3, NVIDIA L40S, 77 %, 28497 MiB
2026/09/05 21:45:59.200, 0, NVIDIA L40S, 95 %, 28365 MiB
2026/09/05 21:45:59.201, 1, NVIDIA L40S, 79 %, 28247 MiB
2026/09/05 21:45:59.201, 2, NVIDIA L40S, 97 %, 28269 MiB
2026/09/05 21:45:59.201, 3, NVIDIA L40S, 95 %, 28497 MiB
2026/09/05 21:46:09.202, 0, NVIDIA L40S, 96 %, 28365 MiB
2026/09/05 21:46:09.202, 1, NVIDIA L40S, 96 %, 28247 MiB
2026/09/05 21:46:09.202, 2, NVIDIA L40S, 97 %, 28269 MiB
2026/09/05 21:46:09.202, 3, NVIDIA L40S, 96 %, 28501 MiB
2026/09/05 21:46:19.203, 0, NVIDIA L40S, 98 %, 28365 MiB
2026/09/05 21:46:19.203, 1, NVIDIA L40S, 96 %, 28247 MiB
2026/09/05 21:46:19.203, 2, NVIDIA L40S, 98 %, 28269 MiB
2026/09/05 21:46:19.203, 3, NVIDIA L40S, 97 %, 28501 MiB
2026/09/05 21:46:29.204, 0, NVIDIA L40S, 85 %, 28365 MiB
2026/09/05 21:46:29.205, 1, NVIDIA L40S, 83 %, 28247 MiB
2026/09/05 21:46:29.205, 2, NVIDIA L40S, 97 %, 28269 MiB
2026/09/05 21:46:29.205, 3, NVIDIA L40S, 97 %, 28501 MiB
2026/09/05 21:46:39.206, 0, NVIDIA L40S, 95 %, 28365 MiB
2026/09/05 21:46:39.206, 1, NVIDIA L40S, 95 %, 28247 MiB
2026/09/05 21:46:39.206, 2, NVIDIA L40S, 94 %, 28269 MiB
2026/09/05 21:46:39.206, 3, NVIDIA L40S, 87 %, 28501 MiB
2026/09/05 21:46:49.207, 0, NVIDIA L40S, 95 %, 28365 MiB
2026/09/05 21:46:49.207, 1, NVIDIA L40S, 96 %, 28247 MiB
2026/09/05 21:46:49.207, 2, NVIDIA L40S, 97 %, 28269 MiB
2026/09/05 21:46:49.207, 3, NVIDIA L40S, 96 %, 28501 MiB
2026/09/05 21:46:59.208, 0, NVIDIA L40S, 97 %, 28365 MiB
2026/09/05 21:46:59.209, 1, NVIDIA L40S, 86 %, 28247 MiB
2026/09/05 21:46:59.209, 2, NVIDIA L40S, 86 %, 28269 MiB
2026/09/05 21:46:59.209, 3, NVIDIA L40S, 97 %, 28501 MiB
2026/09/05 21:47:09.210, 0, NVIDIA L40S, 95 %, 28365 MiB
2026/09/05 21:47:09.210, 1, NVIDIA L40S, 96 %, 28247 MiB
2026/09/05 21:47:09.210, 2, NVIDIA L40S, 97 %, 28269 MiB
2026/09/05 21:47:09.210, 3, NVIDIA L40S, 95 %, 28501 MiB
2026/09/05 21:47:19.211, 0, NVIDIA L40S, 96 %, 28365 MiB
2026/09/05 21:47:19.211, 1, NVIDIA L40S, 97 %, 28247 MiB
2026/09/05 21:47:19.211, 2, NVIDIA L40S, 97 %, 28269 MiB
2026/09/05 21:47:19.211, 3, NVIDIA L40S, 96 %, 28501 MiB
2026/09/05 21:47:29.212, 0, NVIDIA L40S, 99 %, 28365 MiB
2026/09/05 21:47:29.213, 1, NVIDIA L40S, 96 %, 28247 MiB
2026/09/05 21:47:29.213, 2, NVIDIA L40S, 94 %, 28269 MiB
2026/09/05 21:47:29.213, 3, NVIDIA L40S, 97 %, 28501 MiB
2026/09/05 21:47:39.214, 0, NVIDIA L40S, 88 %, 28365 MiB
2026/09/05 21:47:39.214, 1, NVIDIA L40S, 97 %, 28247 MiB
2026/09/05 21:47:39.214, 2, NVIDIA L40S, 98 %, 28269 MiB
2026/09/05 21:47:39.214, 3, NVIDIA L40S, 98 %, 28501 MiB
2026/09/05 21:47:49.215, 0, NVIDIA L40S, 94 %, 28365 MiB
2026/09/05 21:47:49.215, 1, NVIDIA L40S, 97 %, 28247 MiB
2026/09/05 21:47:49.215, 2, NVIDIA L40S, 90 %, 28269 MiB
2026/09/05 21:47:49.215, 3, NVIDIA L40S, 97 %, 28501 MiB
2026/09/05 21:47:59.216, 0, NVIDIA L40S, 96 %, 28365 MiB
2026/09/05 21:47:59.217, 1, NVIDIA L40S, 94 %, 28247 MiB
2026/09/05 21:47:59.217, 2, NVIDIA L40S, 97 %, 28269 MiB
2026/09/05 21:47:59.217, 3, NVIDIA L40S, 97 %, 28501 MiB
2026/09/05 21:48:09.218, 0, NVIDIA L40S, 95 %, 28365 MiB
2026/09/05 21:48:09.218, 1, NVIDIA L40S, 96 %, 28247 MiB
2026/09/05 21:48:09.218, 2, NVIDIA L40S, 98 %, 28269 MiB
2026/09/05 21:48:09.218, 3, NVIDIA L40S, 96 %, 28501 MiB
2026/09/05 21:48:19.219, 0, NVIDIA L40S, 96 %, 28365 MiB
2026/09/05 21:48:19.219, 1, NVIDIA L40S, 79 %, 28247 MiB
2026/09/05 21:48:19.219, 2, NVIDIA L40S, 97 %, 28269 MiB
2026/09/05 21:48:19.220, 3, NVIDIA L40S, 96 %, 28501 MiB
2026/09/05 21:48:29.221, 0, NVIDIA L40S, 96 %, 28365 MiB
2026/09/05 21:48:29.221, 1, NVIDIA L40S, 96 %, 28247 MiB
2026/09/05 21:48:29.221, 2, NVIDIA L40S, 96 %, 28269 MiB
2026/09/05 21:48:29.221, 3, NVIDIA L40S, 98 %, 28501 MiB
2026/09/05 21:48:39.222, 0, NVIDIA L40S, 96 %, 28365 MiB
2026/09/05 21:48:39.222, 1, NVIDIA L40S, 0 %, 28247 MiB
2026/09/05 21:48:39.222, 2, NVIDIA L40S, 82 %, 28269 MiB
2026/09/05 21:48:39.222, 3, NVIDIA L40S, 94 %, 28501 MiB
2026/09/05 21:48:49.223, 0, NVIDIA L40S, 97 %, 28365 MiB
2026/09/05 21:48:49.224, 1, NVIDIA L40S, 0 %, 28247 MiB
2026/09/05 21:48:49.224, 2, NVIDIA L40S, 97 %, 28269 MiB
2026/09/05 21:48:49.224, 3, NVIDIA L40S, 96 %, 28501 MiB
2026/09/05 21:48:59.225, 0, NVIDIA L40S, 98 %, 28365 MiB
2026/09/05 21:48:59.225, 1, NVIDIA L40S, 0 %, 28247 MiB
2026/09/05 21:48:59.225, 2, NVIDIA L40S, 87 %, 28269 MiB
2026/09/05 21:48:59.225, 3, NVIDIA L40S, 97 %, 28501 MiB
2026/09/05 21:49:09.226, 0, NVIDIA L40S, 90 %, 28365 MiB
2026/09/05 21:49:09.226, 1, NVIDIA L40S, 0 %, 28247 MiB
2026/09/05 21:49:09.226, 2, NVIDIA L40S, 98 %, 28269 MiB
2026/09/05 21:49:09.226, 3, NVIDIA L40S, 97 %, 28501 MiB
2026/09/05 21:49:19.227, 0, NVIDIA L40S, 94 %, 28365 MiB
2026/09/05 21:49:19.227, 1, NVIDIA L40S, 0 %, 28247 MiB
2026/09/05 21:49:19.227, 2, NVIDIA L40S, 97 %, 28269 MiB
2026/09/05 21:49:19.227, 3, NVIDIA L40S, 97 %, 28501 MiB
2026/09/05 21:49:29.228, 0, NVIDIA L40S, 97 %, 28365 MiB
2026/09/05 21:49:29.228, 1, NVIDIA L40S, 0 %, 28247 MiB
2026/09/05 21:49:29.228, 2, NVIDIA L40S, 80 %, 28269 MiB
2026/09/05 21:49:29.228, 3, NVIDIA L40S, 88 %, 28501 MiB
2026/09/05 21:49:39.229, 0, NVIDIA L40S, 97 %, 28365 MiB
2026/09/05 21:49:39.229, 1, NVIDIA L40S, 0 %, 28247 MiB
2026/09/05 21:49:39.229, 2, NVIDIA L40S, 97 %, 28269 MiB
2026/09/05 21:49:39.229, 3, NVIDIA L40S, 97 %, 28501 MiB
2026/09/05 21:49:49.230, 0, NVIDIA L40S, 96 %, 28365 MiB
2026/09/05 21:49:49.230, 1, NVIDIA L40S, 0 %, 28247 MiB
2026/09/05 21:49:49.230, 2, NVIDIA L40S, 97 %, 28269 MiB
2026/09/05 21:49:49.231, 3, NVIDIA L40S, 75 %, 28501 MiB
2026/09/05 21:49:59.232, 0, NVIDIA L40S, 77 %, 28365 MiB
2026/09/05 21:49:59.232, 1, NVIDIA L40S, 0 %, 28247 MiB
2026/09/05 21:49:59.232, 2, NVIDIA L40S, 97 %, 28269 MiB
2026/09/05 21:49:59.232, 3, NVIDIA L40S, 0 %, 28501 MiB
2026/09/05 21:50:09.233, 0, NVIDIA L40S, 92 %, 28365 MiB
2026/09/05 21:50:09.233, 1, NVIDIA L40S, 0 %, 28247 MiB
2026/09/05 21:50:09.233, 2, NVIDIA L40S, 98 %, 28269 MiB
2026/09/05 21:50:09.233, 3, NVIDIA L40S, 0 %, 28501 MiB
2026/09/05 21:50:19.235, 0, NVIDIA L40S, 93 %, 28365 MiB
2026/09/05 21:50:19.235, 1, NVIDIA L40S, 0 %, 28247 MiB
2026/09/05 21:50:19.235, 2, NVIDIA L40S, 88 %, 28269 MiB
2026/09/05 21:50:19.235, 3, NVIDIA L40S, 0 %, 28501 MiB
2026/09/05 21:50:29.236, 0, NVIDIA L40S, 95 %, 28365 MiB
2026/09/05 21:50:29.236, 1, NVIDIA L40S, 0 %, 28247 MiB
2026/09/05 21:50:29.236, 2, NVIDIA L40S, 96 %, 28269 MiB
2026/09/05 21:50:29.236, 3, NVIDIA L40S, 0 %, 28501 MiB
2026/09/05 21:50:39.238, 0, NVIDIA L40S, 83 %, 28365 MiB
2026/09/05 21:50:39.238, 1, NVIDIA L40S, 0 %, 28247 MiB
2026/09/05 21:50:39.238, 2, NVIDIA L40S, 97 %, 28269 MiB
2026/09/05 21:50:39.238, 3, NVIDIA L40S, 0 %, 28501 MiB
2026/09/05 21:50:49.239, 0, NVIDIA L40S, 76 %, 28365 MiB
2026/09/05 21:50:49.239, 1, NVIDIA L40S, 0 %, 28247 MiB
2026/09/05 21:50:49.239, 2, NVIDIA L40S, 97 %, 28269 MiB
2026/09/05 21:50:49.239, 3, NVIDIA L40S, 0 %, 28501 MiB
2026/09/05 21:50:59.240, 0, NVIDIA L40S, 94 %, 28365 MiB
2026/09/05 21:50:59.241, 1, NVIDIA L40S, 0 %, 28247 MiB
2026/09/05 21:50:59.241, 2, NVIDIA L40S, 86 %, 28269 MiB
2026/09/05 21:50:59.241, 3, NVIDIA L40S, 0 %, 28501 MiB
2026/09/05 21:51:09.242, 0, NVIDIA L40S, 94 %, 28365 MiB
2026/09/05 21:51:09.242, 1, NVIDIA L40S, 0 %, 28247 MiB
2026/09/05 21:51:09.242, 2, NVIDIA L40S, 88 %, 28269 MiB
2026/09/05 21:51:09.242, 3, NVIDIA L40S, 0 %, 28501 MiB
2026/09/05 21:51:19.243, 0, NVIDIA L40S, 94 %, 28365 MiB
2026/09/05 21:51:19.244, 1, NVIDIA L40S, 0 %, 28247 MiB
2026/09/05 21:51:19.244, 2, NVIDIA L40S, 74 %, 28269 MiB
2026/09/05 21:51:19.244, 3, NVIDIA L40S, 0 %, 28501 MiB
2026/09/05 21:51:29.245, 0, NVIDIA L40S, 83 %, 28365 MiB
2026/09/05 21:51:29.245, 1, NVIDIA L40S, 0 %, 28247 MiB
2026/09/05 21:51:29.245, 2, NVIDIA L40S, 96 %, 28269 MiB
2026/09/05 21:51:29.245, 3, NVIDIA L40S, 0 %, 28501 MiB
2026/09/05 21:51:39.246, 0, NVIDIA L40S, 82 %, 28365 MiB
2026/09/05 21:51:39.246, 1, NVIDIA L40S, 0 %, 28247 MiB
2026/09/05 21:51:39.247, 2, NVIDIA L40S, 96 %, 28269 MiB
2026/09/05 21:51:39.247, 3, NVIDIA L40S, 0 %, 28501 MiB
2026/09/05 21:51:49.248, 0, NVIDIA L40S, 83 %, 28365 MiB
2026/09/05 21:51:49.248, 1, NVIDIA L40S, 0 %, 28247 MiB
2026/09/05 21:51:49.248, 2, NVIDIA L40S, 97 %, 28269 MiB
2026/09/05 21:51:49.248, 3, NVIDIA L40S, 0 %, 28501 MiB
2026/09/05 21:51:59.249, 0, NVIDIA L40S, 84 %, 28365 MiB
2026/09/05 21:51:59.249, 1, NVIDIA L40S, 0 %, 28247 MiB
2026/09/05 21:51:59.249, 2, NVIDIA L40S, 87 %, 28269 MiB
2026/09/05 21:51:59.249, 3, NVIDIA L40S, 0 %, 28501 MiB
2026/09/05 21:52:09.250, 0, NVIDIA L40S, 96 %, 28365 MiB
2026/09/05 21:52:09.250, 1, NVIDIA L40S, 0 %, 28247 MiB
2026/09/05 21:52:09.250, 2, NVIDIA L40S, 91 %, 28269 MiB
2026/09/05 21:52:09.250, 3, NVIDIA L40S, 0 %, 28501 MiB
2026/09/05 21:52:19.251, 0, NVIDIA L40S, 97 %, 28365 MiB
2026/09/05 21:52:19.252, 1, NVIDIA L40S, 0 %, 28247 MiB
2026/09/05 21:52:19.252, 2, NVIDIA L40S, 83 %, 28269 MiB
2026/09/05 21:52:19.252, 3, NVIDIA L40S, 0 %, 28501 MiB
2026/09/05 21:52:29.253, 0, NVIDIA L40S, 98 %, 28365 MiB
2026/09/05 21:52:29.253, 1, NVIDIA L40S, 0 %, 28247 MiB
2026/09/05 21:52:29.253, 2, NVIDIA L40S, 85 %, 28269 MiB
2026/09/05 21:52:29.253, 3, NVIDIA L40S, 0 %, 28501 MiB
2026/09/05 21:52:39.254, 0, NVIDIA L40S, 78 %, 28365 MiB
2026/09/05 21:52:39.254, 1, NVIDIA L40S, 0 %, 28247 MiB
2026/09/05 21:52:39.254, 2, NVIDIA L40S, 86 %, 28269 MiB
2026/09/05 21:52:39.254, 3, NVIDIA L40S, 0 %, 28501 MiB
2026/09/05 21:52:49.255, 0, NVIDIA L40S, 87 %, 28365 MiB
2026/09/05 21:52:49.255, 1, NVIDIA L40S, 0 %, 28247 MiB
2026/09/05 21:52:49.255, 2, NVIDIA L40S, 96 %, 28269 MiB
2026/09/05 21:52:49.256, 3, NVIDIA L40S, 0 %, 28501 MiB
2026/09/05 21:52:59.257, 0, NVIDIA L40S, 96 %, 28365 MiB
2026/09/05 21:52:59.257, 1, NVIDIA L40S, 0 %, 28247 MiB
2026/09/05 21:52:59.257, 2, NVIDIA L40S, 85 %, 28269 MiB
2026/09/05 21:52:59.257, 3, NVIDIA L40S, 0 %, 28501 MiB
2026/09/05 21:53:09.258, 0, NVIDIA L40S, 95 %, 28365 MiB
2026/09/05 21:53:09.258, 1, NVIDIA L40S, 0 %, 28247 MiB
2026/09/05 21:53:09.258, 2, NVIDIA L40S, 98 %, 28269 MiB
2026/09/05 21:53:09.258, 3, NVIDIA L40S, 0 %, 28501 MiB
2026/09/05 21:53:19.259, 0, NVIDIA L40S, 93 %, 28365 MiB
2026/09/05 21:53:19.260, 1, NVIDIA L40S, 0 %, 28247 MiB
2026/09/05 21:53:19.260, 2, NVIDIA L40S, 0 %, 28269 MiB
2026/09/05 21:53:19.260, 3, NVIDIA L40S, 0 %, 28501 MiB
2026/09/05 21:53:29.261, 0, NVIDIA L40S, 93 %, 28365 MiB
2026/09/05 21:53:29.261, 1, NVIDIA L40S, 0 %, 28247 MiB
2026/09/05 21:53:29.261, 2, NVIDIA L40S, 0 %, 28269 MiB
2026/09/05 21:53:29.261, 3, NVIDIA L40S, 0 %, 28501 MiB
2026/09/05 21:53:39.262, 0, NVIDIA L40S, 93 %, 28365 MiB
2026/09/05 21:53:39.263, 1, NVIDIA L40S, 0 %, 28247 MiB
2026/09/05 21:53:39.263, 2, NVIDIA L40S, 0 %, 28269 MiB
2026/09/05 21:53:39.263, 3, NVIDIA L40S, 0 %, 28501 MiB
2026/09/05 21:53:49.264, 0, NVIDIA L40S, 84 %, 28365 MiB
2026/09/05 21:53:49.264, 1, NVIDIA L40S, 0 %, 28247 MiB
2026/09/05 21:53:49.264, 2, NVIDIA L40S, 0 %, 28269 MiB
2026/09/05 21:53:49.264, 3, NVIDIA L40S, 0 %, 28501 MiB
2026/09/05 21:53:59.265, 0, NVIDIA L40S, 94 %, 28365 MiB
2026/09/05 21:53:59.265, 1, NVIDIA L40S, 0 %, 28247 MiB
2026/09/05 21:53:59.266, 2, NVIDIA L40S, 0 %, 28269 MiB
2026/09/05 21:53:59.266, 3, NVIDIA L40S, 0 %, 28501 MiB
2026/09/05 21:54:09.267, 0, NVIDIA L40S, 97 %, 28365 MiB
2026/09/05 21:54:09.267, 1, NVIDIA L40S, 0 %, 28247 MiB
2026/09/05 21:54:09.267, 2, NVIDIA L40S, 0 %, 28269 MiB
2026/09/05 21:54:09.267, 3, NVIDIA L40S, 0 %, 28501 MiB
2026/09/05 21:54:19.268, 0, NVIDIA L40S, 82 %, 28365 MiB
2026/09/05 21:54:19.268, 1, NVIDIA L40S, 0 %, 28247 MiB
2026/09/05 21:54:19.268, 2, NVIDIA L40S, 0 %, 28269 MiB
2026/09/05 21:54:19.269, 3, NVIDIA L40S, 0 %, 28501 MiB
2026/09/05 21:54:29.269, 0, NVIDIA L40S, 80 %, 28365 MiB
2026/09/05 21:54:29.270, 1, NVIDIA L40S, 0 %, 28247 MiB
2026/09/05 21:54:29.270, 2, NVIDIA L40S, 0 %, 28269 MiB
2026/09/05 21:54:29.270, 3, NVIDIA L40S, 0 %, 28501 MiB
2026/09/05 21:54:39.271, 0, NVIDIA L40S, 80 %, 28365 MiB
2026/09/05 21:54:39.271, 1, NVIDIA L40S, 0 %, 28247 MiB
2026/09/05 21:54:39.271, 2, NVIDIA L40S, 0 %, 28269 MiB
2026/09/05 21:54:39.271, 3, NVIDIA L40S, 0 %, 28501 MiB
2026/09/05 21:54:49.272, 0, NVIDIA L40S, 92 %, 28365 MiB
2026/09/05 21:54:49.272, 1, NVIDIA L40S, 0 %, 28247 MiB
2026/09/05 21:54:49.272, 2, NVIDIA L40S, 0 %, 28269 MiB
2026/09/05 21:54:49.273, 3, NVIDIA L40S, 0 %, 28501 MiB
