timestamp, index, name, utilization.gpu [%], memory.used [MiB], memory.total [MiB], power.draw [W], temperature.gpu
2026/08/28 04:15:21.702, 0, NVIDIA RTX 6000 Ada Generation, 0 %, 2 MiB, 49140 MiB, 82.54 W, 37
2026/08/28 04:15:21.703, 1, NVIDIA RTX 6000 Ada Generation, 11 %, 2 MiB, 49140 MiB, 83.76 W, 42
2026/08/28 04:15:21.704, 2, NVIDIA RTX 6000 Ada Generation, 0 %, 2 MiB, 49140 MiB, 95.25 W, 66
2026/08/28 04:15:21.705, 3, NVIDIA RTX 6000 Ada Generation, 0 %, 2 MiB, 49140 MiB, 78.01 W, 44
2026/08/28 04:15:31.707, 0, NVIDIA RTX 6000 Ada Generation, 18 %, 19318 MiB, 49140 MiB, 84.05 W, 38
2026/08/28 04:15:31.707, 1, NVIDIA RTX 6000 Ada Generation, 0 %, 19318 MiB, 49140 MiB, 86.36 W, 43
2026/08/28 04:15:31.707, 2, NVIDIA RTX 6000 Ada Generation, 15 %, 19318 MiB, 49140 MiB, 96.18 W, 62
2026/08/28 04:15:31.707, 3, NVIDIA RTX 6000 Ada Generation, 0 %, 19318 MiB, 49140 MiB, 86.82 W, 44
2026/08/28 04:15:41.708, 0, NVIDIA RTX 6000 Ada Generation, 97 %, 19456 MiB, 49140 MiB, 281.90 W, 49
2026/08/28 04:15:41.708, 1, NVIDIA RTX 6000 Ada Generation, 89 %, 19752 MiB, 49140 MiB, 257.70 W, 53
2026/08/28 04:15:41.708, 2, NVIDIA RTX 6000 Ada Generation, 97 %, 19458 MiB, 49140 MiB, 299.12 W, 69
2026/08/28 04:15:41.708, 3, NVIDIA RTX 6000 Ada Generation, 97 %, 19542 MiB, 49140 MiB, 283.31 W, 57
2026/08/28 04:15:51.709, 0, NVIDIA RTX 6000 Ada Generation, 97 %, 19456 MiB, 49140 MiB, 288.95 W, 54
2026/08/28 04:15:51.709, 1, NVIDIA RTX 6000 Ada Generation, 90 %, 20116 MiB, 49140 MiB, 262.58 W, 58
2026/08/28 04:15:51.709, 2, NVIDIA RTX 6000 Ada Generation, 90 %, 19556 MiB, 49140 MiB, 293.12 W, 71
2026/08/28 04:15:51.709, 3, NVIDIA RTX 6000 Ada Generation, 97 %, 19542 MiB, 49140 MiB, 273.78 W, 62
2026/08/28 04:16:01.710, 0, NVIDIA RTX 6000 Ada Generation, 97 %, 19556 MiB, 49140 MiB, 294.45 W, 57
2026/08/28 04:16:01.710, 1, NVIDIA RTX 6000 Ada Generation, 97 %, 20160 MiB, 49140 MiB, 289.06 W, 62
2026/08/28 04:16:01.710, 2, NVIDIA RTX 6000 Ada Generation, 96 %, 19596 MiB, 49140 MiB, 299.26 W, 72
2026/08/28 04:16:01.711, 3, NVIDIA RTX 6000 Ada Generation, 90 %, 19542 MiB, 49140 MiB, 270.01 W, 66
2026/08/28 04:16:11.711, 0, NVIDIA RTX 6000 Ada Generation, 90 %, 19700 MiB, 49140 MiB, 271.68 W, 60
2026/08/28 04:16:11.712, 1, NVIDIA RTX 6000 Ada Generation, 97 %, 20160 MiB, 49140 MiB, 293.33 W, 66
2026/08/28 04:16:11.712, 2, NVIDIA RTX 6000 Ada Generation, 97 %, 19596 MiB, 49140 MiB, 299.38 W, 73
2026/08/28 04:16:11.712, 3, NVIDIA RTX 6000 Ada Generation, 97 %, 19574 MiB, 49140 MiB, 297.56 W, 70
2026/08/28 04:16:21.713, 0, NVIDIA RTX 6000 Ada Generation, 97 %, 19712 MiB, 49140 MiB, 298.00 W, 64
2026/08/28 04:16:21.713, 1, NVIDIA RTX 6000 Ada Generation, 97 %, 20160 MiB, 49140 MiB, 296.90 W, 69
2026/08/28 04:16:21.713, 2, NVIDIA RTX 6000 Ada Generation, 97 %, 19616 MiB, 49140 MiB, 299.57 W, 74
2026/08/28 04:16:21.713, 3, NVIDIA RTX 6000 Ada Generation, 97 %, 19574 MiB, 49140 MiB, 299.72 W, 73
2026/08/28 04:16:31.715, 0, NVIDIA RTX 6000 Ada Generation, 97 %, 19712 MiB, 49140 MiB, 299.33 W, 66
2026/08/28 04:16:31.715, 1, NVIDIA RTX 6000 Ada Generation, 97 %, 20160 MiB, 49140 MiB, 299.41 W, 72
2026/08/28 04:16:31.715, 2, NVIDIA RTX 6000 Ada Generation, 89 %, 19652 MiB, 49140 MiB, 297.29 W, 75
2026/08/28 04:16:31.715, 3, NVIDIA RTX 6000 Ada Generation, 97 %, 19634 MiB, 49140 MiB, 298.99 W, 75
2026/08/28 04:16:41.716, 0, NVIDIA RTX 6000 Ada Generation, 97 %, 19748 MiB, 49140 MiB, 299.39 W, 68
2026/08/28 04:16:41.716, 1, NVIDIA RTX 6000 Ada Generation, 96 %, 20160 MiB, 49140 MiB, 298.89 W, 74
2026/08/28 04:16:41.716, 2, NVIDIA RTX 6000 Ada Generation, 97 %, 19708 MiB, 49140 MiB, 299.37 W, 75
2026/08/28 04:16:41.716, 3, NVIDIA RTX 6000 Ada Generation, 97 %, 19634 MiB, 49140 MiB, 299.27 W, 77
2026/08/28 04:16:51.717, 0, NVIDIA RTX 6000 Ada Generation, 97 %, 19748 MiB, 49140 MiB, 299.59 W, 70
2026/08/28 04:16:51.718, 1, NVIDIA RTX 6000 Ada Generation, 96 %, 20312 MiB, 49140 MiB, 299.46 W, 76
2026/08/28 04:16:51.718, 2, NVIDIA RTX 6000 Ada Generation, 97 %, 19708 MiB, 49140 MiB, 299.90 W, 76
2026/08/28 04:16:51.718, 3, NVIDIA RTX 6000 Ada Generation, 97 %, 19634 MiB, 49140 MiB, 299.47 W, 79
2026/08/28 04:17:01.719, 0, NVIDIA RTX 6000 Ada Generation, 97 %, 19748 MiB, 49140 MiB, 299.59 W, 71
2026/08/28 04:17:01.719, 1, NVIDIA RTX 6000 Ada Generation, 88 %, 20312 MiB, 49140 MiB, 281.34 W, 77
2026/08/28 04:17:01.719, 2, NVIDIA RTX 6000 Ada Generation, 87 %, 19708 MiB, 49140 MiB, 299.35 W, 76
2026/08/28 04:17:01.719, 3, NVIDIA RTX 6000 Ada Generation, 97 %, 19636 MiB, 49140 MiB, 299.12 W, 80
2026/08/28 04:17:11.720, 0, NVIDIA RTX 6000 Ada Generation, 97 %, 19748 MiB, 49140 MiB, 299.77 W, 72
2026/08/28 04:17:11.721, 1, NVIDIA RTX 6000 Ada Generation, 89 %, 20334 MiB, 49140 MiB, 283.93 W, 78
2026/08/28 04:17:11.721, 2, NVIDIA RTX 6000 Ada Generation, 97 %, 19708 MiB, 49140 MiB, 299.39 W, 76
2026/08/28 04:17:11.721, 3, NVIDIA RTX 6000 Ada Generation, 87 %, 19636 MiB, 49140 MiB, 292.09 W, 81
2026/08/28 04:17:21.722, 0, NVIDIA RTX 6000 Ada Generation, 97 %, 19748 MiB, 49140 MiB, 299.58 W, 73
2026/08/28 04:17:21.722, 1, NVIDIA RTX 6000 Ada Generation, 97 %, 20334 MiB, 49140 MiB, 298.95 W, 79
2026/08/28 04:17:21.722, 2, NVIDIA RTX 6000 Ada Generation, 97 %, 19708 MiB, 49140 MiB, 299.61 W, 77
2026/08/28 04:17:21.722, 3, NVIDIA RTX 6000 Ada Generation, 88 %, 19714 MiB, 49140 MiB, 297.55 W, 82
2026/08/28 04:17:31.723, 0, NVIDIA RTX 6000 Ada Generation, 88 %, 19914 MiB, 49140 MiB, 290.01 W, 74
2026/08/28 04:17:31.724, 1, NVIDIA RTX 6000 Ada Generation, 97 %, 20334 MiB, 49140 MiB, 299.70 W, 81
2026/08/28 04:17:31.724, 2, NVIDIA RTX 6000 Ada Generation, 97 %, 19708 MiB, 49140 MiB, 299.64 W, 77
2026/08/28 04:17:31.724, 3, NVIDIA RTX 6000 Ada Generation, 97 %, 19978 MiB, 49140 MiB, 299.78 W, 83
2026/08/28 04:17:41.725, 0, NVIDIA RTX 6000 Ada Generation, 89 %, 19914 MiB, 49140 MiB, 291.75 W, 74
2026/08/28 04:17:41.725, 1, NVIDIA RTX 6000 Ada Generation, 96 %, 20334 MiB, 49140 MiB, 299.75 W, 82
2026/08/28 04:17:41.725, 2, NVIDIA RTX 6000 Ada Generation, 97 %, 19708 MiB, 49140 MiB, 299.69 W, 77
2026/08/28 04:17:41.725, 3, NVIDIA RTX 6000 Ada Generation, 97 %, 19978 MiB, 49140 MiB, 297.90 W, 83
2026/08/28 04:17:51.726, 0, NVIDIA RTX 6000 Ada Generation, 97 %, 19986 MiB, 49140 MiB, 299.76 W, 75
2026/08/28 04:17:51.727, 1, NVIDIA RTX 6000 Ada Generation, 97 %, 20334 MiB, 49140 MiB, 299.80 W, 82
2026/08/28 04:17:51.727, 2, NVIDIA RTX 6000 Ada Generation, 90 %, 19708 MiB, 49140 MiB, 299.25 W, 77
2026/08/28 04:17:51.727, 3, NVIDIA RTX 6000 Ada Generation, 97 %, 19978 MiB, 49140 MiB, 299.56 W, 84
2026/08/28 04:18:01.728, 0, NVIDIA RTX 6000 Ada Generation, 97 %, 19986 MiB, 49140 MiB, 299.70 W, 76
2026/08/28 04:18:01.728, 1, NVIDIA RTX 6000 Ada Generation, 96 %, 20334 MiB, 49140 MiB, 299.35 W, 83
2026/08/28 04:18:01.728, 2, NVIDIA RTX 6000 Ada Generation, 97 %, 19866 MiB, 49140 MiB, 299.42 W, 77
2026/08/28 04:18:01.728, 3, NVIDIA RTX 6000 Ada Generation, 97 %, 19978 MiB, 49140 MiB, 293.22 W, 83
2026/08/28 04:18:11.730, 0, NVIDIA RTX 6000 Ada Generation, 97 %, 19986 MiB, 49140 MiB, 299.82 W, 76
2026/08/28 04:18:11.730, 1, NVIDIA RTX 6000 Ada Generation, 89 %, 20334 MiB, 49140 MiB, 297.55 W, 84
2026/08/28 04:18:11.730, 2, NVIDIA RTX 6000 Ada Generation, 97 %, 19878 MiB, 49140 MiB, 299.67 W, 78
2026/08/28 04:18:11.730, 3, NVIDIA RTX 6000 Ada Generation, 97 %, 19978 MiB, 49140 MiB, 284.46 W, 82
2026/08/28 04:18:21.731, 0, NVIDIA RTX 6000 Ada Generation, 88 %, 19992 MiB, 49140 MiB, 294.94 W, 77
2026/08/28 04:18:21.731, 1, NVIDIA RTX 6000 Ada Generation, 89 %, 20334 MiB, 49140 MiB, 292.27 W, 85
2026/08/28 04:18:21.731, 2, NVIDIA RTX 6000 Ada Generation, 88 %, 19878 MiB, 49140 MiB, 299.08 W, 78
2026/08/28 04:18:21.731, 3, NVIDIA RTX 6000 Ada Generation, 97 %, 19978 MiB, 49140 MiB, 299.38 W, 82
2026/08/28 04:18:31.733, 0, NVIDIA RTX 6000 Ada Generation, 97 %, 19992 MiB, 49140 MiB, 299.16 W, 77
2026/08/28 04:18:31.733, 1, NVIDIA RTX 6000 Ada Generation, 97 %, 20334 MiB, 49140 MiB, 298.83 W, 85
2026/08/28 04:18:31.733, 2, NVIDIA RTX 6000 Ada Generation, 97 %, 19878 MiB, 49140 MiB, 299.79 W, 78
2026/08/28 04:18:31.733, 3, NVIDIA RTX 6000 Ada Generation, 97 %, 19978 MiB, 49140 MiB, 299.70 W, 81
2026/08/28 04:18:41.734, 0, NVIDIA RTX 6000 Ada Generation, 97 %, 19992 MiB, 49140 MiB, 299.59 W, 77
2026/08/28 04:18:41.734, 1, NVIDIA RTX 6000 Ada Generation, 90 %, 20334 MiB, 49140 MiB, 293.54 W, 86
2026/08/28 04:18:41.734, 2, NVIDIA RTX 6000 Ada Generation, 97 %, 19878 MiB, 49140 MiB, 299.72 W, 78
2026/08/28 04:18:41.735, 3, NVIDIA RTX 6000 Ada Generation, 97 %, 19978 MiB, 49140 MiB, 299.80 W, 81
2026/08/28 04:18:51.736, 0, NVIDIA RTX 6000 Ada Generation, 96 %, 19992 MiB, 49140 MiB, 300.02 W, 78
2026/08/28 04:18:51.736, 1, NVIDIA RTX 6000 Ada Generation, 96 %, 20334 MiB, 49140 MiB, 296.17 W, 86
2026/08/28 04:18:51.736, 2, NVIDIA RTX 6000 Ada Generation, 97 %, 19878 MiB, 49140 MiB, 299.60 W, 78
2026/08/28 04:18:51.736, 3, NVIDIA RTX 6000 Ada Generation, 88 %, 19978 MiB, 49140 MiB, 296.48 W, 81
2026/08/28 04:19:01.737, 0, NVIDIA RTX 6000 Ada Generation, 97 %, 19992 MiB, 49140 MiB, 299.63 W, 78
2026/08/28 04:19:01.737, 1, NVIDIA RTX 6000 Ada Generation, 97 %, 20334 MiB, 49140 MiB, 296.81 W, 87
2026/08/28 04:19:01.738, 2, NVIDIA RTX 6000 Ada Generation, 97 %, 19878 MiB, 49140 MiB, 299.54 W, 79
2026/08/28 04:19:01.738, 3, NVIDIA RTX 6000 Ada Generation, 97 %, 19978 MiB, 49140 MiB, 299.38 W, 80
2026/08/28 04:19:11.739, 0, NVIDIA RTX 6000 Ada Generation, 87 %, 19992 MiB, 49140 MiB, 297.02 W, 78
2026/08/28 04:19:11.739, 1, NVIDIA RTX 6000 Ada Generation, 97 %, 20334 MiB, 49140 MiB, 296.19 W, 87
2026/08/28 04:19:11.739, 2, NVIDIA RTX 6000 Ada Generation, 89 %, 19938 MiB, 49140 MiB, 299.07 W, 79
2026/08/28 04:19:11.739, 3, NVIDIA RTX 6000 Ada Generation, 97 %, 19978 MiB, 49140 MiB, 299.53 W, 80
2026/08/28 04:19:21.740, 0, NVIDIA RTX 6000 Ada Generation, 89 %, 19992 MiB, 49140 MiB, 298.70 W, 79
2026/08/28 04:19:21.740, 1, NVIDIA RTX 6000 Ada Generation, 97 %, 20334 MiB, 49140 MiB, 296.23 W, 86
2026/08/28 04:19:21.741, 2, NVIDIA RTX 6000 Ada Generation, 89 %, 19938 MiB, 49140 MiB, 299.46 W, 79
2026/08/28 04:19:21.741, 3, NVIDIA RTX 6000 Ada Generation, 87 %, 19978 MiB, 49140 MiB, 295.56 W, 80
2026/08/28 04:19:31.742, 0, NVIDIA RTX 6000 Ada Generation, 97 %, 19992 MiB, 49140 MiB, 299.46 W, 79
2026/08/28 04:19:31.742, 1, NVIDIA RTX 6000 Ada Generation, 88 %, 20334 MiB, 49140 MiB, 292.76 W, 85
2026/08/28 04:19:31.742, 2, NVIDIA RTX 6000 Ada Generation, 90 %, 19938 MiB, 49140 MiB, 298.99 W, 79
2026/08/28 04:19:31.742, 3, NVIDIA RTX 6000 Ada Generation, 97 %, 19978 MiB, 49140 MiB, 299.42 W, 80
2026/08/28 04:19:41.743, 0, NVIDIA RTX 6000 Ada Generation, 97 %, 19992 MiB, 49140 MiB, 299.66 W, 79
2026/08/28 04:19:41.744, 1, NVIDIA RTX 6000 Ada Generation, 89 %, 20334 MiB, 49140 MiB, 292.01 W, 84
2026/08/28 04:19:41.744, 2, NVIDIA RTX 6000 Ada Generation, 88 %, 19938 MiB, 49140 MiB, 298.14 W, 79
2026/08/28 04:19:41.744, 3, NVIDIA RTX 6000 Ada Generation, 89 %, 19978 MiB, 49140 MiB, 293.25 W, 80
2026/08/28 04:19:51.745, 0, NVIDIA RTX 6000 Ada Generation, 89 %, 19992 MiB, 49140 MiB, 298.48 W, 80
2026/08/28 04:19:51.745, 1, NVIDIA RTX 6000 Ada Generation, 88 %, 20334 MiB, 49140 MiB, 294.65 W, 84
2026/08/28 04:19:51.745, 2, NVIDIA RTX 6000 Ada Generation, 97 %, 19938 MiB, 49140 MiB, 299.92 W, 79
2026/08/28 04:19:51.745, 3, NVIDIA RTX 6000 Ada Generation, 97 %, 19978 MiB, 49140 MiB, 300.05 W, 80
2026/08/28 04:20:01.746, 0, NVIDIA RTX 6000 Ada Generation, 97 %, 19992 MiB, 49140 MiB, 299.66 W, 79
2026/08/28 04:20:01.747, 1, NVIDIA RTX 6000 Ada Generation, 96 %, 20334 MiB, 49140 MiB, 300.02 W, 84
2026/08/28 04:20:01.747, 2, NVIDIA RTX 6000 Ada Generation, 97 %, 19938 MiB, 49140 MiB, 299.42 W, 79
2026/08/28 04:20:01.747, 3, NVIDIA RTX 6000 Ada Generation, 90 %, 19978 MiB, 49140 MiB, 298.69 W, 79
2026/08/28 04:20:11.748, 0, NVIDIA RTX 6000 Ada Generation, 97 %, 19996 MiB, 49140 MiB, 299.44 W, 79
2026/08/28 04:20:11.748, 1, NVIDIA RTX 6000 Ada Generation, 97 %, 20334 MiB, 49140 MiB, 299.69 W, 83
2026/08/28 04:20:11.748, 2, NVIDIA RTX 6000 Ada Generation, 97 %, 19938 MiB, 49140 MiB, 299.91 W, 79
2026/08/28 04:20:11.748, 3, NVIDIA RTX 6000 Ada Generation, 88 %, 19978 MiB, 49140 MiB, 287.98 W, 80
2026/08/28 04:20:21.749, 0, NVIDIA RTX 6000 Ada Generation, 97 %, 19996 MiB, 49140 MiB, 299.62 W, 80
2026/08/28 04:20:21.750, 1, NVIDIA RTX 6000 Ada Generation, 97 %, 20334 MiB, 49140 MiB, 299.49 W, 83
2026/08/28 04:20:21.750, 2, NVIDIA RTX 6000 Ada Generation, 97 %, 19938 MiB, 49140 MiB, 299.09 W, 79
2026/08/28 04:20:21.750, 3, NVIDIA RTX 6000 Ada Generation, 97 %, 19978 MiB, 49140 MiB, 300.07 W, 80
2026/08/28 04:20:31.751, 0, NVIDIA RTX 6000 Ada Generation, 97 %, 19996 MiB, 49140 MiB, 299.39 W, 80
2026/08/28 04:20:31.751, 1, NVIDIA RTX 6000 Ada Generation, 96 %, 20334 MiB, 49140 MiB, 299.56 W, 83
2026/08/28 04:20:31.751, 2, NVIDIA RTX 6000 Ada Generation, 97 %, 19938 MiB, 49140 MiB, 299.37 W, 79
2026/08/28 04:20:31.751, 3, NVIDIA RTX 6000 Ada Generation, 97 %, 19978 MiB, 49140 MiB, 299.24 W, 80
2026/08/28 04:20:41.752, 0, NVIDIA RTX 6000 Ada Generation, 97 %, 19996 MiB, 49140 MiB, 299.64 W, 80
2026/08/28 04:20:41.753, 1, NVIDIA RTX 6000 Ada Generation, 97 %, 20334 MiB, 49140 MiB, 299.27 W, 82
2026/08/28 04:20:41.753, 2, NVIDIA RTX 6000 Ada Generation, 90 %, 19938 MiB, 49140 MiB, 299.33 W, 80
2026/08/28 04:20:41.753, 3, NVIDIA RTX 6000 Ada Generation, 97 %, 19982 MiB, 49140 MiB, 298.95 W, 80
2026/08/28 04:20:51.754, 0, NVIDIA RTX 6000 Ada Generation, 97 %, 19996 MiB, 49140 MiB, 300.26 W, 80
2026/08/28 04:20:51.754, 1, NVIDIA RTX 6000 Ada Generation, 97 %, 20334 MiB, 49140 MiB, 299.61 W, 82
2026/08/28 04:20:51.754, 2, NVIDIA RTX 6000 Ada Generation, 97 %, 19938 MiB, 49140 MiB, 300.04 W, 79
2026/08/28 04:20:51.754, 3, NVIDIA RTX 6000 Ada Generation, 97 %, 19982 MiB, 49140 MiB, 299.38 W, 80
2026/08/28 04:21:01.755, 0, NVIDIA RTX 6000 Ada Generation, 97 %, 19996 MiB, 49140 MiB, 299.38 W, 80
2026/08/28 04:21:01.756, 1, NVIDIA RTX 6000 Ada Generation, 88 %, 20334 MiB, 49140 MiB, 290.19 W, 82
2026/08/28 04:21:01.756, 2, NVIDIA RTX 6000 Ada Generation, 97 %, 19938 MiB, 49140 MiB, 299.41 W, 79
2026/08/28 04:21:01.756, 3, NVIDIA RTX 6000 Ada Generation, 97 %, 19982 MiB, 49140 MiB, 300.01 W, 80
2026/08/28 04:21:11.757, 0, NVIDIA RTX 6000 Ada Generation, 97 %, 19996 MiB, 49140 MiB, 299.75 W, 80
2026/08/28 04:21:11.757, 1, NVIDIA RTX 6000 Ada Generation, 97 %, 20334 MiB, 49140 MiB, 300.03 W, 82
2026/08/28 04:21:11.757, 2, NVIDIA RTX 6000 Ada Generation, 97 %, 19938 MiB, 49140 MiB, 299.57 W, 79
2026/08/28 04:21:11.757, 3, NVIDIA RTX 6000 Ada Generation, 88 %, 19982 MiB, 49140 MiB, 294.04 W, 80
2026/08/28 04:21:21.758, 0, NVIDIA RTX 6000 Ada Generation, 89 %, 19996 MiB, 49140 MiB, 299.20 W, 80
2026/08/28 04:21:21.759, 1, NVIDIA RTX 6000 Ada Generation, 87 %, 20334 MiB, 49140 MiB, 289.99 W, 82
2026/08/28 04:21:21.759, 2, NVIDIA RTX 6000 Ada Generation, 97 %, 19938 MiB, 49140 MiB, 293.96 W, 79
2026/08/28 04:21:21.759, 3, NVIDIA RTX 6000 Ada Generation, 89 %, 19982 MiB, 49140 MiB, 295.06 W, 80
2026/08/28 04:21:31.760, 0, NVIDIA RTX 6000 Ada Generation, 97 %, 19996 MiB, 49140 MiB, 299.56 W, 80
2026/08/28 04:21:31.760, 1, NVIDIA RTX 6000 Ada Generation, 97 %, 20334 MiB, 49140 MiB, 298.76 W, 82
2026/08/28 04:21:31.760, 2, NVIDIA RTX 6000 Ada Generation, 97 %, 19938 MiB, 49140 MiB, 299.21 W, 79
2026/08/28 04:21:31.760, 3, NVIDIA RTX 6000 Ada Generation, 97 %, 19982 MiB, 49140 MiB, 299.60 W, 80
2026/08/28 04:21:41.762, 0, NVIDIA RTX 6000 Ada Generation, 88 %, 19996 MiB, 49140 MiB, 298.89 W, 80
2026/08/28 04:21:41.762, 1, NVIDIA RTX 6000 Ada Generation, 97 %, 20334 MiB, 49140 MiB, 299.37 W, 82
2026/08/28 04:21:41.762, 2, NVIDIA RTX 6000 Ada Generation, 87 %, 19938 MiB, 49140 MiB, 299.75 W, 80
2026/08/28 04:21:41.762, 3, NVIDIA RTX 6000 Ada Generation, 97 %, 19982 MiB, 49140 MiB, 299.59 W, 80
2026/08/28 04:21:51.763, 0, NVIDIA RTX 6000 Ada Generation, 89 %, 19996 MiB, 49140 MiB, 291.33 W, 80
2026/08/28 04:21:51.763, 1, NVIDIA RTX 6000 Ada Generation, 97 %, 20334 MiB, 49140 MiB, 300.02 W, 83
2026/08/28 04:21:51.763, 2, NVIDIA RTX 6000 Ada Generation, 97 %, 19938 MiB, 49140 MiB, 299.76 W, 79
2026/08/28 04:21:51.763, 3, NVIDIA RTX 6000 Ada Generation, 97 %, 19982 MiB, 49140 MiB, 298.88 W, 80
2026/08/28 04:22:01.765, 0, NVIDIA RTX 6000 Ada Generation, 97 %, 19996 MiB, 49140 MiB, 299.30 W, 80
2026/08/28 04:22:01.765, 1, NVIDIA RTX 6000 Ada Generation, 97 %, 20334 MiB, 49140 MiB, 299.73 W, 82
2026/08/28 04:22:01.765, 2, NVIDIA RTX 6000 Ada Generation, 97 %, 19938 MiB, 49140 MiB, 299.86 W, 79
2026/08/28 04:22:01.765, 3, NVIDIA RTX 6000 Ada Generation, 89 %, 19982 MiB, 49140 MiB, 294.72 W, 79
2026/08/28 04:22:11.766, 0, NVIDIA RTX 6000 Ada Generation, 97 %, 19996 MiB, 49140 MiB, 299.63 W, 80
2026/08/28 04:22:11.766, 1, NVIDIA RTX 6000 Ada Generation, 88 %, 20334 MiB, 49140 MiB, 289.49 W, 82
2026/08/28 04:22:11.766, 2, NVIDIA RTX 6000 Ada Generation, 97 %, 19938 MiB, 49140 MiB, 299.70 W, 79
2026/08/28 04:22:11.766, 3, NVIDIA RTX 6000 Ada Generation, 88 %, 19982 MiB, 49140 MiB, 294.83 W, 80
2026/08/28 04:22:21.768, 0, NVIDIA RTX 6000 Ada Generation, 97 %, 19996 MiB, 49140 MiB, 299.74 W, 80
2026/08/28 04:22:21.768, 1, NVIDIA RTX 6000 Ada Generation, 97 %, 20340 MiB, 49140 MiB, 299.75 W, 83
2026/08/28 04:22:21.768, 2, NVIDIA RTX 6000 Ada Generation, 90 %, 19938 MiB, 49140 MiB, 299.42 W, 79
2026/08/28 04:22:21.768, 3, NVIDIA RTX 6000 Ada Generation, 97 %, 19982 MiB, 49140 MiB, 299.29 W, 80
2026/08/28 04:22:31.769, 0, NVIDIA RTX 6000 Ada Generation, 97 %, 19996 MiB, 49140 MiB, 299.68 W, 80
2026/08/28 04:22:31.769, 1, NVIDIA RTX 6000 Ada Generation, 97 %, 20340 MiB, 49140 MiB, 299.55 W, 83
2026/08/28 04:22:31.769, 2, NVIDIA RTX 6000 Ada Generation, 97 %, 19938 MiB, 49140 MiB, 299.91 W, 79
2026/08/28 04:22:31.769, 3, NVIDIA RTX 6000 Ada Generation, 97 %, 19982 MiB, 49140 MiB, 299.51 W, 80
2026/08/28 04:22:41.770, 0, NVIDIA RTX 6000 Ada Generation, 88 %, 19996 MiB, 49140 MiB, 298.96 W, 80
2026/08/28 04:22:41.770, 1, NVIDIA RTX 6000 Ada Generation, 96 %, 20340 MiB, 49140 MiB, 299.62 W, 83
2026/08/28 04:22:41.770, 2, NVIDIA RTX 6000 Ada Generation, 97 %, 19938 MiB, 49140 MiB, 299.74 W, 79
2026/08/28 04:22:41.770, 3, NVIDIA RTX 6000 Ada Generation, 97 %, 19982 MiB, 49140 MiB, 299.72 W, 80
2026/08/28 04:22:51.771, 0, NVIDIA RTX 6000 Ada Generation, 89 %, 19996 MiB, 49140 MiB, 299.06 W, 80
2026/08/28 04:22:51.771, 1, NVIDIA RTX 6000 Ada Generation, 97 %, 20340 MiB, 49140 MiB, 298.74 W, 83
2026/08/28 04:22:51.771, 2, NVIDIA RTX 6000 Ada Generation, 96 %, 19938 MiB, 49140 MiB, 299.55 W, 79
2026/08/28 04:22:51.771, 3, NVIDIA RTX 6000 Ada Generation, 88 %, 19982 MiB, 49140 MiB, 295.61 W, 80
2026/08/28 04:23:01.772, 0, NVIDIA RTX 6000 Ada Generation, 96 %, 19996 MiB, 49140 MiB, 298.68 W, 80
2026/08/28 04:23:01.772, 1, NVIDIA RTX 6000 Ada Generation, 87 %, 20340 MiB, 49140 MiB, 286.09 W, 83
2026/08/28 04:23:01.773, 2, NVIDIA RTX 6000 Ada Generation, 97 %, 19938 MiB, 49140 MiB, 299.80 W, 79
2026/08/28 04:23:01.773, 3, NVIDIA RTX 6000 Ada Generation, 97 %, 19982 MiB, 49140 MiB, 300.14 W, 80
2026/08/28 04:23:11.773, 0, NVIDIA RTX 6000 Ada Generation, 97 %, 19996 MiB, 49140 MiB, 299.39 W, 80
2026/08/28 04:23:11.774, 1, NVIDIA RTX 6000 Ada Generation, 96 %, 20340 MiB, 49140 MiB, 299.10 W, 83
2026/08/28 04:23:11.774, 2, NVIDIA RTX 6000 Ada Generation, 88 %, 19938 MiB, 49140 MiB, 299.24 W, 79
2026/08/28 04:23:11.774, 3, NVIDIA RTX 6000 Ada Generation, 97 %, 19982 MiB, 49140 MiB, 299.50 W, 80
2026/08/28 04:23:21.774, 0, NVIDIA RTX 6000 Ada Generation, 97 %, 19996 MiB, 49140 MiB, 299.73 W, 80
2026/08/28 04:23:21.775, 1, NVIDIA RTX 6000 Ada Generation, 97 %, 20340 MiB, 49140 MiB, 299.73 W, 83
2026/08/28 04:23:21.775, 2, NVIDIA RTX 6000 Ada Generation, 96 %, 19938 MiB, 49140 MiB, 299.09 W, 79
2026/08/28 04:23:21.775, 3, NVIDIA RTX 6000 Ada Generation, 97 %, 19982 MiB, 49140 MiB, 299.69 W, 80
2026/08/28 04:23:31.776, 0, NVIDIA RTX 6000 Ada Generation, 97 %, 19996 MiB, 49140 MiB, 299.46 W, 80
2026/08/28 04:23:31.776, 1, NVIDIA RTX 6000 Ada Generation, 97 %, 20340 MiB, 49140 MiB, 299.49 W, 83
2026/08/28 04:23:31.776, 2, NVIDIA RTX 6000 Ada Generation, 97 %, 19938 MiB, 49140 MiB, 299.77 W, 79
2026/08/28 04:23:31.776, 3, NVIDIA RTX 6000 Ada Generation, 97 %, 19982 MiB, 49140 MiB, 299.00 W, 80
2026/08/28 04:23:41.777, 0, NVIDIA RTX 6000 Ada Generation, 97 %, 19996 MiB, 49140 MiB, 299.83 W, 80
2026/08/28 04:23:41.777, 1, NVIDIA RTX 6000 Ada Generation, 96 %, 20340 MiB, 49140 MiB, 300.27 W, 84
2026/08/28 04:23:41.777, 2, NVIDIA RTX 6000 Ada Generation, 97 %, 19938 MiB, 49140 MiB, 299.47 W, 79
2026/08/28 04:23:41.777, 3, NVIDIA RTX 6000 Ada Generation, 88 %, 19982 MiB, 49140 MiB, 295.51 W, 80
2026/08/28 04:23:51.778, 0, NVIDIA RTX 6000 Ada Generation, 96 %, 19996 MiB, 49140 MiB, 299.77 W, 80
2026/08/28 04:23:51.779, 1, NVIDIA RTX 6000 Ada Generation, 89 %, 20340 MiB, 49140 MiB, 291.40 W, 83
2026/08/28 04:23:51.779, 2, NVIDIA RTX 6000 Ada Generation, 97 %, 19938 MiB, 49140 MiB, 298.43 W, 79
2026/08/28 04:23:51.779, 3, NVIDIA RTX 6000 Ada Generation, 97 %, 19982 MiB, 49140 MiB, 299.51 W, 80
2026/08/28 04:24:01.780, 0, NVIDIA RTX 6000 Ada Generation, 97 %, 19996 MiB, 49140 MiB, 299.25 W, 79
2026/08/28 04:24:01.780, 1, NVIDIA RTX 6000 Ada Generation, 89 %, 20340 MiB, 49140 MiB, 298.01 W, 83
2026/08/28 04:24:01.780, 2, NVIDIA RTX 6000 Ada Generation, 96 %, 19938 MiB, 49140 MiB, 299.84 W, 79
2026/08/28 04:24:01.780, 3, NVIDIA RTX 6000 Ada Generation, 97 %, 19982 MiB, 49140 MiB, 299.65 W, 80
2026/08/28 04:24:11.781, 0, NVIDIA RTX 6000 Ada Generation, 97 %, 19996 MiB, 49140 MiB, 299.41 W, 79
2026/08/28 04:24:11.782, 1, NVIDIA RTX 6000 Ada Generation, 96 %, 20340 MiB, 49140 MiB, 299.67 W, 84
2026/08/28 04:24:11.782, 2, NVIDIA RTX 6000 Ada Generation, 97 %, 19938 MiB, 49140 MiB, 300.17 W, 79
2026/08/28 04:24:11.782, 3, NVIDIA RTX 6000 Ada Generation, 89 %, 19982 MiB, 49140 MiB, 294.76 W, 80
2026/08/28 04:24:21.783, 0, NVIDIA RTX 6000 Ada Generation, 89 %, 19996 MiB, 49140 MiB, 299.33 W, 80
2026/08/28 04:24:21.783, 1, NVIDIA RTX 6000 Ada Generation, 89 %, 20340 MiB, 49140 MiB, 291.51 W, 83
2026/08/28 04:24:21.783, 2, NVIDIA RTX 6000 Ada Generation, 89 %, 19938 MiB, 49140 MiB, 299.51 W, 79
2026/08/28 04:24:21.783, 3, NVIDIA RTX 6000 Ada Generation, 97 %, 19982 MiB, 49140 MiB, 299.31 W, 80
2026/08/28 04:24:31.784, 0, NVIDIA RTX 6000 Ada Generation, 97 %, 19996 MiB, 49140 MiB, 296.04 W, 79
2026/08/28 04:24:31.785, 1, NVIDIA RTX 6000 Ada Generation, 96 %, 20340 MiB, 49140 MiB, 299.68 W, 83
2026/08/28 04:24:31.785, 2, NVIDIA RTX 6000 Ada Generation, 89 %, 19938 MiB, 49140 MiB, 299.16 W, 79
2026/08/28 04:24:31.785, 3, NVIDIA RTX 6000 Ada Generation, 97 %, 19982 MiB, 49140 MiB, 299.49 W, 80
2026/08/28 04:24:41.786, 0, NVIDIA RTX 6000 Ada Generation, 97 %, 19996 MiB, 49140 MiB, 299.70 W, 79
2026/08/28 04:24:41.786, 1, NVIDIA RTX 6000 Ada Generation, 97 %, 20340 MiB, 49140 MiB, 299.57 W, 83
2026/08/28 04:24:41.786, 2, NVIDIA RTX 6000 Ada Generation, 97 %, 20010 MiB, 49140 MiB, 299.86 W, 79
2026/08/28 04:24:41.786, 3, NVIDIA RTX 6000 Ada Generation, 97 %, 19982 MiB, 49140 MiB, 299.03 W, 80
2026/08/28 04:24:51.787, 0, NVIDIA RTX 6000 Ada Generation, 97 %, 19996 MiB, 49140 MiB, 299.05 W, 79
2026/08/28 04:24:51.788, 1, NVIDIA RTX 6000 Ada Generation, 97 %, 20340 MiB, 49140 MiB, 299.82 W, 84
2026/08/28 04:24:51.788, 2, NVIDIA RTX 6000 Ada Generation, 96 %, 20010 MiB, 49140 MiB, 299.52 W, 79
2026/08/28 04:24:51.788, 3, NVIDIA RTX 6000 Ada Generation, 97 %, 19982 MiB, 49140 MiB, 299.38 W, 80
2026/08/28 04:25:01.789, 0, NVIDIA RTX 6000 Ada Generation, 89 %, 19996 MiB, 49140 MiB, 298.20 W, 80
2026/08/28 04:25:01.789, 1, NVIDIA RTX 6000 Ada Generation, 96 %, 20340 MiB, 49140 MiB, 298.76 W, 83
2026/08/28 04:25:01.789, 2, NVIDIA RTX 6000 Ada Generation, 88 %, 20010 MiB, 49140 MiB, 298.89 W, 79
2026/08/28 04:25:01.789, 3, NVIDIA RTX 6000 Ada Generation, 89 %, 19982 MiB, 49140 MiB, 294.82 W, 80
2026/08/28 04:25:11.790, 0, NVIDIA RTX 6000 Ada Generation, 97 %, 19996 MiB, 49140 MiB, 299.30 W, 79
2026/08/28 04:25:11.791, 1, NVIDIA RTX 6000 Ada Generation, 88 %, 20340 MiB, 49140 MiB, 291.08 W, 83
2026/08/28 04:25:11.791, 2, NVIDIA RTX 6000 Ada Generation, 89 %, 20010 MiB, 49140 MiB, 299.54 W, 79
2026/08/28 04:25:11.791, 3, NVIDIA RTX 6000 Ada Generation, 89 %, 19982 MiB, 49140 MiB, 294.15 W, 80
2026/08/28 04:25:21.792, 0, NVIDIA RTX 6000 Ada Generation, 97 %, 19996 MiB, 49140 MiB, 299.76 W, 79
2026/08/28 04:25:21.792, 1, NVIDIA RTX 6000 Ada Generation, 96 %, 20340 MiB, 49140 MiB, 299.63 W, 84
2026/08/28 04:25:21.792, 2, NVIDIA RTX 6000 Ada Generation, 97 %, 20010 MiB, 49140 MiB, 299.77 W, 79
2026/08/28 04:25:21.792, 3, NVIDIA RTX 6000 Ada Generation, 97 %, 19982 MiB, 49140 MiB, 298.67 W, 80
2026/08/28 04:25:31.793, 0, NVIDIA RTX 6000 Ada Generation, 88 %, 19996 MiB, 49140 MiB, 299.17 W, 80
2026/08/28 04:25:31.794, 1, NVIDIA RTX 6000 Ada Generation, 97 %, 20340 MiB, 49140 MiB, 299.82 W, 84
2026/08/28 04:25:31.794, 2, NVIDIA RTX 6000 Ada Generation, 97 %, 20010 MiB, 49140 MiB, 299.71 W, 79
2026/08/28 04:25:31.794, 3, NVIDIA RTX 6000 Ada Generation, 97 %, 19982 MiB, 49140 MiB, 299.51 W, 80
2026/08/28 04:25:41.795, 0, NVIDIA RTX 6000 Ada Generation, 97 %, 19996 MiB, 49140 MiB, 299.73 W, 79
2026/08/28 04:25:41.795, 1, NVIDIA RTX 6000 Ada Generation, 96 %, 20340 MiB, 49140 MiB, 299.82 W, 84
2026/08/28 04:25:41.795, 2, NVIDIA RTX 6000 Ada Generation, 97 %, 20010 MiB, 49140 MiB, 298.04 W, 79
2026/08/28 04:25:41.795, 3, NVIDIA RTX 6000 Ada Generation, 89 %, 19982 MiB, 49140 MiB, 295.46 W, 80
2026/08/28 04:25:51.796, 0, NVIDIA RTX 6000 Ada Generation, 96 %, 19996 MiB, 49140 MiB, 299.78 W, 79
2026/08/28 04:25:51.797, 1, NVIDIA RTX 6000 Ada Generation, 97 %, 20340 MiB, 49140 MiB, 300.18 W, 84
2026/08/28 04:25:51.797, 2, NVIDIA RTX 6000 Ada Generation, 88 %, 20010 MiB, 49140 MiB, 298.78 W, 79
2026/08/28 04:25:51.797, 3, NVIDIA RTX 6000 Ada Generation, 96 %, 19982 MiB, 49140 MiB, 299.51 W, 80
2026/08/28 04:26:01.798, 0, NVIDIA RTX 6000 Ada Generation, 97 %, 19996 MiB, 49140 MiB, 299.93 W, 79
2026/08/28 04:26:01.798, 1, NVIDIA RTX 6000 Ada Generation, 89 %, 20340 MiB, 49140 MiB, 291.33 W, 83
2026/08/28 04:26:01.798, 2, NVIDIA RTX 6000 Ada Generation, 97 %, 20010 MiB, 49140 MiB, 299.02 W, 79
2026/08/28 04:26:01.798, 3, NVIDIA RTX 6000 Ada Generation, 89 %, 19982 MiB, 49140 MiB, 295.28 W, 80
2026/08/28 04:26:11.799, 0, NVIDIA RTX 6000 Ada Generation, 97 %, 19996 MiB, 49140 MiB, 299.74 W, 79
2026/08/28 04:26:11.800, 1, NVIDIA RTX 6000 Ada Generation, 89 %, 20340 MiB, 49140 MiB, 292.67 W, 83
2026/08/28 04:26:11.800, 2, NVIDIA RTX 6000 Ada Generation, 97 %, 20010 MiB, 49140 MiB, 299.62 W, 79
2026/08/28 04:26:11.800, 3, NVIDIA RTX 6000 Ada Generation, 97 %, 19982 MiB, 49140 MiB, 299.97 W, 80
2026/08/28 04:26:21.801, 0, NVIDIA RTX 6000 Ada Generation, 90 %, 19996 MiB, 49140 MiB, 298.97 W, 79
2026/08/28 04:26:21.801, 1, NVIDIA RTX 6000 Ada Generation, 97 %, 20340 MiB, 49140 MiB, 299.54 W, 84
2026/08/28 04:26:21.801, 2, NVIDIA RTX 6000 Ada Generation, 96 %, 20010 MiB, 49140 MiB, 299.92 W, 79
2026/08/28 04:26:21.801, 3, NVIDIA RTX 6000 Ada Generation, 97 %, 19982 MiB, 49140 MiB, 299.59 W, 80
2026/08/28 04:26:31.802, 0, NVIDIA RTX 6000 Ada Generation, 88 %, 19996 MiB, 49140 MiB, 299.46 W, 79
2026/08/28 04:26:31.802, 1, NVIDIA RTX 6000 Ada Generation, 97 %, 20340 MiB, 49140 MiB, 300.20 W, 84
2026/08/28 04:26:31.803, 2, NVIDIA RTX 6000 Ada Generation, 89 %, 20010 MiB, 49140 MiB, 299.50 W, 79
2026/08/28 04:26:31.803, 3, NVIDIA RTX 6000 Ada Generation, 97 %, 19982 MiB, 49140 MiB, 298.55 W, 80
2026/08/28 04:26:41.804, 0, NVIDIA RTX 6000 Ada Generation, 97 %, 19996 MiB, 49140 MiB, 299.78 W, 79
2026/08/28 04:26:41.804, 1, NVIDIA RTX 6000 Ada Generation, 97 %, 20340 MiB, 49140 MiB, 299.85 W, 83
2026/08/28 04:26:41.804, 2, NVIDIA RTX 6000 Ada Generation, 97 %, 20010 MiB, 49140 MiB, 300.10 W, 79
2026/08/28 04:26:41.804, 3, NVIDIA RTX 6000 Ada Generation, 97 %, 19982 MiB, 49140 MiB, 298.34 W, 80
2026/08/28 04:26:51.805, 0, NVIDIA RTX 6000 Ada Generation, 88 %, 19996 MiB, 49140 MiB, 298.78 W, 79
2026/08/28 04:26:51.806, 1, NVIDIA RTX 6000 Ada Generation, 97 %, 20340 MiB, 49140 MiB, 299.36 W, 83
2026/08/28 04:26:51.806, 2, NVIDIA RTX 6000 Ada Generation, 97 %, 20010 MiB, 49140 MiB, 299.98 W, 79
2026/08/28 04:26:51.806, 3, NVIDIA RTX 6000 Ada Generation, 88 %, 19982 MiB, 49140 MiB, 295.06 W, 80
2026/08/28 04:27:01.807, 0, NVIDIA RTX 6000 Ada Generation, 97 %, 19996 MiB, 49140 MiB, 299.40 W, 79
2026/08/28 04:27:01.807, 1, NVIDIA RTX 6000 Ada Generation, 88 %, 20340 MiB, 49140 MiB, 291.24 W, 83
2026/08/28 04:27:01.807, 2, NVIDIA RTX 6000 Ada Generation, 97 %, 20010 MiB, 49140 MiB, 300.08 W, 79
2026/08/28 04:27:01.807, 3, NVIDIA RTX 6000 Ada Generation, 97 %, 19982 MiB, 49140 MiB, 299.45 W, 80
2026/08/28 04:27:11.808, 0, NVIDIA RTX 6000 Ada Generation, 97 %, 19996 MiB, 49140 MiB, 299.56 W, 79
2026/08/28 04:27:11.809, 1, NVIDIA RTX 6000 Ada Generation, 96 %, 20340 MiB, 49140 MiB, 299.28 W, 83
2026/08/28 04:27:11.809, 2, NVIDIA RTX 6000 Ada Generation, 90 %, 20010 MiB, 49140 MiB, 299.60 W, 79
2026/08/28 04:27:11.809, 3, NVIDIA RTX 6000 Ada Generation, 96 %, 19982 MiB, 49140 MiB, 298.75 W, 80
2026/08/28 04:27:21.810, 0, NVIDIA RTX 6000 Ada Generation, 88 %, 19996 MiB, 49140 MiB, 298.60 W, 80
2026/08/28 04:27:21.810, 1, NVIDIA RTX 6000 Ada Generation, 89 %, 20340 MiB, 49140 MiB, 292.05 W, 83
2026/08/28 04:27:21.810, 2, NVIDIA RTX 6000 Ada Generation, 97 %, 20010 MiB, 49140 MiB, 299.87 W, 79
2026/08/28 04:27:21.810, 3, NVIDIA RTX 6000 Ada Generation, 89 %, 19982 MiB, 49140 MiB, 295.90 W, 80
2026/08/28 04:27:31.811, 0, NVIDIA RTX 6000 Ada Generation, 97 %, 19996 MiB, 49140 MiB, 299.49 W, 79
2026/08/28 04:27:31.812, 1, NVIDIA RTX 6000 Ada Generation, 97 %, 20340 MiB, 49140 MiB, 299.49 W, 84
2026/08/28 04:27:31.812, 2, NVIDIA RTX 6000 Ada Generation, 97 %, 20010 MiB, 49140 MiB, 300.65 W, 79
2026/08/28 04:27:31.812, 3, NVIDIA RTX 6000 Ada Generation, 97 %, 19982 MiB, 49140 MiB, 299.13 W, 80
2026/08/28 04:27:41.813, 0, NVIDIA RTX 6000 Ada Generation, 97 %, 19996 MiB, 49140 MiB, 299.72 W, 79
2026/08/28 04:27:41.813, 1, NVIDIA RTX 6000 Ada Generation, 87 %, 20340 MiB, 49140 MiB, 287.04 W, 83
2026/08/28 04:27:41.813, 2, NVIDIA RTX 6000 Ada Generation, 97 %, 20010 MiB, 49140 MiB, 299.45 W, 79
2026/08/28 04:27:41.813, 3, NVIDIA RTX 6000 Ada Generation, 97 %, 19982 MiB, 49140 MiB, 299.57 W, 80
2026/08/28 04:27:51.814, 0, NVIDIA RTX 6000 Ada Generation, 97 %, 19996 MiB, 49140 MiB, 299.67 W, 79
2026/08/28 04:27:51.815, 1, NVIDIA RTX 6000 Ada Generation, 88 %, 20340 MiB, 49140 MiB, 291.92 W, 83
2026/08/28 04:27:51.815, 2, NVIDIA RTX 6000 Ada Generation, 88 %, 20010 MiB, 49140 MiB, 299.58 W, 79
2026/08/28 04:27:51.815, 3, NVIDIA RTX 6000 Ada Generation, 97 %, 19982 MiB, 49140 MiB, 300.14 W, 80
2026/08/28 04:28:01.816, 0, NVIDIA RTX 6000 Ada Generation, 89 %, 19996 MiB, 49140 MiB, 299.32 W, 80
2026/08/28 04:28:01.816, 1, NVIDIA RTX 6000 Ada Generation, 96 %, 20340 MiB, 49140 MiB, 298.93 W, 83
2026/08/28 04:28:01.816, 2, NVIDIA RTX 6000 Ada Generation, 97 %, 20010 MiB, 49140 MiB, 299.60 W, 79
2026/08/28 04:28:01.816, 3, NVIDIA RTX 6000 Ada Generation, 88 %, 19982 MiB, 49140 MiB, 294.37 W, 80
2026/08/28 04:28:11.818, 0, NVIDIA RTX 6000 Ada Generation, 90 %, 19996 MiB, 49140 MiB, 299.27 W, 79
2026/08/28 04:28:11.818, 1, NVIDIA RTX 6000 Ada Generation, 97 %, 20340 MiB, 49140 MiB, 299.40 W, 83
2026/08/28 04:28:11.818, 2, NVIDIA RTX 6000 Ada Generation, 97 %, 20010 MiB, 49140 MiB, 300.00 W, 79
2026/08/28 04:28:11.818, 3, NVIDIA RTX 6000 Ada Generation, 97 %, 19982 MiB, 49140 MiB, 299.44 W, 80
2026/08/28 04:28:21.819, 0, NVIDIA RTX 6000 Ada Generation, 97 %, 19996 MiB, 49140 MiB, 299.48 W, 79
2026/08/28 04:28:21.819, 1, NVIDIA RTX 6000 Ada Generation, 97 %, 20340 MiB, 49140 MiB, 299.52 W, 83
2026/08/28 04:28:21.819, 2, NVIDIA RTX 6000 Ada Generation, 97 %, 20010 MiB, 49140 MiB, 299.05 W, 79
2026/08/28 04:28:21.820, 3, NVIDIA RTX 6000 Ada Generation, 88 %, 19982 MiB, 49140 MiB, 294.23 W, 80
2026/08/28 04:28:31.821, 0, NVIDIA RTX 6000 Ada Generation, 97 %, 19996 MiB, 49140 MiB, 300.13 W, 79
2026/08/28 04:28:31.821, 1, NVIDIA RTX 6000 Ada Generation, 97 %, 20340 MiB, 49140 MiB, 298.95 W, 84
2026/08/28 04:28:31.821, 2, NVIDIA RTX 6000 Ada Generation, 97 %, 20010 MiB, 49140 MiB, 300.13 W, 79
2026/08/28 04:28:31.821, 3, NVIDIA RTX 6000 Ada Generation, 96 %, 19982 MiB, 49140 MiB, 299.41 W, 80
2026/08/28 04:28:41.822, 0, NVIDIA RTX 6000 Ada Generation, 97 %, 19996 MiB, 49140 MiB, 299.67 W, 79
2026/08/28 04:28:41.822, 1, NVIDIA RTX 6000 Ada Generation, 97 %, 20340 MiB, 49140 MiB, 299.39 W, 84
2026/08/28 04:28:41.823, 2, NVIDIA RTX 6000 Ada Generation, 97 %, 20010 MiB, 49140 MiB, 300.11 W, 79
2026/08/28 04:28:41.823, 3, NVIDIA RTX 6000 Ada Generation, 89 %, 19982 MiB, 49140 MiB, 293.14 W, 80
2026/08/28 04:28:51.824, 0, NVIDIA RTX 6000 Ada Generation, 97 %, 19996 MiB, 49140 MiB, 300.55 W, 79
2026/08/28 04:28:51.824, 1, NVIDIA RTX 6000 Ada Generation, 97 %, 20340 MiB, 49140 MiB, 300.38 W, 84
2026/08/28 04:28:51.824, 2, NVIDIA RTX 6000 Ada Generation, 88 %, 20010 MiB, 49140 MiB, 299.75 W, 79
2026/08/28 04:28:51.824, 3, NVIDIA RTX 6000 Ada Generation, 97 %, 19982 MiB, 49140 MiB, 299.33 W, 80
2026/08/28 04:29:01.825, 0, NVIDIA RTX 6000 Ada Generation, 97 %, 19996 MiB, 49140 MiB, 299.96 W, 79
2026/08/28 04:29:01.826, 1, NVIDIA RTX 6000 Ada Generation, 96 %, 20340 MiB, 49140 MiB, 300.16 W, 84
2026/08/28 04:29:01.826, 2, NVIDIA RTX 6000 Ada Generation, 97 %, 20010 MiB, 49140 MiB, 298.56 W, 78
2026/08/28 04:29:01.826, 3, NVIDIA RTX 6000 Ada Generation, 97 %, 19982 MiB, 49140 MiB, 299.45 W, 80
2026/08/28 04:29:11.827, 0, NVIDIA RTX 6000 Ada Generation, 88 %, 19996 MiB, 49140 MiB, 294.73 W, 79
2026/08/28 04:29:11.827, 1, NVIDIA RTX 6000 Ada Generation, 97 %, 20340 MiB, 49140 MiB, 299.53 W, 83
2026/08/28 04:29:11.827, 2, NVIDIA RTX 6000 Ada Generation, 97 %, 20010 MiB, 49140 MiB, 298.95 W, 79
2026/08/28 04:29:11.827, 3, NVIDIA RTX 6000 Ada Generation, 89 %, 19982 MiB, 49140 MiB, 295.18 W, 80
2026/08/28 04:29:21.828, 0, NVIDIA RTX 6000 Ada Generation, 97 %, 19996 MiB, 49140 MiB, 299.52 W, 79
2026/08/28 04:29:21.829, 1, NVIDIA RTX 6000 Ada Generation, 89 %, 20340 MiB, 49140 MiB, 291.08 W, 83
2026/08/28 04:29:21.829, 2, NVIDIA RTX 6000 Ada Generation, 97 %, 20010 MiB, 49140 MiB, 299.82 W, 79
2026/08/28 04:29:21.829, 3, NVIDIA RTX 6000 Ada Generation, 94 %, 19982 MiB, 49140 MiB, 292.88 W, 80
2026/08/28 04:29:31.830, 0, NVIDIA RTX 6000 Ada Generation, 97 %, 19996 MiB, 49140 MiB, 299.82 W, 79
2026/08/28 04:29:31.830, 1, NVIDIA RTX 6000 Ada Generation, 89 %, 20340 MiB, 49140 MiB, 291.12 W, 83
2026/08/28 04:29:31.830, 2, NVIDIA RTX 6000 Ada Generation, 88 %, 20010 MiB, 49140 MiB, 299.48 W, 79
2026/08/28 04:29:31.830, 3, NVIDIA RTX 6000 Ada Generation, 89 %, 19982 MiB, 49140 MiB, 295.29 W, 80
2026/08/28 04:29:41.831, 0, NVIDIA RTX 6000 Ada Generation, 97 %, 19996 MiB, 49140 MiB, 299.38 W, 79
2026/08/28 04:29:41.832, 1, NVIDIA RTX 6000 Ada Generation, 96 %, 20340 MiB, 49140 MiB, 300.19 W, 83
2026/08/28 04:29:41.832, 2, NVIDIA RTX 6000 Ada Generation, 97 %, 20010 MiB, 49140 MiB, 299.59 W, 79
2026/08/28 04:29:41.832, 3, NVIDIA RTX 6000 Ada Generation, 97 %, 19982 MiB, 49140 MiB, 299.25 W, 80
2026/08/28 04:29:51.833, 0, NVIDIA RTX 6000 Ada Generation, 97 %, 19996 MiB, 49140 MiB, 300.25 W, 79
2026/08/28 04:29:51.833, 1, NVIDIA RTX 6000 Ada Generation, 97 %, 20340 MiB, 49140 MiB, 299.76 W, 83
2026/08/28 04:29:51.833, 2, NVIDIA RTX 6000 Ada Generation, 97 %, 20010 MiB, 49140 MiB, 299.80 W, 79
2026/08/28 04:29:51.833, 3, NVIDIA RTX 6000 Ada Generation, 97 %, 19982 MiB, 49140 MiB, 299.56 W, 80
2026/08/28 04:30:01.834, 0, NVIDIA RTX 6000 Ada Generation, 97 %, 19996 MiB, 49140 MiB, 299.50 W, 79
2026/08/28 04:30:01.835, 1, NVIDIA RTX 6000 Ada Generation, 96 %, 20340 MiB, 49140 MiB, 299.72 W, 83
2026/08/28 04:30:01.835, 2, NVIDIA RTX 6000 Ada Generation, 97 %, 20010 MiB, 49140 MiB, 299.09 W, 79
2026/08/28 04:30:01.835, 3, NVIDIA RTX 6000 Ada Generation, 96 %, 19982 MiB, 49140 MiB, 299.47 W, 80
2026/08/28 04:30:11.836, 0, NVIDIA RTX 6000 Ada Generation, 89 %, 19996 MiB, 49140 MiB, 298.44 W, 79
2026/08/28 04:30:11.836, 1, NVIDIA RTX 6000 Ada Generation, 96 %, 20340 MiB, 49140 MiB, 298.98 W, 83
2026/08/28 04:30:11.836, 2, NVIDIA RTX 6000 Ada Generation, 89 %, 20010 MiB, 49140 MiB, 299.76 W, 79
2026/08/28 04:30:11.836, 3, NVIDIA RTX 6000 Ada Generation, 97 %, 19982 MiB, 49140 MiB, 298.04 W, 80
2026/08/28 04:30:21.838, 0, NVIDIA RTX 6000 Ada Generation, 88 %, 19996 MiB, 49140 MiB, 298.45 W, 79
2026/08/28 04:30:21.838, 1, NVIDIA RTX 6000 Ada Generation, 96 %, 20340 MiB, 49140 MiB, 299.97 W, 83
2026/08/28 04:30:21.838, 2, NVIDIA RTX 6000 Ada Generation, 97 %, 20010 MiB, 49140 MiB, 299.60 W, 79
2026/08/28 04:30:21.838, 3, NVIDIA RTX 6000 Ada Generation, 96 %, 19982 MiB, 49140 MiB, 298.93 W, 80
2026/08/28 04:30:31.839, 0, NVIDIA RTX 6000 Ada Generation, 97 %, 19996 MiB, 49140 MiB, 299.59 W, 79
2026/08/28 04:30:31.839, 1, NVIDIA RTX 6000 Ada Generation, 97 %, 20340 MiB, 49140 MiB, 300.15 W, 83
2026/08/28 04:30:31.839, 2, NVIDIA RTX 6000 Ada Generation, 97 %, 20010 MiB, 49140 MiB, 299.03 W, 79
2026/08/28 04:30:31.839, 3, NVIDIA RTX 6000 Ada Generation, 89 %, 19982 MiB, 49140 MiB, 295.47 W, 80
2026/08/28 04:30:41.840, 0, NVIDIA RTX 6000 Ada Generation, 97 %, 19996 MiB, 49140 MiB, 299.55 W, 79
2026/08/28 04:30:41.841, 1, NVIDIA RTX 6000 Ada Generation, 89 %, 20340 MiB, 49140 MiB, 291.61 W, 83
2026/08/28 04:30:41.841, 2, NVIDIA RTX 6000 Ada Generation, 89 %, 20010 MiB, 49140 MiB, 299.36 W, 79
2026/08/28 04:30:41.841, 3, NVIDIA RTX 6000 Ada Generation, 89 %, 19982 MiB, 49140 MiB, 296.34 W, 80
2026/08/28 04:30:51.842, 0, NVIDIA RTX 6000 Ada Generation, 97 %, 19996 MiB, 49140 MiB, 299.55 W, 79
2026/08/28 04:30:51.842, 1, NVIDIA RTX 6000 Ada Generation, 97 %, 20340 MiB, 49140 MiB, 298.34 W, 83
2026/08/28 04:30:51.842, 2, NVIDIA RTX 6000 Ada Generation, 97 %, 20010 MiB, 49140 MiB, 299.86 W, 79
2026/08/28 04:30:51.842, 3, NVIDIA RTX 6000 Ada Generation, 97 %, 19982 MiB, 49140 MiB, 299.56 W, 80
2026/08/28 04:31:01.843, 0, NVIDIA RTX 6000 Ada Generation, 89 %, 19996 MiB, 49140 MiB, 295.86 W, 79
2026/08/28 04:31:01.844, 1, NVIDIA RTX 6000 Ada Generation, 97 %, 20340 MiB, 49140 MiB, 298.93 W, 83
2026/08/28 04:31:01.844, 2, NVIDIA RTX 6000 Ada Generation, 88 %, 20010 MiB, 49140 MiB, 299.18 W, 79
2026/08/28 04:31:01.844, 3, NVIDIA RTX 6000 Ada Generation, 96 %, 19982 MiB, 49140 MiB, 299.51 W, 80
2026/08/28 04:31:11.845, 0, NVIDIA RTX 6000 Ada Generation, 89 %, 19996 MiB, 49140 MiB, 299.16 W, 79
2026/08/28 04:31:11.845, 1, NVIDIA RTX 6000 Ada Generation, 97 %, 20340 MiB, 49140 MiB, 299.38 W, 83
2026/08/28 04:31:11.845, 2, NVIDIA RTX 6000 Ada Generation, 97 %, 20010 MiB, 49140 MiB, 297.96 W, 78
2026/08/28 04:31:11.845, 3, NVIDIA RTX 6000 Ada Generation, 97 %, 19982 MiB, 49140 MiB, 299.15 W, 80
2026/08/28 04:31:21.846, 0, NVIDIA RTX 6000 Ada Generation, 97 %, 19996 MiB, 49140 MiB, 298.51 W, 79
2026/08/28 04:31:21.847, 1, NVIDIA RTX 6000 Ada Generation, 97 %, 20340 MiB, 49140 MiB, 299.80 W, 83
2026/08/28 04:31:21.847, 2, NVIDIA RTX 6000 Ada Generation, 97 %, 20010 MiB, 49140 MiB, 299.89 W, 79
2026/08/28 04:31:21.847, 3, NVIDIA RTX 6000 Ada Generation, 97 %, 19982 MiB, 49140 MiB, 299.15 W, 80
2026/08/28 04:31:31.848, 0, NVIDIA RTX 6000 Ada Generation, 97 %, 19996 MiB, 49140 MiB, 299.50 W, 79
2026/08/28 04:31:31.848, 1, NVIDIA RTX 6000 Ada Generation, 88 %, 20340 MiB, 49140 MiB, 290.48 W, 83
2026/08/28 04:31:31.848, 2, NVIDIA RTX 6000 Ada Generation, 97 %, 20010 MiB, 49140 MiB, 299.47 W, 79
2026/08/28 04:31:31.848, 3, NVIDIA RTX 6000 Ada Generation, 97 %, 19982 MiB, 49140 MiB, 300.10 W, 80
2026/08/28 04:31:41.849, 0, NVIDIA RTX 6000 Ada Generation, 97 %, 19996 MiB, 49140 MiB, 299.72 W, 79
2026/08/28 04:31:41.850, 1, NVIDIA RTX 6000 Ada Generation, 97 %, 20340 MiB, 49140 MiB, 299.72 W, 83
2026/08/28 04:31:41.850, 2, NVIDIA RTX 6000 Ada Generation, 97 %, 20010 MiB, 49140 MiB, 299.91 W, 79
2026/08/28 04:31:41.850, 3, NVIDIA RTX 6000 Ada Generation, 88 %, 19982 MiB, 49140 MiB, 294.75 W, 80
2026/08/28 04:31:51.851, 0, NVIDIA RTX 6000 Ada Generation, 97 %, 19996 MiB, 49140 MiB, 299.50 W, 79
2026/08/28 04:31:51.851, 1, NVIDIA RTX 6000 Ada Generation, 88 %, 20340 MiB, 49140 MiB, 290.83 W, 83
2026/08/28 04:31:51.851, 2, NVIDIA RTX 6000 Ada Generation, 97 %, 20010 MiB, 49140 MiB, 299.77 W, 79
2026/08/28 04:31:51.851, 3, NVIDIA RTX 6000 Ada Generation, 97 %, 19982 MiB, 49140 MiB, 299.33 W, 80
2026/08/28 04:32:01.852, 0, NVIDIA RTX 6000 Ada Generation, 97 %, 19996 MiB, 49140 MiB, 299.26 W, 79
2026/08/28 04:32:01.853, 1, NVIDIA RTX 6000 Ada Generation, 96 %, 20340 MiB, 49140 MiB, 299.54 W, 83
2026/08/28 04:32:01.853, 2, NVIDIA RTX 6000 Ada Generation, 90 %, 20010 MiB, 49140 MiB, 298.98 W, 79
2026/08/28 04:32:01.853, 3, NVIDIA RTX 6000 Ada Generation, 97 %, 19982 MiB, 49140 MiB, 299.54 W, 80
2026/08/28 04:32:11.854, 0, NVIDIA RTX 6000 Ada Generation, 97 %, 19996 MiB, 49140 MiB, 299.73 W, 79
2026/08/28 04:32:11.854, 1, NVIDIA RTX 6000 Ada Generation, 96 %, 20340 MiB, 49140 MiB, 299.63 W, 83
2026/08/28 04:32:11.854, 2, NVIDIA RTX 6000 Ada Generation, 87 %, 20010 MiB, 49140 MiB, 297.31 W, 79
2026/08/28 04:32:11.854, 3, NVIDIA RTX 6000 Ada Generation, 97 %, 19982 MiB, 49140 MiB, 299.49 W, 80
2026/08/28 04:32:21.855, 0, NVIDIA RTX 6000 Ada Generation, 97 %, 19996 MiB, 49140 MiB, 299.82 W, 79
2026/08/28 04:32:21.856, 1, NVIDIA RTX 6000 Ada Generation, 96 %, 20340 MiB, 49140 MiB, 295.72 W, 83
2026/08/28 04:32:21.856, 2, NVIDIA RTX 6000 Ada Generation, 87 %, 20010 MiB, 49140 MiB, 299.95 W, 79
2026/08/28 04:32:21.856, 3, NVIDIA RTX 6000 Ada Generation, 90 %, 19982 MiB, 49140 MiB, 294.79 W, 80
2026/08/28 04:32:31.857, 0, NVIDIA RTX 6000 Ada Generation, 97 %, 19996 MiB, 49140 MiB, 299.69 W, 79
2026/08/28 04:32:31.857, 1, NVIDIA RTX 6000 Ada Generation, 97 %, 20340 MiB, 49140 MiB, 299.85 W, 83
2026/08/28 04:32:31.857, 2, NVIDIA RTX 6000 Ada Generation, 97 %, 20010 MiB, 49140 MiB, 299.63 W, 79
2026/08/28 04:32:31.857, 3, NVIDIA RTX 6000 Ada Generation, 97 %, 19982 MiB, 49140 MiB, 294.67 W, 80
2026/08/28 04:32:41.858, 0, NVIDIA RTX 6000 Ada Generation, 88 %, 19996 MiB, 49140 MiB, 298.71 W, 79
2026/08/28 04:32:41.858, 1, NVIDIA RTX 6000 Ada Generation, 89 %, 20340 MiB, 49140 MiB, 290.80 W, 83
2026/08/28 04:32:41.859, 2, NVIDIA RTX 6000 Ada Generation, 97 %, 20010 MiB, 49140 MiB, 299.94 W, 79
2026/08/28 04:32:41.859, 3, NVIDIA RTX 6000 Ada Generation, 97 %, 19982 MiB, 49140 MiB, 299.42 W, 80
2026/08/28 04:32:51.860, 0, NVIDIA RTX 6000 Ada Generation, 89 %, 19996 MiB, 49140 MiB, 299.25 W, 80
2026/08/28 04:32:51.860, 1, NVIDIA RTX 6000 Ada Generation, 89 %, 20340 MiB, 49140 MiB, 291.55 W, 83
2026/08/28 04:32:51.860, 2, NVIDIA RTX 6000 Ada Generation, 97 %, 20010 MiB, 49140 MiB, 299.96 W, 79
2026/08/28 04:32:51.860, 3, NVIDIA RTX 6000 Ada Generation, 97 %, 19982 MiB, 49140 MiB, 299.50 W, 80
2026/08/28 04:33:01.861, 0, NVIDIA RTX 6000 Ada Generation, 97 %, 19996 MiB, 49140 MiB, 299.30 W, 79
2026/08/28 04:33:01.861, 1, NVIDIA RTX 6000 Ada Generation, 96 %, 20340 MiB, 49140 MiB, 299.62 W, 83
2026/08/28 04:33:01.862, 2, NVIDIA RTX 6000 Ada Generation, 97 %, 20010 MiB, 49140 MiB, 298.68 W, 79
2026/08/28 04:33:01.862, 3, NVIDIA RTX 6000 Ada Generation, 97 %, 19982 MiB, 49140 MiB, 299.26 W, 80
2026/08/28 04:33:11.863, 0, NVIDIA RTX 6000 Ada Generation, 97 %, 19996 MiB, 49140 MiB, 299.65 W, 79
2026/08/28 04:33:11.863, 1, NVIDIA RTX 6000 Ada Generation, 97 %, 20340 MiB, 49140 MiB, 300.02 W, 83
2026/08/28 04:33:11.863, 2, NVIDIA RTX 6000 Ada Generation, 90 %, 20010 MiB, 49140 MiB, 298.72 W, 79
2026/08/28 04:33:11.863, 3, NVIDIA RTX 6000 Ada Generation, 97 %, 19982 MiB, 49140 MiB, 299.69 W, 80
2026/08/28 04:33:21.864, 0, NVIDIA RTX 6000 Ada Generation, 97 %, 19996 MiB, 49140 MiB, 299.82 W, 79
2026/08/28 04:33:21.864, 1, NVIDIA RTX 6000 Ada Generation, 97 %, 20340 MiB, 49140 MiB, 299.78 W, 83
2026/08/28 04:33:21.865, 2, NVIDIA RTX 6000 Ada Generation, 90 %, 20010 MiB, 49140 MiB, 299.29 W, 79
2026/08/28 04:33:21.865, 3, NVIDIA RTX 6000 Ada Generation, 97 %, 19982 MiB, 49140 MiB, 298.63 W, 79
2026/08/28 04:33:31.866, 0, NVIDIA RTX 6000 Ada Generation, 97 %, 19996 MiB, 49140 MiB, 299.59 W, 79
2026/08/28 04:33:31.866, 1, NVIDIA RTX 6000 Ada Generation, 97 %, 20340 MiB, 49140 MiB, 299.65 W, 83
2026/08/28 04:33:31.866, 2, NVIDIA RTX 6000 Ada Generation, 97 %, 20030 MiB, 49140 MiB, 299.74 W, 79
2026/08/28 04:33:31.866, 3, NVIDIA RTX 6000 Ada Generation, 87 %, 19982 MiB, 49140 MiB, 292.11 W, 80
2026/08/28 04:33:41.867, 0, NVIDIA RTX 6000 Ada Generation, 88 %, 19996 MiB, 49140 MiB, 290.77 W, 79
2026/08/28 04:33:41.867, 1, NVIDIA RTX 6000 Ada Generation, 97 %, 20340 MiB, 49140 MiB, 299.81 W, 84
2026/08/28 04:33:41.868, 2, NVIDIA RTX 6000 Ada Generation, 96 %, 20030 MiB, 49140 MiB, 299.80 W, 79
2026/08/28 04:33:41.868, 3, NVIDIA RTX 6000 Ada Generation, 88 %, 19982 MiB, 49140 MiB, 295.10 W, 80
2026/08/28 04:33:51.869, 0, NVIDIA RTX 6000 Ada Generation, 89 %, 19996 MiB, 49140 MiB, 298.81 W, 79
2026/08/28 04:33:51.869, 1, NVIDIA RTX 6000 Ada Generation, 96 %, 20340 MiB, 49140 MiB, 299.78 W, 84
2026/08/28 04:33:51.869, 2, NVIDIA RTX 6000 Ada Generation, 97 %, 20030 MiB, 49140 MiB, 299.88 W, 79
2026/08/28 04:33:51.869, 3, NVIDIA RTX 6000 Ada Generation, 89 %, 20000 MiB, 49140 MiB, 295.90 W, 80
2026/08/28 04:34:01.870, 0, NVIDIA RTX 6000 Ada Generation, 97 %, 19996 MiB, 49140 MiB, 299.52 W, 79
2026/08/28 04:34:01.871, 1, NVIDIA RTX 6000 Ada Generation, 89 %, 20340 MiB, 49140 MiB, 290.59 W, 83
2026/08/28 04:34:01.871, 2, NVIDIA RTX 6000 Ada Generation, 96 %, 20030 MiB, 49140 MiB, 299.68 W, 79
2026/08/28 04:34:01.871, 3, NVIDIA RTX 6000 Ada Generation, 97 %, 20000 MiB, 49140 MiB, 299.36 W, 80
2026/08/28 04:34:11.872, 0, NVIDIA RTX 6000 Ada Generation, 96 %, 19996 MiB, 49140 MiB, 299.65 W, 79
2026/08/28 04:34:11.872, 1, NVIDIA RTX 6000 Ada Generation, 97 %, 20340 MiB, 49140 MiB, 299.81 W, 84
2026/08/28 04:34:11.872, 2, NVIDIA RTX 6000 Ada Generation, 89 %, 20030 MiB, 49140 MiB, 299.38 W, 79
2026/08/28 04:34:11.872, 3, NVIDIA RTX 6000 Ada Generation, 97 %, 20000 MiB, 49140 MiB, 299.69 W, 80
2026/08/28 04:34:21.873, 0, NVIDIA RTX 6000 Ada Generation, 96 %, 19996 MiB, 49140 MiB, 299.83 W, 80
2026/08/28 04:34:21.874, 1, NVIDIA RTX 6000 Ada Generation, 89 %, 20340 MiB, 49140 MiB, 290.90 W, 83
2026/08/28 04:34:21.874, 2, NVIDIA RTX 6000 Ada Generation, 96 %, 20030 MiB, 49140 MiB, 299.70 W, 79
2026/08/28 04:34:21.874, 3, NVIDIA RTX 6000 Ada Generation, 97 %, 20000 MiB, 49140 MiB, 298.95 W, 80
2026/08/28 04:34:31.875, 0, NVIDIA RTX 6000 Ada Generation, 97 %, 19996 MiB, 49140 MiB, 299.58 W, 79
2026/08/28 04:34:31.875, 1, NVIDIA RTX 6000 Ada Generation, 90 %, 20340 MiB, 49140 MiB, 291.58 W, 83
2026/08/28 04:34:31.875, 2, NVIDIA RTX 6000 Ada Generation, 96 %, 20030 MiB, 49140 MiB, 299.22 W, 79
2026/08/28 04:34:31.875, 3, NVIDIA RTX 6000 Ada Generation, 97 %, 20000 MiB, 49140 MiB, 299.05 W, 80
2026/08/28 04:34:41.876, 0, NVIDIA RTX 6000 Ada Generation, 88 %, 19996 MiB, 49140 MiB, 299.08 W, 79
2026/08/28 04:34:41.877, 1, NVIDIA RTX 6000 Ada Generation, 97 %, 20340 MiB, 49140 MiB, 299.58 W, 84
2026/08/28 04:34:41.877, 2, NVIDIA RTX 6000 Ada Generation, 97 %, 20030 MiB, 49140 MiB, 299.56 W, 79
2026/08/28 04:34:41.877, 3, NVIDIA RTX 6000 Ada Generation, 89 %, 20000 MiB, 49140 MiB, 295.00 W, 80
2026/08/28 04:34:51.878, 0, NVIDIA RTX 6000 Ada Generation, 97 %, 19996 MiB, 49140 MiB, 299.55 W, 79
2026/08/28 04:34:51.878, 1, NVIDIA RTX 6000 Ada Generation, 97 %, 20340 MiB, 49140 MiB, 298.91 W, 83
2026/08/28 04:34:51.878, 2, NVIDIA RTX 6000 Ada Generation, 97 %, 20030 MiB, 49140 MiB, 299.79 W, 79
2026/08/28 04:34:51.878, 3, NVIDIA RTX 6000 Ada Generation, 96 %, 20000 MiB, 49140 MiB, 299.72 W, 80
2026/08/28 04:35:01.879, 0, NVIDIA RTX 6000 Ada Generation, 97 %, 19996 MiB, 49140 MiB, 299.67 W, 79
2026/08/28 04:35:01.880, 1, NVIDIA RTX 6000 Ada Generation, 97 %, 20340 MiB, 49140 MiB, 299.87 W, 84
2026/08/28 04:35:01.880, 2, NVIDIA RTX 6000 Ada Generation, 89 %, 20030 MiB, 49140 MiB, 299.73 W, 79
2026/08/28 04:35:01.880, 3, NVIDIA RTX 6000 Ada Generation, 92 %, 20000 MiB, 49140 MiB, 293.99 W, 80
2026/08/28 04:35:11.881, 0, NVIDIA RTX 6000 Ada Generation, 89 %, 19996 MiB, 49140 MiB, 299.58 W, 80
2026/08/28 04:35:11.881, 1, NVIDIA RTX 6000 Ada Generation, 87 %, 20340 MiB, 49140 MiB, 291.18 W, 83
2026/08/28 04:35:11.881, 2, NVIDIA RTX 6000 Ada Generation, 96 %, 20030 MiB, 49140 MiB, 299.32 W, 79
2026/08/28 04:35:11.881, 3, NVIDIA RTX 6000 Ada Generation, 88 %, 20000 MiB, 49140 MiB, 294.74 W, 80
2026/08/28 04:35:21.882, 0, NVIDIA RTX 6000 Ada Generation, 97 %, 19996 MiB, 49140 MiB, 299.61 W, 80
2026/08/28 04:35:21.883, 1, NVIDIA RTX 6000 Ada Generation, 97 %, 20340 MiB, 49140 MiB, 299.45 W, 84
2026/08/28 04:35:21.883, 2, NVIDIA RTX 6000 Ada Generation, 88 %, 20030 MiB, 49140 MiB, 299.74 W, 79
2026/08/28 04:35:21.883, 3, NVIDIA RTX 6000 Ada Generation, 88 %, 20000 MiB, 49140 MiB, 295.20 W, 80
2026/08/28 04:35:31.884, 0, NVIDIA RTX 6000 Ada Generation, 97 %, 19996 MiB, 49140 MiB, 299.66 W, 79
2026/08/28 04:35:31.884, 1, NVIDIA RTX 6000 Ada Generation, 87 %, 20340 MiB, 49140 MiB, 294.46 W, 83
2026/08/28 04:35:31.884, 2, NVIDIA RTX 6000 Ada Generation, 97 %, 20030 MiB, 49140 MiB, 300.20 W, 79
2026/08/28 04:35:31.884, 3, NVIDIA RTX 6000 Ada Generation, 85 %, 20000 MiB, 49140 MiB, 295.71 W, 81
2026/08/28 04:35:41.885, 0, NVIDIA RTX 6000 Ada Generation, 97 %, 19996 MiB, 49140 MiB, 299.64 W, 79
2026/08/28 04:35:41.886, 1, NVIDIA RTX 6000 Ada Generation, 96 %, 20340 MiB, 49140 MiB, 298.95 W, 84
2026/08/28 04:35:41.886, 2, NVIDIA RTX 6000 Ada Generation, 89 %, 20030 MiB, 49140 MiB, 299.54 W, 79
2026/08/28 04:35:41.886, 3, NVIDIA RTX 6000 Ada Generation, 97 %, 20000 MiB, 49140 MiB, 299.50 W, 80
2026/08/28 04:35:51.887, 0, NVIDIA RTX 6000 Ada Generation, 97 %, 19996 MiB, 49140 MiB, 299.43 W, 79
2026/08/28 04:35:51.887, 1, NVIDIA RTX 6000 Ada Generation, 88 %, 20340 MiB, 49140 MiB, 291.18 W, 84
2026/08/28 04:35:51.887, 2, NVIDIA RTX 6000 Ada Generation, 97 %, 20030 MiB, 49140 MiB, 299.69 W, 79
2026/08/28 04:35:51.887, 3, NVIDIA RTX 6000 Ada Generation, 97 %, 20000 MiB, 49140 MiB, 299.62 W, 80
2026/08/28 04:36:01.889, 0, NVIDIA RTX 6000 Ada Generation, 88 %, 19996 MiB, 49140 MiB, 298.50 W, 80
2026/08/28 04:36:01.889, 1, NVIDIA RTX 6000 Ada Generation, 96 %, 20340 MiB, 49140 MiB, 299.77 W, 84
2026/08/28 04:36:01.889, 2, NVIDIA RTX 6000 Ada Generation, 97 %, 20030 MiB, 49140 MiB, 299.51 W, 79
2026/08/28 04:36:01.889, 3, NVIDIA RTX 6000 Ada Generation, 97 %, 20000 MiB, 49140 MiB, 300.06 W, 80
2026/08/28 04:36:11.890, 0, NVIDIA RTX 6000 Ada Generation, 89 %, 19996 MiB, 49140 MiB, 299.48 W, 80
2026/08/28 04:36:11.890, 1, NVIDIA RTX 6000 Ada Generation, 97 %, 20340 MiB, 49140 MiB, 300.13 W, 84
2026/08/28 04:36:11.890, 2, NVIDIA RTX 6000 Ada Generation, 89 %, 20030 MiB, 49140 MiB, 297.20 W, 78
2026/08/28 04:36:11.891, 3, NVIDIA RTX 6000 Ada Generation, 97 %, 20000 MiB, 49140 MiB, 298.59 W, 80
2026/08/28 04:36:21.892, 0, NVIDIA RTX 6000 Ada Generation, 97 %, 19996 MiB, 49140 MiB, 299.42 W, 80
2026/08/28 04:36:21.892, 1, NVIDIA RTX 6000 Ada Generation, 97 %, 20340 MiB, 49140 MiB, 299.31 W, 84
2026/08/28 04:36:21.892, 2, NVIDIA RTX 6000 Ada Generation, 97 %, 20030 MiB, 49140 MiB, 299.43 W, 79
2026/08/28 04:36:21.892, 3, NVIDIA RTX 6000 Ada Generation, 97 %, 20000 MiB, 49140 MiB, 297.12 W, 80
2026/08/28 04:36:31.893, 0, NVIDIA RTX 6000 Ada Generation, 88 %, 19996 MiB, 49140 MiB, 299.12 W, 80
2026/08/28 04:36:31.893, 1, NVIDIA RTX 6000 Ada Generation, 96 %, 20340 MiB, 49140 MiB, 299.20 W, 84
2026/08/28 04:36:31.894, 2, NVIDIA RTX 6000 Ada Generation, 97 %, 20030 MiB, 49140 MiB, 300.10 W, 79
2026/08/28 04:36:31.894, 3, NVIDIA RTX 6000 Ada Generation, 87 %, 20000 MiB, 49140 MiB, 294.68 W, 80
2026/08/28 04:36:41.895, 0, NVIDIA RTX 6000 Ada Generation, 97 %, 19996 MiB, 49140 MiB, 299.59 W, 80
2026/08/28 04:36:41.895, 1, NVIDIA RTX 6000 Ada Generation, 89 %, 20340 MiB, 49140 MiB, 291.98 W, 84
2026/08/28 04:36:41.895, 2, NVIDIA RTX 6000 Ada Generation, 97 %, 20030 MiB, 49140 MiB, 300.42 W, 79
2026/08/28 04:36:41.895, 3, NVIDIA RTX 6000 Ada Generation, 95 %, 20000 MiB, 49140 MiB, 299.34 W, 80
2026/08/28 04:36:51.896, 0, NVIDIA RTX 6000 Ada Generation, 96 %, 19996 MiB, 49140 MiB, 299.65 W, 80
2026/08/28 04:36:51.897, 1, NVIDIA RTX 6000 Ada Generation, 96 %, 20340 MiB, 49140 MiB, 300.05 W, 84
2026/08/28 04:36:51.897, 2, NVIDIA RTX 6000 Ada Generation, 89 %, 20030 MiB, 49140 MiB, 299.61 W, 79
2026/08/28 04:36:51.897, 3, NVIDIA RTX 6000 Ada Generation, 97 %, 20000 MiB, 49140 MiB, 299.32 W, 80
2026/08/28 04:37:01.898, 0, NVIDIA RTX 6000 Ada Generation, 97 %, 19996 MiB, 49140 MiB, 299.63 W, 80
2026/08/28 04:37:01.898, 1, NVIDIA RTX 6000 Ada Generation, 97 %, 20340 MiB, 49140 MiB, 299.95 W, 84
2026/08/28 04:37:01.898, 2, NVIDIA RTX 6000 Ada Generation, 88 %, 20030 MiB, 49140 MiB, 299.56 W, 79
2026/08/28 04:37:01.898, 3, NVIDIA RTX 6000 Ada Generation, 87 %, 20000 MiB, 49140 MiB, 294.60 W, 80
2026/08/28 04:37:11.899, 0, NVIDIA RTX 6000 Ada Generation, 97 %, 19996 MiB, 49140 MiB, 299.61 W, 80
2026/08/28 04:37:11.900, 1, NVIDIA RTX 6000 Ada Generation, 96 %, 20340 MiB, 49140 MiB, 299.55 W, 84
2026/08/28 04:37:11.900, 2, NVIDIA RTX 6000 Ada Generation, 97 %, 20030 MiB, 49140 MiB, 299.46 W, 79
2026/08/28 04:37:11.900, 3, NVIDIA RTX 6000 Ada Generation, 89 %, 20000 MiB, 49140 MiB, 295.88 W, 80
2026/08/28 04:37:21.901, 0, NVIDIA RTX 6000 Ada Generation, 97 %, 19996 MiB, 49140 MiB, 299.70 W, 80
2026/08/28 04:37:21.901, 1, NVIDIA RTX 6000 Ada Generation, 96 %, 20340 MiB, 49140 MiB, 300.06 W, 84
2026/08/28 04:37:21.901, 2, NVIDIA RTX 6000 Ada Generation, 97 %, 20030 MiB, 49140 MiB, 299.13 W, 79
2026/08/28 04:37:21.901, 3, NVIDIA RTX 6000 Ada Generation, 97 %, 20000 MiB, 49140 MiB, 299.08 W, 80
2026/08/28 04:37:31.903, 0, NVIDIA RTX 6000 Ada Generation, 97 %, 19996 MiB, 49140 MiB, 299.70 W, 80
2026/08/28 04:37:31.903, 1, NVIDIA RTX 6000 Ada Generation, 86 %, 20340 MiB, 49140 MiB, 289.98 W, 84
2026/08/28 04:37:31.903, 2, NVIDIA RTX 6000 Ada Generation, 89 %, 20030 MiB, 49140 MiB, 299.06 W, 79
2026/08/28 04:37:31.903, 3, NVIDIA RTX 6000 Ada Generation, 97 %, 20000 MiB, 49140 MiB, 299.58 W, 80
2026/08/28 04:37:41.904, 0, NVIDIA RTX 6000 Ada Generation, 87 %, 19996 MiB, 49140 MiB, 298.80 W, 80
2026/08/28 04:37:41.904, 1, NVIDIA RTX 6000 Ada Generation, 89 %, 20340 MiB, 49140 MiB, 292.06 W, 84
2026/08/28 04:37:41.904, 2, NVIDIA RTX 6000 Ada Generation, 97 %, 20030 MiB, 49140 MiB, 299.60 W, 79
2026/08/28 04:37:41.904, 3, NVIDIA RTX 6000 Ada Generation, 97 %, 20000 MiB, 49140 MiB, 299.57 W, 80
2026/08/28 04:37:51.906, 0, NVIDIA RTX 6000 Ada Generation, 96 %, 19996 MiB, 49140 MiB, 299.61 W, 80
2026/08/28 04:37:51.906, 1, NVIDIA RTX 6000 Ada Generation, 97 %, 20340 MiB, 49140 MiB, 300.00 W, 84
2026/08/28 04:37:51.906, 2, NVIDIA RTX 6000 Ada Generation, 90 %, 20030 MiB, 49140 MiB, 298.00 W, 79
2026/08/28 04:37:51.906, 3, NVIDIA RTX 6000 Ada Generation, 97 %, 20000 MiB, 49140 MiB, 299.20 W, 80
2026/08/28 04:38:01.907, 0, NVIDIA RTX 6000 Ada Generation, 97 %, 19996 MiB, 49140 MiB, 299.86 W, 80
2026/08/28 04:38:01.907, 1, NVIDIA RTX 6000 Ada Generation, 96 %, 20340 MiB, 49140 MiB, 299.70 W, 84
2026/08/28 04:38:01.908, 2, NVIDIA RTX 6000 Ada Generation, 97 %, 20030 MiB, 49140 MiB, 298.82 W, 79
2026/08/28 04:38:01.908, 3, NVIDIA RTX 6000 Ada Generation, 97 %, 20000 MiB, 49140 MiB, 299.05 W, 80
2026/08/28 04:38:11.909, 0, NVIDIA RTX 6000 Ada Generation, 97 %, 19996 MiB, 49140 MiB, 299.66 W, 79
2026/08/28 04:38:11.909, 1, NVIDIA RTX 6000 Ada Generation, 88 %, 20340 MiB, 49140 MiB, 291.22 W, 83
2026/08/28 04:38:11.909, 2, NVIDIA RTX 6000 Ada Generation, 97 %, 20030 MiB, 49140 MiB, 299.91 W, 79
2026/08/28 04:38:11.909, 3, NVIDIA RTX 6000 Ada Generation, 97 %, 20000 MiB, 49140 MiB, 296.47 W, 80
2026/08/28 04:38:21.910, 0, NVIDIA RTX 6000 Ada Generation, 97 %, 19996 MiB, 49140 MiB, 299.49 W, 80
2026/08/28 04:38:21.910, 1, NVIDIA RTX 6000 Ada Generation, 96 %, 20340 MiB, 49140 MiB, 300.00 W, 84
2026/08/28 04:38:21.911, 2, NVIDIA RTX 6000 Ada Generation, 97 %, 20030 MiB, 49140 MiB, 299.80 W, 79
2026/08/28 04:38:21.911, 3, NVIDIA RTX 6000 Ada Generation, 97 %, 20000 MiB, 49140 MiB, 299.21 W, 80
2026/08/28 04:38:31.912, 0, NVIDIA RTX 6000 Ada Generation, 90 %, 19996 MiB, 49140 MiB, 291.72 W, 80
2026/08/28 04:38:31.912, 1, NVIDIA RTX 6000 Ada Generation, 97 %, 20340 MiB, 49140 MiB, 299.63 W, 84
2026/08/28 04:38:31.912, 2, NVIDIA RTX 6000 Ada Generation, 97 %, 20030 MiB, 49140 MiB, 299.61 W, 79
2026/08/28 04:38:31.912, 3, NVIDIA RTX 6000 Ada Generation, 88 %, 20000 MiB, 49140 MiB, 293.52 W, 80
2026/08/28 04:38:41.913, 0, NVIDIA RTX 6000 Ada Generation, 89 %, 19996 MiB, 49140 MiB, 299.02 W, 80
2026/08/28 04:38:41.913, 1, NVIDIA RTX 6000 Ada Generation, 97 %, 20340 MiB, 49140 MiB, 299.96 W, 84
2026/08/28 04:38:41.913, 2, NVIDIA RTX 6000 Ada Generation, 97 %, 20030 MiB, 49140 MiB, 300.04 W, 79
2026/08/28 04:38:41.914, 3, NVIDIA RTX 6000 Ada Generation, 97 %, 20000 MiB, 49140 MiB, 299.59 W, 80
2026/08/28 04:38:51.915, 0, NVIDIA RTX 6000 Ada Generation, 90 %, 19996 MiB, 49140 MiB, 299.21 W, 80
2026/08/28 04:38:51.915, 1, NVIDIA RTX 6000 Ada Generation, 89 %, 20340 MiB, 49140 MiB, 291.42 W, 83
2026/08/28 04:38:51.915, 2, NVIDIA RTX 6000 Ada Generation, 97 %, 20030 MiB, 49140 MiB, 300.10 W, 79
2026/08/28 04:38:51.915, 3, NVIDIA RTX 6000 Ada Generation, 87 %, 20000 MiB, 49140 MiB, 294.02 W, 79
2026/08/28 04:39:01.916, 0, NVIDIA RTX 6000 Ada Generation, 97 %, 19996 MiB, 49140 MiB, 299.68 W, 80
2026/08/28 04:39:01.916, 1, NVIDIA RTX 6000 Ada Generation, 97 %, 20340 MiB, 49140 MiB, 299.29 W, 84
2026/08/28 04:39:01.917, 2, NVIDIA RTX 6000 Ada Generation, 97 %, 20030 MiB, 49140 MiB, 300.07 W, 79
2026/08/28 04:39:01.917, 3, NVIDIA RTX 6000 Ada Generation, 97 %, 20000 MiB, 49140 MiB, 299.36 W, 79
2026/08/28 04:39:11.918, 0, NVIDIA RTX 6000 Ada Generation, 97 %, 19996 MiB, 49140 MiB, 299.72 W, 79
2026/08/28 04:39:11.918, 1, NVIDIA RTX 6000 Ada Generation, 96 %, 20340 MiB, 49140 MiB, 298.76 W, 84
2026/08/28 04:39:11.918, 2, NVIDIA RTX 6000 Ada Generation, 97 %, 20030 MiB, 49140 MiB, 299.61 W, 79
2026/08/28 04:39:11.918, 3, NVIDIA RTX 6000 Ada Generation, 97 %, 20000 MiB, 49140 MiB, 299.59 W, 80
2026/08/28 04:39:21.919, 0, NVIDIA RTX 6000 Ada Generation, 97 %, 19996 MiB, 49140 MiB, 299.70 W, 80
2026/08/28 04:39:21.919, 1, NVIDIA RTX 6000 Ada Generation, 97 %, 20340 MiB, 49140 MiB, 299.58 W, 84
2026/08/28 04:39:21.920, 2, NVIDIA RTX 6000 Ada Generation, 88 %, 20058 MiB, 49140 MiB, 299.55 W, 79
2026/08/28 04:39:21.920, 3, NVIDIA RTX 6000 Ada Generation, 97 %, 20000 MiB, 49140 MiB, 299.50 W, 80
2026/08/28 04:39:31.921, 0, NVIDIA RTX 6000 Ada Generation, 97 %, 19996 MiB, 49140 MiB, 299.45 W, 79
2026/08/28 04:39:31.921, 1, NVIDIA RTX 6000 Ada Generation, 96 %, 20340 MiB, 49140 MiB, 299.69 W, 84
2026/08/28 04:39:31.921, 2, NVIDIA RTX 6000 Ada Generation, 89 %, 20220 MiB, 49140 MiB, 299.32 W, 79
2026/08/28 04:39:31.921, 3, NVIDIA RTX 6000 Ada Generation, 97 %, 20000 MiB, 49140 MiB, 299.85 W, 80
2026/08/28 04:39:41.922, 0, NVIDIA RTX 6000 Ada Generation, 88 %, 19996 MiB, 49140 MiB, 298.93 W, 80
2026/08/28 04:39:41.923, 1, NVIDIA RTX 6000 Ada Generation, 88 %, 20340 MiB, 49140 MiB, 294.54 W, 83
2026/08/28 04:39:41.923, 2, NVIDIA RTX 6000 Ada Generation, 97 %, 20370 MiB, 49140 MiB, 299.77 W, 79
2026/08/28 04:39:41.923, 3, NVIDIA RTX 6000 Ada Generation, 97 %, 20000 MiB, 49140 MiB, 299.19 W, 80
2026/08/28 04:39:51.924, 0, NVIDIA RTX 6000 Ada Generation, 89 %, 19996 MiB, 49140 MiB, 299.36 W, 80
2026/08/28 04:39:51.924, 1, NVIDIA RTX 6000 Ada Generation, 97 %, 20340 MiB, 49140 MiB, 300.15 W, 84
2026/08/28 04:39:51.924, 2, NVIDIA RTX 6000 Ada Generation, 97 %, 20370 MiB, 49140 MiB, 298.94 W, 79
2026/08/28 04:39:51.924, 3, NVIDIA RTX 6000 Ada Generation, 97 %, 20000 MiB, 49140 MiB, 299.46 W, 80
2026/08/28 04:40:01.925, 0, NVIDIA RTX 6000 Ada Generation, 89 %, 19996 MiB, 49140 MiB, 298.86 W, 80
2026/08/28 04:40:01.926, 1, NVIDIA RTX 6000 Ada Generation, 96 %, 20340 MiB, 49140 MiB, 299.83 W, 83
2026/08/28 04:40:01.926, 2, NVIDIA RTX 6000 Ada Generation, 89 %, 20370 MiB, 49140 MiB, 299.61 W, 79
2026/08/28 04:40:01.926, 3, NVIDIA RTX 6000 Ada Generation, 89 %, 20000 MiB, 49140 MiB, 295.27 W, 80
2026/08/28 04:40:11.927, 0, NVIDIA RTX 6000 Ada Generation, 88 %, 19996 MiB, 49140 MiB, 298.99 W, 80
2026/08/28 04:40:11.927, 1, NVIDIA RTX 6000 Ada Generation, 87 %, 20340 MiB, 49140 MiB, 290.90 W, 83
2026/08/28 04:40:11.927, 2, NVIDIA RTX 6000 Ada Generation, 96 %, 20370 MiB, 49140 MiB, 299.72 W, 79
2026/08/28 04:40:11.927, 3, NVIDIA RTX 6000 Ada Generation, 97 %, 20000 MiB, 49140 MiB, 300.13 W, 80
2026/08/28 04:40:21.928, 0, NVIDIA RTX 6000 Ada Generation, 97 %, 19996 MiB, 49140 MiB, 299.58 W, 79
2026/08/28 04:40:21.929, 1, NVIDIA RTX 6000 Ada Generation, 96 %, 20340 MiB, 49140 MiB, 299.24 W, 83
2026/08/28 04:40:21.929, 2, NVIDIA RTX 6000 Ada Generation, 97 %, 20370 MiB, 49140 MiB, 299.93 W, 79
2026/08/28 04:40:21.929, 3, NVIDIA RTX 6000 Ada Generation, 96 %, 20000 MiB, 49140 MiB, 299.50 W, 80
2026/08/28 04:40:31.930, 0, NVIDIA RTX 6000 Ada Generation, 97 %, 19996 MiB, 49140 MiB, 299.86 W, 79
2026/08/28 04:40:31.930, 1, NVIDIA RTX 6000 Ada Generation, 96 %, 20340 MiB, 49140 MiB, 299.10 W, 83
2026/08/28 04:40:31.930, 2, NVIDIA RTX 6000 Ada Generation, 96 %, 20370 MiB, 49140 MiB, 299.32 W, 79
2026/08/28 04:40:31.930, 3, NVIDIA RTX 6000 Ada Generation, 97 %, 20000 MiB, 49140 MiB, 299.49 W, 80
2026/08/28 04:40:41.931, 0, NVIDIA RTX 6000 Ada Generation, 88 %, 19996 MiB, 49140 MiB, 298.78 W, 79
2026/08/28 04:40:41.931, 1, NVIDIA RTX 6000 Ada Generation, 89 %, 20340 MiB, 49140 MiB, 291.86 W, 83
2026/08/28 04:40:41.932, 2, NVIDIA RTX 6000 Ada Generation, 97 %, 20370 MiB, 49140 MiB, 298.99 W, 79
2026/08/28 04:40:41.932, 3, NVIDIA RTX 6000 Ada Generation, 88 %, 20000 MiB, 49140 MiB, 294.88 W, 80
2026/08/28 04:40:51.933, 0, NVIDIA RTX 6000 Ada Generation, 97 %, 19996 MiB, 49140 MiB, 299.59 W, 79
2026/08/28 04:40:51.933, 1, NVIDIA RTX 6000 Ada Generation, 96 %, 20340 MiB, 49140 MiB, 300.13 W, 83
2026/08/28 04:40:51.933, 2, NVIDIA RTX 6000 Ada Generation, 88 %, 20370 MiB, 49140 MiB, 297.60 W, 79
2026/08/28 04:40:51.933, 3, NVIDIA RTX 6000 Ada Generation, 97 %, 20000 MiB, 49140 MiB, 299.93 W, 80
2026/08/28 04:41:01.934, 0, NVIDIA RTX 6000 Ada Generation, 96 %, 19996 MiB, 49140 MiB, 300.15 W, 80
2026/08/28 04:41:01.935, 1, NVIDIA RTX 6000 Ada Generation, 97 %, 20340 MiB, 49140 MiB, 300.21 W, 83
2026/08/28 04:41:01.935, 2, NVIDIA RTX 6000 Ada Generation, 89 %, 20370 MiB, 49140 MiB, 299.53 W, 79
2026/08/28 04:41:01.935, 3, NVIDIA RTX 6000 Ada Generation, 97 %, 20000 MiB, 49140 MiB, 299.45 W, 80
2026/08/28 04:41:11.936, 0, NVIDIA RTX 6000 Ada Generation, 97 %, 19996 MiB, 49140 MiB, 299.64 W, 79
2026/08/28 04:41:11.936, 1, NVIDIA RTX 6000 Ada Generation, 96 %, 20340 MiB, 49140 MiB, 299.09 W, 83
2026/08/28 04:41:11.936, 2, NVIDIA RTX 6000 Ada Generation, 97 %, 20370 MiB, 49140 MiB, 299.96 W, 79
2026/08/28 04:41:11.936, 3, NVIDIA RTX 6000 Ada Generation, 89 %, 20000 MiB, 49140 MiB, 294.85 W, 80
2026/08/28 04:41:21.937, 0, NVIDIA RTX 6000 Ada Generation, 89 %, 19996 MiB, 49140 MiB, 299.27 W, 80
2026/08/28 04:41:21.938, 1, NVIDIA RTX 6000 Ada Generation, 97 %, 20340 MiB, 49140 MiB, 299.09 W, 83
2026/08/28 04:41:21.938, 2, NVIDIA RTX 6000 Ada Generation, 97 %, 20370 MiB, 49140 MiB, 299.69 W, 79
2026/08/28 04:41:21.938, 3, NVIDIA RTX 6000 Ada Generation, 89 %, 20000 MiB, 49140 MiB, 295.94 W, 80
2026/08/28 04:41:31.939, 0, NVIDIA RTX 6000 Ada Generation, 87 %, 19996 MiB, 49140 MiB, 293.92 W, 80
2026/08/28 04:41:31.939, 1, NVIDIA RTX 6000 Ada Generation, 97 %, 20340 MiB, 49140 MiB, 299.91 W, 83
2026/08/28 04:41:31.939, 2, NVIDIA RTX 6000 Ada Generation, 89 %, 20370 MiB, 49140 MiB, 298.85 W, 79
2026/08/28 04:41:31.939, 3, NVIDIA RTX 6000 Ada Generation, 97 %, 20000 MiB, 49140 MiB, 299.49 W, 80
2026/08/28 04:41:41.940, 0, NVIDIA RTX 6000 Ada Generation, 97 %, 19996 MiB, 49140 MiB, 299.61 W, 79
2026/08/28 04:41:41.941, 1, NVIDIA RTX 6000 Ada Generation, 96 %, 20340 MiB, 49140 MiB, 299.87 W, 83
2026/08/28 04:41:41.941, 2, NVIDIA RTX 6000 Ada Generation, 97 %, 20370 MiB, 49140 MiB, 299.94 W, 79
2026/08/28 04:41:41.941, 3, NVIDIA RTX 6000 Ada Generation, 97 %, 20000 MiB, 49140 MiB, 299.46 W, 80
2026/08/28 04:41:51.942, 0, NVIDIA RTX 6000 Ada Generation, 97 %, 19996 MiB, 49140 MiB, 299.86 W, 79
2026/08/28 04:41:51.942, 1, NVIDIA RTX 6000 Ada Generation, 87 %, 20340 MiB, 49140 MiB, 291.27 W, 83
2026/08/28 04:41:51.942, 2, NVIDIA RTX 6000 Ada Generation, 96 %, 20370 MiB, 49140 MiB, 296.48 W, 79
2026/08/28 04:41:51.942, 3, NVIDIA RTX 6000 Ada Generation, 97 %, 20000 MiB, 49140 MiB, 299.77 W, 80
2026/08/28 04:42:01.944, 0, NVIDIA RTX 6000 Ada Generation, 97 %, 19996 MiB, 49140 MiB, 299.64 W, 79
2026/08/28 04:42:01.944, 1, NVIDIA RTX 6000 Ada Generation, 96 %, 20340 MiB, 49140 MiB, 298.94 W, 83
2026/08/28 04:42:01.944, 2, NVIDIA RTX 6000 Ada Generation, 97 %, 20370 MiB, 49140 MiB, 299.21 W, 79
2026/08/28 04:42:01.944, 3, NVIDIA RTX 6000 Ada Generation, 96 %, 20000 MiB, 49140 MiB, 298.02 W, 80
2026/08/28 04:42:11.945, 0, NVIDIA RTX 6000 Ada Generation, 97 %, 19996 MiB, 49140 MiB, 299.44 W, 79
2026/08/28 04:42:11.945, 1, NVIDIA RTX 6000 Ada Generation, 97 %, 20340 MiB, 49140 MiB, 298.52 W, 83
2026/08/28 04:42:11.945, 2, NVIDIA RTX 6000 Ada Generation, 96 %, 20370 MiB, 49140 MiB, 299.81 W, 79
2026/08/28 04:42:11.945, 3, NVIDIA RTX 6000 Ada Generation, 97 %, 20000 MiB, 49140 MiB, 299.68 W, 80
2026/08/28 04:42:21.947, 0, NVIDIA RTX 6000 Ada Generation, 89 %, 19996 MiB, 49140 MiB, 297.17 W, 79
2026/08/28 04:42:21.947, 1, NVIDIA RTX 6000 Ada Generation, 97 %, 20340 MiB, 49140 MiB, 299.91 W, 83
2026/08/28 04:42:21.947, 2, NVIDIA RTX 6000 Ada Generation, 97 %, 20370 MiB, 49140 MiB, 299.68 W, 79
2026/08/28 04:42:21.947, 3, NVIDIA RTX 6000 Ada Generation, 96 %, 20000 MiB, 49140 MiB, 300.39 W, 80
2026/08/28 04:42:31.948, 0, NVIDIA RTX 6000 Ada Generation, 89 %, 19996 MiB, 49140 MiB, 298.96 W, 79
2026/08/28 04:42:31.948, 1, NVIDIA RTX 6000 Ada Generation, 89 %, 20340 MiB, 49140 MiB, 291.30 W, 83
2026/08/28 04:42:31.948, 2, NVIDIA RTX 6000 Ada Generation, 89 %, 20370 MiB, 49140 MiB, 299.34 W, 79
2026/08/28 04:42:31.949, 3, NVIDIA RTX 6000 Ada Generation, 88 %, 20000 MiB, 49140 MiB, 295.31 W, 80
2026/08/28 04:42:41.950, 0, NVIDIA RTX 6000 Ada Generation, 89 %, 19996 MiB, 49140 MiB, 296.07 W, 79
2026/08/28 04:42:41.950, 1, NVIDIA RTX 6000 Ada Generation, 89 %, 20340 MiB, 49140 MiB, 291.35 W, 83
2026/08/28 04:42:41.950, 2, NVIDIA RTX 6000 Ada Generation, 97 %, 20370 MiB, 49140 MiB, 299.91 W, 79
2026/08/28 04:42:41.950, 3, NVIDIA RTX 6000 Ada Generation, 96 %, 20000 MiB, 49140 MiB, 299.29 W, 80
2026/08/28 04:42:51.951, 0, NVIDIA RTX 6000 Ada Generation, 97 %, 19996 MiB, 49140 MiB, 299.75 W, 79
2026/08/28 04:42:51.951, 1, NVIDIA RTX 6000 Ada Generation, 97 %, 20340 MiB, 49140 MiB, 298.87 W, 83
2026/08/28 04:42:51.951, 2, NVIDIA RTX 6000 Ada Generation, 97 %, 20370 MiB, 49140 MiB, 299.78 W, 79
2026/08/28 04:42:51.952, 3, NVIDIA RTX 6000 Ada Generation, 97 %, 20000 MiB, 49140 MiB, 299.43 W, 80
2026/08/28 04:43:01.953, 0, NVIDIA RTX 6000 Ada Generation, 97 %, 19996 MiB, 49140 MiB, 299.62 W, 79
2026/08/28 04:43:01.953, 1, NVIDIA RTX 6000 Ada Generation, 97 %, 20340 MiB, 49140 MiB, 299.11 W, 83
2026/08/28 04:43:01.953, 2, NVIDIA RTX 6000 Ada Generation, 88 %, 20370 MiB, 49140 MiB, 299.22 W, 79
2026/08/28 04:43:01.953, 3, NVIDIA RTX 6000 Ada Generation, 87 %, 20000 MiB, 49140 MiB, 296.77 W, 80
2026/08/28 04:43:11.954, 0, NVIDIA RTX 6000 Ada Generation, 97 %, 19996 MiB, 49140 MiB, 299.72 W, 79
2026/08/28 04:43:11.954, 1, NVIDIA RTX 6000 Ada Generation, 96 %, 20340 MiB, 49140 MiB, 299.71 W, 83
2026/08/28 04:43:11.955, 2, NVIDIA RTX 6000 Ada Generation, 96 %, 20370 MiB, 49140 MiB, 299.45 W, 79
2026/08/28 04:43:11.955, 3, NVIDIA RTX 6000 Ada Generation, 96 %, 20000 MiB, 49140 MiB, 299.61 W, 80
2026/08/28 04:43:21.956, 0, NVIDIA RTX 6000 Ada Generation, 97 %, 19996 MiB, 49140 MiB, 299.82 W, 79
2026/08/28 04:43:21.956, 1, NVIDIA RTX 6000 Ada Generation, 96 %, 20340 MiB, 49140 MiB, 299.44 W, 83
2026/08/28 04:43:21.956, 2, NVIDIA RTX 6000 Ada Generation, 95 %, 20370 MiB, 49140 MiB, 299.67 W, 79
2026/08/28 04:43:21.956, 3, NVIDIA RTX 6000 Ada Generation, 97 %, 20000 MiB, 49140 MiB, 298.93 W, 79
2026/08/28 04:43:31.957, 0, NVIDIA RTX 6000 Ada Generation, 97 %, 19996 MiB, 49140 MiB, 299.67 W, 79
2026/08/28 04:43:31.958, 1, NVIDIA RTX 6000 Ada Generation, 96 %, 20340 MiB, 49140 MiB, 298.92 W, 83
2026/08/28 04:43:31.958, 2, NVIDIA RTX 6000 Ada Generation, 97 %, 20370 MiB, 49140 MiB, 299.91 W, 79
2026/08/28 04:43:31.958, 3, NVIDIA RTX 6000 Ada Generation, 88 %, 20000 MiB, 49140 MiB, 293.67 W, 79
2026/08/28 04:43:41.959, 0, NVIDIA RTX 6000 Ada Generation, 88 %, 19996 MiB, 49140 MiB, 297.91 W, 79
2026/08/28 04:43:41.959, 1, NVIDIA RTX 6000 Ada Generation, 89 %, 20340 MiB, 49140 MiB, 289.45 W, 83
2026/08/28 04:43:41.959, 2, NVIDIA RTX 6000 Ada Generation, 96 %, 20370 MiB, 49140 MiB, 299.56 W, 79
2026/08/28 04:43:41.959, 3, NVIDIA RTX 6000 Ada Generation, 89 %, 20000 MiB, 49140 MiB, 295.58 W, 80
2026/08/28 04:43:51.960, 0, NVIDIA RTX 6000 Ada Generation, 90 %, 19996 MiB, 49140 MiB, 299.08 W, 79
2026/08/28 04:43:51.961, 1, NVIDIA RTX 6000 Ada Generation, 96 %, 20340 MiB, 49140 MiB, 299.35 W, 83
2026/08/28 04:43:51.961, 2, NVIDIA RTX 6000 Ada Generation, 88 %, 20370 MiB, 49140 MiB, 298.82 W, 79
2026/08/28 04:43:51.961, 3, NVIDIA RTX 6000 Ada Generation, 96 %, 20000 MiB, 49140 MiB, 299.23 W, 79
2026/08/28 04:44:01.962, 0, NVIDIA RTX 6000 Ada Generation, 97 %, 19996 MiB, 49140 MiB, 299.65 W, 79
2026/08/28 04:44:01.962, 1, NVIDIA RTX 6000 Ada Generation, 89 %, 20340 MiB, 49140 MiB, 291.11 W, 83
2026/08/28 04:44:01.962, 2, NVIDIA RTX 6000 Ada Generation, 97 %, 20370 MiB, 49140 MiB, 298.91 W, 78
2026/08/28 04:44:01.962, 3, NVIDIA RTX 6000 Ada Generation, 96 %, 20000 MiB, 49140 MiB, 299.64 W, 80
2026/08/28 04:44:11.963, 0, NVIDIA RTX 6000 Ada Generation, 96 %, 19996 MiB, 49140 MiB, 299.30 W, 79
2026/08/28 04:44:11.964, 1, NVIDIA RTX 6000 Ada Generation, 89 %, 20340 MiB, 49140 MiB, 292.64 W, 83
2026/08/28 04:44:11.964, 2, NVIDIA RTX 6000 Ada Generation, 88 %, 20370 MiB, 49140 MiB, 294.92 W, 78
2026/08/28 04:44:11.964, 3, NVIDIA RTX 6000 Ada Generation, 97 %, 20000 MiB, 49140 MiB, 299.64 W, 80
2026/08/28 04:44:21.965, 0, NVIDIA RTX 6000 Ada Generation, 97 %, 19996 MiB, 49140 MiB, 299.95 W, 79
2026/08/28 04:44:21.965, 1, NVIDIA RTX 6000 Ada Generation, 96 %, 20340 MiB, 49140 MiB, 300.08 W, 83
2026/08/28 04:44:21.965, 2, NVIDIA RTX 6000 Ada Generation, 97 %, 20370 MiB, 49140 MiB, 299.88 W, 78
2026/08/28 04:44:21.965, 3, NVIDIA RTX 6000 Ada Generation, 97 %, 20000 MiB, 49140 MiB, 300.21 W, 80
2026/08/28 04:44:31.966, 0, NVIDIA RTX 6000 Ada Generation, 89 %, 19996 MiB, 49140 MiB, 299.29 W, 79
2026/08/28 04:44:31.967, 1, NVIDIA RTX 6000 Ada Generation, 97 %, 20340 MiB, 49140 MiB, 299.62 W, 84
2026/08/28 04:44:31.967, 2, NVIDIA RTX 6000 Ada Generation, 87 %, 20370 MiB, 49140 MiB, 299.87 W, 79
2026/08/28 04:44:31.967, 3, NVIDIA RTX 6000 Ada Generation, 97 %, 20000 MiB, 49140 MiB, 298.50 W, 80
2026/08/28 04:44:41.968, 0, NVIDIA RTX 6000 Ada Generation, 89 %, 19996 MiB, 49140 MiB, 299.24 W, 79
2026/08/28 04:44:41.968, 1, NVIDIA RTX 6000 Ada Generation, 96 %, 20340 MiB, 49140 MiB, 299.25 W, 84
2026/08/28 04:44:41.968, 2, NVIDIA RTX 6000 Ada Generation, 97 %, 20370 MiB, 49140 MiB, 299.78 W, 79
2026/08/28 04:44:41.968, 3, NVIDIA RTX 6000 Ada Generation, 97 %, 20000 MiB, 49140 MiB, 300.06 W, 80
2026/08/28 04:44:51.970, 0, NVIDIA RTX 6000 Ada Generation, 96 %, 19996 MiB, 49140 MiB, 299.92 W, 79
2026/08/28 04:44:51.970, 1, NVIDIA RTX 6000 Ada Generation, 97 %, 20340 MiB, 49140 MiB, 298.79 W, 83
2026/08/28 04:44:51.970, 2, NVIDIA RTX 6000 Ada Generation, 97 %, 20370 MiB, 49140 MiB, 299.20 W, 79
2026/08/28 04:44:51.970, 3, NVIDIA RTX 6000 Ada Generation, 90 %, 20000 MiB, 49140 MiB, 294.59 W, 80
2026/08/28 04:45:01.971, 0, NVIDIA RTX 6000 Ada Generation, 97 %, 19996 MiB, 49140 MiB, 299.80 W, 79
2026/08/28 04:45:01.971, 1, NVIDIA RTX 6000 Ada Generation, 88 %, 20340 MiB, 49140 MiB, 291.19 W, 83
2026/08/28 04:45:01.972, 2, NVIDIA RTX 6000 Ada Generation, 97 %, 20370 MiB, 49140 MiB, 300.12 W, 79
2026/08/28 04:45:01.972, 3, NVIDIA RTX 6000 Ada Generation, 97 %, 20000 MiB, 49140 MiB, 300.15 W, 80
2026/08/28 04:45:11.973, 0, NVIDIA RTX 6000 Ada Generation, 97 %, 19996 MiB, 49140 MiB, 299.61 W, 79
2026/08/28 04:45:11.973, 1, NVIDIA RTX 6000 Ada Generation, 89 %, 20340 MiB, 49140 MiB, 291.76 W, 83
2026/08/28 04:45:11.973, 2, NVIDIA RTX 6000 Ada Generation, 90 %, 20370 MiB, 49140 MiB, 299.20 W, 79
2026/08/28 04:45:11.973, 3, NVIDIA RTX 6000 Ada Generation, 97 %, 20000 MiB, 49140 MiB, 299.54 W, 80
2026/08/28 04:45:21.974, 0, NVIDIA RTX 6000 Ada Generation, 97 %, 19996 MiB, 49140 MiB, 299.50 W, 79
2026/08/28 04:45:21.975, 1, NVIDIA RTX 6000 Ada Generation, 96 %, 20340 MiB, 49140 MiB, 299.12 W, 83
2026/08/28 04:45:21.975, 2, NVIDIA RTX 6000 Ada Generation, 97 %, 20370 MiB, 49140 MiB, 299.40 W, 79
2026/08/28 04:45:21.975, 3, NVIDIA RTX 6000 Ada Generation, 89 %, 20000 MiB, 49140 MiB, 295.10 W, 80
2026/08/28 04:45:31.976, 0, NVIDIA RTX 6000 Ada Generation, 96 %, 19996 MiB, 49140 MiB, 299.96 W, 79
2026/08/28 04:45:31.976, 1, NVIDIA RTX 6000 Ada Generation, 96 %, 20340 MiB, 49140 MiB, 298.82 W, 83
2026/08/28 04:45:31.976, 2, NVIDIA RTX 6000 Ada Generation, 97 %, 20370 MiB, 49140 MiB, 299.99 W, 79
2026/08/28 04:45:31.976, 3, NVIDIA RTX 6000 Ada Generation, 97 %, 20000 MiB, 49140 MiB, 299.90 W, 80
2026/08/28 04:45:41.977, 0, NVIDIA RTX 6000 Ada Generation, 88 %, 19996 MiB, 49140 MiB, 299.32 W, 80
2026/08/28 04:45:41.978, 1, NVIDIA RTX 6000 Ada Generation, 87 %, 20340 MiB, 49140 MiB, 290.90 W, 83
2026/08/28 04:45:41.978, 2, NVIDIA RTX 6000 Ada Generation, 97 %, 20370 MiB, 49140 MiB, 299.62 W, 79
2026/08/28 04:45:41.978, 3, NVIDIA RTX 6000 Ada Generation, 97 %, 20000 MiB, 49140 MiB, 299.47 W, 80
2026/08/28 04:45:51.979, 0, NVIDIA RTX 6000 Ada Generation, 97 %, 19996 MiB, 49140 MiB, 300.23 W, 80
2026/08/28 04:45:51.979, 1, NVIDIA RTX 6000 Ada Generation, 97 %, 20340 MiB, 49140 MiB, 298.52 W, 83
2026/08/28 04:45:51.979, 2, NVIDIA RTX 6000 Ada Generation, 97 %, 20370 MiB, 49140 MiB, 299.01 W, 79
2026/08/28 04:45:51.979, 3, NVIDIA RTX 6000 Ada Generation, 97 %, 20000 MiB, 49140 MiB, 300.33 W, 80
2026/08/28 04:46:01.980, 0, NVIDIA RTX 6000 Ada Generation, 97 %, 19996 MiB, 49140 MiB, 299.67 W, 79
2026/08/28 04:46:01.980, 1, NVIDIA RTX 6000 Ada Generation, 87 %, 20340 MiB, 49140 MiB, 291.23 W, 83
2026/08/28 04:46:01.981, 2, NVIDIA RTX 6000 Ada Generation, 97 %, 20370 MiB, 49140 MiB, 299.27 W, 78
2026/08/28 04:46:01.981, 3, NVIDIA RTX 6000 Ada Generation, 90 %, 20000 MiB, 49140 MiB, 295.26 W, 80
2026/08/28 04:46:11.982, 0, NVIDIA RTX 6000 Ada Generation, 97 %, 19996 MiB, 49140 MiB, 299.53 W, 80
2026/08/28 04:46:11.982, 1, NVIDIA RTX 6000 Ada Generation, 96 %, 20340 MiB, 49140 MiB, 299.98 W, 84
2026/08/28 04:46:11.982, 2, NVIDIA RTX 6000 Ada Generation, 97 %, 20370 MiB, 49140 MiB, 300.33 W, 79
2026/08/28 04:46:11.982, 3, NVIDIA RTX 6000 Ada Generation, 90 %, 20000 MiB, 49140 MiB, 296.74 W, 80
2026/08/28 04:46:21.983, 0, NVIDIA RTX 6000 Ada Generation, 97 %, 19996 MiB, 49140 MiB, 299.76 W, 79
2026/08/28 04:46:21.984, 1, NVIDIA RTX 6000 Ada Generation, 96 %, 20340 MiB, 49140 MiB, 299.67 W, 84
2026/08/28 04:46:21.984, 2, NVIDIA RTX 6000 Ada Generation, 97 %, 20370 MiB, 49140 MiB, 299.68 W, 79
2026/08/28 04:46:21.984, 3, NVIDIA RTX 6000 Ada Generation, 97 %, 20000 MiB, 49140 MiB, 300.02 W, 80
2026/08/28 04:46:31.985, 0, NVIDIA RTX 6000 Ada Generation, 97 %, 19996 MiB, 49140 MiB, 299.85 W, 79
2026/08/28 04:46:31.985, 1, NVIDIA RTX 6000 Ada Generation, 97 %, 20340 MiB, 49140 MiB, 298.71 W, 83
2026/08/28 04:46:31.985, 2, NVIDIA RTX 6000 Ada Generation, 89 %, 20370 MiB, 49140 MiB, 299.61 W, 79
2026/08/28 04:46:31.985, 3, NVIDIA RTX 6000 Ada Generation, 97 %, 20000 MiB, 49140 MiB, 299.55 W, 80
2026/08/28 04:46:41.986, 0, NVIDIA RTX 6000 Ada Generation, 90 %, 19996 MiB, 49140 MiB, 299.06 W, 80
2026/08/28 04:46:41.987, 1, NVIDIA RTX 6000 Ada Generation, 97 %, 20340 MiB, 49140 MiB, 298.81 W, 83
2026/08/28 04:46:41.987, 2, NVIDIA RTX 6000 Ada Generation, 91 %, 20370 MiB, 49140 MiB, 298.69 W, 79
2026/08/28 04:46:41.987, 3, NVIDIA RTX 6000 Ada Generation, 97 %, 20000 MiB, 49140 MiB, 299.37 W, 80
2026/08/28 04:46:51.988, 0, NVIDIA RTX 6000 Ada Generation, 90 %, 19996 MiB, 49140 MiB, 299.37 W, 80
2026/08/28 04:46:51.988, 1, NVIDIA RTX 6000 Ada Generation, 86 %, 20340 MiB, 49140 MiB, 290.90 W, 83
2026/08/28 04:46:51.988, 2, NVIDIA RTX 6000 Ada Generation, 89 %, 20370 MiB, 49140 MiB, 299.54 W, 79
2026/08/28 04:46:51.988, 3, NVIDIA RTX 6000 Ada Generation, 97 %, 20000 MiB, 49140 MiB, 299.03 W, 80
2026/08/28 04:47:01.989, 0, NVIDIA RTX 6000 Ada Generation, 89 %, 19996 MiB, 49140 MiB, 294.95 W, 80
2026/08/28 04:47:01.989, 1, NVIDIA RTX 6000 Ada Generation, 89 %, 20340 MiB, 49140 MiB, 293.15 W, 83
2026/08/28 04:47:01.989, 2, NVIDIA RTX 6000 Ada Generation, 97 %, 20370 MiB, 49140 MiB, 299.61 W, 79
2026/08/28 04:47:01.990, 3, NVIDIA RTX 6000 Ada Generation, 97 %, 20000 MiB, 49140 MiB, 298.82 W, 81
2026/08/28 04:47:11.991, 0, NVIDIA RTX 6000 Ada Generation, 97 %, 19996 MiB, 49140 MiB, 299.62 W, 80
2026/08/28 04:47:11.991, 1, NVIDIA RTX 6000 Ada Generation, 97 %, 20340 MiB, 49140 MiB, 299.82 W, 84
2026/08/28 04:47:11.991, 2, NVIDIA RTX 6000 Ada Generation, 97 %, 20370 MiB, 49140 MiB, 295.88 W, 79
2026/08/28 04:47:11.991, 3, NVIDIA RTX 6000 Ada Generation, 97 %, 20000 MiB, 49140 MiB, 299.64 W, 80
2026/08/28 04:47:21.992, 0, NVIDIA RTX 6000 Ada Generation, 97 %, 19996 MiB, 49140 MiB, 300.21 W, 80
2026/08/28 04:47:21.992, 1, NVIDIA RTX 6000 Ada Generation, 97 %, 20340 MiB, 49140 MiB, 299.60 W, 84
2026/08/28 04:47:21.992, 2, NVIDIA RTX 6000 Ada Generation, 89 %, 20370 MiB, 49140 MiB, 299.11 W, 79
2026/08/28 04:47:21.992, 3, NVIDIA RTX 6000 Ada Generation, 97 %, 20000 MiB, 49140 MiB, 299.95 W, 80
2026/08/28 04:47:31.993, 0, NVIDIA RTX 6000 Ada Generation, 97 %, 19996 MiB, 49140 MiB, 299.69 W, 80
2026/08/28 04:47:31.994, 1, NVIDIA RTX 6000 Ada Generation, 97 %, 20340 MiB, 49140 MiB, 299.74 W, 84
2026/08/28 04:47:31.994, 2, NVIDIA RTX 6000 Ada Generation, 97 %, 20370 MiB, 49140 MiB, 300.10 W, 79
2026/08/28 04:47:31.994, 3, NVIDIA RTX 6000 Ada Generation, 97 %, 20000 MiB, 49140 MiB, 299.30 W, 80
2026/08/28 04:47:41.995, 0, NVIDIA RTX 6000 Ada Generation, 90 %, 19996 MiB, 49140 MiB, 299.40 W, 80
2026/08/28 04:47:41.995, 1, NVIDIA RTX 6000 Ada Generation, 96 %, 20340 MiB, 49140 MiB, 299.92 W, 84
2026/08/28 04:47:41.995, 2, NVIDIA RTX 6000 Ada Generation, 97 %, 20370 MiB, 49140 MiB, 299.92 W, 79
2026/08/28 04:47:41.995, 3, NVIDIA RTX 6000 Ada Generation, 97 %, 20000 MiB, 49140 MiB, 299.91 W, 80
2026/08/28 04:47:51.997, 0, NVIDIA RTX 6000 Ada Generation, 97 %, 19996 MiB, 49140 MiB, 298.83 W, 80
2026/08/28 04:47:51.997, 1, NVIDIA RTX 6000 Ada Generation, 96 %, 20340 MiB, 49140 MiB, 299.02 W, 84
2026/08/28 04:47:51.997, 2, NVIDIA RTX 6000 Ada Generation, 97 %, 20370 MiB, 49140 MiB, 299.84 W, 79
2026/08/28 04:47:51.997, 3, NVIDIA RTX 6000 Ada Generation, 96 %, 20000 MiB, 49140 MiB, 299.52 W, 80
2026/08/28 04:48:01.998, 0, NVIDIA RTX 6000 Ada Generation, 97 %, 19996 MiB, 49140 MiB, 299.37 W, 80
2026/08/28 04:48:01.998, 1, NVIDIA RTX 6000 Ada Generation, 88 %, 20340 MiB, 49140 MiB, 291.61 W, 83
2026/08/28 04:48:01.998, 2, NVIDIA RTX 6000 Ada Generation, 90 %, 20370 MiB, 49140 MiB, 299.27 W, 79
2026/08/28 04:48:01.999, 3, NVIDIA RTX 6000 Ada Generation, 89 %, 20000 MiB, 49140 MiB, 294.96 W, 80
2026/08/28 04:48:12.000, 0, NVIDIA RTX 6000 Ada Generation, 97 %, 19996 MiB, 49140 MiB, 298.41 W, 80
2026/08/28 04:48:12.000, 1, NVIDIA RTX 6000 Ada Generation, 97 %, 20340 MiB, 49140 MiB, 300.35 W, 84
2026/08/28 04:48:12.000, 2, NVIDIA RTX 6000 Ada Generation, 89 %, 20370 MiB, 49140 MiB, 299.57 W, 79
2026/08/28 04:48:12.000, 3, NVIDIA RTX 6000 Ada Generation, 89 %, 20000 MiB, 49140 MiB, 295.66 W, 80
2026/08/28 04:48:22.001, 0, NVIDIA RTX 6000 Ada Generation, 97 %, 19996 MiB, 49140 MiB, 300.19 W, 80
2026/08/28 04:48:22.001, 1, NVIDIA RTX 6000 Ada Generation, 96 %, 20340 MiB, 49140 MiB, 300.19 W, 84
2026/08/28 04:48:22.002, 2, NVIDIA RTX 6000 Ada Generation, 97 %, 20370 MiB, 49140 MiB, 299.02 W, 79
2026/08/28 04:48:22.002, 3, NVIDIA RTX 6000 Ada Generation, 97 %, 20000 MiB, 49140 MiB, 300.06 W, 80
2026/08/28 04:48:32.003, 0, NVIDIA RTX 6000 Ada Generation, 97 %, 19996 MiB, 49140 MiB, 299.64 W, 80
2026/08/28 04:48:32.003, 1, NVIDIA RTX 6000 Ada Generation, 96 %, 20340 MiB, 49140 MiB, 299.21 W, 84
2026/08/28 04:48:32.003, 2, NVIDIA RTX 6000 Ada Generation, 97 %, 20402 MiB, 49140 MiB, 299.74 W, 79
2026/08/28 04:48:32.003, 3, NVIDIA RTX 6000 Ada Generation, 97 %, 20000 MiB, 49140 MiB, 299.46 W, 80
2026/08/28 04:48:42.004, 0, NVIDIA RTX 6000 Ada Generation, 97 %, 19996 MiB, 49140 MiB, 300.19 W, 80
2026/08/28 04:48:42.005, 1, NVIDIA RTX 6000 Ada Generation, 97 %, 20340 MiB, 49140 MiB, 300.07 W, 84
2026/08/28 04:48:42.005, 2, NVIDIA RTX 6000 Ada Generation, 88 %, 20402 MiB, 49140 MiB, 295.60 W, 79
2026/08/28 04:48:42.005, 3, NVIDIA RTX 6000 Ada Generation, 97 %, 20000 MiB, 49140 MiB, 299.70 W, 80
2026/08/28 04:48:52.006, 0, NVIDIA RTX 6000 Ada Generation, 96 %, 19996 MiB, 49140 MiB, 299.81 W, 80
2026/08/28 04:48:52.006, 1, NVIDIA RTX 6000 Ada Generation, 96 %, 20340 MiB, 49140 MiB, 299.74 W, 84
2026/08/28 04:48:52.006, 2, NVIDIA RTX 6000 Ada Generation, 97 %, 20402 MiB, 49140 MiB, 299.57 W, 79
2026/08/28 04:48:52.006, 3, NVIDIA RTX 6000 Ada Generation, 89 %, 20000 MiB, 49140 MiB, 295.01 W, 80
2026/08/28 04:49:02.007, 0, NVIDIA RTX 6000 Ada Generation, 89 %, 19996 MiB, 49140 MiB, 298.29 W, 80
2026/08/28 04:49:02.008, 1, NVIDIA RTX 6000 Ada Generation, 97 %, 20340 MiB, 49140 MiB, 298.90 W, 83
2026/08/28 04:49:02.008, 2, NVIDIA RTX 6000 Ada Generation, 90 %, 20402 MiB, 49140 MiB, 299.03 W, 79
2026/08/28 04:49:02.008, 3, NVIDIA RTX 6000 Ada Generation, 96 %, 20000 MiB, 49140 MiB, 299.44 W, 80
2026/08/28 04:49:12.009, 0, NVIDIA RTX 6000 Ada Generation, 97 %, 19996 MiB, 49140 MiB, 299.30 W, 79
2026/08/28 04:49:12.009, 1, NVIDIA RTX 6000 Ada Generation, 96 %, 20340 MiB, 49140 MiB, 294.21 W, 84
2026/08/28 04:49:12.009, 2, NVIDIA RTX 6000 Ada Generation, 97 %, 20402 MiB, 49140 MiB, 300.06 W, 79
2026/08/28 04:49:12.009, 3, NVIDIA RTX 6000 Ada Generation, 96 %, 20000 MiB, 49140 MiB, 300.39 W, 80
2026/08/28 04:49:22.010, 0, NVIDIA RTX 6000 Ada Generation, 97 %, 19996 MiB, 49140 MiB, 299.76 W, 80
2026/08/28 04:49:22.011, 1, NVIDIA RTX 6000 Ada Generation, 87 %, 20340 MiB, 49140 MiB, 289.77 W, 83
2026/08/28 04:49:22.011, 2, NVIDIA RTX 6000 Ada Generation, 95 %, 20402 MiB, 49140 MiB, 299.34 W, 79
2026/08/28 04:49:22.011, 3, NVIDIA RTX 6000 Ada Generation, 88 %, 20000 MiB, 49140 MiB, 295.38 W, 80
2026/08/28 04:49:32.012, 0, NVIDIA RTX 6000 Ada Generation, 97 %, 19996 MiB, 49140 MiB, 299.37 W, 80
2026/08/28 04:49:32.012, 1, NVIDIA RTX 6000 Ada Generation, 96 %, 20340 MiB, 49140 MiB, 299.82 W, 84
2026/08/28 04:49:32.012, 2, NVIDIA RTX 6000 Ada Generation, 97 %, 20402 MiB, 49140 MiB, 299.54 W, 79
2026/08/28 04:49:32.012, 3, NVIDIA RTX 6000 Ada Generation, 88 %, 20000 MiB, 49140 MiB, 295.95 W, 80
2026/08/28 04:49:42.013, 0, NVIDIA RTX 6000 Ada Generation, 97 %, 19996 MiB, 49140 MiB, 299.66 W, 80
2026/08/28 04:49:42.014, 1, NVIDIA RTX 6000 Ada Generation, 87 %, 20340 MiB, 49140 MiB, 290.05 W, 84
2026/08/28 04:49:42.014, 2, NVIDIA RTX 6000 Ada Generation, 88 %, 20402 MiB, 49140 MiB, 299.46 W, 79
2026/08/28 04:49:42.014, 3, NVIDIA RTX 6000 Ada Generation, 97 %, 20000 MiB, 49140 MiB, 299.53 W, 80
2026/08/28 04:49:52.015, 0, NVIDIA RTX 6000 Ada Generation, 97 %, 19996 MiB, 49140 MiB, 299.82 W, 79
2026/08/28 04:49:52.015, 1, NVIDIA RTX 6000 Ada Generation, 88 %, 20340 MiB, 49140 MiB, 289.99 W, 84
2026/08/28 04:49:52.015, 2, NVIDIA RTX 6000 Ada Generation, 97 %, 20402 MiB, 49140 MiB, 300.14 W, 79
2026/08/28 04:49:52.015, 3, NVIDIA RTX 6000 Ada Generation, 97 %, 20000 MiB, 49140 MiB, 299.57 W, 80
2026/08/28 04:50:02.017, 0, NVIDIA RTX 6000 Ada Generation, 88 %, 19996 MiB, 49140 MiB, 299.16 W, 80
2026/08/28 04:50:02.017, 1, NVIDIA RTX 6000 Ada Generation, 96 %, 20340 MiB, 49140 MiB, 299.94 W, 84
2026/08/28 04:50:02.017, 2, NVIDIA RTX 6000 Ada Generation, 97 %, 20402 MiB, 49140 MiB, 299.50 W, 79
2026/08/28 04:50:02.017, 3, NVIDIA RTX 6000 Ada Generation, 96 %, 20000 MiB, 49140 MiB, 299.68 W, 80
2026/08/28 04:50:12.018, 0, NVIDIA RTX 6000 Ada Generation, 90 %, 19996 MiB, 49140 MiB, 299.28 W, 80
2026/08/28 04:50:12.018, 1, NVIDIA RTX 6000 Ada Generation, 97 %, 20340 MiB, 49140 MiB, 299.49 W, 84
2026/08/28 04:50:12.018, 2, NVIDIA RTX 6000 Ada Generation, 97 %, 20402 MiB, 49140 MiB, 299.47 W, 79
2026/08/28 04:50:12.018, 3, NVIDIA RTX 6000 Ada Generation, 97 %, 20000 MiB, 49140 MiB, 299.06 W, 80
2026/08/28 04:50:22.020, 0, NVIDIA RTX 6000 Ada Generation, 97 %, 19996 MiB, 49140 MiB, 299.73 W, 80
2026/08/28 04:50:22.020, 1, NVIDIA RTX 6000 Ada Generation, 96 %, 20340 MiB, 49140 MiB, 299.67 W, 84
2026/08/28 04:50:22.020, 2, NVIDIA RTX 6000 Ada Generation, 97 %, 20402 MiB, 49140 MiB, 299.17 W, 79
2026/08/28 04:50:22.020, 3, NVIDIA RTX 6000 Ada Generation, 87 %, 20000 MiB, 49140 MiB, 294.76 W, 80
2026/08/28 04:50:32.021, 0, NVIDIA RTX 6000 Ada Generation, 89 %, 19996 MiB, 49140 MiB, 299.41 W, 80
2026/08/28 04:50:32.021, 1, NVIDIA RTX 6000 Ada Generation, 87 %, 20340 MiB, 49140 MiB, 290.58 W, 83
2026/08/28 04:50:32.021, 2, NVIDIA RTX 6000 Ada Generation, 97 %, 20402 MiB, 49140 MiB, 298.96 W, 79
2026/08/28 04:50:32.021, 3, NVIDIA RTX 6000 Ada Generation, 96 %, 20000 MiB, 49140 MiB, 299.26 W, 80
2026/08/28 04:50:42.022, 0, NVIDIA RTX 6000 Ada Generation, 97 %, 19996 MiB, 49140 MiB, 299.68 W, 80
2026/08/28 04:50:42.023, 1, NVIDIA RTX 6000 Ada Generation, 96 %, 20340 MiB, 49140 MiB, 299.24 W, 84
2026/08/28 04:50:42.023, 2, NVIDIA RTX 6000 Ada Generation, 88 %, 20402 MiB, 49140 MiB, 298.98 W, 79
2026/08/28 04:50:42.023, 3, NVIDIA RTX 6000 Ada Generation, 89 %, 20000 MiB, 49140 MiB, 293.87 W, 80
2026/08/28 04:50:52.024, 0, NVIDIA RTX 6000 Ada Generation, 87 %, 19996 MiB, 49140 MiB, 298.18 W, 80
2026/08/28 04:50:52.024, 1, NVIDIA RTX 6000 Ada Generation, 97 %, 20340 MiB, 49140 MiB, 300.16 W, 84
2026/08/28 04:50:52.024, 2, NVIDIA RTX 6000 Ada Generation, 90 %, 20402 MiB, 49140 MiB, 299.43 W, 79
2026/08/28 04:50:52.024, 3, NVIDIA RTX 6000 Ada Generation, 97 %, 20000 MiB, 49140 MiB, 299.66 W, 80
2026/08/28 04:51:02.025, 0, NVIDIA RTX 6000 Ada Generation, 87 %, 19996 MiB, 49140 MiB, 298.52 W, 79
2026/08/28 04:51:02.026, 1, NVIDIA RTX 6000 Ada Generation, 89 %, 20340 MiB, 49140 MiB, 290.55 W, 83
2026/08/28 04:51:02.026, 2, NVIDIA RTX 6000 Ada Generation, 97 %, 20402 MiB, 49140 MiB, 298.21 W, 79
2026/08/28 04:51:02.026, 3, NVIDIA RTX 6000 Ada Generation, 96 %, 20000 MiB, 49140 MiB, 298.95 W, 80
2026/08/28 04:51:12.027, 0, NVIDIA RTX 6000 Ada Generation, 97 %, 19996 MiB, 49140 MiB, 299.39 W, 80
2026/08/28 04:51:12.027, 1, NVIDIA RTX 6000 Ada Generation, 96 %, 20340 MiB, 49140 MiB, 300.10 W, 84
2026/08/28 04:51:12.027, 2, NVIDIA RTX 6000 Ada Generation, 97 %, 20402 MiB, 49140 MiB, 299.77 W, 79
2026/08/28 04:51:12.027, 3, NVIDIA RTX 6000 Ada Generation, 88 %, 20000 MiB, 49140 MiB, 294.11 W, 79
2026/08/28 04:51:22.029, 0, NVIDIA RTX 6000 Ada Generation, 97 %, 19996 MiB, 49140 MiB, 299.72 W, 79
2026/08/28 04:51:22.029, 1, NVIDIA RTX 6000 Ada Generation, 87 %, 20340 MiB, 49140 MiB, 290.87 W, 83
2026/08/28 04:51:22.029, 2, NVIDIA RTX 6000 Ada Generation, 97 %, 20402 MiB, 49140 MiB, 299.93 W, 79
2026/08/28 04:51:22.029, 3, NVIDIA RTX 6000 Ada Generation, 88 %, 20000 MiB, 49140 MiB, 294.92 W, 80
2026/08/28 04:51:32.030, 0, NVIDIA RTX 6000 Ada Generation, 97 %, 19996 MiB, 49140 MiB, 299.75 W, 80
2026/08/28 04:51:32.030, 1, NVIDIA RTX 6000 Ada Generation, 97 %, 20340 MiB, 49140 MiB, 295.32 W, 83
2026/08/28 04:51:32.030, 2, NVIDIA RTX 6000 Ada Generation, 97 %, 20402 MiB, 49140 MiB, 299.79 W, 79
2026/08/28 04:51:32.031, 3, NVIDIA RTX 6000 Ada Generation, 97 %, 20000 MiB, 49140 MiB, 299.34 W, 80
2026/08/28 04:51:42.032, 0, NVIDIA RTX 6000 Ada Generation, 89 %, 19996 MiB, 49140 MiB, 298.92 W, 80
2026/08/28 04:51:42.032, 1, NVIDIA RTX 6000 Ada Generation, 97 %, 20340 MiB, 49140 MiB, 299.98 W, 83
2026/08/28 04:51:42.032, 2, NVIDIA RTX 6000 Ada Generation, 97 %, 20402 MiB, 49140 MiB, 299.19 W, 79
2026/08/28 04:51:42.032, 3, NVIDIA RTX 6000 Ada Generation, 88 %, 20000 MiB, 49140 MiB, 294.77 W, 80
2026/08/28 04:51:52.033, 0, NVIDIA RTX 6000 Ada Generation, 90 %, 19996 MiB, 49140 MiB, 299.40 W, 80
2026/08/28 04:51:52.033, 1, NVIDIA RTX 6000 Ada Generation, 97 %, 20340 MiB, 49140 MiB, 299.90 W, 83
2026/08/28 04:51:52.033, 2, NVIDIA RTX 6000 Ada Generation, 88 %, 20402 MiB, 49140 MiB, 292.47 W, 78
2026/08/28 04:51:52.034, 3, NVIDIA RTX 6000 Ada Generation, 97 %, 20000 MiB, 49140 MiB, 299.95 W, 80
2026/08/28 04:52:02.035, 0, NVIDIA RTX 6000 Ada Generation, 97 %, 19996 MiB, 49140 MiB, 299.84 W, 80
2026/08/28 04:52:02.035, 1, NVIDIA RTX 6000 Ada Generation, 88 %, 20340 MiB, 49140 MiB, 290.73 W, 83
2026/08/28 04:52:02.035, 2, NVIDIA RTX 6000 Ada Generation, 89 %, 20402 MiB, 49140 MiB, 299.04 W, 79
2026/08/28 04:52:02.035, 3, NVIDIA RTX 6000 Ada Generation, 97 %, 20000 MiB, 49140 MiB, 299.48 W, 80
2026/08/28 04:52:12.036, 0, NVIDIA RTX 6000 Ada Generation, 97 %, 19996 MiB, 49140 MiB, 299.66 W, 79
2026/08/28 04:52:12.036, 1, NVIDIA RTX 6000 Ada Generation, 96 %, 20340 MiB, 49140 MiB, 298.73 W, 83
2026/08/28 04:52:12.036, 2, NVIDIA RTX 6000 Ada Generation, 96 %, 20402 MiB, 49140 MiB, 299.58 W, 79
2026/08/28 04:52:12.037, 3, NVIDIA RTX 6000 Ada Generation, 97 %, 20000 MiB, 49140 MiB, 299.58 W, 80
2026/08/28 04:52:22.038, 0, NVIDIA RTX 6000 Ada Generation, 88 %, 19996 MiB, 49140 MiB, 299.22 W, 80
2026/08/28 04:52:22.038, 1, NVIDIA RTX 6000 Ada Generation, 89 %, 20340 MiB, 49140 MiB, 290.71 W, 83
2026/08/28 04:52:22.038, 2, NVIDIA RTX 6000 Ada Generation, 97 %, 20402 MiB, 49140 MiB, 299.85 W, 79
2026/08/28 04:52:22.038, 3, NVIDIA RTX 6000 Ada Generation, 97 %, 20000 MiB, 49140 MiB, 299.51 W, 80
2026/08/28 04:52:32.039, 0, NVIDIA RTX 6000 Ada Generation, 97 %, 19996 MiB, 49140 MiB, 299.70 W, 80
2026/08/28 04:52:32.039, 1, NVIDIA RTX 6000 Ada Generation, 96 %, 20340 MiB, 49140 MiB, 298.60 W, 83
2026/08/28 04:52:32.040, 2, NVIDIA RTX 6000 Ada Generation, 97 %, 20402 MiB, 49140 MiB, 300.38 W, 79
2026/08/28 04:52:32.040, 3, NVIDIA RTX 6000 Ada Generation, 87 %, 20000 MiB, 49140 MiB, 294.97 W, 80
2026/08/28 04:52:42.041, 0, NVIDIA RTX 6000 Ada Generation, 97 %, 19996 MiB, 49140 MiB, 299.44 W, 79
2026/08/28 04:52:42.041, 1, NVIDIA RTX 6000 Ada Generation, 88 %, 20340 MiB, 49140 MiB, 290.78 W, 83
2026/08/28 04:52:42.041, 2, NVIDIA RTX 6000 Ada Generation, 97 %, 20402 MiB, 49140 MiB, 299.78 W, 79
2026/08/28 04:52:42.041, 3, NVIDIA RTX 6000 Ada Generation, 90 %, 20000 MiB, 49140 MiB, 295.93 W, 80
2026/08/28 04:52:52.042, 0, NVIDIA RTX 6000 Ada Generation, 97 %, 19996 MiB, 49140 MiB, 299.68 W, 79
2026/08/28 04:52:52.042, 1, NVIDIA RTX 6000 Ada Generation, 89 %, 20346 MiB, 49140 MiB, 291.80 W, 83
2026/08/28 04:52:52.043, 2, NVIDIA RTX 6000 Ada Generation, 89 %, 20402 MiB, 49140 MiB, 298.26 W, 79
2026/08/28 04:52:52.043, 3, NVIDIA RTX 6000 Ada Generation, 97 %, 20000 MiB, 49140 MiB, 299.47 W, 80
2026/08/28 04:53:02.044, 0, NVIDIA RTX 6000 Ada Generation, 97 %, 19996 MiB, 49140 MiB, 299.89 W, 79
2026/08/28 04:53:02.044, 1, NVIDIA RTX 6000 Ada Generation, 96 %, 20346 MiB, 49140 MiB, 299.90 W, 83
2026/08/28 04:53:02.044, 2, NVIDIA RTX 6000 Ada Generation, 96 %, 20402 MiB, 49140 MiB, 299.15 W, 79
2026/08/28 04:53:02.044, 3, NVIDIA RTX 6000 Ada Generation, 97 %, 20000 MiB, 49140 MiB, 299.47 W, 80
2026/08/28 04:53:12.045, 0, NVIDIA RTX 6000 Ada Generation, 97 %, 19996 MiB, 49140 MiB, 299.72 W, 79
2026/08/28 04:53:12.045, 1, NVIDIA RTX 6000 Ada Generation, 96 %, 20346 MiB, 49140 MiB, 299.41 W, 83
2026/08/28 04:53:12.046, 2, NVIDIA RTX 6000 Ada Generation, 96 %, 20402 MiB, 49140 MiB, 299.81 W, 79
2026/08/28 04:53:12.046, 3, NVIDIA RTX 6000 Ada Generation, 97 %, 20000 MiB, 49140 MiB, 299.72 W, 80
2026/08/28 04:53:22.047, 0, NVIDIA RTX 6000 Ada Generation, 97 %, 19996 MiB, 49140 MiB, 299.81 W, 79
2026/08/28 04:53:22.047, 1, NVIDIA RTX 6000 Ada Generation, 97 %, 20346 MiB, 49140 MiB, 299.53 W, 83
2026/08/28 04:53:22.047, 2, NVIDIA RTX 6000 Ada Generation, 97 %, 20402 MiB, 49140 MiB, 300.07 W, 79
2026/08/28 04:53:22.047, 3, NVIDIA RTX 6000 Ada Generation, 97 %, 20000 MiB, 49140 MiB, 299.83 W, 80
2026/08/28 04:53:32.048, 0, NVIDIA RTX 6000 Ada Generation, 97 %, 19996 MiB, 49140 MiB, 299.28 W, 79
2026/08/28 04:53:32.048, 1, NVIDIA RTX 6000 Ada Generation, 97 %, 20346 MiB, 49140 MiB, 299.83 W, 84
2026/08/28 04:53:32.048, 2, NVIDIA RTX 6000 Ada Generation, 97 %, 20402 MiB, 49140 MiB, 299.39 W, 79
2026/08/28 04:53:32.048, 3, NVIDIA RTX 6000 Ada Generation, 90 %, 20000 MiB, 49140 MiB, 294.68 W, 80
2026/08/28 04:53:42.050, 0, NVIDIA RTX 6000 Ada Generation, 97 %, 19996 MiB, 49140 MiB, 299.70 W, 79
2026/08/28 04:53:42.050, 1, NVIDIA RTX 6000 Ada Generation, 97 %, 20346 MiB, 49140 MiB, 299.58 W, 84
2026/08/28 04:53:42.050, 2, NVIDIA RTX 6000 Ada Generation, 87 %, 20402 MiB, 49140 MiB, 298.28 W, 79
2026/08/28 04:53:42.050, 3, NVIDIA RTX 6000 Ada Generation, 97 %, 20000 MiB, 49140 MiB, 299.26 W, 80
2026/08/28 04:53:52.051, 0, NVIDIA RTX 6000 Ada Generation, 97 %, 19996 MiB, 49140 MiB, 299.40 W, 79
2026/08/28 04:53:52.051, 1, NVIDIA RTX 6000 Ada Generation, 89 %, 20346 MiB, 49140 MiB, 292.01 W, 83
2026/08/28 04:53:52.051, 2, NVIDIA RTX 6000 Ada Generation, 89 %, 20402 MiB, 49140 MiB, 299.46 W, 79
2026/08/28 04:53:52.051, 3, NVIDIA RTX 6000 Ada Generation, 88 %, 20000 MiB, 49140 MiB, 296.16 W, 80
2026/08/28 04:54:02.053, 0, NVIDIA RTX 6000 Ada Generation, 88 %, 19996 MiB, 49140 MiB, 298.86 W, 79
2026/08/28 04:54:02.053, 1, NVIDIA RTX 6000 Ada Generation, 96 %, 20346 MiB, 49140 MiB, 295.84 W, 83
2026/08/28 04:54:02.053, 2, NVIDIA RTX 6000 Ada Generation, 90 %, 20402 MiB, 49140 MiB, 294.55 W, 78
2026/08/28 04:54:02.053, 3, NVIDIA RTX 6000 Ada Generation, 97 %, 20000 MiB, 49140 MiB, 299.30 W, 80
2026/08/28 04:54:12.054, 0, NVIDIA RTX 6000 Ada Generation, 97 %, 19996 MiB, 49140 MiB, 299.53 W, 79
2026/08/28 04:54:12.054, 1, NVIDIA RTX 6000 Ada Generation, 96 %, 20346 MiB, 49140 MiB, 299.49 W, 83
2026/08/28 04:54:12.054, 2, NVIDIA RTX 6000 Ada Generation, 96 %, 20402 MiB, 49140 MiB, 299.11 W, 78
2026/08/28 04:54:12.055, 3, NVIDIA RTX 6000 Ada Generation, 97 %, 20000 MiB, 49140 MiB, 299.52 W, 80
2026/08/28 04:54:22.056, 0, NVIDIA RTX 6000 Ada Generation, 97 %, 19996 MiB, 49140 MiB, 299.74 W, 79
2026/08/28 04:54:22.056, 1, NVIDIA RTX 6000 Ada Generation, 97 %, 20346 MiB, 49140 MiB, 299.53 W, 84
2026/08/28 04:54:22.056, 2, NVIDIA RTX 6000 Ada Generation, 97 %, 20402 MiB, 49140 MiB, 300.18 W, 79
2026/08/28 04:54:22.056, 3, NVIDIA RTX 6000 Ada Generation, 88 %, 20000 MiB, 49140 MiB, 296.01 W, 80
2026/08/28 04:54:32.057, 0, NVIDIA RTX 6000 Ada Generation, 97 %, 19996 MiB, 49140 MiB, 299.47 W, 79
2026/08/28 04:54:32.058, 1, NVIDIA RTX 6000 Ada Generation, 97 %, 20346 MiB, 49140 MiB, 299.25 W, 84
2026/08/28 04:54:32.058, 2, NVIDIA RTX 6000 Ada Generation, 97 %, 20402 MiB, 49140 MiB, 299.94 W, 79
2026/08/28 04:54:32.058, 3, NVIDIA RTX 6000 Ada Generation, 97 %, 20000 MiB, 49140 MiB, 299.24 W, 80
2026/08/28 04:54:42.059, 0, NVIDIA RTX 6000 Ada Generation, 89 %, 19996 MiB, 49140 MiB, 297.02 W, 79
2026/08/28 04:54:42.059, 1, NVIDIA RTX 6000 Ada Generation, 97 %, 20346 MiB, 49140 MiB, 298.97 W, 84
2026/08/28 04:54:42.059, 2, NVIDIA RTX 6000 Ada Generation, 97 %, 20402 MiB, 49140 MiB, 299.35 W, 79
2026/08/28 04:54:42.059, 3, NVIDIA RTX 6000 Ada Generation, 97 %, 20000 MiB, 49140 MiB, 299.10 W, 79
2026/08/28 04:54:52.060, 0, NVIDIA RTX 6000 Ada Generation, 97 %, 19996 MiB, 49140 MiB, 299.61 W, 79
2026/08/28 04:54:52.061, 1, NVIDIA RTX 6000 Ada Generation, 97 %, 20346 MiB, 49140 MiB, 299.95 W, 84
2026/08/28 04:54:52.061, 2, NVIDIA RTX 6000 Ada Generation, 89 %, 20402 MiB, 49140 MiB, 299.90 W, 79
2026/08/28 04:54:52.061, 3, NVIDIA RTX 6000 Ada Generation, 87 %, 20000 MiB, 49140 MiB, 294.57 W, 79
2026/08/28 04:55:02.062, 0, NVIDIA RTX 6000 Ada Generation, 97 %, 19996 MiB, 49140 MiB, 300.07 W, 79
2026/08/28 04:55:02.062, 1, NVIDIA RTX 6000 Ada Generation, 97 %, 20346 MiB, 49140 MiB, 299.63 W, 84
2026/08/28 04:55:02.062, 2, NVIDIA RTX 6000 Ada Generation, 89 %, 20402 MiB, 49140 MiB, 299.51 W, 79
2026/08/28 04:55:02.062, 3, NVIDIA RTX 6000 Ada Generation, 90 %, 20000 MiB, 49140 MiB, 295.11 W, 80
2026/08/28 04:55:12.063, 0, NVIDIA RTX 6000 Ada Generation, 97 %, 19996 MiB, 49140 MiB, 299.64 W, 79
2026/08/28 04:55:12.064, 1, NVIDIA RTX 6000 Ada Generation, 89 %, 20346 MiB, 49140 MiB, 291.10 W, 83
2026/08/28 04:55:12.064, 2, NVIDIA RTX 6000 Ada Generation, 97 %, 20402 MiB, 49140 MiB, 299.69 W, 79
2026/08/28 04:55:12.064, 3, NVIDIA RTX 6000 Ada Generation, 97 %, 20000 MiB, 49140 MiB, 300.15 W, 80
2026/08/28 04:55:22.065, 0, NVIDIA RTX 6000 Ada Generation, 89 %, 19996 MiB, 49140 MiB, 298.73 W, 80
2026/08/28 04:55:22.065, 1, NVIDIA RTX 6000 Ada Generation, 96 %, 20346 MiB, 49140 MiB, 299.65 W, 84
2026/08/28 04:55:22.065, 2, NVIDIA RTX 6000 Ada Generation, 97 %, 20402 MiB, 49140 MiB, 299.52 W, 79
2026/08/28 04:55:22.065, 3, NVIDIA RTX 6000 Ada Generation, 97 %, 20000 MiB, 49140 MiB, 299.49 W, 80
2026/08/28 04:55:32.066, 0, NVIDIA RTX 6000 Ada Generation, 97 %, 19996 MiB, 49140 MiB, 299.97 W, 79
2026/08/28 04:55:32.067, 1, NVIDIA RTX 6000 Ada Generation, 89 %, 20346 MiB, 49140 MiB, 298.53 W, 84
2026/08/28 04:55:32.067, 2, NVIDIA RTX 6000 Ada Generation, 89 %, 20402 MiB, 49140 MiB, 298.78 W, 79
2026/08/28 04:55:32.067, 3, NVIDIA RTX 6000 Ada Generation, 97 %, 20000 MiB, 49140 MiB, 299.61 W, 80
2026/08/28 04:55:42.068, 0, NVIDIA RTX 6000 Ada Generation, 87 %, 19996 MiB, 49140 MiB, 298.80 W, 79
2026/08/28 04:55:42.068, 1, NVIDIA RTX 6000 Ada Generation, 97 %, 20346 MiB, 49140 MiB, 299.51 W, 83
2026/08/28 04:55:42.068, 2, NVIDIA RTX 6000 Ada Generation, 93 %, 20402 MiB, 49140 MiB, 299.17 W, 79
2026/08/28 04:55:42.068, 3, NVIDIA RTX 6000 Ada Generation, 96 %, 20000 MiB, 49140 MiB, 298.98 W, 80
2026/08/28 04:55:52.069, 0, NVIDIA RTX 6000 Ada Generation, 88 %, 19996 MiB, 49140 MiB, 298.28 W, 79
2026/08/28 04:55:52.070, 1, NVIDIA RTX 6000 Ada Generation, 87 %, 20346 MiB, 49140 MiB, 295.11 W, 83
2026/08/28 04:55:52.070, 2, NVIDIA RTX 6000 Ada Generation, 97 %, 20402 MiB, 49140 MiB, 299.70 W, 79
2026/08/28 04:55:52.070, 3, NVIDIA RTX 6000 Ada Generation, 92 %, 20000 MiB, 49140 MiB, 299.39 W, 80
2026/08/28 04:56:02.071, 0, NVIDIA RTX 6000 Ada Generation, 97 %, 19996 MiB, 49140 MiB, 299.79 W, 79
2026/08/28 04:56:02.071, 1, NVIDIA RTX 6000 Ada Generation, 96 %, 20346 MiB, 49140 MiB, 299.44 W, 83
2026/08/28 04:56:02.071, 2, NVIDIA RTX 6000 Ada Generation, 87 %, 20402 MiB, 49140 MiB, 296.35 W, 79
2026/08/28 04:56:02.071, 3, NVIDIA RTX 6000 Ada Generation, 97 %, 20000 MiB, 49140 MiB, 299.89 W, 80
2026/08/28 04:56:12.072, 0, NVIDIA RTX 6000 Ada Generation, 97 %, 19996 MiB, 49140 MiB, 299.81 W, 79
2026/08/28 04:56:12.073, 1, NVIDIA RTX 6000 Ada Generation, 97 %, 20346 MiB, 49140 MiB, 299.30 W, 83
2026/08/28 04:56:12.073, 2, NVIDIA RTX 6000 Ada Generation, 97 %, 20402 MiB, 49140 MiB, 299.64 W, 79
2026/08/28 04:56:12.073, 3, NVIDIA RTX 6000 Ada Generation, 88 %, 20000 MiB, 49140 MiB, 295.44 W, 80
2026/08/28 04:56:22.074, 0, NVIDIA RTX 6000 Ada Generation, 88 %, 19996 MiB, 49140 MiB, 298.79 W, 79
2026/08/28 04:56:22.074, 1, NVIDIA RTX 6000 Ada Generation, 96 %, 20346 MiB, 49140 MiB, 300.35 W, 83
2026/08/28 04:56:22.074, 2, NVIDIA RTX 6000 Ada Generation, 97 %, 20402 MiB, 49140 MiB, 299.86 W, 79
2026/08/28 04:56:22.074, 3, NVIDIA RTX 6000 Ada Generation, 97 %, 20000 MiB, 49140 MiB, 299.38 W, 80
2026/08/28 04:56:32.076, 0, NVIDIA RTX 6000 Ada Generation, 97 %, 19996 MiB, 49140 MiB, 298.23 W, 79
2026/08/28 04:56:32.076, 1, NVIDIA RTX 6000 Ada Generation, 87 %, 20346 MiB, 49140 MiB, 296.38 W, 83
2026/08/28 04:56:32.076, 2, NVIDIA RTX 6000 Ada Generation, 97 %, 20402 MiB, 49140 MiB, 299.74 W, 79
2026/08/28 04:56:32.076, 3, NVIDIA RTX 6000 Ada Generation, 97 %, 20000 MiB, 49140 MiB, 297.41 W, 80
2026/08/28 04:56:42.077, 0, NVIDIA RTX 6000 Ada Generation, 97 %, 19996 MiB, 49140 MiB, 299.63 W, 79
2026/08/28 04:56:42.077, 1, NVIDIA RTX 6000 Ada Generation, 88 %, 20346 MiB, 49140 MiB, 291.27 W, 83
2026/08/28 04:56:42.077, 2, NVIDIA RTX 6000 Ada Generation, 97 %, 20402 MiB, 49140 MiB, 300.00 W, 79
2026/08/28 04:56:42.078, 3, NVIDIA RTX 6000 Ada Generation, 88 %, 20000 MiB, 49140 MiB, 294.18 W, 80
2026/08/28 04:56:52.079, 0, NVIDIA RTX 6000 Ada Generation, 89 %, 19996 MiB, 49140 MiB, 299.13 W, 80
2026/08/28 04:56:52.079, 1, NVIDIA RTX 6000 Ada Generation, 97 %, 20346 MiB, 49140 MiB, 299.17 W, 83
2026/08/28 04:56:52.079, 2, NVIDIA RTX 6000 Ada Generation, 97 %, 20402 MiB, 49140 MiB, 298.69 W, 79
2026/08/28 04:56:52.079, 3, NVIDIA RTX 6000 Ada Generation, 89 %, 20000 MiB, 49140 MiB, 295.88 W, 80
2026/08/28 04:57:02.080, 0, NVIDIA RTX 6000 Ada Generation, 97 %, 19996 MiB, 49140 MiB, 299.70 W, 79
2026/08/28 04:57:02.080, 1, NVIDIA RTX 6000 Ada Generation, 96 %, 20346 MiB, 49140 MiB, 298.87 W, 83
2026/08/28 04:57:02.081, 2, NVIDIA RTX 6000 Ada Generation, 88 %, 20402 MiB, 49140 MiB, 299.01 W, 79
2026/08/28 04:57:02.081, 3, NVIDIA RTX 6000 Ada Generation, 97 %, 20000 MiB, 49140 MiB, 299.64 W, 80
2026/08/28 04:57:12.082, 0, NVIDIA RTX 6000 Ada Generation, 97 %, 19996 MiB, 49140 MiB, 299.95 W, 79
2026/08/28 04:57:12.082, 1, NVIDIA RTX 6000 Ada Generation, 97 %, 20346 MiB, 49140 MiB, 300.22 W, 83
2026/08/28 04:57:12.082, 2, NVIDIA RTX 6000 Ada Generation, 89 %, 20402 MiB, 49140 MiB, 299.77 W, 79
2026/08/28 04:57:12.082, 3, NVIDIA RTX 6000 Ada Generation, 88 %, 20000 MiB, 49140 MiB, 295.41 W, 80
2026/08/28 04:57:22.083, 0, NVIDIA RTX 6000 Ada Generation, 88 %, 19996 MiB, 49140 MiB, 299.23 W, 79
2026/08/28 04:57:22.084, 1, NVIDIA RTX 6000 Ada Generation, 97 %, 20346 MiB, 49140 MiB, 299.72 W, 83
2026/08/28 04:57:22.084, 2, NVIDIA RTX 6000 Ada Generation, 97 %, 20402 MiB, 49140 MiB, 299.81 W, 79
2026/08/28 04:57:22.084, 3, NVIDIA RTX 6000 Ada Generation, 96 %, 20000 MiB, 49140 MiB, 299.90 W, 80
2026/08/28 04:57:32.085, 0, NVIDIA RTX 6000 Ada Generation, 89 %, 19996 MiB, 49140 MiB, 299.02 W, 80
2026/08/28 04:57:32.085, 1, NVIDIA RTX 6000 Ada Generation, 88 %, 20346 MiB, 49140 MiB, 290.58 W, 83
2026/08/28 04:57:32.085, 2, NVIDIA RTX 6000 Ada Generation, 87 %, 20402 MiB, 49140 MiB, 299.47 W, 79
2026/08/28 04:57:32.085, 3, NVIDIA RTX 6000 Ada Generation, 97 %, 20000 MiB, 49140 MiB, 299.79 W, 80
2026/08/28 04:57:42.086, 0, NVIDIA RTX 6000 Ada Generation, 97 %, 19996 MiB, 49140 MiB, 299.98 W, 79
2026/08/28 04:57:42.087, 1, NVIDIA RTX 6000 Ada Generation, 89 %, 20346 MiB, 49140 MiB, 290.21 W, 83
2026/08/28 04:57:42.087, 2, NVIDIA RTX 6000 Ada Generation, 97 %, 20402 MiB, 49140 MiB, 294.71 W, 78
2026/08/28 04:57:42.087, 3, NVIDIA RTX 6000 Ada Generation, 96 %, 20000 MiB, 49140 MiB, 298.71 W, 80
2026/08/28 04:57:52.088, 0, NVIDIA RTX 6000 Ada Generation, 97 %, 19996 MiB, 49140 MiB, 299.97 W, 79
2026/08/28 04:57:52.088, 1, NVIDIA RTX 6000 Ada Generation, 97 %, 20346 MiB, 49140 MiB, 299.82 W, 83
2026/08/28 04:57:52.088, 2, NVIDIA RTX 6000 Ada Generation, 97 %, 20402 MiB, 49140 MiB, 299.17 W, 79
2026/08/28 04:57:52.088, 3, NVIDIA RTX 6000 Ada Generation, 97 %, 20000 MiB, 49140 MiB, 299.19 W, 80
2026/08/28 04:58:02.090, 0, NVIDIA RTX 6000 Ada Generation, 88 %, 19996 MiB, 49140 MiB, 298.75 W, 80
2026/08/28 04:58:02.090, 1, NVIDIA RTX 6000 Ada Generation, 97 %, 20346 MiB, 49140 MiB, 299.69 W, 84
2026/08/28 04:58:02.090, 2, NVIDIA RTX 6000 Ada Generation, 97 %, 20402 MiB, 49140 MiB, 299.75 W, 79
2026/08/28 04:58:02.090, 3, NVIDIA RTX 6000 Ada Generation, 89 %, 20000 MiB, 49140 MiB, 295.13 W, 80
2026/08/28 04:58:12.091, 0, NVIDIA RTX 6000 Ada Generation, 97 %, 19996 MiB, 49140 MiB, 299.39 W, 80
2026/08/28 04:58:12.091, 1, NVIDIA RTX 6000 Ada Generation, 97 %, 20346 MiB, 49140 MiB, 299.02 W, 84
2026/08/28 04:58:12.092, 2, NVIDIA RTX 6000 Ada Generation, 97 %, 20402 MiB, 49140 MiB, 299.91 W, 79
2026/08/28 04:58:12.092, 3, NVIDIA RTX 6000 Ada Generation, 96 %, 20000 MiB, 49140 MiB, 299.44 W, 80
2026/08/28 04:58:22.093, 0, NVIDIA RTX 6000 Ada Generation, 97 %, 19996 MiB, 49140 MiB, 299.71 W, 80
2026/08/28 04:58:22.093, 1, NVIDIA RTX 6000 Ada Generation, 87 %, 20346 MiB, 49140 MiB, 285.04 W, 83
2026/08/28 04:58:22.093, 2, NVIDIA RTX 6000 Ada Generation, 97 %, 20402 MiB, 49140 MiB, 300.02 W, 79
2026/08/28 04:58:22.093, 3, NVIDIA RTX 6000 Ada Generation, 88 %, 20000 MiB, 49140 MiB, 296.09 W, 80
2026/08/28 04:58:32.094, 0, NVIDIA RTX 6000 Ada Generation, 97 %, 19996 MiB, 49140 MiB, 299.46 W, 80
2026/08/28 04:58:32.095, 1, NVIDIA RTX 6000 Ada Generation, 97 %, 20346 MiB, 49140 MiB, 298.55 W, 83
2026/08/28 04:58:32.095, 2, NVIDIA RTX 6000 Ada Generation, 89 %, 20402 MiB, 49140 MiB, 300.07 W, 79
2026/08/28 04:58:32.095, 3, NVIDIA RTX 6000 Ada Generation, 97 %, 20000 MiB, 49140 MiB, 299.65 W, 80
2026/08/28 04:58:42.096, 0, NVIDIA RTX 6000 Ada Generation, 88 %, 20004 MiB, 49140 MiB, 299.25 W, 80
2026/08/28 04:58:42.096, 1, NVIDIA RTX 6000 Ada Generation, 97 %, 20346 MiB, 49140 MiB, 299.28 W, 83
2026/08/28 04:58:42.096, 2, NVIDIA RTX 6000 Ada Generation, 89 %, 20402 MiB, 49140 MiB, 299.62 W, 79
2026/08/28 04:58:42.096, 3, NVIDIA RTX 6000 Ada Generation, 96 %, 20000 MiB, 49140 MiB, 299.77 W, 80
2026/08/28 04:58:52.098, 0, NVIDIA RTX 6000 Ada Generation, 97 %, 20004 MiB, 49140 MiB, 299.46 W, 80
2026/08/28 04:58:52.098, 1, NVIDIA RTX 6000 Ada Generation, 89 %, 20346 MiB, 49140 MiB, 294.71 W, 83
2026/08/28 04:58:52.098, 2, NVIDIA RTX 6000 Ada Generation, 97 %, 20402 MiB, 49140 MiB, 299.84 W, 79
2026/08/28 04:58:52.098, 3, NVIDIA RTX 6000 Ada Generation, 97 %, 20000 MiB, 49140 MiB, 299.08 W, 80
2026/08/28 04:59:02.099, 0, NVIDIA RTX 6000 Ada Generation, 97 %, 20004 MiB, 49140 MiB, 299.58 W, 80
2026/08/28 04:59:02.099, 1, NVIDIA RTX 6000 Ada Generation, 86 %, 20346 MiB, 49140 MiB, 288.31 W, 84
2026/08/28 04:59:02.099, 2, NVIDIA RTX 6000 Ada Generation, 97 %, 20402 MiB, 49140 MiB, 299.60 W, 79
2026/08/28 04:59:02.099, 3, NVIDIA RTX 6000 Ada Generation, 89 %, 20000 MiB, 49140 MiB, 296.42 W, 80
2026/08/28 04:59:12.101, 0, NVIDIA RTX 6000 Ada Generation, 97 %, 20004 MiB, 49140 MiB, 299.76 W, 80
2026/08/28 04:59:12.101, 1, NVIDIA RTX 6000 Ada Generation, 97 %, 20346 MiB, 49140 MiB, 300.02 W, 84
2026/08/28 04:59:12.101, 2, NVIDIA RTX 6000 Ada Generation, 87 %, 20402 MiB, 49140 MiB, 299.88 W, 79
2026/08/28 04:59:12.101, 3, NVIDIA RTX 6000 Ada Generation, 97 %, 20000 MiB, 49140 MiB, 298.07 W, 80
2026/08/28 04:59:22.102, 0, NVIDIA RTX 6000 Ada Generation, 97 %, 20004 MiB, 49140 MiB, 299.73 W, 80
2026/08/28 04:59:22.102, 1, NVIDIA RTX 6000 Ada Generation, 96 %, 20346 MiB, 49140 MiB, 299.39 W, 84
2026/08/28 04:59:22.103, 2, NVIDIA RTX 6000 Ada Generation, 97 %, 20402 MiB, 49140 MiB, 299.37 W, 79
2026/08/28 04:59:22.103, 3, NVIDIA RTX 6000 Ada Generation, 96 %, 20000 MiB, 49140 MiB, 299.50 W, 80
2026/08/28 04:59:32.104, 0, NVIDIA RTX 6000 Ada Generation, 97 %, 20004 MiB, 49140 MiB, 299.97 W, 80
2026/08/28 04:59:32.104, 1, NVIDIA RTX 6000 Ada Generation, 97 %, 20346 MiB, 49140 MiB, 298.78 W, 84
2026/08/28 04:59:32.104, 2, NVIDIA RTX 6000 Ada Generation, 97 %, 20402 MiB, 49140 MiB, 299.32 W, 79
2026/08/28 04:59:32.104, 3, NVIDIA RTX 6000 Ada Generation, 97 %, 20000 MiB, 49140 MiB, 299.48 W, 80
2026/08/28 04:59:42.105, 0, NVIDIA RTX 6000 Ada Generation, 97 %, 20004 MiB, 49140 MiB, 299.48 W, 80
2026/08/28 04:59:42.106, 1, NVIDIA RTX 6000 Ada Generation, 97 %, 20346 MiB, 49140 MiB, 297.92 W, 84
2026/08/28 04:59:42.106, 2, NVIDIA RTX 6000 Ada Generation, 97 %, 20402 MiB, 49140 MiB, 299.62 W, 79
2026/08/28 04:59:42.106, 3, NVIDIA RTX 6000 Ada Generation, 97 %, 20000 MiB, 49140 MiB, 299.98 W, 80
2026/08/28 04:59:52.107, 0, NVIDIA RTX 6000 Ada Generation, 89 %, 20004 MiB, 49140 MiB, 299.39 W, 80
2026/08/28 04:59:52.107, 1, NVIDIA RTX 6000 Ada Generation, 97 %, 20346 MiB, 49140 MiB, 299.52 W, 84
2026/08/28 04:59:52.107, 2, NVIDIA RTX 6000 Ada Generation, 88 %, 20408 MiB, 49140 MiB, 299.22 W, 79
2026/08/28 04:59:52.107, 3, NVIDIA RTX 6000 Ada Generation, 97 %, 20000 MiB, 49140 MiB, 298.99 W, 80
2026/08/28 05:00:02.108, 0, NVIDIA RTX 6000 Ada Generation, 90 %, 20004 MiB, 49140 MiB, 299.39 W, 80
2026/08/28 05:00:02.109, 1, NVIDIA RTX 6000 Ada Generation, 89 %, 20346 MiB, 49140 MiB, 290.91 W, 84
2026/08/28 05:00:02.109, 2, NVIDIA RTX 6000 Ada Generation, 97 %, 20408 MiB, 49140 MiB, 299.61 W, 79
2026/08/28 05:00:02.109, 3, NVIDIA RTX 6000 Ada Generation, 90 %, 20000 MiB, 49140 MiB, 295.35 W, 80
2026/08/28 05:00:12.110, 0, NVIDIA RTX 6000 Ada Generation, 97 %, 20004 MiB, 49140 MiB, 299.58 W, 80
2026/08/28 05:00:12.110, 1, NVIDIA RTX 6000 Ada Generation, 97 %, 20346 MiB, 49140 MiB, 300.02 W, 84
2026/08/28 05:00:12.110, 2, NVIDIA RTX 6000 Ada Generation, 88 %, 20408 MiB, 49140 MiB, 299.46 W, 79
2026/08/28 05:00:12.110, 3, NVIDIA RTX 6000 Ada Generation, 90 %, 20000 MiB, 49140 MiB, 296.09 W, 80
2026/08/28 05:00:22.112, 0, NVIDIA RTX 6000 Ada Generation, 97 %, 20004 MiB, 49140 MiB, 299.73 W, 80
2026/08/28 05:00:22.112, 1, NVIDIA RTX 6000 Ada Generation, 87 %, 20346 MiB, 49140 MiB, 291.08 W, 84
2026/08/28 05:00:22.112, 2, NVIDIA RTX 6000 Ada Generation, 97 %, 20408 MiB, 49140 MiB, 299.97 W, 79
2026/08/28 05:00:22.112, 3, NVIDIA RTX 6000 Ada Generation, 97 %, 20000 MiB, 49140 MiB, 299.22 W, 80
2026/08/28 05:00:32.113, 0, NVIDIA RTX 6000 Ada Generation, 88 %, 20004 MiB, 49140 MiB, 298.98 W, 80
2026/08/28 05:00:32.113, 1, NVIDIA RTX 6000 Ada Generation, 96 %, 20346 MiB, 49140 MiB, 300.00 W, 84
2026/08/28 05:00:32.114, 2, NVIDIA RTX 6000 Ada Generation, 97 %, 20408 MiB, 49140 MiB, 299.15 W, 79
2026/08/28 05:00:32.114, 3, NVIDIA RTX 6000 Ada Generation, 97 %, 20000 MiB, 49140 MiB, 299.62 W, 80
2026/08/28 05:00:42.115, 0, NVIDIA RTX 6000 Ada Generation, 97 %, 20004 MiB, 49140 MiB, 299.60 W, 80
2026/08/28 05:00:42.115, 1, NVIDIA RTX 6000 Ada Generation, 97 %, 20346 MiB, 49140 MiB, 299.46 W, 84
2026/08/28 05:00:42.115, 2, NVIDIA RTX 6000 Ada Generation, 87 %, 20408 MiB, 49140 MiB, 299.22 W, 79
2026/08/28 05:00:42.115, 3, NVIDIA RTX 6000 Ada Generation, 97 %, 20000 MiB, 49140 MiB, 299.59 W, 80
2026/08/28 05:00:52.116, 0, NVIDIA RTX 6000 Ada Generation, 97 %, 20004 MiB, 49140 MiB, 299.87 W, 80
2026/08/28 05:00:52.117, 1, NVIDIA RTX 6000 Ada Generation, 96 %, 20346 MiB, 49140 MiB, 299.62 W, 84
2026/08/28 05:00:52.117, 2, NVIDIA RTX 6000 Ada Generation, 96 %, 20408 MiB, 49140 MiB, 299.57 W, 79
2026/08/28 05:00:52.117, 3, NVIDIA RTX 6000 Ada Generation, 97 %, 20000 MiB, 49140 MiB, 298.96 W, 80
2026/08/28 05:01:02.118, 0, NVIDIA RTX 6000 Ada Generation, 96 %, 20004 MiB, 49140 MiB, 299.80 W, 80
2026/08/28 05:01:02.118, 1, NVIDIA RTX 6000 Ada Generation, 97 %, 20346 MiB, 49140 MiB, 299.31 W, 84
2026/08/28 05:01:02.118, 2, NVIDIA RTX 6000 Ada Generation, 97 %, 20408 MiB, 49140 MiB, 299.57 W, 79
2026/08/28 05:01:02.118, 3, NVIDIA RTX 6000 Ada Generation, 97 %, 20000 MiB, 49140 MiB, 298.53 W, 80
2026/08/28 05:01:12.119, 0, NVIDIA RTX 6000 Ada Generation, 87 %, 20004 MiB, 49140 MiB, 295.07 W, 79
2026/08/28 05:01:12.120, 1, NVIDIA RTX 6000 Ada Generation, 89 %, 20346 MiB, 49140 MiB, 290.63 W, 84
2026/08/28 05:01:12.120, 2, NVIDIA RTX 6000 Ada Generation, 96 %, 20408 MiB, 49140 MiB, 299.26 W, 79
2026/08/28 05:01:12.120, 3, NVIDIA RTX 6000 Ada Generation, 97 %, 20000 MiB, 49140 MiB, 300.11 W, 80
2026/08/28 05:01:22.121, 0, NVIDIA RTX 6000 Ada Generation, 88 %, 20004 MiB, 49140 MiB, 299.30 W, 80
2026/08/28 05:01:22.121, 1, NVIDIA RTX 6000 Ada Generation, 88 %, 20346 MiB, 49140 MiB, 298.13 W, 84
2026/08/28 05:01:22.121, 2, NVIDIA RTX 6000 Ada Generation, 97 %, 20408 MiB, 49140 MiB, 299.28 W, 79
2026/08/28 05:01:22.121, 3, NVIDIA RTX 6000 Ada Generation, 97 %, 20000 MiB, 49140 MiB, 300.19 W, 80
2026/08/28 05:01:32.123, 0, NVIDIA RTX 6000 Ada Generation, 89 %, 20004 MiB, 49140 MiB, 299.04 W, 80
2026/08/28 05:01:32.123, 1, NVIDIA RTX 6000 Ada Generation, 88 %, 20346 MiB, 49140 MiB, 291.17 W, 84
2026/08/28 05:01:32.123, 2, NVIDIA RTX 6000 Ada Generation, 97 %, 20408 MiB, 49140 MiB, 299.35 W, 79
2026/08/28 05:01:32.123, 3, NVIDIA RTX 6000 Ada Generation, 88 %, 20000 MiB, 49140 MiB, 295.15 W, 80
2026/08/28 05:01:42.124, 0, NVIDIA RTX 6000 Ada Generation, 97 %, 20004 MiB, 49140 MiB, 299.63 W, 80
2026/08/28 05:01:42.124, 1, NVIDIA RTX 6000 Ada Generation, 97 %, 20346 MiB, 49140 MiB, 299.74 W, 84
2026/08/28 05:01:42.124, 2, NVIDIA RTX 6000 Ada Generation, 88 %, 20408 MiB, 49140 MiB, 299.17 W, 79
2026/08/28 05:01:42.125, 3, NVIDIA RTX 6000 Ada Generation, 97 %, 20000 MiB, 49140 MiB, 299.80 W, 80
2026/08/28 05:01:52.126, 0, NVIDIA RTX 6000 Ada Generation, 97 %, 20004 MiB, 49140 MiB, 299.77 W, 80
2026/08/28 05:01:52.126, 1, NVIDIA RTX 6000 Ada Generation, 96 %, 20346 MiB, 49140 MiB, 300.01 W, 84
2026/08/28 05:01:52.126, 2, NVIDIA RTX 6000 Ada Generation, 89 %, 20408 MiB, 49140 MiB, 299.71 W, 79
2026/08/28 05:01:52.126, 3, NVIDIA RTX 6000 Ada Generation, 96 %, 20000 MiB, 49140 MiB, 299.34 W, 80
2026/08/28 05:02:02.127, 0, NVIDIA RTX 6000 Ada Generation, 97 %, 20004 MiB, 49140 MiB, 299.64 W, 80
2026/08/28 05:02:02.127, 1, NVIDIA RTX 6000 Ada Generation, 97 %, 20346 MiB, 49140 MiB, 299.86 W, 84
2026/08/28 05:02:02.128, 2, NVIDIA RTX 6000 Ada Generation, 96 %, 20408 MiB, 49140 MiB, 300.23 W, 79
2026/08/28 05:02:02.128, 3, NVIDIA RTX 6000 Ada Generation, 97 %, 20000 MiB, 49140 MiB, 299.61 W, 80
2026/08/28 05:02:12.129, 0, NVIDIA RTX 6000 Ada Generation, 88 %, 20004 MiB, 49140 MiB, 292.31 W, 79
2026/08/28 05:02:12.129, 1, NVIDIA RTX 6000 Ada Generation, 97 %, 20346 MiB, 49140 MiB, 299.37 W, 84
2026/08/28 05:02:12.129, 2, NVIDIA RTX 6000 Ada Generation, 97 %, 20408 MiB, 49140 MiB, 299.89 W, 79
2026/08/28 05:02:12.129, 3, NVIDIA RTX 6000 Ada Generation, 97 %, 20000 MiB, 49140 MiB, 298.43 W, 79
2026/08/28 05:02:22.130, 0, NVIDIA RTX 6000 Ada Generation, 88 %, 20004 MiB, 49140 MiB, 299.02 W, 80
2026/08/28 05:02:22.130, 1, NVIDIA RTX 6000 Ada Generation, 96 %, 20346 MiB, 49140 MiB, 299.89 W, 84
2026/08/28 05:02:22.130, 2, NVIDIA RTX 6000 Ada Generation, 97 %, 20408 MiB, 49140 MiB, 298.79 W, 79
2026/08/28 05:02:22.131, 3, NVIDIA RTX 6000 Ada Generation, 90 %, 20000 MiB, 49140 MiB, 281.68 W, 79
2026/08/28 05:02:32.132, 0, NVIDIA RTX 6000 Ada Generation, 97 %, 20004 MiB, 49140 MiB, 299.21 W, 79
2026/08/28 05:02:32.132, 1, NVIDIA RTX 6000 Ada Generation, 96 %, 20346 MiB, 49140 MiB, 300.23 W, 84
2026/08/28 05:02:32.132, 2, NVIDIA RTX 6000 Ada Generation, 97 %, 20408 MiB, 49140 MiB, 299.95 W, 79
2026/08/28 05:02:32.132, 3, NVIDIA RTX 6000 Ada Generation, 90 %, 20000 MiB, 49140 MiB, 295.54 W, 80
2026/08/28 05:02:42.133, 0, NVIDIA RTX 6000 Ada Generation, 89 %, 20004 MiB, 49140 MiB, 298.94 W, 80
2026/08/28 05:02:42.133, 1, NVIDIA RTX 6000 Ada Generation, 97 %, 20346 MiB, 49140 MiB, 296.12 W, 84
2026/08/28 05:02:42.134, 2, NVIDIA RTX 6000 Ada Generation, 97 %, 20408 MiB, 49140 MiB, 300.01 W, 79
2026/08/28 05:02:42.134, 3, NVIDIA RTX 6000 Ada Generation, 97 %, 20040 MiB, 49140 MiB, 300.00 W, 80
2026/08/28 05:02:52.135, 0, NVIDIA RTX 6000 Ada Generation, 97 %, 20004 MiB, 49140 MiB, 299.55 W, 80
2026/08/28 05:02:52.135, 1, NVIDIA RTX 6000 Ada Generation, 87 %, 20346 MiB, 49140 MiB, 291.18 W, 83
2026/08/28 05:02:52.135, 2, NVIDIA RTX 6000 Ada Generation, 96 %, 20408 MiB, 49140 MiB, 300.03 W, 79
2026/08/28 05:02:52.135, 3, NVIDIA RTX 6000 Ada Generation, 97 %, 20040 MiB, 49140 MiB, 299.72 W, 80
2026/08/28 05:03:02.136, 0, NVIDIA RTX 6000 Ada Generation, 97 %, 20004 MiB, 49140 MiB, 299.34 W, 79
2026/08/28 05:03:02.137, 1, NVIDIA RTX 6000 Ada Generation, 97 %, 20346 MiB, 49140 MiB, 299.68 W, 83
2026/08/28 05:03:02.137, 2, NVIDIA RTX 6000 Ada Generation, 97 %, 20408 MiB, 49140 MiB, 299.92 W, 79
2026/08/28 05:03:02.137, 3, NVIDIA RTX 6000 Ada Generation, 97 %, 20040 MiB, 49140 MiB, 299.90 W, 80
2026/08/28 05:03:12.138, 0, NVIDIA RTX 6000 Ada Generation, 97 %, 20004 MiB, 49140 MiB, 299.42 W, 79
2026/08/28 05:03:12.138, 1, NVIDIA RTX 6000 Ada Generation, 97 %, 20346 MiB, 49140 MiB, 299.92 W, 84
2026/08/28 05:03:12.138, 2, NVIDIA RTX 6000 Ada Generation, 90 %, 20408 MiB, 49140 MiB, 299.05 W, 79
2026/08/28 05:03:12.138, 3, NVIDIA RTX 6000 Ada Generation, 97 %, 20040 MiB, 49140 MiB, 299.03 W, 79
2026/08/28 05:03:22.139, 0, NVIDIA RTX 6000 Ada Generation, 97 %, 20004 MiB, 49140 MiB, 299.71 W, 79
2026/08/28 05:03:22.140, 1, NVIDIA RTX 6000 Ada Generation, 96 %, 20346 MiB, 49140 MiB, 299.89 W, 84
2026/08/28 05:03:22.140, 2, NVIDIA RTX 6000 Ada Generation, 90 %, 20408 MiB, 49140 MiB, 299.45 W, 79
2026/08/28 05:03:22.140, 3, NVIDIA RTX 6000 Ada Generation, 97 %, 20040 MiB, 49140 MiB, 299.00 W, 79
2026/08/28 05:03:32.141, 0, NVIDIA RTX 6000 Ada Generation, 87 %, 20004 MiB, 49140 MiB, 297.71 W, 80
2026/08/28 05:03:32.141, 1, NVIDIA RTX 6000 Ada Generation, 96 %, 20346 MiB, 49140 MiB, 298.96 W, 83
2026/08/28 05:03:32.141, 2, NVIDIA RTX 6000 Ada Generation, 97 %, 20408 MiB, 49140 MiB, 299.84 W, 79
2026/08/28 05:03:32.141, 3, NVIDIA RTX 6000 Ada Generation, 97 %, 20040 MiB, 49140 MiB, 299.44 W, 80
2026/08/28 05:03:42.142, 0, NVIDIA RTX 6000 Ada Generation, 97 %, 20004 MiB, 49140 MiB, 299.09 W, 79
2026/08/28 05:03:42.142, 1, NVIDIA RTX 6000 Ada Generation, 97 %, 20346 MiB, 49140 MiB, 297.96 W, 84
2026/08/28 05:03:42.143, 2, NVIDIA RTX 6000 Ada Generation, 97 %, 20408 MiB, 49140 MiB, 299.87 W, 79
2026/08/28 05:03:42.143, 3, NVIDIA RTX 6000 Ada Generation, 97 %, 20040 MiB, 49140 MiB, 300.00 W, 80
2026/08/28 05:03:52.144, 0, NVIDIA RTX 6000 Ada Generation, 97 %, 20004 MiB, 49140 MiB, 299.76 W, 79
2026/08/28 05:03:52.144, 1, NVIDIA RTX 6000 Ada Generation, 87 %, 20346 MiB, 49140 MiB, 290.45 W, 83
2026/08/28 05:03:52.144, 2, NVIDIA RTX 6000 Ada Generation, 97 %, 20408 MiB, 49140 MiB, 299.54 W, 79
2026/08/28 05:03:52.144, 3, NVIDIA RTX 6000 Ada Generation, 96 %, 20040 MiB, 49140 MiB, 299.76 W, 80
2026/08/28 05:04:02.145, 0, NVIDIA RTX 6000 Ada Generation, 88 %, 20004 MiB, 49140 MiB, 299.13 W, 79
2026/08/28 05:04:02.145, 1, NVIDIA RTX 6000 Ada Generation, 87 %, 20346 MiB, 49140 MiB, 290.07 W, 83
2026/08/28 05:04:02.145, 2, NVIDIA RTX 6000 Ada Generation, 90 %, 20408 MiB, 49140 MiB, 299.34 W, 79
2026/08/28 05:04:02.146, 3, NVIDIA RTX 6000 Ada Generation, 89 %, 20040 MiB, 49140 MiB, 295.32 W, 80
2026/08/28 05:04:12.147, 0, NVIDIA RTX 6000 Ada Generation, 87 %, 20004 MiB, 49140 MiB, 298.19 W, 79
2026/08/28 05:04:12.147, 1, NVIDIA RTX 6000 Ada Generation, 97 %, 20346 MiB, 49140 MiB, 299.58 W, 83
2026/08/28 05:04:12.147, 2, NVIDIA RTX 6000 Ada Generation, 89 %, 20408 MiB, 49140 MiB, 297.89 W, 79
2026/08/28 05:04:12.147, 3, NVIDIA RTX 6000 Ada Generation, 96 %, 20040 MiB, 49140 MiB, 299.58 W, 80
2026/08/28 05:04:22.148, 0, NVIDIA RTX 6000 Ada Generation, 97 %, 20004 MiB, 49140 MiB, 299.12 W, 79
2026/08/28 05:04:22.148, 1, NVIDIA RTX 6000 Ada Generation, 87 %, 20346 MiB, 49140 MiB, 294.39 W, 83
2026/08/28 05:04:22.148, 2, NVIDIA RTX 6000 Ada Generation, 97 %, 20408 MiB, 49140 MiB, 299.66 W, 78
2026/08/28 05:04:22.149, 3, NVIDIA RTX 6000 Ada Generation, 97 %, 20040 MiB, 49140 MiB, 299.65 W, 80
2026/08/28 05:04:32.150, 0, NVIDIA RTX 6000 Ada Generation, 0 %, 20012 MiB, 49140 MiB, 159.02 W, 75
2026/08/28 05:04:32.150, 1, NVIDIA RTX 6000 Ada Generation, 97 %, 20346 MiB, 49140 MiB, 299.90 W, 83
2026/08/28 05:04:32.150, 2, NVIDIA RTX 6000 Ada Generation, 97 %, 20408 MiB, 49140 MiB, 300.20 W, 79
2026/08/28 05:04:32.150, 3, NVIDIA RTX 6000 Ada Generation, 96 %, 20040 MiB, 49140 MiB, 298.79 W, 80
2026/08/28 05:04:42.151, 0, NVIDIA RTX 6000 Ada Generation, 0 %, 20012 MiB, 49140 MiB, 107.04 W, 69
2026/08/28 05:04:42.152, 1, NVIDIA RTX 6000 Ada Generation, 96 %, 20346 MiB, 49140 MiB, 300.10 W, 83
2026/08/28 05:04:42.152, 2, NVIDIA RTX 6000 Ada Generation, 97 %, 20408 MiB, 49140 MiB, 299.75 W, 79
2026/08/28 05:04:42.152, 3, NVIDIA RTX 6000 Ada Generation, 96 %, 20040 MiB, 49140 MiB, 299.52 W, 80
2026/08/28 05:04:52.153, 0, NVIDIA RTX 6000 Ada Generation, 0 %, 20012 MiB, 49140 MiB, 42.98 W, 62
2026/08/28 05:04:52.153, 1, NVIDIA RTX 6000 Ada Generation, 97 %, 20346 MiB, 49140 MiB, 299.97 W, 83
2026/08/28 05:04:52.153, 2, NVIDIA RTX 6000 Ada Generation, 97 %, 20408 MiB, 49140 MiB, 300.63 W, 78
2026/08/28 05:04:52.153, 3, NVIDIA RTX 6000 Ada Generation, 89 %, 20040 MiB, 49140 MiB, 294.93 W, 80
2026/08/28 05:05:02.154, 0, NVIDIA RTX 6000 Ada Generation, 0 %, 20012 MiB, 49140 MiB, 39.58 W, 58
2026/08/28 05:05:02.155, 1, NVIDIA RTX 6000 Ada Generation, 96 %, 20346 MiB, 49140 MiB, 300.30 W, 83
2026/08/28 05:05:02.155, 2, NVIDIA RTX 6000 Ada Generation, 97 %, 20408 MiB, 49140 MiB, 299.41 W, 78
2026/08/28 05:05:02.155, 3, NVIDIA RTX 6000 Ada Generation, 96 %, 20040 MiB, 49140 MiB, 299.56 W, 80
2026/08/28 05:05:12.156, 0, NVIDIA RTX 6000 Ada Generation, 0 %, 20012 MiB, 49140 MiB, 37.88 W, 55
2026/08/28 05:05:12.156, 1, NVIDIA RTX 6000 Ada Generation, 89 %, 20346 MiB, 49140 MiB, 290.14 W, 82
2026/08/28 05:05:12.156, 2, NVIDIA RTX 6000 Ada Generation, 88 %, 20408 MiB, 49140 MiB, 299.26 W, 78
2026/08/28 05:05:12.156, 3, NVIDIA RTX 6000 Ada Generation, 97 %, 20040 MiB, 49140 MiB, 298.45 W, 80
2026/08/28 05:05:22.157, 0, NVIDIA RTX 6000 Ada Generation, 0 %, 20012 MiB, 49140 MiB, 36.37 W, 52
2026/08/28 05:05:22.158, 1, NVIDIA RTX 6000 Ada Generation, 96 %, 20346 MiB, 49140 MiB, 299.73 W, 83
2026/08/28 05:05:22.158, 2, NVIDIA RTX 6000 Ada Generation, 97 %, 20408 MiB, 49140 MiB, 299.66 W, 78
2026/08/28 05:05:22.158, 3, NVIDIA RTX 6000 Ada Generation, 88 %, 20040 MiB, 49140 MiB, 296.43 W, 80
2026/08/28 05:05:32.159, 0, NVIDIA RTX 6000 Ada Generation, 0 %, 20012 MiB, 49140 MiB, 35.35 W, 50
2026/08/28 05:05:32.159, 1, NVIDIA RTX 6000 Ada Generation, 88 %, 20346 MiB, 49140 MiB, 289.58 W, 82
2026/08/28 05:05:32.159, 2, NVIDIA RTX 6000 Ada Generation, 97 %, 20408 MiB, 49140 MiB, 296.43 W, 79
2026/08/28 05:05:32.159, 3, NVIDIA RTX 6000 Ada Generation, 97 %, 20040 MiB, 49140 MiB, 298.78 W, 80
2026/08/28 05:05:42.160, 0, NVIDIA RTX 6000 Ada Generation, 0 %, 20012 MiB, 49140 MiB, 34.29 W, 48
2026/08/28 05:05:42.161, 1, NVIDIA RTX 6000 Ada Generation, 90 %, 20346 MiB, 49140 MiB, 290.43 W, 81
2026/08/28 05:05:42.161, 2, NVIDIA RTX 6000 Ada Generation, 97 %, 20408 MiB, 49140 MiB, 300.15 W, 79
2026/08/28 05:05:42.161, 3, NVIDIA RTX 6000 Ada Generation, 97 %, 20040 MiB, 49140 MiB, 299.35 W, 79
2026/08/28 05:05:52.162, 0, NVIDIA RTX 6000 Ada Generation, 0 %, 20012 MiB, 49140 MiB, 33.54 W, 47
2026/08/28 05:05:52.162, 1, NVIDIA RTX 6000 Ada Generation, 97 %, 20346 MiB, 49140 MiB, 299.86 W, 82
2026/08/28 05:05:52.162, 2, NVIDIA RTX 6000 Ada Generation, 97 %, 20408 MiB, 49140 MiB, 299.74 W, 78
2026/08/28 05:05:52.163, 3, NVIDIA RTX 6000 Ada Generation, 96 %, 20040 MiB, 49140 MiB, 299.67 W, 80
2026/08/28 05:06:02.164, 0, NVIDIA RTX 6000 Ada Generation, 0 %, 20012 MiB, 49140 MiB, 32.87 W, 45
2026/08/28 05:06:02.164, 1, NVIDIA RTX 6000 Ada Generation, 96 %, 20346 MiB, 49140 MiB, 299.91 W, 82
2026/08/28 05:06:02.164, 2, NVIDIA RTX 6000 Ada Generation, 97 %, 20408 MiB, 49140 MiB, 299.21 W, 78
2026/08/28 05:06:02.164, 3, NVIDIA RTX 6000 Ada Generation, 97 %, 20040 MiB, 49140 MiB, 298.91 W, 79
2026/08/28 05:06:12.165, 0, NVIDIA RTX 6000 Ada Generation, 0 %, 20012 MiB, 49140 MiB, 32.28 W, 44
2026/08/28 05:06:12.166, 1, NVIDIA RTX 6000 Ada Generation, 97 %, 20346 MiB, 49140 MiB, 299.88 W, 82
2026/08/28 05:06:12.166, 2, NVIDIA RTX 6000 Ada Generation, 97 %, 20408 MiB, 49140 MiB, 298.70 W, 78
2026/08/28 05:06:12.166, 3, NVIDIA RTX 6000 Ada Generation, 96 %, 20040 MiB, 49140 MiB, 297.76 W, 80
2026/08/28 05:06:22.167, 0, NVIDIA RTX 6000 Ada Generation, 0 %, 20012 MiB, 49140 MiB, 31.76 W, 43
2026/08/28 05:06:22.167, 1, NVIDIA RTX 6000 Ada Generation, 97 %, 20346 MiB, 49140 MiB, 298.78 W, 82
2026/08/28 05:06:22.167, 2, NVIDIA RTX 6000 Ada Generation, 97 %, 20408 MiB, 49140 MiB, 300.09 W, 78
2026/08/28 05:06:22.168, 3, NVIDIA RTX 6000 Ada Generation, 97 %, 20040 MiB, 49140 MiB, 298.72 W, 79
2026/08/28 05:06:32.169, 0, NVIDIA RTX 6000 Ada Generation, 0 %, 20012 MiB, 49140 MiB, 31.15 W, 42
2026/08/28 05:06:32.169, 1, NVIDIA RTX 6000 Ada Generation, 97 %, 20346 MiB, 49140 MiB, 300.15 W, 82
2026/08/28 05:06:32.169, 2, NVIDIA RTX 6000 Ada Generation, 89 %, 20408 MiB, 49140 MiB, 299.81 W, 78
2026/08/28 05:06:32.169, 3, NVIDIA RTX 6000 Ada Generation, 96 %, 20040 MiB, 49140 MiB, 299.54 W, 80
2026/08/28 05:06:42.170, 0, NVIDIA RTX 6000 Ada Generation, 0 %, 20012 MiB, 49140 MiB, 30.93 W, 41
2026/08/28 05:06:42.171, 1, NVIDIA RTX 6000 Ada Generation, 97 %, 20386 MiB, 49140 MiB, 299.83 W, 82
2026/08/28 05:06:42.171, 2, NVIDIA RTX 6000 Ada Generation, 89 %, 20408 MiB, 49140 MiB, 299.59 W, 79
2026/08/28 05:06:42.171, 3, NVIDIA RTX 6000 Ada Generation, 96 %, 20040 MiB, 49140 MiB, 299.29 W, 80
2026/08/28 05:06:52.172, 0, NVIDIA RTX 6000 Ada Generation, 0 %, 20012 MiB, 49140 MiB, 30.61 W, 40
2026/08/28 05:06:52.172, 1, NVIDIA RTX 6000 Ada Generation, 0 %, 20386 MiB, 49140 MiB, 103.71 W, 73
2026/08/28 05:06:52.172, 2, NVIDIA RTX 6000 Ada Generation, 89 %, 20408 MiB, 49140 MiB, 296.58 W, 78
2026/08/28 05:06:52.172, 3, NVIDIA RTX 6000 Ada Generation, 96 %, 20040 MiB, 49140 MiB, 299.41 W, 79
2026/08/28 05:07:02.173, 0, NVIDIA RTX 6000 Ada Generation, 0 %, 20012 MiB, 49140 MiB, 30.42 W, 40
2026/08/28 05:07:02.174, 1, NVIDIA RTX 6000 Ada Generation, 0 %, 20386 MiB, 49140 MiB, 36.42 W, 67
2026/08/28 05:07:02.174, 2, NVIDIA RTX 6000 Ada Generation, 97 %, 20408 MiB, 49140 MiB, 299.84 W, 78
2026/08/28 05:07:02.174, 3, NVIDIA RTX 6000 Ada Generation, 97 %, 20040 MiB, 49140 MiB, 294.59 W, 80
2026/08/28 05:07:12.175, 0, NVIDIA RTX 6000 Ada Generation, 0 %, 20012 MiB, 49140 MiB, 30.35 W, 39
2026/08/28 05:07:12.175, 1, NVIDIA RTX 6000 Ada Generation, 0 %, 20386 MiB, 49140 MiB, 33.17 W, 63
2026/08/28 05:07:12.175, 2, NVIDIA RTX 6000 Ada Generation, 97 %, 20408 MiB, 49140 MiB, 299.36 W, 78
2026/08/28 05:07:12.175, 3, NVIDIA RTX 6000 Ada Generation, 97 %, 20040 MiB, 49140 MiB, 299.55 W, 79
2026/08/28 05:07:22.177, 0, NVIDIA RTX 6000 Ada Generation, 0 %, 20012 MiB, 49140 MiB, 82.12 W, 42
2026/08/28 05:07:22.177, 1, NVIDIA RTX 6000 Ada Generation, 0 %, 20386 MiB, 49140 MiB, 31.96 W, 60
2026/08/28 05:07:22.177, 2, NVIDIA RTX 6000 Ada Generation, 97 %, 20408 MiB, 49140 MiB, 299.69 W, 78
2026/08/28 05:07:22.177, 3, NVIDIA RTX 6000 Ada Generation, 0 %, 20080 MiB, 49140 MiB, 104.63 W, 70
2026/08/28 05:07:32.178, 0, NVIDIA RTX 6000 Ada Generation, 0 %, 20012 MiB, 49140 MiB, 55.46 W, 40
2026/08/28 05:07:32.178, 1, NVIDIA RTX 6000 Ada Generation, 0 %, 20386 MiB, 49140 MiB, 30.52 W, 58
2026/08/28 05:07:32.178, 2, NVIDIA RTX 6000 Ada Generation, 88 %, 20408 MiB, 49140 MiB, 298.79 W, 77
2026/08/28 05:07:32.178, 3, NVIDIA RTX 6000 Ada Generation, 0 %, 20080 MiB, 49140 MiB, 55.77 W, 64
2026/08/28 05:07:42.179, 0, NVIDIA RTX 6000 Ada Generation, 0 %, 20012 MiB, 49140 MiB, 29.86 W, 39
2026/08/28 05:07:42.179, 1, NVIDIA RTX 6000 Ada Generation, 0 %, 20386 MiB, 49140 MiB, 29.15 W, 56
2026/08/28 05:07:42.180, 2, NVIDIA RTX 6000 Ada Generation, 97 %, 20408 MiB, 49140 MiB, 299.34 W, 77
2026/08/28 05:07:42.180, 3, NVIDIA RTX 6000 Ada Generation, 0 %, 20080 MiB, 49140 MiB, 33.76 W, 60
2026/08/28 05:07:52.181, 0, NVIDIA RTX 6000 Ada Generation, 0 %, 20012 MiB, 49140 MiB, 29.57 W, 38
2026/08/28 05:07:52.181, 1, NVIDIA RTX 6000 Ada Generation, 0 %, 20386 MiB, 49140 MiB, 28.53 W, 54
2026/08/28 05:07:52.181, 2, NVIDIA RTX 6000 Ada Generation, 89 %, 20408 MiB, 49140 MiB, 299.62 W, 77
2026/08/28 05:07:52.181, 3, NVIDIA RTX 6000 Ada Generation, 0 %, 20080 MiB, 49140 MiB, 31.17 W, 58
2026/08/28 05:08:02.182, 0, NVIDIA RTX 6000 Ada Generation, 0 %, 20012 MiB, 49140 MiB, 29.65 W, 38
2026/08/28 05:08:02.182, 1, NVIDIA RTX 6000 Ada Generation, 0 %, 20386 MiB, 49140 MiB, 28.10 W, 52
2026/08/28 05:08:02.182, 2, NVIDIA RTX 6000 Ada Generation, 97 %, 20408 MiB, 49140 MiB, 299.50 W, 77
2026/08/28 05:08:02.182, 3, NVIDIA RTX 6000 Ada Generation, 0 %, 20080 MiB, 49140 MiB, 29.91 W, 55
