timestamp, index, name, utilization.gpu [%], memory.used [MiB], memory.total [MiB], power.draw [W], temperature.gpu
2026/08/28 08:24:05.278, 0, NVIDIA RTX 6000 Ada Generation, 11 %, 2 MiB, 49140 MiB, 103.60 W, 66
2026/08/28 08:24:05.279, 1, NVIDIA RTX 6000 Ada Generation, 11 %, 2 MiB, 49140 MiB, 101.01 W, 73
2026/08/28 08:24:05.280, 2, NVIDIA RTX 6000 Ada Generation, 6 %, 2 MiB, 49140 MiB, 59.36 W, 41
2026/08/28 08:24:05.281, 3, NVIDIA RTX 6000 Ada Generation, 0 %, 2 MiB, 49140 MiB, 54.56 W, 53
2026/08/28 08:24:15.283, 0, NVIDIA RTX 6000 Ada Generation, 29 %, 24882 MiB, 49140 MiB, 101.64 W, 62
2026/08/28 08:24:15.283, 1, NVIDIA RTX 6000 Ada Generation, 28 %, 25392 MiB, 49140 MiB, 102.54 W, 69
2026/08/28 08:24:15.283, 2, NVIDIA RTX 6000 Ada Generation, 26 %, 22992 MiB, 49140 MiB, 79.04 W, 41
2026/08/28 08:24:15.283, 3, NVIDIA RTX 6000 Ada Generation, 25 %, 22702 MiB, 49140 MiB, 92.10 W, 53
2026/08/28 08:24:25.284, 0, NVIDIA RTX 6000 Ada Generation, 84 %, 38534 MiB, 49140 MiB, 265.42 W, 67
2026/08/28 08:24:25.285, 1, NVIDIA RTX 6000 Ada Generation, 89 %, 38660 MiB, 49140 MiB, 288.30 W, 74
2026/08/28 08:24:25.285, 2, NVIDIA RTX 6000 Ada Generation, 80 %, 38584 MiB, 49140 MiB, 250.95 W, 49
2026/08/28 08:24:25.285, 3, NVIDIA RTX 6000 Ada Generation, 80 %, 38594 MiB, 49140 MiB, 253.26 W, 61
2026/08/28 08:24:35.286, 0, NVIDIA RTX 6000 Ada Generation, 89 %, 38580 MiB, 49140 MiB, 289.21 W, 69
2026/08/28 08:24:35.286, 1, NVIDIA RTX 6000 Ada Generation, 83 %, 38924 MiB, 49140 MiB, 283.96 W, 76
2026/08/28 08:24:35.286, 2, NVIDIA RTX 6000 Ada Generation, 88 %, 38946 MiB, 49140 MiB, 256.60 W, 53
2026/08/28 08:24:35.286, 3, NVIDIA RTX 6000 Ada Generation, 84 %, 38660 MiB, 49140 MiB, 261.47 W, 65
2026/08/28 08:24:45.287, 0, NVIDIA RTX 6000 Ada Generation, 86 %, 38580 MiB, 49140 MiB, 271.35 W, 70
2026/08/28 08:24:45.287, 1, NVIDIA RTX 6000 Ada Generation, 87 %, 38924 MiB, 49140 MiB, 275.24 W, 78
2026/08/28 08:24:45.287, 2, NVIDIA RTX 6000 Ada Generation, 81 %, 39066 MiB, 49140 MiB, 263.61 W, 57
2026/08/28 08:24:45.287, 3, NVIDIA RTX 6000 Ada Generation, 83 %, 38660 MiB, 49140 MiB, 261.61 W, 68
2026/08/28 08:24:55.288, 0, NVIDIA RTX 6000 Ada Generation, 89 %, 38580 MiB, 49140 MiB, 291.90 W, 71
2026/08/28 08:24:55.288, 1, NVIDIA RTX 6000 Ada Generation, 88 %, 38924 MiB, 49140 MiB, 291.33 W, 79
2026/08/28 08:24:55.288, 2, NVIDIA RTX 6000 Ada Generation, 90 %, 39066 MiB, 49140 MiB, 283.44 W, 61
2026/08/28 08:24:55.288, 3, NVIDIA RTX 6000 Ada Generation, 88 %, 38690 MiB, 49140 MiB, 288.74 W, 72
2026/08/28 08:25:05.289, 0, NVIDIA RTX 6000 Ada Generation, 81 %, 38656 MiB, 49140 MiB, 271.35 W, 72
2026/08/28 08:25:05.289, 1, NVIDIA RTX 6000 Ada Generation, 92 %, 38924 MiB, 49140 MiB, 292.86 W, 81
2026/08/28 08:25:05.289, 2, NVIDIA RTX 6000 Ada Generation, 91 %, 39066 MiB, 49140 MiB, 289.43 W, 64
2026/08/28 08:25:05.289, 3, NVIDIA RTX 6000 Ada Generation, 88 %, 38690 MiB, 49140 MiB, 290.40 W, 75
2026/08/28 08:25:15.290, 0, NVIDIA RTX 6000 Ada Generation, 92 %, 38948 MiB, 49140 MiB, 293.33 W, 73
2026/08/28 08:25:15.291, 1, NVIDIA RTX 6000 Ada Generation, 89 %, 38924 MiB, 49140 MiB, 294.05 W, 82
2026/08/28 08:25:15.291, 2, NVIDIA RTX 6000 Ada Generation, 82 %, 39066 MiB, 49140 MiB, 268.04 W, 65
2026/08/28 08:25:15.291, 3, NVIDIA RTX 6000 Ada Generation, 77 %, 38810 MiB, 49140 MiB, 271.54 W, 75
2026/08/28 08:25:25.292, 0, NVIDIA RTX 6000 Ada Generation, 83 %, 38948 MiB, 49140 MiB, 275.05 W, 74
2026/08/28 08:25:25.292, 1, NVIDIA RTX 6000 Ada Generation, 89 %, 38924 MiB, 49140 MiB, 297.98 W, 83
2026/08/28 08:25:25.292, 2, NVIDIA RTX 6000 Ada Generation, 88 %, 39066 MiB, 49140 MiB, 291.47 W, 67
2026/08/28 08:25:25.292, 3, NVIDIA RTX 6000 Ada Generation, 87 %, 38810 MiB, 49140 MiB, 272.25 W, 76
2026/08/28 08:25:35.293, 0, NVIDIA RTX 6000 Ada Generation, 86 %, 38948 MiB, 49140 MiB, 276.46 W, 74
2026/08/28 08:25:35.294, 1, NVIDIA RTX 6000 Ada Generation, 86 %, 38924 MiB, 49140 MiB, 277.40 W, 82
2026/08/28 08:25:35.294, 2, NVIDIA RTX 6000 Ada Generation, 84 %, 39066 MiB, 49140 MiB, 271.12 W, 68
2026/08/28 08:25:35.294, 3, NVIDIA RTX 6000 Ada Generation, 91 %, 38900 MiB, 49140 MiB, 293.94 W, 78
2026/08/28 08:25:45.295, 0, NVIDIA RTX 6000 Ada Generation, 86 %, 39028 MiB, 49140 MiB, 287.71 W, 74
2026/08/28 08:25:45.295, 1, NVIDIA RTX 6000 Ada Generation, 84 %, 38924 MiB, 49140 MiB, 278.02 W, 82
2026/08/28 08:25:45.295, 2, NVIDIA RTX 6000 Ada Generation, 88 %, 39066 MiB, 49140 MiB, 295.83 W, 70
2026/08/28 08:25:45.295, 3, NVIDIA RTX 6000 Ada Generation, 89 %, 38960 MiB, 49140 MiB, 280.48 W, 79
2026/08/28 08:25:55.296, 0, NVIDIA RTX 6000 Ada Generation, 88 %, 39028 MiB, 49140 MiB, 277.07 W, 74
2026/08/28 08:25:55.297, 1, NVIDIA RTX 6000 Ada Generation, 87 %, 38944 MiB, 49140 MiB, 279.76 W, 83
2026/08/28 08:25:55.297, 2, NVIDIA RTX 6000 Ada Generation, 87 %, 39066 MiB, 49140 MiB, 273.25 W, 71
2026/08/28 08:25:55.297, 3, NVIDIA RTX 6000 Ada Generation, 87 %, 38960 MiB, 49140 MiB, 275.25 W, 80
2026/08/28 08:26:05.298, 0, NVIDIA RTX 6000 Ada Generation, 83 %, 39028 MiB, 49140 MiB, 275.39 W, 75
2026/08/28 08:26:05.298, 1, NVIDIA RTX 6000 Ada Generation, 84 %, 39024 MiB, 49140 MiB, 281.02 W, 83
2026/08/28 08:26:05.298, 2, NVIDIA RTX 6000 Ada Generation, 88 %, 39066 MiB, 49140 MiB, 298.41 W, 72
2026/08/28 08:26:05.298, 3, NVIDIA RTX 6000 Ada Generation, 80 %, 38960 MiB, 49140 MiB, 281.79 W, 81
2026/08/28 08:26:15.299, 0, NVIDIA RTX 6000 Ada Generation, 92 %, 39028 MiB, 49140 MiB, 296.75 W, 76
2026/08/28 08:26:15.300, 1, NVIDIA RTX 6000 Ada Generation, 88 %, 39024 MiB, 49140 MiB, 298.61 W, 84
2026/08/28 08:26:15.300, 2, NVIDIA RTX 6000 Ada Generation, 87 %, 39066 MiB, 49140 MiB, 276.40 W, 72
2026/08/28 08:26:15.300, 3, NVIDIA RTX 6000 Ada Generation, 82 %, 38960 MiB, 49140 MiB, 273.91 W, 81
2026/08/28 08:26:25.301, 0, NVIDIA RTX 6000 Ada Generation, 89 %, 39228 MiB, 49140 MiB, 281.88 W, 75
2026/08/28 08:26:25.301, 1, NVIDIA RTX 6000 Ada Generation, 84 %, 39024 MiB, 49140 MiB, 277.10 W, 84
2026/08/28 08:26:25.301, 2, NVIDIA RTX 6000 Ada Generation, 88 %, 39066 MiB, 49140 MiB, 298.22 W, 73
2026/08/28 08:26:25.301, 3, NVIDIA RTX 6000 Ada Generation, 91 %, 38960 MiB, 49140 MiB, 299.02 W, 83
2026/08/28 08:26:35.302, 0, NVIDIA RTX 6000 Ada Generation, 92 %, 39228 MiB, 49140 MiB, 297.67 W, 76
2026/08/28 08:26:35.303, 1, NVIDIA RTX 6000 Ada Generation, 81 %, 39024 MiB, 49140 MiB, 276.67 W, 84
2026/08/28 08:26:35.303, 2, NVIDIA RTX 6000 Ada Generation, 81 %, 39066 MiB, 49140 MiB, 287.77 W, 74
2026/08/28 08:26:35.303, 3, NVIDIA RTX 6000 Ada Generation, 82 %, 38960 MiB, 49140 MiB, 276.61 W, 82
2026/08/28 08:26:45.304, 0, NVIDIA RTX 6000 Ada Generation, 84 %, 39228 MiB, 49140 MiB, 283.90 W, 76
2026/08/28 08:26:45.304, 1, NVIDIA RTX 6000 Ada Generation, 86 %, 39024 MiB, 49140 MiB, 276.92 W, 84
2026/08/28 08:26:45.304, 2, NVIDIA RTX 6000 Ada Generation, 89 %, 39066 MiB, 49140 MiB, 298.29 W, 74
2026/08/28 08:26:45.304, 3, NVIDIA RTX 6000 Ada Generation, 86 %, 39040 MiB, 49140 MiB, 283.70 W, 83
2026/08/28 08:26:55.306, 0, NVIDIA RTX 6000 Ada Generation, 88 %, 39228 MiB, 49140 MiB, 288.71 W, 76
2026/08/28 08:26:55.306, 1, NVIDIA RTX 6000 Ada Generation, 89 %, 39024 MiB, 49140 MiB, 298.69 W, 88
2026/08/28 08:26:55.306, 2, NVIDIA RTX 6000 Ada Generation, 87 %, 39066 MiB, 49140 MiB, 280.54 W, 74
2026/08/28 08:26:55.306, 3, NVIDIA RTX 6000 Ada Generation, 89 %, 39040 MiB, 49140 MiB, 299.41 W, 83
2026/08/28 08:27:05.307, 0, NVIDIA RTX 6000 Ada Generation, 93 %, 39228 MiB, 49140 MiB, 299.78 W, 75
2026/08/28 08:27:05.307, 1, NVIDIA RTX 6000 Ada Generation, 82 %, 39024 MiB, 49140 MiB, 278.58 W, 85
2026/08/28 08:27:05.307, 2, NVIDIA RTX 6000 Ada Generation, 77 %, 39066 MiB, 49140 MiB, 281.59 W, 74
2026/08/28 08:27:05.307, 3, NVIDIA RTX 6000 Ada Generation, 80 %, 39040 MiB, 49140 MiB, 282.55 W, 82
2026/08/28 08:27:15.309, 0, NVIDIA RTX 6000 Ada Generation, 88 %, 39228 MiB, 49140 MiB, 297.19 W, 77
2026/08/28 08:27:15.309, 1, NVIDIA RTX 6000 Ada Generation, 82 %, 39024 MiB, 49140 MiB, 275.08 W, 85
2026/08/28 08:27:15.309, 2, NVIDIA RTX 6000 Ada Generation, 88 %, 39066 MiB, 49140 MiB, 289.55 W, 75
2026/08/28 08:27:15.309, 3, NVIDIA RTX 6000 Ada Generation, 87 %, 39040 MiB, 49140 MiB, 264.20 W, 81
2026/08/28 08:27:25.310, 0, NVIDIA RTX 6000 Ada Generation, 83 %, 39228 MiB, 49140 MiB, 277.61 W, 77
2026/08/28 08:27:25.310, 1, NVIDIA RTX 6000 Ada Generation, 92 %, 39074 MiB, 49140 MiB, 296.67 W, 86
2026/08/28 08:27:25.310, 2, NVIDIA RTX 6000 Ada Generation, 85 %, 39066 MiB, 49140 MiB, 279.72 W, 75
2026/08/28 08:27:25.310, 3, NVIDIA RTX 6000 Ada Generation, 89 %, 39040 MiB, 49140 MiB, 298.62 W, 81
2026/08/28 08:27:35.312, 0, NVIDIA RTX 6000 Ada Generation, 88 %, 39228 MiB, 49140 MiB, 297.63 W, 77
2026/08/28 08:27:35.312, 1, NVIDIA RTX 6000 Ada Generation, 84 %, 39074 MiB, 49140 MiB, 278.86 W, 85
2026/08/28 08:27:35.312, 2, NVIDIA RTX 6000 Ada Generation, 91 %, 39066 MiB, 49140 MiB, 298.28 W, 76
2026/08/28 08:27:35.312, 3, NVIDIA RTX 6000 Ada Generation, 79 %, 39040 MiB, 49140 MiB, 278.97 W, 80
2026/08/28 08:27:45.313, 0, NVIDIA RTX 6000 Ada Generation, 87 %, 39228 MiB, 49140 MiB, 280.28 W, 77
2026/08/28 08:27:45.313, 1, NVIDIA RTX 6000 Ada Generation, 89 %, 39074 MiB, 49140 MiB, 296.18 W, 86
2026/08/28 08:27:45.313, 2, NVIDIA RTX 6000 Ada Generation, 86 %, 39086 MiB, 49140 MiB, 282.67 W, 76
2026/08/28 08:27:45.313, 3, NVIDIA RTX 6000 Ada Generation, 89 %, 39100 MiB, 49140 MiB, 297.49 W, 80
2026/08/28 08:27:55.314, 0, NVIDIA RTX 6000 Ada Generation, 88 %, 39252 MiB, 49140 MiB, 297.74 W, 77
2026/08/28 08:27:55.315, 1, NVIDIA RTX 6000 Ada Generation, 91 %, 39074 MiB, 49140 MiB, 295.69 W, 86
2026/08/28 08:27:55.315, 2, NVIDIA RTX 6000 Ada Generation, 89 %, 39166 MiB, 49140 MiB, 296.39 W, 76
2026/08/28 08:27:55.315, 3, NVIDIA RTX 6000 Ada Generation, 89 %, 39100 MiB, 49140 MiB, 296.93 W, 80
2026/08/28 08:28:05.316, 0, NVIDIA RTX 6000 Ada Generation, 86 %, 39252 MiB, 49140 MiB, 292.62 W, 76
2026/08/28 08:28:05.316, 1, NVIDIA RTX 6000 Ada Generation, 79 %, 39074 MiB, 49140 MiB, 277.05 W, 85
2026/08/28 08:28:05.316, 2, NVIDIA RTX 6000 Ada Generation, 80 %, 39166 MiB, 49140 MiB, 284.44 W, 76
2026/08/28 08:28:05.316, 3, NVIDIA RTX 6000 Ada Generation, 78 %, 39100 MiB, 49140 MiB, 276.56 W, 78
2026/08/28 08:28:15.317, 0, NVIDIA RTX 6000 Ada Generation, 93 %, 39252 MiB, 49140 MiB, 295.96 W, 78
2026/08/28 08:28:15.317, 1, NVIDIA RTX 6000 Ada Generation, 87 %, 39074 MiB, 49140 MiB, 277.02 W, 85
2026/08/28 08:28:15.318, 2, NVIDIA RTX 6000 Ada Generation, 80 %, 39188 MiB, 49140 MiB, 282.26 W, 77
2026/08/28 08:28:15.318, 3, NVIDIA RTX 6000 Ada Generation, 89 %, 39100 MiB, 49140 MiB, 296.49 W, 79
2026/08/28 08:28:25.318, 0, NVIDIA RTX 6000 Ada Generation, 92 %, 39252 MiB, 49140 MiB, 299.15 W, 78
2026/08/28 08:28:25.319, 1, NVIDIA RTX 6000 Ada Generation, 91 %, 39074 MiB, 49140 MiB, 299.10 W, 85
2026/08/28 08:28:25.319, 2, NVIDIA RTX 6000 Ada Generation, 92 %, 39188 MiB, 49140 MiB, 292.51 W, 77
2026/08/28 08:28:25.319, 3, NVIDIA RTX 6000 Ada Generation, 91 %, 39100 MiB, 49140 MiB, 297.20 W, 79
2026/08/28 08:28:35.320, 0, NVIDIA RTX 6000 Ada Generation, 89 %, 39252 MiB, 49140 MiB, 289.50 W, 78
2026/08/28 08:28:35.320, 1, NVIDIA RTX 6000 Ada Generation, 91 %, 39074 MiB, 49140 MiB, 298.63 W, 84
2026/08/28 08:28:35.320, 2, NVIDIA RTX 6000 Ada Generation, 92 %, 39188 MiB, 49140 MiB, 298.70 W, 77
2026/08/28 08:28:35.320, 3, NVIDIA RTX 6000 Ada Generation, 86 %, 39110 MiB, 49140 MiB, 277.48 W, 78
2026/08/28 08:28:45.321, 0, NVIDIA RTX 6000 Ada Generation, 84 %, 39252 MiB, 49140 MiB, 270.66 W, 78
2026/08/28 08:28:45.321, 1, NVIDIA RTX 6000 Ada Generation, 88 %, 39074 MiB, 49140 MiB, 277.83 W, 83
2026/08/28 08:28:45.321, 2, NVIDIA RTX 6000 Ada Generation, 88 %, 39188 MiB, 49140 MiB, 283.82 W, 77
2026/08/28 08:28:45.321, 3, NVIDIA RTX 6000 Ada Generation, 89 %, 39110 MiB, 49140 MiB, 296.18 W, 79
2026/08/28 08:28:55.322, 0, NVIDIA RTX 6000 Ada Generation, 90 %, 39274 MiB, 49140 MiB, 299.16 W, 78
2026/08/28 08:28:55.322, 1, NVIDIA RTX 6000 Ada Generation, 90 %, 39074 MiB, 49140 MiB, 285.44 W, 83
2026/08/28 08:28:55.322, 2, NVIDIA RTX 6000 Ada Generation, 86 %, 39188 MiB, 49140 MiB, 280.79 W, 77
2026/08/28 08:28:55.322, 3, NVIDIA RTX 6000 Ada Generation, 88 %, 39110 MiB, 49140 MiB, 275.89 W, 78
2026/08/28 08:29:05.323, 0, NVIDIA RTX 6000 Ada Generation, 81 %, 39274 MiB, 49140 MiB, 292.84 W, 78
2026/08/28 08:29:05.323, 1, NVIDIA RTX 6000 Ada Generation, 90 %, 39074 MiB, 49140 MiB, 291.69 W, 83
2026/08/28 08:29:05.323, 2, NVIDIA RTX 6000 Ada Generation, 83 %, 39188 MiB, 49140 MiB, 280.76 W, 77
2026/08/28 08:29:05.324, 3, NVIDIA RTX 6000 Ada Generation, 86 %, 39110 MiB, 49140 MiB, 276.81 W, 78
2026/08/28 08:29:15.325, 0, NVIDIA RTX 6000 Ada Generation, 89 %, 39274 MiB, 49140 MiB, 299.04 W, 78
2026/08/28 08:29:15.325, 1, NVIDIA RTX 6000 Ada Generation, 81 %, 39074 MiB, 49140 MiB, 275.32 W, 82
2026/08/28 08:29:15.325, 2, NVIDIA RTX 6000 Ada Generation, 86 %, 39188 MiB, 49140 MiB, 280.56 W, 77
2026/08/28 08:29:15.325, 3, NVIDIA RTX 6000 Ada Generation, 87 %, 39110 MiB, 49140 MiB, 273.55 W, 78
2026/08/28 08:29:25.326, 0, NVIDIA RTX 6000 Ada Generation, 81 %, 39274 MiB, 49140 MiB, 277.50 W, 78
2026/08/28 08:29:25.326, 1, NVIDIA RTX 6000 Ada Generation, 91 %, 39074 MiB, 49140 MiB, 279.32 W, 81
2026/08/28 08:29:25.327, 2, NVIDIA RTX 6000 Ada Generation, 88 %, 39188 MiB, 49140 MiB, 298.48 W, 77
2026/08/28 08:29:25.327, 3, NVIDIA RTX 6000 Ada Generation, 91 %, 39110 MiB, 49140 MiB, 296.29 W, 79
2026/08/28 08:29:35.328, 0, NVIDIA RTX 6000 Ada Generation, 83 %, 39274 MiB, 49140 MiB, 281.85 W, 78
2026/08/28 08:29:35.328, 1, NVIDIA RTX 6000 Ada Generation, 84 %, 39074 MiB, 49140 MiB, 288.93 W, 82
2026/08/28 08:29:35.328, 2, NVIDIA RTX 6000 Ada Generation, 88 %, 39188 MiB, 49140 MiB, 298.37 W, 77
2026/08/28 08:29:35.328, 3, NVIDIA RTX 6000 Ada Generation, 88 %, 39110 MiB, 49140 MiB, 296.17 W, 79
2026/08/28 08:29:45.329, 0, NVIDIA RTX 6000 Ada Generation, 92 %, 39364 MiB, 49140 MiB, 287.90 W, 78
2026/08/28 08:29:45.330, 1, NVIDIA RTX 6000 Ada Generation, 89 %, 39074 MiB, 49140 MiB, 286.04 W, 82
2026/08/28 08:29:45.330, 2, NVIDIA RTX 6000 Ada Generation, 91 %, 39188 MiB, 49140 MiB, 298.48 W, 77
2026/08/28 08:29:45.330, 3, NVIDIA RTX 6000 Ada Generation, 88 %, 39110 MiB, 49140 MiB, 297.77 W, 79
2026/08/28 08:29:55.331, 0, NVIDIA RTX 6000 Ada Generation, 89 %, 39610 MiB, 49140 MiB, 298.56 W, 78
2026/08/28 08:29:55.331, 1, NVIDIA RTX 6000 Ada Generation, 82 %, 39074 MiB, 49140 MiB, 275.19 W, 82
2026/08/28 08:29:55.331, 2, NVIDIA RTX 6000 Ada Generation, 84 %, 39188 MiB, 49140 MiB, 284.93 W, 77
2026/08/28 08:29:55.331, 3, NVIDIA RTX 6000 Ada Generation, 82 %, 39110 MiB, 49140 MiB, 277.95 W, 79
2026/08/28 08:30:05.332, 0, NVIDIA RTX 6000 Ada Generation, 93 %, 39610 MiB, 49140 MiB, 298.80 W, 78
2026/08/28 08:30:05.333, 1, NVIDIA RTX 6000 Ada Generation, 91 %, 39074 MiB, 49140 MiB, 296.11 W, 83
2026/08/28 08:30:05.333, 2, NVIDIA RTX 6000 Ada Generation, 86 %, 39188 MiB, 49140 MiB, 281.97 W, 78
2026/08/28 08:30:05.333, 3, NVIDIA RTX 6000 Ada Generation, 88 %, 39110 MiB, 49140 MiB, 297.33 W, 80
2026/08/28 08:30:15.334, 0, NVIDIA RTX 6000 Ada Generation, 82 %, 39610 MiB, 49140 MiB, 282.15 W, 78
2026/08/28 08:30:15.334, 1, NVIDIA RTX 6000 Ada Generation, 88 %, 39074 MiB, 49140 MiB, 295.39 W, 82
2026/08/28 08:30:15.334, 2, NVIDIA RTX 6000 Ada Generation, 91 %, 39188 MiB, 49140 MiB, 298.41 W, 77
2026/08/28 08:30:15.334, 3, NVIDIA RTX 6000 Ada Generation, 86 %, 39110 MiB, 49140 MiB, 274.57 W, 79
2026/08/28 08:30:25.336, 0, NVIDIA RTX 6000 Ada Generation, 87 %, 39610 MiB, 49140 MiB, 290.44 W, 78
2026/08/28 08:30:25.336, 1, NVIDIA RTX 6000 Ada Generation, 90 %, 39074 MiB, 49140 MiB, 296.01 W, 82
2026/08/28 08:30:25.336, 2, NVIDIA RTX 6000 Ada Generation, 80 %, 39188 MiB, 49140 MiB, 283.34 W, 77
2026/08/28 08:30:25.336, 3, NVIDIA RTX 6000 Ada Generation, 86 %, 39110 MiB, 49140 MiB, 274.70 W, 80
2026/08/28 08:30:35.337, 0, NVIDIA RTX 6000 Ada Generation, 86 %, 39610 MiB, 49140 MiB, 283.74 W, 78
2026/08/28 08:30:35.337, 1, NVIDIA RTX 6000 Ada Generation, 85 %, 39074 MiB, 49140 MiB, 276.77 W, 81
2026/08/28 08:30:35.337, 2, NVIDIA RTX 6000 Ada Generation, 79 %, 39188 MiB, 49140 MiB, 282.66 W, 77
2026/08/28 08:30:35.338, 3, NVIDIA RTX 6000 Ada Generation, 93 %, 39110 MiB, 49140 MiB, 298.67 W, 80
2026/08/28 08:30:45.339, 0, NVIDIA RTX 6000 Ada Generation, 89 %, 39610 MiB, 49140 MiB, 298.38 W, 78
2026/08/28 08:30:45.339, 1, NVIDIA RTX 6000 Ada Generation, 92 %, 39074 MiB, 49140 MiB, 298.68 W, 82
2026/08/28 08:30:45.339, 2, NVIDIA RTX 6000 Ada Generation, 89 %, 39188 MiB, 49140 MiB, 298.55 W, 77
2026/08/28 08:30:45.339, 3, NVIDIA RTX 6000 Ada Generation, 88 %, 39128 MiB, 49140 MiB, 297.08 W, 80
2026/08/28 08:30:55.340, 0, NVIDIA RTX 6000 Ada Generation, 89 %, 39610 MiB, 49140 MiB, 298.98 W, 78
2026/08/28 08:30:55.341, 1, NVIDIA RTX 6000 Ada Generation, 81 %, 39174 MiB, 49140 MiB, 279.38 W, 82
2026/08/28 08:30:55.341, 2, NVIDIA RTX 6000 Ada Generation, 88 %, 39188 MiB, 49140 MiB, 298.14 W, 78
2026/08/28 08:30:55.341, 3, NVIDIA RTX 6000 Ada Generation, 85 %, 39128 MiB, 49140 MiB, 276.62 W, 80
2026/08/28 08:31:05.342, 0, NVIDIA RTX 6000 Ada Generation, 90 %, 39610 MiB, 49140 MiB, 290.05 W, 78
2026/08/28 08:31:05.342, 1, NVIDIA RTX 6000 Ada Generation, 88 %, 39174 MiB, 49140 MiB, 276.89 W, 82
2026/08/28 08:31:05.342, 2, NVIDIA RTX 6000 Ada Generation, 88 %, 39188 MiB, 49140 MiB, 298.48 W, 77
2026/08/28 08:31:05.342, 3, NVIDIA RTX 6000 Ada Generation, 88 %, 39128 MiB, 49140 MiB, 298.80 W, 80
2026/08/28 08:31:15.343, 0, NVIDIA RTX 6000 Ada Generation, 79 %, 39610 MiB, 49140 MiB, 278.68 W, 78
2026/08/28 08:31:15.344, 1, NVIDIA RTX 6000 Ada Generation, 86 %, 39174 MiB, 49140 MiB, 275.73 W, 82
2026/08/28 08:31:15.344, 2, NVIDIA RTX 6000 Ada Generation, 82 %, 39188 MiB, 49140 MiB, 284.83 W, 77
2026/08/28 08:31:15.344, 3, NVIDIA RTX 6000 Ada Generation, 83 %, 39128 MiB, 49140 MiB, 281.23 W, 80
2026/08/28 08:31:25.345, 0, NVIDIA RTX 6000 Ada Generation, 88 %, 39610 MiB, 49140 MiB, 298.29 W, 78
2026/08/28 08:31:25.345, 1, NVIDIA RTX 6000 Ada Generation, 86 %, 39174 MiB, 49140 MiB, 274.99 W, 82
2026/08/28 08:31:25.345, 2, NVIDIA RTX 6000 Ada Generation, 88 %, 39188 MiB, 49140 MiB, 282.73 W, 77
2026/08/28 08:31:25.345, 3, NVIDIA RTX 6000 Ada Generation, 88 %, 39128 MiB, 49140 MiB, 298.60 W, 81
2026/08/28 08:31:35.346, 0, NVIDIA RTX 6000 Ada Generation, 84 %, 39610 MiB, 49140 MiB, 280.41 W, 78
2026/08/28 08:31:35.346, 1, NVIDIA RTX 6000 Ada Generation, 87 %, 39174 MiB, 49140 MiB, 275.95 W, 83
2026/08/28 08:31:35.347, 2, NVIDIA RTX 6000 Ada Generation, 79 %, 39188 MiB, 49140 MiB, 278.78 W, 77
2026/08/28 08:31:35.347, 3, NVIDIA RTX 6000 Ada Generation, 80 %, 39128 MiB, 49140 MiB, 277.95 W, 80
2026/08/28 08:31:45.348, 0, NVIDIA RTX 6000 Ada Generation, 89 %, 39610 MiB, 49140 MiB, 298.68 W, 78
2026/08/28 08:31:45.348, 1, NVIDIA RTX 6000 Ada Generation, 80 %, 39174 MiB, 49140 MiB, 275.12 W, 83
2026/08/28 08:31:45.348, 2, NVIDIA RTX 6000 Ada Generation, 92 %, 39188 MiB, 49140 MiB, 298.60 W, 77
2026/08/28 08:31:45.348, 3, NVIDIA RTX 6000 Ada Generation, 89 %, 39128 MiB, 49140 MiB, 274.39 W, 80
2026/08/28 08:31:55.349, 0, NVIDIA RTX 6000 Ada Generation, 87 %, 39610 MiB, 49140 MiB, 279.84 W, 77
2026/08/28 08:31:55.350, 1, NVIDIA RTX 6000 Ada Generation, 81 %, 39174 MiB, 49140 MiB, 275.86 W, 83
2026/08/28 08:31:55.350, 2, NVIDIA RTX 6000 Ada Generation, 79 %, 39188 MiB, 49140 MiB, 282.32 W, 77
2026/08/28 08:31:55.350, 3, NVIDIA RTX 6000 Ada Generation, 95 %, 39128 MiB, 49140 MiB, 282.07 W, 80
2026/08/28 08:32:05.351, 0, NVIDIA RTX 6000 Ada Generation, 89 %, 39610 MiB, 49140 MiB, 298.49 W, 78
2026/08/28 08:32:05.351, 1, NVIDIA RTX 6000 Ada Generation, 82 %, 39174 MiB, 49140 MiB, 274.36 W, 83
2026/08/28 08:32:05.351, 2, NVIDIA RTX 6000 Ada Generation, 87 %, 39188 MiB, 49140 MiB, 282.59 W, 77
2026/08/28 08:32:05.351, 3, NVIDIA RTX 6000 Ada Generation, 79 %, 39128 MiB, 49140 MiB, 277.64 W, 80
2026/08/28 08:32:15.352, 0, NVIDIA RTX 6000 Ada Generation, 89 %, 39610 MiB, 49140 MiB, 298.81 W, 78
2026/08/28 08:32:15.352, 1, NVIDIA RTX 6000 Ada Generation, 80 %, 39174 MiB, 49140 MiB, 275.34 W, 83
2026/08/28 08:32:15.353, 2, NVIDIA RTX 6000 Ada Generation, 90 %, 39188 MiB, 49140 MiB, 298.86 W, 77
2026/08/28 08:32:15.353, 3, NVIDIA RTX 6000 Ada Generation, 88 %, 39128 MiB, 49140 MiB, 298.63 W, 81
2026/08/28 08:32:25.354, 0, NVIDIA RTX 6000 Ada Generation, 90 %, 39610 MiB, 49140 MiB, 298.63 W, 78
2026/08/28 08:32:25.354, 1, NVIDIA RTX 6000 Ada Generation, 82 %, 39174 MiB, 49140 MiB, 274.39 W, 83
2026/08/28 08:32:25.354, 2, NVIDIA RTX 6000 Ada Generation, 88 %, 39188 MiB, 49140 MiB, 298.56 W, 77
2026/08/28 08:32:25.354, 3, NVIDIA RTX 6000 Ada Generation, 81 %, 39128 MiB, 49140 MiB, 277.15 W, 80
2026/08/28 08:32:35.355, 0, NVIDIA RTX 6000 Ada Generation, 79 %, 39610 MiB, 49140 MiB, 278.77 W, 77
2026/08/28 08:32:35.355, 1, NVIDIA RTX 6000 Ada Generation, 91 %, 39174 MiB, 49140 MiB, 298.60 W, 84
2026/08/28 08:32:35.355, 2, NVIDIA RTX 6000 Ada Generation, 79 %, 39188 MiB, 49140 MiB, 284.05 W, 77
2026/08/28 08:32:35.355, 3, NVIDIA RTX 6000 Ada Generation, 91 %, 39128 MiB, 49140 MiB, 298.39 W, 81
2026/08/28 08:32:45.357, 0, NVIDIA RTX 6000 Ada Generation, 92 %, 39610 MiB, 49140 MiB, 298.44 W, 78
2026/08/28 08:32:45.357, 1, NVIDIA RTX 6000 Ada Generation, 86 %, 39174 MiB, 49140 MiB, 278.78 W, 84
2026/08/28 08:32:45.357, 2, NVIDIA RTX 6000 Ada Generation, 89 %, 39188 MiB, 49140 MiB, 298.38 W, 77
2026/08/28 08:32:45.357, 3, NVIDIA RTX 6000 Ada Generation, 90 %, 39128 MiB, 49140 MiB, 296.48 W, 80
2026/08/28 08:32:55.358, 0, NVIDIA RTX 6000 Ada Generation, 91 %, 39610 MiB, 49140 MiB, 298.70 W, 78
2026/08/28 08:32:55.358, 1, NVIDIA RTX 6000 Ada Generation, 90 %, 39174 MiB, 49140 MiB, 298.59 W, 84
2026/08/28 08:32:55.358, 2, NVIDIA RTX 6000 Ada Generation, 88 %, 39188 MiB, 49140 MiB, 298.50 W, 77
2026/08/28 08:32:55.358, 3, NVIDIA RTX 6000 Ada Generation, 82 %, 39128 MiB, 49140 MiB, 275.61 W, 80
2026/08/28 08:33:05.360, 0, NVIDIA RTX 6000 Ada Generation, 87 %, 39610 MiB, 49140 MiB, 279.83 W, 77
2026/08/28 08:33:05.360, 1, NVIDIA RTX 6000 Ada Generation, 89 %, 39174 MiB, 49140 MiB, 298.44 W, 84
2026/08/28 08:33:05.360, 2, NVIDIA RTX 6000 Ada Generation, 80 %, 39188 MiB, 49140 MiB, 283.76 W, 76
2026/08/28 08:33:05.360, 3, NVIDIA RTX 6000 Ada Generation, 92 %, 39128 MiB, 49140 MiB, 297.60 W, 80
2026/08/28 08:33:15.361, 0, NVIDIA RTX 6000 Ada Generation, 91 %, 39610 MiB, 49140 MiB, 298.63 W, 78
2026/08/28 08:33:15.361, 1, NVIDIA RTX 6000 Ada Generation, 90 %, 39174 MiB, 49140 MiB, 298.35 W, 85
2026/08/28 08:33:15.361, 2, NVIDIA RTX 6000 Ada Generation, 84 %, 39188 MiB, 49140 MiB, 286.47 W, 76
2026/08/28 08:33:15.361, 3, NVIDIA RTX 6000 Ada Generation, 88 %, 39128 MiB, 49140 MiB, 297.74 W, 80
2026/08/28 08:33:25.363, 0, NVIDIA RTX 6000 Ada Generation, 84 %, 39610 MiB, 49140 MiB, 280.90 W, 78
2026/08/28 08:33:25.363, 1, NVIDIA RTX 6000 Ada Generation, 80 %, 39174 MiB, 49140 MiB, 284.80 W, 84
2026/08/28 08:33:25.363, 2, NVIDIA RTX 6000 Ada Generation, 90 %, 39188 MiB, 49140 MiB, 298.74 W, 77
2026/08/28 08:33:25.363, 3, NVIDIA RTX 6000 Ada Generation, 90 %, 39128 MiB, 49140 MiB, 298.69 W, 80
2026/08/28 08:33:35.364, 0, NVIDIA RTX 6000 Ada Generation, 84 %, 39610 MiB, 49140 MiB, 280.17 W, 77
2026/08/28 08:33:35.364, 1, NVIDIA RTX 6000 Ada Generation, 82 %, 39174 MiB, 49140 MiB, 278.58 W, 84
2026/08/28 08:33:35.364, 2, NVIDIA RTX 6000 Ada Generation, 88 %, 39188 MiB, 49140 MiB, 281.71 W, 77
2026/08/28 08:33:35.364, 3, NVIDIA RTX 6000 Ada Generation, 89 %, 39128 MiB, 49140 MiB, 298.85 W, 80
2026/08/28 08:33:45.366, 0, NVIDIA RTX 6000 Ada Generation, 87 %, 39610 MiB, 49140 MiB, 298.61 W, 78
2026/08/28 08:33:45.366, 1, NVIDIA RTX 6000 Ada Generation, 81 %, 39174 MiB, 49140 MiB, 277.77 W, 84
2026/08/28 08:33:45.366, 2, NVIDIA RTX 6000 Ada Generation, 89 %, 39188 MiB, 49140 MiB, 296.67 W, 77
2026/08/28 08:33:45.366, 3, NVIDIA RTX 6000 Ada Generation, 89 %, 39128 MiB, 49140 MiB, 289.51 W, 79
2026/08/28 08:33:55.367, 0, NVIDIA RTX 6000 Ada Generation, 89 %, 39610 MiB, 49140 MiB, 299.11 W, 78
2026/08/28 08:33:55.367, 1, NVIDIA RTX 6000 Ada Generation, 88 %, 39174 MiB, 49140 MiB, 276.63 W, 84
2026/08/28 08:33:55.367, 2, NVIDIA RTX 6000 Ada Generation, 91 %, 39188 MiB, 49140 MiB, 298.56 W, 77
2026/08/28 08:33:55.367, 3, NVIDIA RTX 6000 Ada Generation, 90 %, 39128 MiB, 49140 MiB, 298.19 W, 80
2026/08/28 08:34:05.369, 0, NVIDIA RTX 6000 Ada Generation, 89 %, 39610 MiB, 49140 MiB, 298.62 W, 78
2026/08/28 08:34:05.369, 1, NVIDIA RTX 6000 Ada Generation, 87 %, 39174 MiB, 49140 MiB, 277.92 W, 83
2026/08/28 08:34:05.369, 2, NVIDIA RTX 6000 Ada Generation, 80 %, 39188 MiB, 49140 MiB, 287.73 W, 77
2026/08/28 08:34:05.369, 3, NVIDIA RTX 6000 Ada Generation, 85 %, 39128 MiB, 49140 MiB, 278.39 W, 79
2026/08/28 08:34:15.370, 0, NVIDIA RTX 6000 Ada Generation, 83 %, 39610 MiB, 49140 MiB, 280.82 W, 77
2026/08/28 08:34:15.370, 1, NVIDIA RTX 6000 Ada Generation, 92 %, 39174 MiB, 49140 MiB, 282.91 W, 84
2026/08/28 08:34:15.370, 2, NVIDIA RTX 6000 Ada Generation, 84 %, 39194 MiB, 49140 MiB, 285.93 W, 77
2026/08/28 08:34:15.371, 3, NVIDIA RTX 6000 Ada Generation, 89 %, 39128 MiB, 49140 MiB, 297.73 W, 80
2026/08/28 08:34:25.372, 0, NVIDIA RTX 6000 Ada Generation, 92 %, 39610 MiB, 49140 MiB, 298.94 W, 78
2026/08/28 08:34:25.372, 1, NVIDIA RTX 6000 Ada Generation, 90 %, 39174 MiB, 49140 MiB, 298.31 W, 84
2026/08/28 08:34:25.372, 2, NVIDIA RTX 6000 Ada Generation, 88 %, 39194 MiB, 49140 MiB, 298.07 W, 77
2026/08/28 08:34:25.372, 3, NVIDIA RTX 6000 Ada Generation, 90 %, 39128 MiB, 49140 MiB, 298.81 W, 80
2026/08/28 08:34:35.373, 0, NVIDIA RTX 6000 Ada Generation, 84 %, 39610 MiB, 49140 MiB, 277.84 W, 77
2026/08/28 08:34:35.373, 1, NVIDIA RTX 6000 Ada Generation, 81 %, 39174 MiB, 49140 MiB, 274.57 W, 83
2026/08/28 08:34:35.373, 2, NVIDIA RTX 6000 Ada Generation, 80 %, 39194 MiB, 49140 MiB, 283.03 W, 77
2026/08/28 08:34:35.374, 3, NVIDIA RTX 6000 Ada Generation, 81 %, 39128 MiB, 49140 MiB, 278.89 W, 79
2026/08/28 08:34:45.375, 0, NVIDIA RTX 6000 Ada Generation, 82 %, 39610 MiB, 49140 MiB, 279.33 W, 77
2026/08/28 08:34:45.375, 1, NVIDIA RTX 6000 Ada Generation, 92 %, 39174 MiB, 49140 MiB, 298.82 W, 83
2026/08/28 08:34:45.375, 2, NVIDIA RTX 6000 Ada Generation, 89 %, 39194 MiB, 49140 MiB, 299.04 W, 77
2026/08/28 08:34:45.375, 3, NVIDIA RTX 6000 Ada Generation, 85 %, 39128 MiB, 49140 MiB, 272.82 W, 80
2026/08/28 08:34:55.376, 0, NVIDIA RTX 6000 Ada Generation, 82 %, 39610 MiB, 49140 MiB, 278.85 W, 77
2026/08/28 08:34:55.376, 1, NVIDIA RTX 6000 Ada Generation, 82 %, 39174 MiB, 49140 MiB, 276.44 W, 83
2026/08/28 08:34:55.376, 2, NVIDIA RTX 6000 Ada Generation, 90 %, 39194 MiB, 49140 MiB, 298.66 W, 77
2026/08/28 08:34:55.377, 3, NVIDIA RTX 6000 Ada Generation, 89 %, 39128 MiB, 49140 MiB, 298.07 W, 80
2026/08/28 08:35:05.378, 0, NVIDIA RTX 6000 Ada Generation, 87 %, 39610 MiB, 49140 MiB, 278.29 W, 77
2026/08/28 08:35:05.378, 1, NVIDIA RTX 6000 Ada Generation, 89 %, 39174 MiB, 49140 MiB, 298.30 W, 83
2026/08/28 08:35:05.378, 2, NVIDIA RTX 6000 Ada Generation, 87 %, 39194 MiB, 49140 MiB, 281.62 W, 77
2026/08/28 08:35:05.378, 3, NVIDIA RTX 6000 Ada Generation, 89 %, 39128 MiB, 49140 MiB, 299.00 W, 80
2026/08/28 08:35:15.379, 0, NVIDIA RTX 6000 Ada Generation, 80 %, 39610 MiB, 49140 MiB, 279.44 W, 77
2026/08/28 08:35:15.379, 1, NVIDIA RTX 6000 Ada Generation, 91 %, 39174 MiB, 49140 MiB, 298.92 W, 84
2026/08/28 08:35:15.379, 2, NVIDIA RTX 6000 Ada Generation, 89 %, 39194 MiB, 49140 MiB, 298.35 W, 77
2026/08/28 08:35:15.380, 3, NVIDIA RTX 6000 Ada Generation, 89 %, 39128 MiB, 49140 MiB, 298.05 W, 80
2026/08/28 08:35:25.381, 0, NVIDIA RTX 6000 Ada Generation, 91 %, 39610 MiB, 49140 MiB, 298.85 W, 78
2026/08/28 08:35:25.381, 1, NVIDIA RTX 6000 Ada Generation, 90 %, 39174 MiB, 49140 MiB, 298.89 W, 84
2026/08/28 08:35:25.381, 2, NVIDIA RTX 6000 Ada Generation, 85 %, 39194 MiB, 49140 MiB, 282.57 W, 77
2026/08/28 08:35:25.381, 3, NVIDIA RTX 6000 Ada Generation, 82 %, 39128 MiB, 49140 MiB, 278.33 W, 79
2026/08/28 08:35:35.382, 0, NVIDIA RTX 6000 Ada Generation, 81 %, 39610 MiB, 49140 MiB, 278.64 W, 77
2026/08/28 08:35:35.382, 1, NVIDIA RTX 6000 Ada Generation, 83 %, 39174 MiB, 49140 MiB, 277.58 W, 83
2026/08/28 08:35:35.382, 2, NVIDIA RTX 6000 Ada Generation, 88 %, 39194 MiB, 49140 MiB, 296.93 W, 77
2026/08/28 08:35:35.383, 3, NVIDIA RTX 6000 Ada Generation, 84 %, 39128 MiB, 49140 MiB, 286.05 W, 80
2026/08/28 08:35:45.384, 0, NVIDIA RTX 6000 Ada Generation, 84 %, 39610 MiB, 49140 MiB, 283.18 W, 77
2026/08/28 08:35:45.384, 1, NVIDIA RTX 6000 Ada Generation, 84 %, 39174 MiB, 49140 MiB, 277.25 W, 82
2026/08/28 08:35:45.384, 2, NVIDIA RTX 6000 Ada Generation, 89 %, 39194 MiB, 49140 MiB, 298.58 W, 77
2026/08/28 08:35:45.384, 3, NVIDIA RTX 6000 Ada Generation, 86 %, 39128 MiB, 49140 MiB, 272.60 W, 80
2026/08/28 08:35:55.385, 0, NVIDIA RTX 6000 Ada Generation, 92 %, 39610 MiB, 49140 MiB, 298.84 W, 78
2026/08/28 08:35:55.385, 1, NVIDIA RTX 6000 Ada Generation, 80 %, 39174 MiB, 49140 MiB, 277.90 W, 82
2026/08/28 08:35:55.385, 2, NVIDIA RTX 6000 Ada Generation, 78 %, 39194 MiB, 49140 MiB, 284.28 W, 76
2026/08/28 08:35:55.385, 3, NVIDIA RTX 6000 Ada Generation, 90 %, 39128 MiB, 49140 MiB, 297.53 W, 80
2026/08/28 08:36:05.386, 0, NVIDIA RTX 6000 Ada Generation, 78 %, 39610 MiB, 49140 MiB, 277.32 W, 77
2026/08/28 08:36:05.387, 1, NVIDIA RTX 6000 Ada Generation, 88 %, 39174 MiB, 49140 MiB, 298.19 W, 83
2026/08/28 08:36:05.387, 2, NVIDIA RTX 6000 Ada Generation, 81 %, 39194 MiB, 49140 MiB, 289.34 W, 77
2026/08/28 08:36:05.387, 3, NVIDIA RTX 6000 Ada Generation, 88 %, 39128 MiB, 49140 MiB, 297.97 W, 80
2026/08/28 08:36:15.388, 0, NVIDIA RTX 6000 Ada Generation, 80 %, 39610 MiB, 49140 MiB, 278.83 W, 77
2026/08/28 08:36:15.388, 1, NVIDIA RTX 6000 Ada Generation, 88 %, 39174 MiB, 49140 MiB, 278.84 W, 82
2026/08/28 08:36:15.388, 2, NVIDIA RTX 6000 Ada Generation, 91 %, 39194 MiB, 49140 MiB, 298.57 W, 77
2026/08/28 08:36:15.388, 3, NVIDIA RTX 6000 Ada Generation, 93 %, 39148 MiB, 49140 MiB, 298.29 W, 80
2026/08/28 08:36:25.389, 0, NVIDIA RTX 6000 Ada Generation, 89 %, 39610 MiB, 49140 MiB, 298.77 W, 78
2026/08/28 08:36:25.389, 1, NVIDIA RTX 6000 Ada Generation, 85 %, 39174 MiB, 49140 MiB, 278.71 W, 82
2026/08/28 08:36:25.389, 2, NVIDIA RTX 6000 Ada Generation, 85 %, 39194 MiB, 49140 MiB, 283.21 W, 77
2026/08/28 08:36:25.390, 3, NVIDIA RTX 6000 Ada Generation, 88 %, 39148 MiB, 49140 MiB, 298.33 W, 80
2026/08/28 08:36:35.391, 0, NVIDIA RTX 6000 Ada Generation, 81 %, 39610 MiB, 49140 MiB, 278.80 W, 77
2026/08/28 08:36:35.391, 1, NVIDIA RTX 6000 Ada Generation, 89 %, 39174 MiB, 49140 MiB, 293.08 W, 83
2026/08/28 08:36:35.391, 2, NVIDIA RTX 6000 Ada Generation, 85 %, 39194 MiB, 49140 MiB, 281.32 W, 77
2026/08/28 08:36:35.391, 3, NVIDIA RTX 6000 Ada Generation, 88 %, 39148 MiB, 49140 MiB, 279.61 W, 80
2026/08/28 08:36:45.392, 0, NVIDIA RTX 6000 Ada Generation, 89 %, 39610 MiB, 49140 MiB, 298.69 W, 77
2026/08/28 08:36:45.392, 1, NVIDIA RTX 6000 Ada Generation, 89 %, 39174 MiB, 49140 MiB, 298.57 W, 83
2026/08/28 08:36:45.393, 2, NVIDIA RTX 6000 Ada Generation, 88 %, 39194 MiB, 49140 MiB, 298.32 W, 77
2026/08/28 08:36:45.393, 3, NVIDIA RTX 6000 Ada Generation, 88 %, 39168 MiB, 49140 MiB, 297.77 W, 80
2026/08/28 08:36:55.394, 0, NVIDIA RTX 6000 Ada Generation, 85 %, 39610 MiB, 49140 MiB, 276.11 W, 77
2026/08/28 08:36:55.394, 1, NVIDIA RTX 6000 Ada Generation, 92 %, 39174 MiB, 49140 MiB, 298.07 W, 83
2026/08/28 08:36:55.394, 2, NVIDIA RTX 6000 Ada Generation, 80 %, 39194 MiB, 49140 MiB, 283.48 W, 76
2026/08/28 08:36:55.394, 3, NVIDIA RTX 6000 Ada Generation, 82 %, 39168 MiB, 49140 MiB, 278.77 W, 80
2026/08/28 08:37:05.395, 0, NVIDIA RTX 6000 Ada Generation, 89 %, 39610 MiB, 49140 MiB, 298.59 W, 77
2026/08/28 08:37:05.395, 1, NVIDIA RTX 6000 Ada Generation, 80 %, 39174 MiB, 49140 MiB, 275.59 W, 83
2026/08/28 08:37:05.395, 2, NVIDIA RTX 6000 Ada Generation, 83 %, 39194 MiB, 49140 MiB, 285.27 W, 77
2026/08/28 08:37:05.396, 3, NVIDIA RTX 6000 Ada Generation, 83 %, 39168 MiB, 49140 MiB, 276.13 W, 80
2026/08/28 08:37:15.397, 0, NVIDIA RTX 6000 Ada Generation, 91 %, 39610 MiB, 49140 MiB, 298.83 W, 78
2026/08/28 08:37:15.397, 1, NVIDIA RTX 6000 Ada Generation, 88 %, 39174 MiB, 49140 MiB, 298.43 W, 83
2026/08/28 08:37:15.397, 2, NVIDIA RTX 6000 Ada Generation, 89 %, 39194 MiB, 49140 MiB, 298.78 W, 77
2026/08/28 08:37:15.397, 3, NVIDIA RTX 6000 Ada Generation, 88 %, 39168 MiB, 49140 MiB, 299.04 W, 83
2026/08/28 08:37:25.398, 0, NVIDIA RTX 6000 Ada Generation, 83 %, 39610 MiB, 49140 MiB, 279.59 W, 77
2026/08/28 08:37:25.398, 1, NVIDIA RTX 6000 Ada Generation, 82 %, 39174 MiB, 49140 MiB, 275.71 W, 83
2026/08/28 08:37:25.398, 2, NVIDIA RTX 6000 Ada Generation, 80 %, 39194 MiB, 49140 MiB, 278.17 W, 76
2026/08/28 08:37:25.399, 3, NVIDIA RTX 6000 Ada Generation, 88 %, 39168 MiB, 49140 MiB, 289.96 W, 80
2026/08/28 08:37:35.400, 0, NVIDIA RTX 6000 Ada Generation, 92 %, 39610 MiB, 49140 MiB, 299.14 W, 77
2026/08/28 08:37:35.400, 1, NVIDIA RTX 6000 Ada Generation, 80 %, 39174 MiB, 49140 MiB, 275.25 W, 83
2026/08/28 08:37:35.400, 2, NVIDIA RTX 6000 Ada Generation, 89 %, 39194 MiB, 49140 MiB, 298.55 W, 77
2026/08/28 08:37:35.400, 3, NVIDIA RTX 6000 Ada Generation, 88 %, 39168 MiB, 49140 MiB, 297.89 W, 80
2026/08/28 08:37:45.401, 0, NVIDIA RTX 6000 Ada Generation, 79 %, 39610 MiB, 49140 MiB, 278.12 W, 77
2026/08/28 08:37:45.401, 1, NVIDIA RTX 6000 Ada Generation, 89 %, 39174 MiB, 49140 MiB, 298.46 W, 84
2026/08/28 08:37:45.401, 2, NVIDIA RTX 6000 Ada Generation, 82 %, 39194 MiB, 49140 MiB, 281.98 W, 77
2026/08/28 08:37:45.401, 3, NVIDIA RTX 6000 Ada Generation, 88 %, 39168 MiB, 49140 MiB, 277.74 W, 80
2026/08/28 08:37:55.402, 0, NVIDIA RTX 6000 Ada Generation, 84 %, 39610 MiB, 49140 MiB, 281.16 W, 77
2026/08/28 08:37:55.403, 1, NVIDIA RTX 6000 Ada Generation, 88 %, 39174 MiB, 49140 MiB, 279.35 W, 83
2026/08/28 08:37:55.403, 2, NVIDIA RTX 6000 Ada Generation, 91 %, 39194 MiB, 49140 MiB, 298.38 W, 77
2026/08/28 08:37:55.403, 3, NVIDIA RTX 6000 Ada Generation, 91 %, 39168 MiB, 49140 MiB, 290.40 W, 80
2026/08/28 08:38:05.404, 0, NVIDIA RTX 6000 Ada Generation, 82 %, 39610 MiB, 49140 MiB, 280.06 W, 77
2026/08/28 08:38:05.404, 1, NVIDIA RTX 6000 Ada Generation, 89 %, 39270 MiB, 49140 MiB, 298.67 W, 84
2026/08/28 08:38:05.404, 2, NVIDIA RTX 6000 Ada Generation, 84 %, 39194 MiB, 49140 MiB, 282.07 W, 77
2026/08/28 08:38:05.404, 3, NVIDIA RTX 6000 Ada Generation, 88 %, 39168 MiB, 49140 MiB, 298.64 W, 80
2026/08/28 08:38:15.406, 0, NVIDIA RTX 6000 Ada Generation, 86 %, 39610 MiB, 49140 MiB, 282.90 W, 77
2026/08/28 08:38:15.406, 1, NVIDIA RTX 6000 Ada Generation, 90 %, 39270 MiB, 49140 MiB, 298.66 W, 84
2026/08/28 08:38:15.406, 2, NVIDIA RTX 6000 Ada Generation, 82 %, 39194 MiB, 49140 MiB, 285.55 W, 76
2026/08/28 08:38:15.406, 3, NVIDIA RTX 6000 Ada Generation, 86 %, 39168 MiB, 49140 MiB, 276.92 W, 80
2026/08/28 08:38:25.407, 0, NVIDIA RTX 6000 Ada Generation, 85 %, 39610 MiB, 49140 MiB, 283.63 W, 77
2026/08/28 08:38:25.407, 1, NVIDIA RTX 6000 Ada Generation, 80 %, 39270 MiB, 49140 MiB, 267.38 W, 83
2026/08/28 08:38:25.407, 2, NVIDIA RTX 6000 Ada Generation, 87 %, 39194 MiB, 49140 MiB, 286.33 W, 75
2026/08/28 08:38:25.407, 3, NVIDIA RTX 6000 Ada Generation, 86 %, 39168 MiB, 49140 MiB, 275.80 W, 80
2026/08/28 08:38:35.409, 0, NVIDIA RTX 6000 Ada Generation, 89 %, 39610 MiB, 49140 MiB, 298.83 W, 77
2026/08/28 08:38:35.409, 1, NVIDIA RTX 6000 Ada Generation, 88 %, 39270 MiB, 49140 MiB, 285.46 W, 84
2026/08/28 08:38:35.409, 2, NVIDIA RTX 6000 Ada Generation, 80 %, 39194 MiB, 49140 MiB, 284.00 W, 76
2026/08/28 08:38:35.409, 3, NVIDIA RTX 6000 Ada Generation, 90 %, 39168 MiB, 49140 MiB, 298.66 W, 80
2026/08/28 08:38:45.410, 0, NVIDIA RTX 6000 Ada Generation, 88 %, 39610 MiB, 49140 MiB, 298.27 W, 77
2026/08/28 08:38:45.410, 1, NVIDIA RTX 6000 Ada Generation, 81 %, 39270 MiB, 49140 MiB, 277.06 W, 83
2026/08/28 08:38:45.410, 2, NVIDIA RTX 6000 Ada Generation, 86 %, 39194 MiB, 49140 MiB, 282.89 W, 77
2026/08/28 08:38:45.410, 3, NVIDIA RTX 6000 Ada Generation, 84 %, 39168 MiB, 49140 MiB, 280.21 W, 80
2026/08/28 08:38:55.412, 0, NVIDIA RTX 6000 Ada Generation, 90 %, 39610 MiB, 49140 MiB, 298.94 W, 78
2026/08/28 08:38:55.412, 1, NVIDIA RTX 6000 Ada Generation, 90 %, 39270 MiB, 49140 MiB, 298.82 W, 84
2026/08/28 08:38:55.412, 2, NVIDIA RTX 6000 Ada Generation, 88 %, 39194 MiB, 49140 MiB, 298.66 W, 77
2026/08/28 08:38:55.412, 3, NVIDIA RTX 6000 Ada Generation, 91 %, 39228 MiB, 49140 MiB, 298.77 W, 80
2026/08/28 08:39:05.413, 0, NVIDIA RTX 6000 Ada Generation, 93 %, 39610 MiB, 49140 MiB, 299.70 W, 78
2026/08/28 08:39:05.413, 1, NVIDIA RTX 6000 Ada Generation, 89 %, 39270 MiB, 49140 MiB, 298.73 W, 84
2026/08/28 08:39:05.413, 2, NVIDIA RTX 6000 Ada Generation, 89 %, 39194 MiB, 49140 MiB, 293.84 W, 77
2026/08/28 08:39:05.414, 3, NVIDIA RTX 6000 Ada Generation, 89 %, 39228 MiB, 49140 MiB, 297.38 W, 80
2026/08/28 08:39:15.415, 0, NVIDIA RTX 6000 Ada Generation, 94 %, 39610 MiB, 49140 MiB, 299.19 W, 78
2026/08/28 08:39:15.415, 1, NVIDIA RTX 6000 Ada Generation, 88 %, 39270 MiB, 49140 MiB, 298.51 W, 84
2026/08/28 08:39:15.415, 2, NVIDIA RTX 6000 Ada Generation, 83 %, 39194 MiB, 49140 MiB, 273.23 W, 77
2026/08/28 08:39:15.415, 3, NVIDIA RTX 6000 Ada Generation, 88 %, 39228 MiB, 49140 MiB, 298.74 W, 83
2026/08/28 08:39:25.416, 0, NVIDIA RTX 6000 Ada Generation, 87 %, 39610 MiB, 49140 MiB, 281.62 W, 77
2026/08/28 08:39:25.416, 1, NVIDIA RTX 6000 Ada Generation, 91 %, 39270 MiB, 49140 MiB, 298.54 W, 84
2026/08/28 08:39:25.416, 2, NVIDIA RTX 6000 Ada Generation, 90 %, 39194 MiB, 49140 MiB, 298.06 W, 77
2026/08/28 08:39:25.416, 3, NVIDIA RTX 6000 Ada Generation, 86 %, 39228 MiB, 49140 MiB, 279.74 W, 80
2026/08/28 08:39:35.417, 0, NVIDIA RTX 6000 Ada Generation, 79 %, 39610 MiB, 49140 MiB, 278.61 W, 78
2026/08/28 08:39:35.418, 1, NVIDIA RTX 6000 Ada Generation, 82 %, 39270 MiB, 49140 MiB, 277.21 W, 83
2026/08/28 08:39:35.418, 2, NVIDIA RTX 6000 Ada Generation, 92 %, 39194 MiB, 49140 MiB, 298.76 W, 77
2026/08/28 08:39:35.418, 3, NVIDIA RTX 6000 Ada Generation, 88 %, 39228 MiB, 49140 MiB, 298.82 W, 81
2026/08/28 08:39:45.419, 0, NVIDIA RTX 6000 Ada Generation, 90 %, 39610 MiB, 49140 MiB, 298.64 W, 78
2026/08/28 08:39:45.419, 1, NVIDIA RTX 6000 Ada Generation, 81 %, 39270 MiB, 49140 MiB, 279.51 W, 83
2026/08/28 08:39:45.419, 2, NVIDIA RTX 6000 Ada Generation, 87 %, 39194 MiB, 49140 MiB, 284.48 W, 77
2026/08/28 08:39:45.419, 3, NVIDIA RTX 6000 Ada Generation, 87 %, 39228 MiB, 49140 MiB, 291.53 W, 80
2026/08/28 08:39:55.420, 0, NVIDIA RTX 6000 Ada Generation, 86 %, 39610 MiB, 49140 MiB, 279.08 W, 77
2026/08/28 08:39:55.421, 1, NVIDIA RTX 6000 Ada Generation, 79 %, 39270 MiB, 49140 MiB, 284.45 W, 83
2026/08/28 08:39:55.421, 2, NVIDIA RTX 6000 Ada Generation, 84 %, 39194 MiB, 49140 MiB, 286.20 W, 77
2026/08/28 08:39:55.421, 3, NVIDIA RTX 6000 Ada Generation, 80 %, 39228 MiB, 49140 MiB, 284.82 W, 80
2026/08/28 08:40:05.422, 0, NVIDIA RTX 6000 Ada Generation, 90 %, 39610 MiB, 49140 MiB, 298.99 W, 78
2026/08/28 08:40:05.422, 1, NVIDIA RTX 6000 Ada Generation, 91 %, 39270 MiB, 49140 MiB, 298.77 W, 84
2026/08/28 08:40:05.422, 2, NVIDIA RTX 6000 Ada Generation, 84 %, 39194 MiB, 49140 MiB, 281.75 W, 77
2026/08/28 08:40:05.422, 3, NVIDIA RTX 6000 Ada Generation, 90 %, 39228 MiB, 49140 MiB, 293.99 W, 79
2026/08/28 08:40:15.423, 0, NVIDIA RTX 6000 Ada Generation, 91 %, 39610 MiB, 49140 MiB, 298.55 W, 78
2026/08/28 08:40:15.423, 1, NVIDIA RTX 6000 Ada Generation, 84 %, 39270 MiB, 49140 MiB, 277.23 W, 83
2026/08/28 08:40:15.423, 2, NVIDIA RTX 6000 Ada Generation, 83 %, 39194 MiB, 49140 MiB, 282.90 W, 76
2026/08/28 08:40:15.424, 3, NVIDIA RTX 6000 Ada Generation, 85 %, 39228 MiB, 49140 MiB, 277.39 W, 80
2026/08/28 08:40:25.425, 0, NVIDIA RTX 6000 Ada Generation, 91 %, 39610 MiB, 49140 MiB, 287.43 W, 77
2026/08/28 08:40:25.425, 1, NVIDIA RTX 6000 Ada Generation, 84 %, 39270 MiB, 49140 MiB, 280.02 W, 83
2026/08/28 08:40:25.425, 2, NVIDIA RTX 6000 Ada Generation, 88 %, 39194 MiB, 49140 MiB, 282.39 W, 77
2026/08/28 08:40:25.425, 3, NVIDIA RTX 6000 Ada Generation, 87 %, 39228 MiB, 49140 MiB, 275.68 W, 80
2026/08/28 08:40:35.426, 0, NVIDIA RTX 6000 Ada Generation, 78 %, 39610 MiB, 49140 MiB, 281.65 W, 77
2026/08/28 08:40:35.426, 1, NVIDIA RTX 6000 Ada Generation, 78 %, 39270 MiB, 49140 MiB, 274.36 W, 83
2026/08/28 08:40:35.427, 2, NVIDIA RTX 6000 Ada Generation, 89 %, 39194 MiB, 49140 MiB, 293.77 W, 77
2026/08/28 08:40:35.427, 3, NVIDIA RTX 6000 Ada Generation, 90 %, 39228 MiB, 49140 MiB, 297.96 W, 80
2026/08/28 08:40:45.428, 0, NVIDIA RTX 6000 Ada Generation, 94 %, 39610 MiB, 49140 MiB, 301.60 W, 80
2026/08/28 08:40:45.428, 1, NVIDIA RTX 6000 Ada Generation, 90 %, 39270 MiB, 49140 MiB, 298.31 W, 83
2026/08/28 08:40:45.428, 2, NVIDIA RTX 6000 Ada Generation, 88 %, 39194 MiB, 49140 MiB, 283.34 W, 77
2026/08/28 08:40:45.428, 3, NVIDIA RTX 6000 Ada Generation, 79 %, 39228 MiB, 49140 MiB, 278.96 W, 79
2026/08/28 08:40:55.429, 0, NVIDIA RTX 6000 Ada Generation, 86 %, 39610 MiB, 49140 MiB, 279.68 W, 77
2026/08/28 08:40:55.429, 1, NVIDIA RTX 6000 Ada Generation, 91 %, 39270 MiB, 49140 MiB, 298.62 W, 84
2026/08/28 08:40:55.430, 2, NVIDIA RTX 6000 Ada Generation, 89 %, 39194 MiB, 49140 MiB, 298.08 W, 77
2026/08/28 08:40:55.430, 3, NVIDIA RTX 6000 Ada Generation, 89 %, 39228 MiB, 49140 MiB, 289.87 W, 78
2026/08/28 08:41:05.431, 0, NVIDIA RTX 6000 Ada Generation, 82 %, 39610 MiB, 49140 MiB, 269.11 W, 77
2026/08/28 08:41:05.431, 1, NVIDIA RTX 6000 Ada Generation, 83 %, 39270 MiB, 49140 MiB, 277.13 W, 83
2026/08/28 08:41:05.431, 2, NVIDIA RTX 6000 Ada Generation, 86 %, 39194 MiB, 49140 MiB, 284.98 W, 77
2026/08/28 08:41:05.431, 3, NVIDIA RTX 6000 Ada Generation, 89 %, 39228 MiB, 49140 MiB, 298.73 W, 80
2026/08/28 08:41:15.432, 0, NVIDIA RTX 6000 Ada Generation, 89 %, 39610 MiB, 49140 MiB, 299.20 W, 78
2026/08/28 08:41:15.432, 1, NVIDIA RTX 6000 Ada Generation, 91 %, 39270 MiB, 49140 MiB, 298.86 W, 83
2026/08/28 08:41:15.433, 2, NVIDIA RTX 6000 Ada Generation, 81 %, 39194 MiB, 49140 MiB, 281.09 W, 77
2026/08/28 08:41:15.433, 3, NVIDIA RTX 6000 Ada Generation, 91 %, 39228 MiB, 49140 MiB, 297.29 W, 80
2026/08/28 08:41:25.434, 0, NVIDIA RTX 6000 Ada Generation, 86 %, 39610 MiB, 49140 MiB, 281.60 W, 77
2026/08/28 08:41:25.434, 1, NVIDIA RTX 6000 Ada Generation, 89 %, 39270 MiB, 49140 MiB, 298.26 W, 83
2026/08/28 08:41:25.434, 2, NVIDIA RTX 6000 Ada Generation, 78 %, 39194 MiB, 49140 MiB, 284.43 W, 76
2026/08/28 08:41:25.434, 3, NVIDIA RTX 6000 Ada Generation, 79 %, 39228 MiB, 49140 MiB, 282.87 W, 79
2026/08/28 08:41:35.435, 0, NVIDIA RTX 6000 Ada Generation, 81 %, 39610 MiB, 49140 MiB, 277.96 W, 77
2026/08/28 08:41:35.435, 1, NVIDIA RTX 6000 Ada Generation, 91 %, 39270 MiB, 49140 MiB, 298.24 W, 83
2026/08/28 08:41:35.436, 2, NVIDIA RTX 6000 Ada Generation, 85 %, 39194 MiB, 49140 MiB, 284.79 W, 77
2026/08/28 08:41:35.436, 3, NVIDIA RTX 6000 Ada Generation, 92 %, 39250 MiB, 49140 MiB, 297.85 W, 80
2026/08/28 08:41:45.437, 0, NVIDIA RTX 6000 Ada Generation, 86 %, 39610 MiB, 49140 MiB, 272.29 W, 77
2026/08/28 08:41:45.437, 1, NVIDIA RTX 6000 Ada Generation, 87 %, 39270 MiB, 49140 MiB, 276.59 W, 82
2026/08/28 08:41:45.437, 2, NVIDIA RTX 6000 Ada Generation, 86 %, 39194 MiB, 49140 MiB, 287.95 W, 77
2026/08/28 08:41:45.437, 3, NVIDIA RTX 6000 Ada Generation, 83 %, 39250 MiB, 49140 MiB, 280.74 W, 80
2026/08/28 08:41:55.438, 0, NVIDIA RTX 6000 Ada Generation, 81 %, 39610 MiB, 49140 MiB, 277.00 W, 77
2026/08/28 08:41:55.438, 1, NVIDIA RTX 6000 Ada Generation, 87 %, 39270 MiB, 49140 MiB, 283.68 W, 83
2026/08/28 08:41:55.438, 2, NVIDIA RTX 6000 Ada Generation, 88 %, 39222 MiB, 49140 MiB, 298.67 W, 77
2026/08/28 08:41:55.439, 3, NVIDIA RTX 6000 Ada Generation, 91 %, 39250 MiB, 49140 MiB, 298.46 W, 80
2026/08/28 08:42:05.439, 0, NVIDIA RTX 6000 Ada Generation, 88 %, 39610 MiB, 49140 MiB, 278.30 W, 77
2026/08/28 08:42:05.440, 1, NVIDIA RTX 6000 Ada Generation, 88 %, 39270 MiB, 49140 MiB, 297.86 W, 83
2026/08/28 08:42:05.440, 2, NVIDIA RTX 6000 Ada Generation, 90 %, 39222 MiB, 49140 MiB, 298.90 W, 77
2026/08/28 08:42:05.440, 3, NVIDIA RTX 6000 Ada Generation, 91 %, 39250 MiB, 49140 MiB, 298.09 W, 80
2026/08/28 08:42:15.441, 0, NVIDIA RTX 6000 Ada Generation, 88 %, 39610 MiB, 49140 MiB, 289.20 W, 77
2026/08/28 08:42:15.441, 1, NVIDIA RTX 6000 Ada Generation, 88 %, 39270 MiB, 49140 MiB, 298.56 W, 83
2026/08/28 08:42:15.441, 2, NVIDIA RTX 6000 Ada Generation, 89 %, 39222 MiB, 49140 MiB, 298.11 W, 77
2026/08/28 08:42:15.441, 3, NVIDIA RTX 6000 Ada Generation, 92 %, 39250 MiB, 49140 MiB, 299.12 W, 81
2026/08/28 08:42:25.442, 0, NVIDIA RTX 6000 Ada Generation, 95 %, 39610 MiB, 49140 MiB, 304.53 W, 76
2026/08/28 08:42:25.443, 1, NVIDIA RTX 6000 Ada Generation, 89 %, 39270 MiB, 49140 MiB, 298.22 W, 83
2026/08/28 08:42:25.443, 2, NVIDIA RTX 6000 Ada Generation, 87 %, 39222 MiB, 49140 MiB, 299.00 W, 77
2026/08/28 08:42:25.443, 3, NVIDIA RTX 6000 Ada Generation, 87 %, 39250 MiB, 49140 MiB, 276.35 W, 80
2026/08/28 08:42:35.444, 0, NVIDIA RTX 6000 Ada Generation, 83 %, 39610 MiB, 49140 MiB, 279.57 W, 76
2026/08/28 08:42:35.444, 1, NVIDIA RTX 6000 Ada Generation, 88 %, 39270 MiB, 49140 MiB, 298.37 W, 83
2026/08/28 08:42:35.444, 2, NVIDIA RTX 6000 Ada Generation, 76 %, 39222 MiB, 49140 MiB, 283.52 W, 77
2026/08/28 08:42:35.444, 3, NVIDIA RTX 6000 Ada Generation, 79 %, 39250 MiB, 49140 MiB, 279.99 W, 79
2026/08/28 08:42:45.445, 0, NVIDIA RTX 6000 Ada Generation, 88 %, 39616 MiB, 49140 MiB, 297.64 W, 77
2026/08/28 08:42:45.445, 1, NVIDIA RTX 6000 Ada Generation, 88 %, 39270 MiB, 49140 MiB, 298.31 W, 83
2026/08/28 08:42:45.446, 2, NVIDIA RTX 6000 Ada Generation, 87 %, 39222 MiB, 49140 MiB, 283.34 W, 77
2026/08/28 08:42:45.446, 3, NVIDIA RTX 6000 Ada Generation, 89 %, 39250 MiB, 49140 MiB, 278.86 W, 80
2026/08/28 08:42:55.447, 0, NVIDIA RTX 6000 Ada Generation, 84 %, 39616 MiB, 49140 MiB, 280.02 W, 77
2026/08/28 08:42:55.447, 1, NVIDIA RTX 6000 Ada Generation, 88 %, 39270 MiB, 49140 MiB, 278.01 W, 83
2026/08/28 08:42:55.447, 2, NVIDIA RTX 6000 Ada Generation, 88 %, 39222 MiB, 49140 MiB, 283.80 W, 77
2026/08/28 08:42:55.447, 3, NVIDIA RTX 6000 Ada Generation, 89 %, 39250 MiB, 49140 MiB, 297.87 W, 80
2026/08/28 08:43:05.448, 0, NVIDIA RTX 6000 Ada Generation, 79 %, 39616 MiB, 49140 MiB, 277.21 W, 77
2026/08/28 08:43:05.448, 1, NVIDIA RTX 6000 Ada Generation, 89 %, 39270 MiB, 49140 MiB, 298.17 W, 84
2026/08/28 08:43:05.448, 2, NVIDIA RTX 6000 Ada Generation, 90 %, 39222 MiB, 49140 MiB, 298.53 W, 77
2026/08/28 08:43:05.448, 3, NVIDIA RTX 6000 Ada Generation, 91 %, 39250 MiB, 49140 MiB, 297.84 W, 80
2026/08/28 08:43:15.449, 0, NVIDIA RTX 6000 Ada Generation, 89 %, 39616 MiB, 49140 MiB, 298.72 W, 77
2026/08/28 08:43:15.450, 1, NVIDIA RTX 6000 Ada Generation, 81 %, 39270 MiB, 49140 MiB, 276.31 W, 83
2026/08/28 08:43:15.450, 2, NVIDIA RTX 6000 Ada Generation, 89 %, 39222 MiB, 49140 MiB, 298.42 W, 77
2026/08/28 08:43:15.450, 3, NVIDIA RTX 6000 Ada Generation, 85 %, 39250 MiB, 49140 MiB, 277.23 W, 79
2026/08/28 08:43:25.451, 0, NVIDIA RTX 6000 Ada Generation, 82 %, 39616 MiB, 49140 MiB, 277.90 W, 77
2026/08/28 08:43:25.451, 1, NVIDIA RTX 6000 Ada Generation, 90 %, 39270 MiB, 49140 MiB, 297.98 W, 83
2026/08/28 08:43:25.451, 2, NVIDIA RTX 6000 Ada Generation, 89 %, 39222 MiB, 49140 MiB, 298.75 W, 77
2026/08/28 08:43:25.451, 3, NVIDIA RTX 6000 Ada Generation, 80 %, 39250 MiB, 49140 MiB, 276.04 W, 79
2026/08/28 08:43:35.452, 0, NVIDIA RTX 6000 Ada Generation, 89 %, 39616 MiB, 49140 MiB, 288.21 W, 76
2026/08/28 08:43:35.452, 1, NVIDIA RTX 6000 Ada Generation, 92 %, 39270 MiB, 49140 MiB, 298.83 W, 84
2026/08/28 08:43:35.453, 2, NVIDIA RTX 6000 Ada Generation, 83 %, 39222 MiB, 49140 MiB, 280.43 W, 77
2026/08/28 08:43:35.453, 3, NVIDIA RTX 6000 Ada Generation, 81 %, 39250 MiB, 49140 MiB, 278.13 W, 80
2026/08/28 08:43:45.454, 0, NVIDIA RTX 6000 Ada Generation, 89 %, 39616 MiB, 49140 MiB, 298.92 W, 77
2026/08/28 08:43:45.454, 1, NVIDIA RTX 6000 Ada Generation, 84 %, 39270 MiB, 49140 MiB, 278.74 W, 83
2026/08/28 08:43:45.454, 2, NVIDIA RTX 6000 Ada Generation, 91 %, 39222 MiB, 49140 MiB, 298.53 W, 77
2026/08/28 08:43:45.454, 3, NVIDIA RTX 6000 Ada Generation, 83 %, 39250 MiB, 49140 MiB, 279.54 W, 79
2026/08/28 08:43:55.455, 0, NVIDIA RTX 6000 Ada Generation, 80 %, 39616 MiB, 49140 MiB, 277.32 W, 76
2026/08/28 08:43:55.455, 1, NVIDIA RTX 6000 Ada Generation, 92 %, 39270 MiB, 49140 MiB, 291.35 W, 83
2026/08/28 08:43:55.455, 2, NVIDIA RTX 6000 Ada Generation, 88 %, 39222 MiB, 49140 MiB, 284.65 W, 77
2026/08/28 08:43:55.455, 3, NVIDIA RTX 6000 Ada Generation, 90 %, 39250 MiB, 49140 MiB, 297.92 W, 80
2026/08/28 08:44:05.456, 0, NVIDIA RTX 6000 Ada Generation, 91 %, 39616 MiB, 49140 MiB, 298.58 W, 77
2026/08/28 08:44:05.456, 1, NVIDIA RTX 6000 Ada Generation, 88 %, 39270 MiB, 49140 MiB, 298.55 W, 83
2026/08/28 08:44:05.457, 2, NVIDIA RTX 6000 Ada Generation, 80 %, 39222 MiB, 49140 MiB, 282.61 W, 77
2026/08/28 08:44:05.457, 3, NVIDIA RTX 6000 Ada Generation, 88 %, 39250 MiB, 49140 MiB, 298.78 W, 81
2026/08/28 08:44:15.458, 0, NVIDIA RTX 6000 Ada Generation, 89 %, 39616 MiB, 49140 MiB, 298.48 W, 78
2026/08/28 08:44:15.458, 1, NVIDIA RTX 6000 Ada Generation, 92 %, 39270 MiB, 49140 MiB, 298.83 W, 84
2026/08/28 08:44:15.458, 2, NVIDIA RTX 6000 Ada Generation, 90 %, 39222 MiB, 49140 MiB, 298.14 W, 77
2026/08/28 08:44:15.458, 3, NVIDIA RTX 6000 Ada Generation, 79 %, 39250 MiB, 49140 MiB, 275.13 W, 80
2026/08/28 08:44:25.459, 0, NVIDIA RTX 6000 Ada Generation, 89 %, 39616 MiB, 49140 MiB, 298.99 W, 77
2026/08/28 08:44:25.459, 1, NVIDIA RTX 6000 Ada Generation, 80 %, 39270 MiB, 49140 MiB, 277.77 W, 83
2026/08/28 08:44:25.459, 2, NVIDIA RTX 6000 Ada Generation, 80 %, 39222 MiB, 49140 MiB, 282.83 W, 77
2026/08/28 08:44:25.459, 3, NVIDIA RTX 6000 Ada Generation, 87 %, 39250 MiB, 49140 MiB, 279.16 W, 80
2026/08/28 08:44:35.460, 0, NVIDIA RTX 6000 Ada Generation, 87 %, 39616 MiB, 49140 MiB, 281.23 W, 77
2026/08/28 08:44:35.461, 1, NVIDIA RTX 6000 Ada Generation, 86 %, 39270 MiB, 49140 MiB, 278.19 W, 83
2026/08/28 08:44:35.461, 2, NVIDIA RTX 6000 Ada Generation, 88 %, 39222 MiB, 49140 MiB, 298.25 W, 77
2026/08/28 08:44:35.461, 3, NVIDIA RTX 6000 Ada Generation, 90 %, 39264 MiB, 49140 MiB, 283.50 W, 80
2026/08/28 08:44:45.462, 0, NVIDIA RTX 6000 Ada Generation, 83 %, 39640 MiB, 49140 MiB, 277.35 W, 77
2026/08/28 08:44:45.462, 1, NVIDIA RTX 6000 Ada Generation, 88 %, 39270 MiB, 49140 MiB, 298.41 W, 84
2026/08/28 08:44:45.462, 2, NVIDIA RTX 6000 Ada Generation, 79 %, 39222 MiB, 49140 MiB, 284.38 W, 77
2026/08/28 08:44:45.462, 3, NVIDIA RTX 6000 Ada Generation, 91 %, 39384 MiB, 49140 MiB, 298.54 W, 80
2026/08/28 08:44:55.463, 0, NVIDIA RTX 6000 Ada Generation, 89 %, 39640 MiB, 49140 MiB, 298.70 W, 77
2026/08/28 08:44:55.463, 1, NVIDIA RTX 6000 Ada Generation, 79 %, 39270 MiB, 49140 MiB, 277.05 W, 84
2026/08/28 08:44:55.464, 2, NVIDIA RTX 6000 Ada Generation, 90 %, 39222 MiB, 49140 MiB, 298.67 W, 77
2026/08/28 08:44:55.464, 3, NVIDIA RTX 6000 Ada Generation, 87 %, 39384 MiB, 49140 MiB, 275.30 W, 80
2026/08/28 08:45:05.465, 0, NVIDIA RTX 6000 Ada Generation, 82 %, 39640 MiB, 49140 MiB, 277.67 W, 77
2026/08/28 08:45:05.465, 1, NVIDIA RTX 6000 Ada Generation, 81 %, 39270 MiB, 49140 MiB, 280.97 W, 83
2026/08/28 08:45:05.465, 2, NVIDIA RTX 6000 Ada Generation, 90 %, 39222 MiB, 49140 MiB, 298.66 W, 77
2026/08/28 08:45:05.465, 3, NVIDIA RTX 6000 Ada Generation, 90 %, 39384 MiB, 49140 MiB, 287.94 W, 80
2026/08/28 08:45:15.466, 0, NVIDIA RTX 6000 Ada Generation, 92 %, 39640 MiB, 49140 MiB, 298.45 W, 78
2026/08/28 08:45:15.466, 1, NVIDIA RTX 6000 Ada Generation, 79 %, 39270 MiB, 49140 MiB, 291.34 W, 83
2026/08/28 08:45:15.466, 2, NVIDIA RTX 6000 Ada Generation, 83 %, 39222 MiB, 49140 MiB, 283.12 W, 77
2026/08/28 08:45:15.467, 3, NVIDIA RTX 6000 Ada Generation, 89 %, 39384 MiB, 49140 MiB, 298.60 W, 81
2026/08/28 08:45:25.467, 0, NVIDIA RTX 6000 Ada Generation, 84 %, 39640 MiB, 49140 MiB, 278.86 W, 77
2026/08/28 08:45:25.468, 1, NVIDIA RTX 6000 Ada Generation, 91 %, 39270 MiB, 49140 MiB, 298.95 W, 84
2026/08/28 08:45:25.468, 2, NVIDIA RTX 6000 Ada Generation, 88 %, 39222 MiB, 49140 MiB, 298.33 W, 77
2026/08/28 08:45:25.468, 3, NVIDIA RTX 6000 Ada Generation, 89 %, 39384 MiB, 49140 MiB, 298.41 W, 81
2026/08/28 08:45:35.469, 0, NVIDIA RTX 6000 Ada Generation, 88 %, 39640 MiB, 49140 MiB, 282.31 W, 77
2026/08/28 08:45:35.469, 1, NVIDIA RTX 6000 Ada Generation, 88 %, 39270 MiB, 49140 MiB, 278.68 W, 83
2026/08/28 08:45:35.469, 2, NVIDIA RTX 6000 Ada Generation, 88 %, 39222 MiB, 49140 MiB, 298.66 W, 77
2026/08/28 08:45:35.469, 3, NVIDIA RTX 6000 Ada Generation, 79 %, 39384 MiB, 49140 MiB, 275.70 W, 80
2026/08/28 08:45:45.471, 0, NVIDIA RTX 6000 Ada Generation, 91 %, 39640 MiB, 49140 MiB, 283.87 W, 76
2026/08/28 08:45:45.471, 1, NVIDIA RTX 6000 Ada Generation, 90 %, 39270 MiB, 49140 MiB, 298.87 W, 84
2026/08/28 08:45:45.471, 2, NVIDIA RTX 6000 Ada Generation, 88 %, 39222 MiB, 49140 MiB, 283.55 W, 77
2026/08/28 08:45:45.471, 3, NVIDIA RTX 6000 Ada Generation, 88 %, 39384 MiB, 49140 MiB, 277.58 W, 80
2026/08/28 08:45:55.472, 0, NVIDIA RTX 6000 Ada Generation, 88 %, 39640 MiB, 49140 MiB, 298.73 W, 77
2026/08/28 08:45:55.472, 1, NVIDIA RTX 6000 Ada Generation, 80 %, 39270 MiB, 49140 MiB, 276.11 W, 83
2026/08/28 08:45:55.472, 2, NVIDIA RTX 6000 Ada Generation, 89 %, 39222 MiB, 49140 MiB, 298.01 W, 77
2026/08/28 08:45:55.473, 3, NVIDIA RTX 6000 Ada Generation, 88 %, 39384 MiB, 49140 MiB, 298.49 W, 80
2026/08/28 08:46:05.474, 0, NVIDIA RTX 6000 Ada Generation, 90 %, 39640 MiB, 49140 MiB, 298.79 W, 78
2026/08/28 08:46:05.474, 1, NVIDIA RTX 6000 Ada Generation, 84 %, 39270 MiB, 49140 MiB, 278.15 W, 83
2026/08/28 08:46:05.474, 2, NVIDIA RTX 6000 Ada Generation, 95 %, 39222 MiB, 49140 MiB, 282.86 W, 77
2026/08/28 08:46:05.474, 3, NVIDIA RTX 6000 Ada Generation, 84 %, 39384 MiB, 49140 MiB, 276.19 W, 80
2026/08/28 08:46:15.475, 0, NVIDIA RTX 6000 Ada Generation, 90 %, 39640 MiB, 49140 MiB, 298.97 W, 78
2026/08/28 08:46:15.475, 1, NVIDIA RTX 6000 Ada Generation, 79 %, 39270 MiB, 49140 MiB, 279.94 W, 83
2026/08/28 08:46:15.475, 2, NVIDIA RTX 6000 Ada Generation, 91 %, 39222 MiB, 49140 MiB, 298.65 W, 77
2026/08/28 08:46:15.475, 3, NVIDIA RTX 6000 Ada Generation, 89 %, 39384 MiB, 49140 MiB, 298.48 W, 80
2026/08/28 08:46:25.477, 0, NVIDIA RTX 6000 Ada Generation, 91 %, 39640 MiB, 49140 MiB, 298.95 W, 78
2026/08/28 08:46:25.477, 1, NVIDIA RTX 6000 Ada Generation, 88 %, 39270 MiB, 49140 MiB, 298.22 W, 84
2026/08/28 08:46:25.477, 2, NVIDIA RTX 6000 Ada Generation, 88 %, 39222 MiB, 49140 MiB, 282.18 W, 77
2026/08/28 08:46:25.477, 3, NVIDIA RTX 6000 Ada Generation, 81 %, 39384 MiB, 49140 MiB, 276.49 W, 79
2026/08/28 08:46:35.478, 0, NVIDIA RTX 6000 Ada Generation, 81 %, 39640 MiB, 49140 MiB, 285.38 W, 78
2026/08/28 08:46:35.478, 1, NVIDIA RTX 6000 Ada Generation, 85 %, 39270 MiB, 49140 MiB, 277.64 W, 84
2026/08/28 08:46:35.478, 2, NVIDIA RTX 6000 Ada Generation, 87 %, 39222 MiB, 49140 MiB, 291.66 W, 77
2026/08/28 08:46:35.478, 3, NVIDIA RTX 6000 Ada Generation, 87 %, 39384 MiB, 49140 MiB, 276.14 W, 80
2026/08/28 08:46:45.479, 0, NVIDIA RTX 6000 Ada Generation, 89 %, 39640 MiB, 49140 MiB, 285.64 W, 77
2026/08/28 08:46:45.480, 1, NVIDIA RTX 6000 Ada Generation, 88 %, 39270 MiB, 49140 MiB, 298.24 W, 84
2026/08/28 08:46:45.480, 2, NVIDIA RTX 6000 Ada Generation, 91 %, 39222 MiB, 49140 MiB, 298.61 W, 77
2026/08/28 08:46:45.480, 3, NVIDIA RTX 6000 Ada Generation, 79 %, 39384 MiB, 49140 MiB, 276.39 W, 80
2026/08/28 08:46:55.481, 0, NVIDIA RTX 6000 Ada Generation, 86 %, 39640 MiB, 49140 MiB, 284.02 W, 78
2026/08/28 08:46:55.481, 1, NVIDIA RTX 6000 Ada Generation, 82 %, 39270 MiB, 49140 MiB, 275.23 W, 83
2026/08/28 08:46:55.481, 2, NVIDIA RTX 6000 Ada Generation, 91 %, 39222 MiB, 49140 MiB, 289.92 W, 77
2026/08/28 08:46:55.481, 3, NVIDIA RTX 6000 Ada Generation, 88 %, 39384 MiB, 49140 MiB, 289.19 W, 78
2026/08/28 08:47:05.482, 0, NVIDIA RTX 6000 Ada Generation, 88 %, 39640 MiB, 49140 MiB, 298.78 W, 78
2026/08/28 08:47:05.483, 1, NVIDIA RTX 6000 Ada Generation, 81 %, 39270 MiB, 49140 MiB, 283.98 W, 83
2026/08/28 08:47:05.483, 2, NVIDIA RTX 6000 Ada Generation, 87 %, 39222 MiB, 49140 MiB, 281.55 W, 75
2026/08/28 08:47:05.483, 3, NVIDIA RTX 6000 Ada Generation, 90 %, 39384 MiB, 49140 MiB, 298.18 W, 80
2026/08/28 08:47:15.484, 0, NVIDIA RTX 6000 Ada Generation, 89 %, 39640 MiB, 49140 MiB, 298.82 W, 78
2026/08/28 08:47:15.484, 1, NVIDIA RTX 6000 Ada Generation, 79 %, 39270 MiB, 49140 MiB, 274.70 W, 83
2026/08/28 08:47:15.484, 2, NVIDIA RTX 6000 Ada Generation, 87 %, 39222 MiB, 49140 MiB, 298.25 W, 77
2026/08/28 08:47:15.484, 3, NVIDIA RTX 6000 Ada Generation, 83 %, 39384 MiB, 49140 MiB, 277.89 W, 79
2026/08/28 08:47:25.485, 0, NVIDIA RTX 6000 Ada Generation, 84 %, 39640 MiB, 49140 MiB, 278.88 W, 77
2026/08/28 08:47:25.486, 1, NVIDIA RTX 6000 Ada Generation, 80 %, 39270 MiB, 49140 MiB, 272.24 W, 83
2026/08/28 08:47:25.486, 2, NVIDIA RTX 6000 Ada Generation, 88 %, 39222 MiB, 49140 MiB, 298.29 W, 77
2026/08/28 08:47:25.486, 3, NVIDIA RTX 6000 Ada Generation, 86 %, 39384 MiB, 49140 MiB, 275.82 W, 80
2026/08/28 08:47:35.487, 0, NVIDIA RTX 6000 Ada Generation, 89 %, 39640 MiB, 49140 MiB, 298.38 W, 77
2026/08/28 08:47:35.487, 1, NVIDIA RTX 6000 Ada Generation, 86 %, 39270 MiB, 49140 MiB, 277.53 W, 83
2026/08/28 08:47:35.487, 2, NVIDIA RTX 6000 Ada Generation, 78 %, 39222 MiB, 49140 MiB, 282.62 W, 77
2026/08/28 08:47:35.487, 3, NVIDIA RTX 6000 Ada Generation, 86 %, 39384 MiB, 49140 MiB, 274.43 W, 79
2026/08/28 08:47:45.488, 0, NVIDIA RTX 6000 Ada Generation, 81 %, 39640 MiB, 49140 MiB, 278.85 W, 77
2026/08/28 08:47:45.489, 1, NVIDIA RTX 6000 Ada Generation, 89 %, 39270 MiB, 49140 MiB, 298.51 W, 83
2026/08/28 08:47:45.489, 2, NVIDIA RTX 6000 Ada Generation, 83 %, 39222 MiB, 49140 MiB, 287.05 W, 77
2026/08/28 08:47:45.489, 3, NVIDIA RTX 6000 Ada Generation, 88 %, 39384 MiB, 49140 MiB, 298.78 W, 80
2026/08/28 08:47:55.490, 0, NVIDIA RTX 6000 Ada Generation, 78 %, 39640 MiB, 49140 MiB, 277.14 W, 77
2026/08/28 08:47:55.490, 1, NVIDIA RTX 6000 Ada Generation, 93 %, 39270 MiB, 49140 MiB, 298.88 W, 84
2026/08/28 08:47:55.490, 2, NVIDIA RTX 6000 Ada Generation, 92 %, 39222 MiB, 49140 MiB, 298.98 W, 77
2026/08/28 08:47:55.490, 3, NVIDIA RTX 6000 Ada Generation, 79 %, 39384 MiB, 49140 MiB, 277.51 W, 79
2026/08/28 08:48:05.491, 0, NVIDIA RTX 6000 Ada Generation, 87 %, 39640 MiB, 49140 MiB, 280.30 W, 77
2026/08/28 08:48:05.492, 1, NVIDIA RTX 6000 Ada Generation, 85 %, 39270 MiB, 49140 MiB, 278.03 W, 83
2026/08/28 08:48:05.492, 2, NVIDIA RTX 6000 Ada Generation, 86 %, 39222 MiB, 49140 MiB, 280.60 W, 77
2026/08/28 08:48:05.492, 3, NVIDIA RTX 6000 Ada Generation, 93 %, 39384 MiB, 49140 MiB, 299.02 W, 80
2026/08/28 08:48:15.493, 0, NVIDIA RTX 6000 Ada Generation, 89 %, 39640 MiB, 49140 MiB, 281.35 W, 77
2026/08/28 08:48:15.493, 1, NVIDIA RTX 6000 Ada Generation, 88 %, 39270 MiB, 49140 MiB, 298.43 W, 83
2026/08/28 08:48:15.493, 2, NVIDIA RTX 6000 Ada Generation, 81 %, 39222 MiB, 49140 MiB, 280.40 W, 76
2026/08/28 08:48:15.493, 3, NVIDIA RTX 6000 Ada Generation, 86 %, 39384 MiB, 49140 MiB, 276.12 W, 80
2026/08/28 08:48:25.495, 0, NVIDIA RTX 6000 Ada Generation, 83 %, 39640 MiB, 49140 MiB, 281.38 W, 77
2026/08/28 08:48:25.495, 1, NVIDIA RTX 6000 Ada Generation, 80 %, 39270 MiB, 49140 MiB, 275.70 W, 83
2026/08/28 08:48:25.495, 2, NVIDIA RTX 6000 Ada Generation, 93 %, 39222 MiB, 49140 MiB, 298.37 W, 77
2026/08/28 08:48:25.495, 3, NVIDIA RTX 6000 Ada Generation, 80 %, 39384 MiB, 49140 MiB, 278.04 W, 79
2026/08/28 08:48:35.496, 0, NVIDIA RTX 6000 Ada Generation, 84 %, 39640 MiB, 49140 MiB, 282.71 W, 77
2026/08/28 08:48:35.496, 1, NVIDIA RTX 6000 Ada Generation, 78 %, 39270 MiB, 49140 MiB, 274.92 W, 83
2026/08/28 08:48:35.496, 2, NVIDIA RTX 6000 Ada Generation, 80 %, 39222 MiB, 49140 MiB, 283.50 W, 77
2026/08/28 08:48:35.496, 3, NVIDIA RTX 6000 Ada Generation, 80 %, 39384 MiB, 49140 MiB, 277.62 W, 79
2026/08/28 08:48:45.497, 0, NVIDIA RTX 6000 Ada Generation, 89 %, 39640 MiB, 49140 MiB, 284.25 W, 76
2026/08/28 08:48:45.498, 1, NVIDIA RTX 6000 Ada Generation, 90 %, 39270 MiB, 49140 MiB, 298.98 W, 84
2026/08/28 08:48:45.498, 2, NVIDIA RTX 6000 Ada Generation, 83 %, 39222 MiB, 49140 MiB, 287.04 W, 76
2026/08/28 08:48:45.498, 3, NVIDIA RTX 6000 Ada Generation, 88 %, 39384 MiB, 49140 MiB, 298.22 W, 80
2026/08/28 08:48:55.499, 0, NVIDIA RTX 6000 Ada Generation, 92 %, 39640 MiB, 49140 MiB, 298.38 W, 77
2026/08/28 08:48:55.499, 1, NVIDIA RTX 6000 Ada Generation, 88 %, 39270 MiB, 49140 MiB, 279.74 W, 83
2026/08/28 08:48:55.499, 2, NVIDIA RTX 6000 Ada Generation, 92 %, 39246 MiB, 49140 MiB, 299.23 W, 77
2026/08/28 08:48:55.499, 3, NVIDIA RTX 6000 Ada Generation, 81 %, 39384 MiB, 49140 MiB, 279.44 W, 79
2026/08/28 08:49:05.500, 0, NVIDIA RTX 6000 Ada Generation, 92 %, 39640 MiB, 49140 MiB, 299.05 W, 77
2026/08/28 08:49:05.501, 1, NVIDIA RTX 6000 Ada Generation, 87 %, 39270 MiB, 49140 MiB, 283.55 W, 83
2026/08/28 08:49:05.501, 2, NVIDIA RTX 6000 Ada Generation, 83 %, 39246 MiB, 49140 MiB, 282.83 W, 77
2026/08/28 08:49:05.501, 3, NVIDIA RTX 6000 Ada Generation, 88 %, 39384 MiB, 49140 MiB, 274.89 W, 80
2026/08/28 08:49:15.502, 0, NVIDIA RTX 6000 Ada Generation, 89 %, 39640 MiB, 49140 MiB, 298.82 W, 77
2026/08/28 08:49:15.502, 1, NVIDIA RTX 6000 Ada Generation, 88 %, 39270 MiB, 49140 MiB, 298.23 W, 83
2026/08/28 08:49:15.502, 2, NVIDIA RTX 6000 Ada Generation, 81 %, 39246 MiB, 49140 MiB, 281.86 W, 76
2026/08/28 08:49:15.502, 3, NVIDIA RTX 6000 Ada Generation, 88 %, 39384 MiB, 49140 MiB, 297.33 W, 80
2026/08/28 08:49:25.503, 0, NVIDIA RTX 6000 Ada Generation, 89 %, 39640 MiB, 49140 MiB, 299.42 W, 78
2026/08/28 08:49:25.503, 1, NVIDIA RTX 6000 Ada Generation, 86 %, 39270 MiB, 49140 MiB, 279.06 W, 83
2026/08/28 08:49:25.503, 2, NVIDIA RTX 6000 Ada Generation, 92 %, 39246 MiB, 49140 MiB, 298.56 W, 77
2026/08/28 08:49:25.504, 3, NVIDIA RTX 6000 Ada Generation, 81 %, 39384 MiB, 49140 MiB, 278.26 W, 79
2026/08/28 08:49:35.505, 0, NVIDIA RTX 6000 Ada Generation, 89 %, 39640 MiB, 49140 MiB, 298.62 W, 78
2026/08/28 08:49:35.505, 1, NVIDIA RTX 6000 Ada Generation, 89 %, 39270 MiB, 49140 MiB, 298.41 W, 83
2026/08/28 08:49:35.505, 2, NVIDIA RTX 6000 Ada Generation, 92 %, 39246 MiB, 49140 MiB, 298.47 W, 77
2026/08/28 08:49:35.505, 3, NVIDIA RTX 6000 Ada Generation, 92 %, 39384 MiB, 49140 MiB, 298.04 W, 80
2026/08/28 08:49:45.506, 0, NVIDIA RTX 6000 Ada Generation, 80 %, 39640 MiB, 49140 MiB, 278.53 W, 78
2026/08/28 08:49:45.506, 1, NVIDIA RTX 6000 Ada Generation, 83 %, 39270 MiB, 49140 MiB, 278.69 W, 83
2026/08/28 08:49:45.506, 2, NVIDIA RTX 6000 Ada Generation, 79 %, 39246 MiB, 49140 MiB, 284.33 W, 76
2026/08/28 08:49:45.506, 3, NVIDIA RTX 6000 Ada Generation, 93 %, 39384 MiB, 49140 MiB, 298.88 W, 80
2026/08/28 08:49:55.507, 0, NVIDIA RTX 6000 Ada Generation, 89 %, 39640 MiB, 49140 MiB, 298.89 W, 78
2026/08/28 08:49:55.508, 1, NVIDIA RTX 6000 Ada Generation, 88 %, 39270 MiB, 49140 MiB, 298.33 W, 84
2026/08/28 08:49:55.508, 2, NVIDIA RTX 6000 Ada Generation, 80 %, 39246 MiB, 49140 MiB, 283.65 W, 76
2026/08/28 08:49:55.508, 3, NVIDIA RTX 6000 Ada Generation, 88 %, 39384 MiB, 49140 MiB, 276.44 W, 80
2026/08/28 08:50:05.509, 0, NVIDIA RTX 6000 Ada Generation, 89 %, 39640 MiB, 49140 MiB, 299.14 W, 78
2026/08/28 08:50:05.509, 1, NVIDIA RTX 6000 Ada Generation, 84 %, 39270 MiB, 49140 MiB, 277.94 W, 83
2026/08/28 08:50:05.509, 2, NVIDIA RTX 6000 Ada Generation, 78 %, 39246 MiB, 49140 MiB, 281.62 W, 76
2026/08/28 08:50:05.509, 3, NVIDIA RTX 6000 Ada Generation, 88 %, 39384 MiB, 49140 MiB, 277.83 W, 79
2026/08/28 08:50:15.510, 0, NVIDIA RTX 6000 Ada Generation, 89 %, 39640 MiB, 49140 MiB, 298.74 W, 78
2026/08/28 08:50:15.510, 1, NVIDIA RTX 6000 Ada Generation, 91 %, 39270 MiB, 49140 MiB, 287.07 W, 83
2026/08/28 08:50:15.511, 2, NVIDIA RTX 6000 Ada Generation, 83 %, 39246 MiB, 49140 MiB, 283.62 W, 77
2026/08/28 08:50:15.511, 3, NVIDIA RTX 6000 Ada Generation, 84 %, 39384 MiB, 49140 MiB, 280.29 W, 80
2026/08/28 08:50:25.512, 0, NVIDIA RTX 6000 Ada Generation, 92 %, 39640 MiB, 49140 MiB, 298.86 W, 77
2026/08/28 08:50:25.512, 1, NVIDIA RTX 6000 Ada Generation, 88 %, 39270 MiB, 49140 MiB, 298.57 W, 83
2026/08/28 08:50:25.512, 2, NVIDIA RTX 6000 Ada Generation, 88 %, 39246 MiB, 49140 MiB, 298.28 W, 77
2026/08/28 08:50:25.512, 3, NVIDIA RTX 6000 Ada Generation, 88 %, 39384 MiB, 49140 MiB, 298.57 W, 80
2026/08/28 08:50:35.513, 0, NVIDIA RTX 6000 Ada Generation, 84 %, 39640 MiB, 49140 MiB, 280.98 W, 77
2026/08/28 08:50:35.513, 1, NVIDIA RTX 6000 Ada Generation, 83 %, 39270 MiB, 49140 MiB, 277.21 W, 83
2026/08/28 08:50:35.514, 2, NVIDIA RTX 6000 Ada Generation, 88 %, 39246 MiB, 49140 MiB, 288.35 W, 77
2026/08/28 08:50:35.514, 3, NVIDIA RTX 6000 Ada Generation, 88 %, 39384 MiB, 49140 MiB, 277.42 W, 80
2026/08/28 08:50:45.515, 0, NVIDIA RTX 6000 Ada Generation, 89 %, 39640 MiB, 49140 MiB, 299.03 W, 78
2026/08/28 08:50:45.515, 1, NVIDIA RTX 6000 Ada Generation, 90 %, 39270 MiB, 49140 MiB, 298.42 W, 84
2026/08/28 08:50:45.515, 2, NVIDIA RTX 6000 Ada Generation, 79 %, 39246 MiB, 49140 MiB, 282.40 W, 77
2026/08/28 08:50:45.515, 3, NVIDIA RTX 6000 Ada Generation, 88 %, 39384 MiB, 49140 MiB, 298.85 W, 80
2026/08/28 08:50:55.516, 0, NVIDIA RTX 6000 Ada Generation, 88 %, 39640 MiB, 49140 MiB, 278.32 W, 77
2026/08/28 08:50:55.517, 1, NVIDIA RTX 6000 Ada Generation, 93 %, 39270 MiB, 49140 MiB, 298.83 W, 84
2026/08/28 08:50:55.517, 2, NVIDIA RTX 6000 Ada Generation, 80 %, 39246 MiB, 49140 MiB, 282.77 W, 77
2026/08/28 08:50:55.517, 3, NVIDIA RTX 6000 Ada Generation, 87 %, 39384 MiB, 49140 MiB, 276.34 W, 80
2026/08/28 08:51:05.518, 0, NVIDIA RTX 6000 Ada Generation, 87 %, 39640 MiB, 49140 MiB, 278.06 W, 77
2026/08/28 08:51:05.518, 1, NVIDIA RTX 6000 Ada Generation, 89 %, 39270 MiB, 49140 MiB, 279.26 W, 83
2026/08/28 08:51:05.518, 2, NVIDIA RTX 6000 Ada Generation, 89 %, 39246 MiB, 49140 MiB, 298.72 W, 77
2026/08/28 08:51:05.518, 3, NVIDIA RTX 6000 Ada Generation, 88 %, 39384 MiB, 49140 MiB, 299.26 W, 81
2026/08/28 08:51:15.519, 0, NVIDIA RTX 6000 Ada Generation, 92 %, 39640 MiB, 49140 MiB, 299.13 W, 78
2026/08/28 08:51:15.520, 1, NVIDIA RTX 6000 Ada Generation, 88 %, 39270 MiB, 49140 MiB, 289.43 W, 83
2026/08/28 08:51:15.520, 2, NVIDIA RTX 6000 Ada Generation, 91 %, 39246 MiB, 49140 MiB, 301.20 W, 77
2026/08/28 08:51:15.520, 3, NVIDIA RTX 6000 Ada Generation, 90 %, 39384 MiB, 49140 MiB, 284.54 W, 80
2026/08/28 08:51:25.521, 0, NVIDIA RTX 6000 Ada Generation, 81 %, 39640 MiB, 49140 MiB, 277.33 W, 78
2026/08/28 08:51:25.521, 1, NVIDIA RTX 6000 Ada Generation, 91 %, 39270 MiB, 49140 MiB, 298.73 W, 84
2026/08/28 08:51:25.521, 2, NVIDIA RTX 6000 Ada Generation, 82 %, 39246 MiB, 49140 MiB, 283.79 W, 77
2026/08/28 08:51:25.521, 3, NVIDIA RTX 6000 Ada Generation, 91 %, 39384 MiB, 49140 MiB, 298.47 W, 80
2026/08/28 08:51:35.522, 0, NVIDIA RTX 6000 Ada Generation, 84 %, 39640 MiB, 49140 MiB, 286.55 W, 78
2026/08/28 08:51:35.523, 1, NVIDIA RTX 6000 Ada Generation, 80 %, 39270 MiB, 49140 MiB, 276.56 W, 83
2026/08/28 08:51:35.523, 2, NVIDIA RTX 6000 Ada Generation, 82 %, 39246 MiB, 49140 MiB, 284.04 W, 77
2026/08/28 08:51:35.523, 3, NVIDIA RTX 6000 Ada Generation, 85 %, 39384 MiB, 49140 MiB, 275.80 W, 80
2026/08/28 08:51:45.524, 0, NVIDIA RTX 6000 Ada Generation, 82 %, 39640 MiB, 49140 MiB, 278.55 W, 77
2026/08/28 08:51:45.524, 1, NVIDIA RTX 6000 Ada Generation, 81 %, 39270 MiB, 49140 MiB, 275.59 W, 83
2026/08/28 08:51:45.524, 2, NVIDIA RTX 6000 Ada Generation, 78 %, 39246 MiB, 49140 MiB, 285.23 W, 77
2026/08/28 08:51:45.524, 3, NVIDIA RTX 6000 Ada Generation, 89 %, 39384 MiB, 49140 MiB, 298.89 W, 80
2026/08/28 08:51:55.525, 0, NVIDIA RTX 6000 Ada Generation, 90 %, 39640 MiB, 49140 MiB, 298.88 W, 78
2026/08/28 08:51:55.526, 1, NVIDIA RTX 6000 Ada Generation, 89 %, 39270 MiB, 49140 MiB, 298.17 W, 84
2026/08/28 08:51:55.526, 2, NVIDIA RTX 6000 Ada Generation, 91 %, 39246 MiB, 49140 MiB, 298.61 W, 77
2026/08/28 08:51:55.526, 3, NVIDIA RTX 6000 Ada Generation, 82 %, 39384 MiB, 49140 MiB, 277.46 W, 80
2026/08/28 08:52:05.527, 0, NVIDIA RTX 6000 Ada Generation, 82 %, 39640 MiB, 49140 MiB, 278.31 W, 78
2026/08/28 08:52:05.527, 1, NVIDIA RTX 6000 Ada Generation, 89 %, 39270 MiB, 49140 MiB, 298.55 W, 83
2026/08/28 08:52:05.527, 2, NVIDIA RTX 6000 Ada Generation, 87 %, 39246 MiB, 49140 MiB, 283.19 W, 77
2026/08/28 08:52:05.527, 3, NVIDIA RTX 6000 Ada Generation, 91 %, 39384 MiB, 49140 MiB, 299.14 W, 80
2026/08/28 08:52:15.528, 0, NVIDIA RTX 6000 Ada Generation, 85 %, 39640 MiB, 49140 MiB, 278.40 W, 78
2026/08/28 08:52:15.529, 1, NVIDIA RTX 6000 Ada Generation, 83 %, 39270 MiB, 49140 MiB, 277.33 W, 84
2026/08/28 08:52:15.529, 2, NVIDIA RTX 6000 Ada Generation, 85 %, 39246 MiB, 49140 MiB, 282.85 W, 77
2026/08/28 08:52:15.529, 3, NVIDIA RTX 6000 Ada Generation, 88 %, 39384 MiB, 49140 MiB, 277.71 W, 80
2026/08/28 08:52:25.530, 0, NVIDIA RTX 6000 Ada Generation, 89 %, 39640 MiB, 49140 MiB, 298.96 W, 78
2026/08/28 08:52:25.530, 1, NVIDIA RTX 6000 Ada Generation, 88 %, 39270 MiB, 49140 MiB, 298.22 W, 84
2026/08/28 08:52:25.530, 2, NVIDIA RTX 6000 Ada Generation, 90 %, 39246 MiB, 49140 MiB, 298.77 W, 78
2026/08/28 08:52:25.530, 3, NVIDIA RTX 6000 Ada Generation, 88 %, 39384 MiB, 49140 MiB, 275.72 W, 80
2026/08/28 08:52:35.532, 0, NVIDIA RTX 6000 Ada Generation, 85 %, 39640 MiB, 49140 MiB, 280.50 W, 77
2026/08/28 08:52:35.532, 1, NVIDIA RTX 6000 Ada Generation, 91 %, 39270 MiB, 49140 MiB, 299.01 W, 84
2026/08/28 08:52:35.532, 2, NVIDIA RTX 6000 Ada Generation, 80 %, 39246 MiB, 49140 MiB, 282.08 W, 76
2026/08/28 08:52:35.532, 3, NVIDIA RTX 6000 Ada Generation, 91 %, 39384 MiB, 49140 MiB, 297.33 W, 78
2026/08/28 08:52:45.533, 0, NVIDIA RTX 6000 Ada Generation, 92 %, 39640 MiB, 49140 MiB, 298.84 W, 78
2026/08/28 08:52:45.533, 1, NVIDIA RTX 6000 Ada Generation, 83 %, 39270 MiB, 49140 MiB, 277.41 W, 83
2026/08/28 08:52:45.533, 2, NVIDIA RTX 6000 Ada Generation, 85 %, 39246 MiB, 49140 MiB, 282.76 W, 78
2026/08/28 08:52:45.533, 3, NVIDIA RTX 6000 Ada Generation, 89 %, 39386 MiB, 49140 MiB, 290.48 W, 80
2026/08/28 08:52:55.535, 0, NVIDIA RTX 6000 Ada Generation, 77 %, 39640 MiB, 49140 MiB, 288.78 W, 78
2026/08/28 08:52:55.535, 1, NVIDIA RTX 6000 Ada Generation, 90 %, 39270 MiB, 49140 MiB, 280.67 W, 86
2026/08/28 08:52:55.535, 2, NVIDIA RTX 6000 Ada Generation, 91 %, 39246 MiB, 49140 MiB, 298.54 W, 77
2026/08/28 08:52:55.535, 3, NVIDIA RTX 6000 Ada Generation, 89 %, 39386 MiB, 49140 MiB, 298.48 W, 81
2026/08/28 08:53:05.536, 0, NVIDIA RTX 6000 Ada Generation, 87 %, 39640 MiB, 49140 MiB, 274.10 W, 77
2026/08/28 08:53:05.536, 1, NVIDIA RTX 6000 Ada Generation, 82 %, 39270 MiB, 49140 MiB, 277.19 W, 83
2026/08/28 08:53:05.536, 2, NVIDIA RTX 6000 Ada Generation, 89 %, 39246 MiB, 49140 MiB, 284.96 W, 78
2026/08/28 08:53:05.536, 3, NVIDIA RTX 6000 Ada Generation, 86 %, 39386 MiB, 49140 MiB, 277.80 W, 80
2026/08/28 08:53:15.538, 0, NVIDIA RTX 6000 Ada Generation, 88 %, 39640 MiB, 49140 MiB, 271.43 W, 77
2026/08/28 08:53:15.538, 1, NVIDIA RTX 6000 Ada Generation, 89 %, 39270 MiB, 49140 MiB, 298.67 W, 84
2026/08/28 08:53:15.538, 2, NVIDIA RTX 6000 Ada Generation, 91 %, 39246 MiB, 49140 MiB, 298.92 W, 78
2026/08/28 08:53:15.538, 3, NVIDIA RTX 6000 Ada Generation, 86 %, 39386 MiB, 49140 MiB, 278.73 W, 80
2026/08/28 08:53:25.539, 0, NVIDIA RTX 6000 Ada Generation, 90 %, 39640 MiB, 49140 MiB, 282.78 W, 77
2026/08/28 08:53:25.539, 1, NVIDIA RTX 6000 Ada Generation, 82 %, 39270 MiB, 49140 MiB, 277.28 W, 84
2026/08/28 08:53:25.539, 2, NVIDIA RTX 6000 Ada Generation, 85 %, 39246 MiB, 49140 MiB, 281.53 W, 77
2026/08/28 08:53:25.540, 3, NVIDIA RTX 6000 Ada Generation, 89 %, 39386 MiB, 49140 MiB, 298.48 W, 80
2026/08/28 08:53:35.541, 0, NVIDIA RTX 6000 Ada Generation, 89 %, 39640 MiB, 49140 MiB, 298.56 W, 78
2026/08/28 08:53:35.541, 1, NVIDIA RTX 6000 Ada Generation, 91 %, 39270 MiB, 49140 MiB, 292.98 W, 83
2026/08/28 08:53:35.541, 2, NVIDIA RTX 6000 Ada Generation, 87 %, 39246 MiB, 49140 MiB, 284.84 W, 78
2026/08/28 08:53:35.541, 3, NVIDIA RTX 6000 Ada Generation, 89 %, 39386 MiB, 49140 MiB, 298.76 W, 80
2026/08/28 08:53:45.542, 0, NVIDIA RTX 6000 Ada Generation, 89 %, 39640 MiB, 49140 MiB, 299.14 W, 78
2026/08/28 08:53:45.542, 1, NVIDIA RTX 6000 Ada Generation, 92 %, 39270 MiB, 49140 MiB, 298.63 W, 84
2026/08/28 08:53:45.543, 2, NVIDIA RTX 6000 Ada Generation, 89 %, 39246 MiB, 49140 MiB, 298.89 W, 78
2026/08/28 08:53:45.543, 3, NVIDIA RTX 6000 Ada Generation, 89 %, 39386 MiB, 49140 MiB, 298.27 W, 80
2026/08/28 08:53:55.544, 0, NVIDIA RTX 6000 Ada Generation, 85 %, 39640 MiB, 49140 MiB, 282.58 W, 78
2026/08/28 08:53:55.544, 1, NVIDIA RTX 6000 Ada Generation, 81 %, 39270 MiB, 49140 MiB, 276.07 W, 83
2026/08/28 08:53:55.544, 2, NVIDIA RTX 6000 Ada Generation, 85 %, 39246 MiB, 49140 MiB, 280.76 W, 77
2026/08/28 08:53:55.544, 3, NVIDIA RTX 6000 Ada Generation, 89 %, 39386 MiB, 49140 MiB, 298.59 W, 80
2026/08/28 08:54:05.545, 0, NVIDIA RTX 6000 Ada Generation, 81 %, 39640 MiB, 49140 MiB, 280.60 W, 78
2026/08/28 08:54:05.545, 1, NVIDIA RTX 6000 Ada Generation, 88 %, 39270 MiB, 49140 MiB, 284.97 W, 83
2026/08/28 08:54:05.546, 2, NVIDIA RTX 6000 Ada Generation, 84 %, 39246 MiB, 49140 MiB, 284.94 W, 77
2026/08/28 08:54:05.546, 3, NVIDIA RTX 6000 Ada Generation, 85 %, 39386 MiB, 49140 MiB, 276.42 W, 80
2026/08/28 08:54:15.547, 0, NVIDIA RTX 6000 Ada Generation, 85 %, 39640 MiB, 49140 MiB, 278.48 W, 78
2026/08/28 08:54:15.547, 1, NVIDIA RTX 6000 Ada Generation, 80 %, 39270 MiB, 49140 MiB, 274.61 W, 84
2026/08/28 08:54:15.547, 2, NVIDIA RTX 6000 Ada Generation, 88 %, 39246 MiB, 49140 MiB, 298.58 W, 78
2026/08/28 08:54:15.547, 3, NVIDIA RTX 6000 Ada Generation, 85 %, 39386 MiB, 49140 MiB, 277.55 W, 80
2026/08/28 08:54:25.548, 0, NVIDIA RTX 6000 Ada Generation, 89 %, 39640 MiB, 49140 MiB, 280.93 W, 77
2026/08/28 08:54:25.549, 1, NVIDIA RTX 6000 Ada Generation, 89 %, 39270 MiB, 49140 MiB, 298.54 W, 84
2026/08/28 08:54:25.549, 2, NVIDIA RTX 6000 Ada Generation, 80 %, 39246 MiB, 49140 MiB, 286.44 W, 77
2026/08/28 08:54:25.549, 3, NVIDIA RTX 6000 Ada Generation, 91 %, 39386 MiB, 49140 MiB, 299.24 W, 80
2026/08/28 08:54:35.550, 0, NVIDIA RTX 6000 Ada Generation, 88 %, 39640 MiB, 49140 MiB, 298.56 W, 78
2026/08/28 08:54:35.550, 1, NVIDIA RTX 6000 Ada Generation, 81 %, 39270 MiB, 49140 MiB, 275.64 W, 84
2026/08/28 08:54:35.550, 2, NVIDIA RTX 6000 Ada Generation, 85 %, 39246 MiB, 49140 MiB, 282.48 W, 77
2026/08/28 08:54:35.550, 3, NVIDIA RTX 6000 Ada Generation, 88 %, 39386 MiB, 49140 MiB, 278.51 W, 80
2026/08/28 08:54:45.551, 0, NVIDIA RTX 6000 Ada Generation, 82 %, 39640 MiB, 49140 MiB, 278.90 W, 78
2026/08/28 08:54:45.552, 1, NVIDIA RTX 6000 Ada Generation, 88 %, 39270 MiB, 49140 MiB, 298.73 W, 84
2026/08/28 08:54:45.552, 2, NVIDIA RTX 6000 Ada Generation, 77 %, 39246 MiB, 49140 MiB, 282.77 W, 77
2026/08/28 08:54:45.552, 3, NVIDIA RTX 6000 Ada Generation, 82 %, 39386 MiB, 49140 MiB, 277.60 W, 79
2026/08/28 08:54:55.553, 0, NVIDIA RTX 6000 Ada Generation, 89 %, 39640 MiB, 49140 MiB, 298.81 W, 78
2026/08/28 08:54:55.553, 1, NVIDIA RTX 6000 Ada Generation, 88 %, 39270 MiB, 49140 MiB, 277.44 W, 83
2026/08/28 08:54:55.553, 2, NVIDIA RTX 6000 Ada Generation, 88 %, 39246 MiB, 49140 MiB, 298.28 W, 77
2026/08/28 08:54:55.553, 3, NVIDIA RTX 6000 Ada Generation, 83 %, 39386 MiB, 49140 MiB, 278.12 W, 79
2026/08/28 08:55:05.554, 0, NVIDIA RTX 6000 Ada Generation, 84 %, 39640 MiB, 49140 MiB, 279.70 W, 78
2026/08/28 08:55:05.555, 1, NVIDIA RTX 6000 Ada Generation, 85 %, 39270 MiB, 49140 MiB, 292.14 W, 83
2026/08/28 08:55:05.555, 2, NVIDIA RTX 6000 Ada Generation, 87 %, 39570 MiB, 49140 MiB, 287.94 W, 77
2026/08/28 08:55:05.555, 3, NVIDIA RTX 6000 Ada Generation, 89 %, 39386 MiB, 49140 MiB, 286.55 W, 80
2026/08/28 08:55:15.556, 0, NVIDIA RTX 6000 Ada Generation, 92 %, 39640 MiB, 49140 MiB, 299.07 W, 78
2026/08/28 08:55:15.556, 1, NVIDIA RTX 6000 Ada Generation, 87 %, 39270 MiB, 49140 MiB, 293.73 W, 82
2026/08/28 08:55:15.556, 2, NVIDIA RTX 6000 Ada Generation, 87 %, 39648 MiB, 49140 MiB, 298.89 W, 78
2026/08/28 08:55:15.556, 3, NVIDIA RTX 6000 Ada Generation, 88 %, 39386 MiB, 49140 MiB, 291.95 W, 78
2026/08/28 08:55:25.557, 0, NVIDIA RTX 6000 Ada Generation, 80 %, 39640 MiB, 49140 MiB, 288.39 W, 78
2026/08/28 08:55:25.558, 1, NVIDIA RTX 6000 Ada Generation, 83 %, 39270 MiB, 49140 MiB, 279.64 W, 83
2026/08/28 08:55:25.558, 2, NVIDIA RTX 6000 Ada Generation, 87 %, 39648 MiB, 49140 MiB, 298.43 W, 77
2026/08/28 08:55:25.558, 3, NVIDIA RTX 6000 Ada Generation, 85 %, 39386 MiB, 49140 MiB, 283.92 W, 80
2026/08/28 08:55:35.559, 0, NVIDIA RTX 6000 Ada Generation, 91 %, 39640 MiB, 49140 MiB, 299.19 W, 78
2026/08/28 08:55:35.559, 1, NVIDIA RTX 6000 Ada Generation, 91 %, 39270 MiB, 49140 MiB, 298.67 W, 84
2026/08/28 08:55:35.559, 2, NVIDIA RTX 6000 Ada Generation, 88 %, 39648 MiB, 49140 MiB, 291.03 W, 77
2026/08/28 08:55:35.559, 3, NVIDIA RTX 6000 Ada Generation, 84 %, 39386 MiB, 49140 MiB, 275.35 W, 79
2026/08/28 08:55:45.560, 0, NVIDIA RTX 6000 Ada Generation, 91 %, 39640 MiB, 49140 MiB, 284.58 W, 78
2026/08/28 08:55:45.561, 1, NVIDIA RTX 6000 Ada Generation, 90 %, 39270 MiB, 49140 MiB, 292.01 W, 84
2026/08/28 08:55:45.561, 2, NVIDIA RTX 6000 Ada Generation, 86 %, 39648 MiB, 49140 MiB, 283.84 W, 78
2026/08/28 08:55:45.561, 3, NVIDIA RTX 6000 Ada Generation, 88 %, 39386 MiB, 49140 MiB, 297.50 W, 80
2026/08/28 08:55:55.562, 0, NVIDIA RTX 6000 Ada Generation, 84 %, 39640 MiB, 49140 MiB, 279.57 W, 78
2026/08/28 08:55:55.562, 1, NVIDIA RTX 6000 Ada Generation, 88 %, 39270 MiB, 49140 MiB, 277.87 W, 83
2026/08/28 08:55:55.562, 2, NVIDIA RTX 6000 Ada Generation, 81 %, 39648 MiB, 49140 MiB, 284.52 W, 77
2026/08/28 08:55:55.562, 3, NVIDIA RTX 6000 Ada Generation, 82 %, 39386 MiB, 49140 MiB, 279.95 W, 80
2026/08/28 08:56:05.563, 0, NVIDIA RTX 6000 Ada Generation, 79 %, 39640 MiB, 49140 MiB, 279.89 W, 78
2026/08/28 08:56:05.564, 1, NVIDIA RTX 6000 Ada Generation, 87 %, 39270 MiB, 49140 MiB, 277.43 W, 83
2026/08/28 08:56:05.564, 2, NVIDIA RTX 6000 Ada Generation, 82 %, 39648 MiB, 49140 MiB, 282.92 W, 78
2026/08/28 08:56:05.564, 3, NVIDIA RTX 6000 Ada Generation, 91 %, 39386 MiB, 49140 MiB, 298.84 W, 80
2026/08/28 08:56:15.815, 0, NVIDIA RTX 6000 Ada Generation, 83 %, 39640 MiB, 49140 MiB, 292.68 W, 77
2026/08/28 08:56:15.815, 1, NVIDIA RTX 6000 Ada Generation, 88 %, 39270 MiB, 49140 MiB, 298.36 W, 84
2026/08/28 08:56:15.815, 2, NVIDIA RTX 6000 Ada Generation, 87 %, 39648 MiB, 49140 MiB, 298.60 W, 77
2026/08/28 08:56:15.815, 3, NVIDIA RTX 6000 Ada Generation, 81 %, 39386 MiB, 49140 MiB, 280.94 W, 80
2026/08/28 08:56:25.816, 0, NVIDIA RTX 6000 Ada Generation, 86 %, 39640 MiB, 49140 MiB, 289.73 W, 78
2026/08/28 08:56:25.817, 1, NVIDIA RTX 6000 Ada Generation, 89 %, 39270 MiB, 49140 MiB, 298.55 W, 84
2026/08/28 08:56:25.817, 2, NVIDIA RTX 6000 Ada Generation, 86 %, 39648 MiB, 49140 MiB, 283.26 W, 77
2026/08/28 08:56:25.817, 3, NVIDIA RTX 6000 Ada Generation, 89 %, 39386 MiB, 49140 MiB, 294.12 W, 80
2026/08/28 08:56:35.818, 0, NVIDIA RTX 6000 Ada Generation, 90 %, 39640 MiB, 49140 MiB, 298.61 W, 78
2026/08/28 08:56:35.818, 1, NVIDIA RTX 6000 Ada Generation, 88 %, 39270 MiB, 49140 MiB, 298.83 W, 84
2026/08/28 08:56:35.818, 2, NVIDIA RTX 6000 Ada Generation, 88 %, 39648 MiB, 49140 MiB, 298.26 W, 78
2026/08/28 08:56:35.818, 3, NVIDIA RTX 6000 Ada Generation, 88 %, 39386 MiB, 49140 MiB, 287.87 W, 80
2026/08/28 08:56:45.819, 0, NVIDIA RTX 6000 Ada Generation, 92 %, 39640 MiB, 49140 MiB, 298.87 W, 78
2026/08/28 08:56:45.820, 1, NVIDIA RTX 6000 Ada Generation, 90 %, 39270 MiB, 49140 MiB, 299.25 W, 85
2026/08/28 08:56:45.820, 2, NVIDIA RTX 6000 Ada Generation, 90 %, 39648 MiB, 49140 MiB, 285.57 W, 77
2026/08/28 08:56:45.820, 3, NVIDIA RTX 6000 Ada Generation, 83 %, 39386 MiB, 49140 MiB, 276.98 W, 79
2026/08/28 08:56:55.821, 0, NVIDIA RTX 6000 Ada Generation, 91 %, 39640 MiB, 49140 MiB, 298.52 W, 78
2026/08/28 08:56:55.821, 1, NVIDIA RTX 6000 Ada Generation, 82 %, 39270 MiB, 49140 MiB, 274.76 W, 84
2026/08/28 08:56:55.821, 2, NVIDIA RTX 6000 Ada Generation, 88 %, 39648 MiB, 49140 MiB, 289.46 W, 77
2026/08/28 08:56:55.821, 3, NVIDIA RTX 6000 Ada Generation, 90 %, 39386 MiB, 49140 MiB, 283.92 W, 79
2026/08/28 08:57:05.822, 0, NVIDIA RTX 6000 Ada Generation, 89 %, 39640 MiB, 49140 MiB, 281.15 W, 78
2026/08/28 08:57:05.823, 1, NVIDIA RTX 6000 Ada Generation, 87 %, 39270 MiB, 49140 MiB, 280.09 W, 83
2026/08/28 08:57:05.823, 2, NVIDIA RTX 6000 Ada Generation, 81 %, 39648 MiB, 49140 MiB, 283.52 W, 77
2026/08/28 08:57:05.823, 3, NVIDIA RTX 6000 Ada Generation, 88 %, 39386 MiB, 49140 MiB, 298.80 W, 80
2026/08/28 08:57:15.824, 0, NVIDIA RTX 6000 Ada Generation, 91 %, 39640 MiB, 49140 MiB, 288.97 W, 78
2026/08/28 08:57:15.824, 1, NVIDIA RTX 6000 Ada Generation, 86 %, 39270 MiB, 49140 MiB, 279.77 W, 83
2026/08/28 08:57:15.824, 2, NVIDIA RTX 6000 Ada Generation, 80 %, 39648 MiB, 49140 MiB, 285.75 W, 77
2026/08/28 08:57:15.824, 3, NVIDIA RTX 6000 Ada Generation, 81 %, 39386 MiB, 49140 MiB, 277.26 W, 78
2026/08/28 08:57:25.825, 0, NVIDIA RTX 6000 Ada Generation, 87 %, 39640 MiB, 49140 MiB, 279.37 W, 78
2026/08/28 08:57:25.826, 1, NVIDIA RTX 6000 Ada Generation, 82 %, 39270 MiB, 49140 MiB, 281.48 W, 83
2026/08/28 08:57:25.826, 2, NVIDIA RTX 6000 Ada Generation, 92 %, 39648 MiB, 49140 MiB, 298.88 W, 78
2026/08/28 08:57:25.826, 3, NVIDIA RTX 6000 Ada Generation, 81 %, 39386 MiB, 49140 MiB, 282.93 W, 80
2026/08/28 08:57:35.827, 0, NVIDIA RTX 6000 Ada Generation, 84 %, 39640 MiB, 49140 MiB, 281.85 W, 78
2026/08/28 08:57:35.827, 1, NVIDIA RTX 6000 Ada Generation, 89 %, 39270 MiB, 49140 MiB, 283.18 W, 83
2026/08/28 08:57:35.827, 2, NVIDIA RTX 6000 Ada Generation, 85 %, 39648 MiB, 49140 MiB, 281.69 W, 78
2026/08/28 08:57:35.827, 3, NVIDIA RTX 6000 Ada Generation, 92 %, 39386 MiB, 49140 MiB, 298.42 W, 80
2026/08/28 08:57:45.829, 0, NVIDIA RTX 6000 Ada Generation, 89 %, 39640 MiB, 49140 MiB, 285.61 W, 78
2026/08/28 08:57:45.829, 1, NVIDIA RTX 6000 Ada Generation, 83 %, 39314 MiB, 49140 MiB, 292.99 W, 83
2026/08/28 08:57:45.829, 2, NVIDIA RTX 6000 Ada Generation, 90 %, 39648 MiB, 49140 MiB, 298.58 W, 78
2026/08/28 08:57:45.829, 3, NVIDIA RTX 6000 Ada Generation, 88 %, 39386 MiB, 49140 MiB, 298.31 W, 80
2026/08/28 08:57:55.830, 0, NVIDIA RTX 6000 Ada Generation, 89 %, 39640 MiB, 49140 MiB, 298.11 W, 78
2026/08/28 08:57:55.830, 1, NVIDIA RTX 6000 Ada Generation, 79 %, 39314 MiB, 49140 MiB, 288.61 W, 83
2026/08/28 08:57:55.830, 2, NVIDIA RTX 6000 Ada Generation, 89 %, 39648 MiB, 49140 MiB, 298.80 W, 78
2026/08/28 08:57:55.831, 3, NVIDIA RTX 6000 Ada Generation, 89 %, 39386 MiB, 49140 MiB, 287.90 W, 80
2026/08/28 08:58:05.832, 0, NVIDIA RTX 6000 Ada Generation, 89 %, 39640 MiB, 49140 MiB, 298.98 W, 78
2026/08/28 08:58:05.832, 1, NVIDIA RTX 6000 Ada Generation, 86 %, 39314 MiB, 49140 MiB, 277.55 W, 83
2026/08/28 08:58:05.832, 2, NVIDIA RTX 6000 Ada Generation, 88 %, 39648 MiB, 49140 MiB, 298.36 W, 78
2026/08/28 08:58:05.832, 3, NVIDIA RTX 6000 Ada Generation, 81 %, 39386 MiB, 49140 MiB, 280.75 W, 80
2026/08/28 08:58:15.833, 0, NVIDIA RTX 6000 Ada Generation, 82 %, 39640 MiB, 49140 MiB, 280.09 W, 78
2026/08/28 08:58:15.833, 1, NVIDIA RTX 6000 Ada Generation, 80 %, 39314 MiB, 49140 MiB, 275.39 W, 83
2026/08/28 08:58:15.833, 2, NVIDIA RTX 6000 Ada Generation, 89 %, 39648 MiB, 49140 MiB, 290.80 W, 78
2026/08/28 08:58:15.834, 3, NVIDIA RTX 6000 Ada Generation, 91 %, 39386 MiB, 49140 MiB, 297.99 W, 80
2026/08/28 08:58:25.835, 0, NVIDIA RTX 6000 Ada Generation, 85 %, 39640 MiB, 49140 MiB, 290.00 W, 78
2026/08/28 08:58:25.835, 1, NVIDIA RTX 6000 Ada Generation, 85 %, 39314 MiB, 49140 MiB, 276.73 W, 83
2026/08/28 08:58:25.835, 2, NVIDIA RTX 6000 Ada Generation, 87 %, 39648 MiB, 49140 MiB, 281.98 W, 77
2026/08/28 08:58:25.835, 3, NVIDIA RTX 6000 Ada Generation, 82 %, 39386 MiB, 49140 MiB, 279.58 W, 79
2026/08/28 08:58:35.836, 0, NVIDIA RTX 6000 Ada Generation, 89 %, 39640 MiB, 49140 MiB, 299.12 W, 78
2026/08/28 08:58:35.836, 1, NVIDIA RTX 6000 Ada Generation, 88 %, 39314 MiB, 49140 MiB, 298.10 W, 84
2026/08/28 08:58:35.836, 2, NVIDIA RTX 6000 Ada Generation, 77 %, 39648 MiB, 49140 MiB, 284.40 W, 77
2026/08/28 08:58:35.837, 3, NVIDIA RTX 6000 Ada Generation, 88 %, 39386 MiB, 49140 MiB, 291.96 W, 79
2026/08/28 08:58:45.838, 0, NVIDIA RTX 6000 Ada Generation, 90 %, 39640 MiB, 49140 MiB, 289.67 W, 78
2026/08/28 08:58:45.838, 1, NVIDIA RTX 6000 Ada Generation, 89 %, 39314 MiB, 49140 MiB, 280.02 W, 83
2026/08/28 08:58:45.838, 2, NVIDIA RTX 6000 Ada Generation, 88 %, 39648 MiB, 49140 MiB, 298.32 W, 78
2026/08/28 08:58:45.838, 3, NVIDIA RTX 6000 Ada Generation, 91 %, 39386 MiB, 49140 MiB, 290.75 W, 80
2026/08/28 08:58:55.839, 0, NVIDIA RTX 6000 Ada Generation, 89 %, 39640 MiB, 49140 MiB, 298.74 W, 78
2026/08/28 08:58:55.839, 1, NVIDIA RTX 6000 Ada Generation, 83 %, 39314 MiB, 49140 MiB, 279.99 W, 84
2026/08/28 08:58:55.840, 2, NVIDIA RTX 6000 Ada Generation, 83 %, 39648 MiB, 49140 MiB, 284.72 W, 77
2026/08/28 08:58:55.840, 3, NVIDIA RTX 6000 Ada Generation, 89 %, 39386 MiB, 49140 MiB, 298.38 W, 80
2026/08/28 08:59:05.841, 0, NVIDIA RTX 6000 Ada Generation, 84 %, 39640 MiB, 49140 MiB, 278.90 W, 78
2026/08/28 08:59:05.841, 1, NVIDIA RTX 6000 Ada Generation, 91 %, 39314 MiB, 49140 MiB, 298.91 W, 84
2026/08/28 08:59:05.841, 2, NVIDIA RTX 6000 Ada Generation, 88 %, 39648 MiB, 49140 MiB, 300.89 W, 80
2026/08/28 08:59:05.841, 3, NVIDIA RTX 6000 Ada Generation, 89 %, 39386 MiB, 49140 MiB, 297.67 W, 80
2026/08/28 08:59:15.842, 0, NVIDIA RTX 6000 Ada Generation, 85 %, 39640 MiB, 49140 MiB, 281.34 W, 77
2026/08/28 08:59:15.842, 1, NVIDIA RTX 6000 Ada Generation, 82 %, 39314 MiB, 49140 MiB, 276.73 W, 83
2026/08/28 08:59:15.842, 2, NVIDIA RTX 6000 Ada Generation, 81 %, 39648 MiB, 49140 MiB, 284.78 W, 77
2026/08/28 08:59:15.843, 3, NVIDIA RTX 6000 Ada Generation, 81 %, 39386 MiB, 49140 MiB, 277.21 W, 79
2026/08/28 08:59:25.844, 0, NVIDIA RTX 6000 Ada Generation, 90 %, 39640 MiB, 49140 MiB, 298.81 W, 78
2026/08/28 08:59:25.844, 1, NVIDIA RTX 6000 Ada Generation, 82 %, 39314 MiB, 49140 MiB, 276.09 W, 83
2026/08/28 08:59:25.844, 2, NVIDIA RTX 6000 Ada Generation, 89 %, 39648 MiB, 49140 MiB, 292.98 W, 78
2026/08/28 08:59:25.844, 3, NVIDIA RTX 6000 Ada Generation, 88 %, 39386 MiB, 49140 MiB, 298.20 W, 80
2026/08/28 08:59:35.845, 0, NVIDIA RTX 6000 Ada Generation, 84 %, 39640 MiB, 49140 MiB, 277.86 W, 78
2026/08/28 08:59:35.845, 1, NVIDIA RTX 6000 Ada Generation, 85 %, 39314 MiB, 49140 MiB, 277.67 W, 83
2026/08/28 08:59:35.845, 2, NVIDIA RTX 6000 Ada Generation, 80 %, 39648 MiB, 49140 MiB, 285.65 W, 78
2026/08/28 08:59:35.845, 3, NVIDIA RTX 6000 Ada Generation, 83 %, 39386 MiB, 49140 MiB, 277.32 W, 80
2026/08/28 08:59:45.847, 0, NVIDIA RTX 6000 Ada Generation, 89 %, 39640 MiB, 49140 MiB, 298.79 W, 78
2026/08/28 08:59:45.847, 1, NVIDIA RTX 6000 Ada Generation, 92 %, 39314 MiB, 49140 MiB, 298.98 W, 84
2026/08/28 08:59:45.847, 2, NVIDIA RTX 6000 Ada Generation, 95 %, 39648 MiB, 49140 MiB, 284.98 W, 77
2026/08/28 08:59:45.847, 3, NVIDIA RTX 6000 Ada Generation, 89 %, 39386 MiB, 49140 MiB, 298.54 W, 80
2026/08/28 08:59:55.848, 0, NVIDIA RTX 6000 Ada Generation, 89 %, 39640 MiB, 49140 MiB, 280.47 W, 76
2026/08/28 08:59:55.848, 1, NVIDIA RTX 6000 Ada Generation, 79 %, 39314 MiB, 49140 MiB, 276.84 W, 83
2026/08/28 08:59:55.848, 2, NVIDIA RTX 6000 Ada Generation, 89 %, 39648 MiB, 49140 MiB, 298.73 W, 77
2026/08/28 08:59:55.848, 3, NVIDIA RTX 6000 Ada Generation, 89 %, 39386 MiB, 49140 MiB, 298.24 W, 81
2026/08/28 09:00:05.849, 0, NVIDIA RTX 6000 Ada Generation, 86 %, 39640 MiB, 49140 MiB, 279.30 W, 78
2026/08/28 09:00:05.850, 1, NVIDIA RTX 6000 Ada Generation, 89 %, 39314 MiB, 49140 MiB, 298.09 W, 84
2026/08/28 09:00:05.850, 2, NVIDIA RTX 6000 Ada Generation, 83 %, 39648 MiB, 49140 MiB, 286.50 W, 77
2026/08/28 09:00:05.850, 3, NVIDIA RTX 6000 Ada Generation, 89 %, 39386 MiB, 49140 MiB, 299.09 W, 81
2026/08/28 09:00:15.851, 0, NVIDIA RTX 6000 Ada Generation, 88 %, 39640 MiB, 49140 MiB, 298.90 W, 78
2026/08/28 09:00:15.851, 1, NVIDIA RTX 6000 Ada Generation, 90 %, 39314 MiB, 49140 MiB, 298.71 W, 84
2026/08/28 09:00:15.851, 2, NVIDIA RTX 6000 Ada Generation, 90 %, 39648 MiB, 49140 MiB, 298.52 W, 78
2026/08/28 09:00:15.851, 3, NVIDIA RTX 6000 Ada Generation, 89 %, 39386 MiB, 49140 MiB, 298.48 W, 81
2026/08/28 09:00:25.852, 0, NVIDIA RTX 6000 Ada Generation, 89 %, 39640 MiB, 49140 MiB, 298.75 W, 78
2026/08/28 09:00:25.853, 1, NVIDIA RTX 6000 Ada Generation, 92 %, 39314 MiB, 49140 MiB, 298.65 W, 84
2026/08/28 09:00:25.853, 2, NVIDIA RTX 6000 Ada Generation, 82 %, 39648 MiB, 49140 MiB, 286.62 W, 77
2026/08/28 09:00:25.853, 3, NVIDIA RTX 6000 Ada Generation, 92 %, 39386 MiB, 49140 MiB, 299.03 W, 81
2026/08/28 09:00:35.854, 0, NVIDIA RTX 6000 Ada Generation, 89 %, 39640 MiB, 49140 MiB, 283.09 W, 78
2026/08/28 09:00:35.854, 1, NVIDIA RTX 6000 Ada Generation, 89 %, 39314 MiB, 49140 MiB, 279.88 W, 83
2026/08/28 09:00:35.854, 2, NVIDIA RTX 6000 Ada Generation, 88 %, 39648 MiB, 49140 MiB, 298.79 W, 78
2026/08/28 09:00:35.854, 3, NVIDIA RTX 6000 Ada Generation, 87 %, 39386 MiB, 49140 MiB, 276.81 W, 80
2026/08/28 09:00:45.856, 0, NVIDIA RTX 6000 Ada Generation, 90 %, 39640 MiB, 49140 MiB, 298.65 W, 78
2026/08/28 09:00:45.856, 1, NVIDIA RTX 6000 Ada Generation, 86 %, 39314 MiB, 49140 MiB, 277.17 W, 83
2026/08/28 09:00:45.856, 2, NVIDIA RTX 6000 Ada Generation, 88 %, 39648 MiB, 49140 MiB, 298.26 W, 78
2026/08/28 09:00:45.856, 3, NVIDIA RTX 6000 Ada Generation, 85 %, 39386 MiB, 49140 MiB, 278.41 W, 79
2026/08/28 09:00:55.857, 0, NVIDIA RTX 6000 Ada Generation, 82 %, 39640 MiB, 49140 MiB, 279.79 W, 78
2026/08/28 09:00:55.857, 1, NVIDIA RTX 6000 Ada Generation, 91 %, 39314 MiB, 49140 MiB, 298.54 W, 84
2026/08/28 09:00:55.857, 2, NVIDIA RTX 6000 Ada Generation, 87 %, 39648 MiB, 49140 MiB, 281.03 W, 78
2026/08/28 09:00:55.857, 3, NVIDIA RTX 6000 Ada Generation, 82 %, 39386 MiB, 49140 MiB, 280.28 W, 79
2026/08/28 09:01:05.859, 0, NVIDIA RTX 6000 Ada Generation, 88 %, 39640 MiB, 49140 MiB, 298.32 W, 78
2026/08/28 09:01:05.859, 1, NVIDIA RTX 6000 Ada Generation, 88 %, 39314 MiB, 49140 MiB, 298.72 W, 84
2026/08/28 09:01:05.859, 2, NVIDIA RTX 6000 Ada Generation, 88 %, 39648 MiB, 49140 MiB, 282.08 W, 78
2026/08/28 09:01:05.859, 3, NVIDIA RTX 6000 Ada Generation, 81 %, 39386 MiB, 49140 MiB, 281.50 W, 79
2026/08/28 09:01:15.860, 0, NVIDIA RTX 6000 Ada Generation, 80 %, 39640 MiB, 49140 MiB, 281.93 W, 78
2026/08/28 09:01:15.860, 1, NVIDIA RTX 6000 Ada Generation, 88 %, 39314 MiB, 49140 MiB, 279.18 W, 83
2026/08/28 09:01:15.860, 2, NVIDIA RTX 6000 Ada Generation, 82 %, 39648 MiB, 49140 MiB, 285.34 W, 77
2026/08/28 09:01:15.861, 3, NVIDIA RTX 6000 Ada Generation, 85 %, 39386 MiB, 49140 MiB, 281.62 W, 80
2026/08/28 09:01:25.862, 0, NVIDIA RTX 6000 Ada Generation, 83 %, 39640 MiB, 49140 MiB, 281.68 W, 78
2026/08/28 09:01:25.862, 1, NVIDIA RTX 6000 Ada Generation, 85 %, 39314 MiB, 49140 MiB, 281.37 W, 83
2026/08/28 09:01:25.862, 2, NVIDIA RTX 6000 Ada Generation, 89 %, 39648 MiB, 49140 MiB, 298.33 W, 78
2026/08/28 09:01:25.862, 3, NVIDIA RTX 6000 Ada Generation, 95 %, 39386 MiB, 49140 MiB, 282.87 W, 80
2026/08/28 09:01:35.863, 0, NVIDIA RTX 6000 Ada Generation, 92 %, 39640 MiB, 49140 MiB, 298.64 W, 78
2026/08/28 09:01:35.863, 1, NVIDIA RTX 6000 Ada Generation, 86 %, 39314 MiB, 49140 MiB, 279.09 W, 83
2026/08/28 09:01:35.863, 2, NVIDIA RTX 6000 Ada Generation, 81 %, 39648 MiB, 49140 MiB, 287.30 W, 77
2026/08/28 09:01:35.863, 3, NVIDIA RTX 6000 Ada Generation, 89 %, 39386 MiB, 49140 MiB, 298.01 W, 80
2026/08/28 09:01:45.865, 0, NVIDIA RTX 6000 Ada Generation, 83 %, 39640 MiB, 49140 MiB, 286.82 W, 78
2026/08/28 09:01:45.865, 1, NVIDIA RTX 6000 Ada Generation, 80 %, 39314 MiB, 49140 MiB, 275.39 W, 83
2026/08/28 09:01:45.865, 2, NVIDIA RTX 6000 Ada Generation, 88 %, 39648 MiB, 49140 MiB, 284.04 W, 77
2026/08/28 09:01:45.865, 3, NVIDIA RTX 6000 Ada Generation, 89 %, 39386 MiB, 49140 MiB, 298.48 W, 80
2026/08/28 09:01:55.866, 0, NVIDIA RTX 6000 Ada Generation, 87 %, 39640 MiB, 49140 MiB, 280.38 W, 78
2026/08/28 09:01:55.866, 1, NVIDIA RTX 6000 Ada Generation, 80 %, 39314 MiB, 49140 MiB, 274.11 W, 83
2026/08/28 09:01:55.866, 2, NVIDIA RTX 6000 Ada Generation, 88 %, 39648 MiB, 49140 MiB, 298.07 W, 78
2026/08/28 09:01:55.867, 3, NVIDIA RTX 6000 Ada Generation, 79 %, 39386 MiB, 49140 MiB, 276.89 W, 79
2026/08/28 09:02:05.868, 0, NVIDIA RTX 6000 Ada Generation, 91 %, 39640 MiB, 49140 MiB, 299.35 W, 78
2026/08/28 09:02:05.868, 1, NVIDIA RTX 6000 Ada Generation, 91 %, 39314 MiB, 49140 MiB, 298.52 W, 83
2026/08/28 09:02:05.868, 2, NVIDIA RTX 6000 Ada Generation, 78 %, 39648 MiB, 49140 MiB, 283.24 W, 77
2026/08/28 09:02:05.868, 3, NVIDIA RTX 6000 Ada Generation, 89 %, 39386 MiB, 49140 MiB, 298.54 W, 80
2026/08/28 09:02:15.869, 0, NVIDIA RTX 6000 Ada Generation, 79 %, 39640 MiB, 49140 MiB, 289.35 W, 78
2026/08/28 09:02:15.869, 1, NVIDIA RTX 6000 Ada Generation, 79 %, 39314 MiB, 49140 MiB, 275.38 W, 83
2026/08/28 09:02:15.870, 2, NVIDIA RTX 6000 Ada Generation, 88 %, 39648 MiB, 49140 MiB, 298.33 W, 78
2026/08/28 09:02:15.870, 3, NVIDIA RTX 6000 Ada Generation, 91 %, 39386 MiB, 49140 MiB, 298.97 W, 80
2026/08/28 09:02:25.871, 0, NVIDIA RTX 6000 Ada Generation, 87 %, 39640 MiB, 49140 MiB, 280.63 W, 78
2026/08/28 09:02:25.871, 1, NVIDIA RTX 6000 Ada Generation, 90 %, 39314 MiB, 49140 MiB, 298.70 W, 84
2026/08/28 09:02:25.871, 2, NVIDIA RTX 6000 Ada Generation, 84 %, 39648 MiB, 49140 MiB, 287.64 W, 77
2026/08/28 09:02:25.871, 3, NVIDIA RTX 6000 Ada Generation, 80 %, 39386 MiB, 49140 MiB, 279.51 W, 80
2026/08/28 09:02:35.872, 0, NVIDIA RTX 6000 Ada Generation, 83 %, 39640 MiB, 49140 MiB, 280.83 W, 78
2026/08/28 09:02:35.872, 1, NVIDIA RTX 6000 Ada Generation, 80 %, 39314 MiB, 49140 MiB, 276.89 W, 83
2026/08/28 09:02:35.873, 2, NVIDIA RTX 6000 Ada Generation, 82 %, 39648 MiB, 49140 MiB, 286.91 W, 77
2026/08/28 09:02:35.873, 3, NVIDIA RTX 6000 Ada Generation, 89 %, 39386 MiB, 49140 MiB, 298.82 W, 81
2026/08/28 09:02:45.874, 0, NVIDIA RTX 6000 Ada Generation, 91 %, 39640 MiB, 49140 MiB, 298.98 W, 78
2026/08/28 09:02:45.874, 1, NVIDIA RTX 6000 Ada Generation, 85 %, 39314 MiB, 49140 MiB, 280.46 W, 83
2026/08/28 09:02:45.874, 2, NVIDIA RTX 6000 Ada Generation, 88 %, 39648 MiB, 49140 MiB, 297.91 W, 78
2026/08/28 09:02:45.874, 3, NVIDIA RTX 6000 Ada Generation, 91 %, 39386 MiB, 49140 MiB, 298.98 W, 81
2026/08/28 09:02:55.875, 0, NVIDIA RTX 6000 Ada Generation, 82 %, 39640 MiB, 49140 MiB, 278.49 W, 78
2026/08/28 09:02:55.875, 1, NVIDIA RTX 6000 Ada Generation, 81 %, 39314 MiB, 49140 MiB, 275.90 W, 83
2026/08/28 09:02:55.876, 2, NVIDIA RTX 6000 Ada Generation, 82 %, 39648 MiB, 49140 MiB, 282.49 W, 77
2026/08/28 09:02:55.876, 3, NVIDIA RTX 6000 Ada Generation, 79 %, 39386 MiB, 49140 MiB, 279.78 W, 80
2026/08/28 09:03:05.877, 0, NVIDIA RTX 6000 Ada Generation, 89 %, 39640 MiB, 49140 MiB, 298.10 W, 78
2026/08/28 09:03:05.877, 1, NVIDIA RTX 6000 Ada Generation, 88 %, 39314 MiB, 49140 MiB, 298.16 W, 84
2026/08/28 09:03:05.877, 2, NVIDIA RTX 6000 Ada Generation, 84 %, 39648 MiB, 49140 MiB, 283.44 W, 78
2026/08/28 09:03:05.877, 3, NVIDIA RTX 6000 Ada Generation, 89 %, 39386 MiB, 49140 MiB, 298.04 W, 81
2026/08/28 09:03:15.878, 0, NVIDIA RTX 6000 Ada Generation, 91 %, 39640 MiB, 49140 MiB, 298.85 W, 78
2026/08/28 09:03:15.879, 1, NVIDIA RTX 6000 Ada Generation, 83 %, 39314 MiB, 49140 MiB, 276.42 W, 83
2026/08/28 09:03:15.879, 2, NVIDIA RTX 6000 Ada Generation, 91 %, 39648 MiB, 49140 MiB, 298.40 W, 78
2026/08/28 09:03:15.879, 3, NVIDIA RTX 6000 Ada Generation, 85 %, 39386 MiB, 49140 MiB, 277.60 W, 80
2026/08/28 09:03:25.880, 0, NVIDIA RTX 6000 Ada Generation, 81 %, 39640 MiB, 49140 MiB, 279.90 W, 78
2026/08/28 09:03:25.880, 1, NVIDIA RTX 6000 Ada Generation, 92 %, 39314 MiB, 49140 MiB, 299.13 W, 84
2026/08/28 09:03:25.880, 2, NVIDIA RTX 6000 Ada Generation, 79 %, 39648 MiB, 49140 MiB, 274.62 W, 77
2026/08/28 09:03:25.880, 3, NVIDIA RTX 6000 Ada Generation, 85 %, 39386 MiB, 49140 MiB, 280.05 W, 80
2026/08/28 09:03:35.881, 0, NVIDIA RTX 6000 Ada Generation, 79 %, 39640 MiB, 49140 MiB, 280.65 W, 77
2026/08/28 09:03:35.882, 1, NVIDIA RTX 6000 Ada Generation, 89 %, 39314 MiB, 49140 MiB, 298.63 W, 84
2026/08/28 09:03:35.882, 2, NVIDIA RTX 6000 Ada Generation, 87 %, 39648 MiB, 49140 MiB, 298.31 W, 78
2026/08/28 09:03:35.882, 3, NVIDIA RTX 6000 Ada Generation, 89 %, 39386 MiB, 49140 MiB, 298.11 W, 80
2026/08/28 09:03:45.883, 0, NVIDIA RTX 6000 Ada Generation, 88 %, 39640 MiB, 49140 MiB, 298.93 W, 78
2026/08/28 09:03:45.883, 1, NVIDIA RTX 6000 Ada Generation, 88 %, 39314 MiB, 49140 MiB, 278.49 W, 83
2026/08/28 09:03:45.883, 2, NVIDIA RTX 6000 Ada Generation, 83 %, 39648 MiB, 49140 MiB, 283.17 W, 77
2026/08/28 09:03:45.883, 3, NVIDIA RTX 6000 Ada Generation, 84 %, 39386 MiB, 49140 MiB, 277.59 W, 80
2026/08/28 09:03:55.884, 0, NVIDIA RTX 6000 Ada Generation, 90 %, 39640 MiB, 49140 MiB, 298.59 W, 78
2026/08/28 09:03:55.885, 1, NVIDIA RTX 6000 Ada Generation, 88 %, 39314 MiB, 49140 MiB, 298.57 W, 83
2026/08/28 09:03:55.885, 2, NVIDIA RTX 6000 Ada Generation, 91 %, 39648 MiB, 49140 MiB, 298.64 W, 78
2026/08/28 09:03:55.885, 3, NVIDIA RTX 6000 Ada Generation, 91 %, 39386 MiB, 49140 MiB, 297.42 W, 80
2026/08/28 09:04:05.886, 0, NVIDIA RTX 6000 Ada Generation, 79 %, 39640 MiB, 49140 MiB, 280.65 W, 78
2026/08/28 09:04:05.886, 1, NVIDIA RTX 6000 Ada Generation, 91 %, 39314 MiB, 49140 MiB, 277.46 W, 82
2026/08/28 09:04:05.886, 2, NVIDIA RTX 6000 Ada Generation, 89 %, 39648 MiB, 49140 MiB, 298.76 W, 78
2026/08/28 09:04:05.886, 3, NVIDIA RTX 6000 Ada Generation, 88 %, 39386 MiB, 49140 MiB, 297.42 W, 80
2026/08/28 09:04:15.887, 0, NVIDIA RTX 6000 Ada Generation, 84 %, 39640 MiB, 49140 MiB, 278.42 W, 78
2026/08/28 09:04:15.888, 1, NVIDIA RTX 6000 Ada Generation, 80 %, 39314 MiB, 49140 MiB, 275.17 W, 83
2026/08/28 09:04:15.888, 2, NVIDIA RTX 6000 Ada Generation, 85 %, 39648 MiB, 49140 MiB, 283.54 W, 78
2026/08/28 09:04:15.888, 3, NVIDIA RTX 6000 Ada Generation, 90 %, 39386 MiB, 49140 MiB, 297.92 W, 80
2026/08/28 09:04:25.889, 0, NVIDIA RTX 6000 Ada Generation, 92 %, 39640 MiB, 49140 MiB, 298.80 W, 78
2026/08/28 09:04:25.889, 1, NVIDIA RTX 6000 Ada Generation, 80 %, 39314 MiB, 49140 MiB, 275.26 W, 83
2026/08/28 09:04:25.889, 2, NVIDIA RTX 6000 Ada Generation, 92 %, 39648 MiB, 49140 MiB, 298.58 W, 78
2026/08/28 09:04:25.889, 3, NVIDIA RTX 6000 Ada Generation, 79 %, 39386 MiB, 49140 MiB, 277.39 W, 79
2026/08/28 09:04:35.890, 0, NVIDIA RTX 6000 Ada Generation, 88 %, 39640 MiB, 49140 MiB, 298.54 W, 79
2026/08/28 09:04:35.891, 1, NVIDIA RTX 6000 Ada Generation, 83 %, 39314 MiB, 49140 MiB, 276.74 W, 84
2026/08/28 09:04:35.891, 2, NVIDIA RTX 6000 Ada Generation, 86 %, 39648 MiB, 49140 MiB, 284.54 W, 78
2026/08/28 09:04:35.891, 3, NVIDIA RTX 6000 Ada Generation, 83 %, 39410 MiB, 49140 MiB, 276.23 W, 79
2026/08/28 09:04:45.892, 0, NVIDIA RTX 6000 Ada Generation, 87 %, 39640 MiB, 49140 MiB, 278.61 W, 77
2026/08/28 09:04:45.892, 1, NVIDIA RTX 6000 Ada Generation, 89 %, 39314 MiB, 49140 MiB, 284.68 W, 84
2026/08/28 09:04:45.892, 2, NVIDIA RTX 6000 Ada Generation, 88 %, 39648 MiB, 49140 MiB, 293.61 W, 78
2026/08/28 09:04:45.892, 3, NVIDIA RTX 6000 Ada Generation, 90 %, 39410 MiB, 49140 MiB, 299.00 W, 80
2026/08/28 09:04:55.893, 0, NVIDIA RTX 6000 Ada Generation, 80 %, 39640 MiB, 49140 MiB, 279.51 W, 78
2026/08/28 09:04:55.894, 1, NVIDIA RTX 6000 Ada Generation, 91 %, 39314 MiB, 49140 MiB, 295.71 W, 84
2026/08/28 09:04:55.894, 2, NVIDIA RTX 6000 Ada Generation, 89 %, 39648 MiB, 49140 MiB, 298.38 W, 78
2026/08/28 09:04:55.894, 3, NVIDIA RTX 6000 Ada Generation, 90 %, 39410 MiB, 49140 MiB, 298.03 W, 80
2026/08/28 09:05:05.895, 0, NVIDIA RTX 6000 Ada Generation, 91 %, 39640 MiB, 49140 MiB, 298.65 W, 78
2026/08/28 09:05:05.895, 1, NVIDIA RTX 6000 Ada Generation, 90 %, 39314 MiB, 49140 MiB, 298.48 W, 84
2026/08/28 09:05:05.895, 2, NVIDIA RTX 6000 Ada Generation, 83 %, 39648 MiB, 49140 MiB, 290.26 W, 77
2026/08/28 09:05:05.895, 3, NVIDIA RTX 6000 Ada Generation, 86 %, 39410 MiB, 49140 MiB, 275.00 W, 80
2026/08/28 09:05:15.897, 0, NVIDIA RTX 6000 Ada Generation, 84 %, 39640 MiB, 49140 MiB, 281.56 W, 78
2026/08/28 09:05:15.897, 1, NVIDIA RTX 6000 Ada Generation, 83 %, 39314 MiB, 49140 MiB, 277.45 W, 83
2026/08/28 09:05:15.897, 2, NVIDIA RTX 6000 Ada Generation, 89 %, 39648 MiB, 49140 MiB, 298.96 W, 78
2026/08/28 09:05:15.897, 3, NVIDIA RTX 6000 Ada Generation, 89 %, 39410 MiB, 49140 MiB, 301.02 W, 81
2026/08/28 09:05:25.898, 0, NVIDIA RTX 6000 Ada Generation, 91 %, 39640 MiB, 49140 MiB, 299.09 W, 78
2026/08/28 09:05:25.899, 1, NVIDIA RTX 6000 Ada Generation, 82 %, 39314 MiB, 49140 MiB, 276.66 W, 83
2026/08/28 09:05:25.899, 2, NVIDIA RTX 6000 Ada Generation, 85 %, 39648 MiB, 49140 MiB, 283.23 W, 77
2026/08/28 09:05:25.899, 3, NVIDIA RTX 6000 Ada Generation, 82 %, 39410 MiB, 49140 MiB, 279.39 W, 79
2026/08/28 09:05:35.900, 0, NVIDIA RTX 6000 Ada Generation, 88 %, 39640 MiB, 49140 MiB, 298.27 W, 78
2026/08/28 09:05:35.900, 1, NVIDIA RTX 6000 Ada Generation, 88 %, 39314 MiB, 49140 MiB, 288.18 W, 83
2026/08/28 09:05:35.900, 2, NVIDIA RTX 6000 Ada Generation, 88 %, 39648 MiB, 49140 MiB, 298.42 W, 78
2026/08/28 09:05:35.900, 3, NVIDIA RTX 6000 Ada Generation, 88 %, 39410 MiB, 49140 MiB, 298.12 W, 80
2026/08/28 09:05:45.901, 0, NVIDIA RTX 6000 Ada Generation, 86 %, 39640 MiB, 49140 MiB, 280.46 W, 77
2026/08/28 09:05:45.902, 1, NVIDIA RTX 6000 Ada Generation, 88 %, 39314 MiB, 49140 MiB, 298.62 W, 84
2026/08/28 09:05:45.902, 2, NVIDIA RTX 6000 Ada Generation, 88 %, 39648 MiB, 49140 MiB, 282.50 W, 77
2026/08/28 09:05:45.902, 3, NVIDIA RTX 6000 Ada Generation, 89 %, 39410 MiB, 49140 MiB, 298.20 W, 80
2026/08/28 09:05:55.903, 0, NVIDIA RTX 6000 Ada Generation, 91 %, 39640 MiB, 49140 MiB, 285.87 W, 78
2026/08/28 09:05:55.903, 1, NVIDIA RTX 6000 Ada Generation, 83 %, 39314 MiB, 49140 MiB, 275.94 W, 83
2026/08/28 09:05:55.903, 2, NVIDIA RTX 6000 Ada Generation, 90 %, 39648 MiB, 49140 MiB, 298.88 W, 78
2026/08/28 09:05:55.904, 3, NVIDIA RTX 6000 Ada Generation, 90 %, 39410 MiB, 49140 MiB, 286.84 W, 80
2026/08/28 09:06:05.905, 0, NVIDIA RTX 6000 Ada Generation, 87 %, 39640 MiB, 49140 MiB, 281.30 W, 78
2026/08/28 09:06:05.905, 1, NVIDIA RTX 6000 Ada Generation, 88 %, 39314 MiB, 49140 MiB, 294.30 W, 83
2026/08/28 09:06:05.905, 2, NVIDIA RTX 6000 Ada Generation, 86 %, 39648 MiB, 49140 MiB, 285.98 W, 78
2026/08/28 09:06:05.905, 3, NVIDIA RTX 6000 Ada Generation, 91 %, 39410 MiB, 49140 MiB, 298.70 W, 80
2026/08/28 09:06:15.906, 0, NVIDIA RTX 6000 Ada Generation, 88 %, 39640 MiB, 49140 MiB, 298.37 W, 78
2026/08/28 09:06:15.907, 1, NVIDIA RTX 6000 Ada Generation, 86 %, 39314 MiB, 49140 MiB, 275.92 W, 83
2026/08/28 09:06:15.907, 2, NVIDIA RTX 6000 Ada Generation, 78 %, 39648 MiB, 49140 MiB, 283.45 W, 77
2026/08/28 09:06:15.907, 3, NVIDIA RTX 6000 Ada Generation, 88 %, 39410 MiB, 49140 MiB, 297.47 W, 81
2026/08/28 09:06:25.908, 0, NVIDIA RTX 6000 Ada Generation, 86 %, 39640 MiB, 49140 MiB, 287.15 W, 78
2026/08/28 09:06:25.908, 1, NVIDIA RTX 6000 Ada Generation, 87 %, 39314 MiB, 49140 MiB, 275.95 W, 83
2026/08/28 09:06:25.908, 2, NVIDIA RTX 6000 Ada Generation, 90 %, 39648 MiB, 49140 MiB, 298.39 W, 78
2026/08/28 09:06:25.908, 3, NVIDIA RTX 6000 Ada Generation, 94 %, 39410 MiB, 49140 MiB, 299.06 W, 81
2026/08/28 09:06:35.910, 0, NVIDIA RTX 6000 Ada Generation, 84 %, 39640 MiB, 49140 MiB, 282.87 W, 78
2026/08/28 09:06:35.910, 1, NVIDIA RTX 6000 Ada Generation, 88 %, 39314 MiB, 49140 MiB, 298.37 W, 83
2026/08/28 09:06:35.910, 2, NVIDIA RTX 6000 Ada Generation, 85 %, 39648 MiB, 49140 MiB, 288.34 W, 77
2026/08/28 09:06:35.910, 3, NVIDIA RTX 6000 Ada Generation, 90 %, 39410 MiB, 49140 MiB, 298.95 W, 81
2026/08/28 09:06:45.911, 0, NVIDIA RTX 6000 Ada Generation, 90 %, 39640 MiB, 49140 MiB, 287.40 W, 78
2026/08/28 09:06:45.911, 1, NVIDIA RTX 6000 Ada Generation, 91 %, 39314 MiB, 49140 MiB, 298.67 W, 83
2026/08/28 09:06:45.911, 2, NVIDIA RTX 6000 Ada Generation, 92 %, 39648 MiB, 49140 MiB, 298.91 W, 78
2026/08/28 09:06:45.911, 3, NVIDIA RTX 6000 Ada Generation, 87 %, 39410 MiB, 49140 MiB, 278.26 W, 80
2026/08/28 09:06:55.913, 0, NVIDIA RTX 6000 Ada Generation, 92 %, 39640 MiB, 49140 MiB, 298.26 W, 78
2026/08/28 09:06:55.913, 1, NVIDIA RTX 6000 Ada Generation, 88 %, 39314 MiB, 49140 MiB, 298.17 W, 84
2026/08/28 09:06:55.913, 2, NVIDIA RTX 6000 Ada Generation, 88 %, 39648 MiB, 49140 MiB, 298.61 W, 78
2026/08/28 09:06:55.913, 3, NVIDIA RTX 6000 Ada Generation, 85 %, 39410 MiB, 49140 MiB, 279.25 W, 80
2026/08/28 09:07:05.914, 0, NVIDIA RTX 6000 Ada Generation, 89 %, 39640 MiB, 49140 MiB, 298.83 W, 78
2026/08/28 09:07:05.914, 1, NVIDIA RTX 6000 Ada Generation, 82 %, 39314 MiB, 49140 MiB, 278.38 W, 83
2026/08/28 09:07:05.914, 2, NVIDIA RTX 6000 Ada Generation, 85 %, 39648 MiB, 49140 MiB, 282.58 W, 77
2026/08/28 09:07:05.915, 3, NVIDIA RTX 6000 Ada Generation, 83 %, 39410 MiB, 49140 MiB, 281.61 W, 79
2026/08/28 09:07:15.916, 0, NVIDIA RTX 6000 Ada Generation, 89 %, 39640 MiB, 49140 MiB, 298.67 W, 79
2026/08/28 09:07:15.916, 1, NVIDIA RTX 6000 Ada Generation, 91 %, 39314 MiB, 49140 MiB, 284.72 W, 83
2026/08/28 09:07:15.916, 2, NVIDIA RTX 6000 Ada Generation, 84 %, 39648 MiB, 49140 MiB, 283.78 W, 77
2026/08/28 09:07:15.916, 3, NVIDIA RTX 6000 Ada Generation, 90 %, 39410 MiB, 49140 MiB, 297.80 W, 80
2026/08/28 09:07:25.917, 0, NVIDIA RTX 6000 Ada Generation, 90 %, 39640 MiB, 49140 MiB, 292.37 W, 78
2026/08/28 09:07:25.917, 1, NVIDIA RTX 6000 Ada Generation, 79 %, 39314 MiB, 49140 MiB, 278.30 W, 83
2026/08/28 09:07:25.917, 2, NVIDIA RTX 6000 Ada Generation, 85 %, 39648 MiB, 49140 MiB, 286.09 W, 77
2026/08/28 09:07:25.918, 3, NVIDIA RTX 6000 Ada Generation, 93 %, 39410 MiB, 49140 MiB, 298.55 W, 80
2026/08/28 09:07:35.919, 0, NVIDIA RTX 6000 Ada Generation, 87 %, 39640 MiB, 49140 MiB, 282.17 W, 78
2026/08/28 09:07:35.965, 1, NVIDIA RTX 6000 Ada Generation, 88 %, 39314 MiB, 49140 MiB, 298.13 W, 84
2026/08/28 09:07:35.965, 2, NVIDIA RTX 6000 Ada Generation, 90 %, 39648 MiB, 49140 MiB, 298.58 W, 78
2026/08/28 09:07:35.965, 3, NVIDIA RTX 6000 Ada Generation, 88 %, 39410 MiB, 49140 MiB, 298.45 W, 81
2026/08/28 09:07:45.966, 0, NVIDIA RTX 6000 Ada Generation, 91 %, 39640 MiB, 49140 MiB, 298.55 W, 79
2026/08/28 09:07:45.967, 1, NVIDIA RTX 6000 Ada Generation, 80 %, 39314 MiB, 49140 MiB, 276.76 W, 83
2026/08/28 09:07:45.967, 2, NVIDIA RTX 6000 Ada Generation, 90 %, 39648 MiB, 49140 MiB, 298.47 W, 78
2026/08/28 09:07:45.967, 3, NVIDIA RTX 6000 Ada Generation, 78 %, 39410 MiB, 49140 MiB, 278.79 W, 80
2026/08/28 09:07:55.968, 0, NVIDIA RTX 6000 Ada Generation, 89 %, 39640 MiB, 49140 MiB, 298.92 W, 79
2026/08/28 09:07:55.968, 1, NVIDIA RTX 6000 Ada Generation, 88 %, 39314 MiB, 49140 MiB, 298.67 W, 84
2026/08/28 09:07:55.968, 2, NVIDIA RTX 6000 Ada Generation, 89 %, 39648 MiB, 49140 MiB, 298.52 W, 78
2026/08/28 09:07:55.968, 3, NVIDIA RTX 6000 Ada Generation, 86 %, 39410 MiB, 49140 MiB, 277.02 W, 80
2026/08/28 09:08:05.970, 0, NVIDIA RTX 6000 Ada Generation, 95 %, 39640 MiB, 49140 MiB, 302.39 W, 79
2026/08/28 09:08:05.970, 1, NVIDIA RTX 6000 Ada Generation, 88 %, 39314 MiB, 49140 MiB, 298.30 W, 84
2026/08/28 09:08:05.970, 2, NVIDIA RTX 6000 Ada Generation, 90 %, 39648 MiB, 49140 MiB, 298.39 W, 78
2026/08/28 09:08:05.970, 3, NVIDIA RTX 6000 Ada Generation, 83 %, 39410 MiB, 49140 MiB, 280.49 W, 79
2026/08/28 09:08:15.971, 0, NVIDIA RTX 6000 Ada Generation, 89 %, 39640 MiB, 49140 MiB, 298.58 W, 78
2026/08/28 09:08:15.971, 1, NVIDIA RTX 6000 Ada Generation, 83 %, 39314 MiB, 49140 MiB, 277.05 W, 83
2026/08/28 09:08:15.971, 2, NVIDIA RTX 6000 Ada Generation, 0 %, 39656 MiB, 49140 MiB, 165.10 W, 74
2026/08/28 09:08:15.971, 3, NVIDIA RTX 6000 Ada Generation, 91 %, 39410 MiB, 49140 MiB, 298.42 W, 80
2026/08/28 09:08:25.972, 0, NVIDIA RTX 6000 Ada Generation, 85 %, 39640 MiB, 49140 MiB, 278.60 W, 78
2026/08/28 09:08:25.973, 1, NVIDIA RTX 6000 Ada Generation, 88 %, 39314 MiB, 49140 MiB, 278.11 W, 83
2026/08/28 09:08:25.973, 2, NVIDIA RTX 6000 Ada Generation, 0 %, 39656 MiB, 49140 MiB, 99.50 W, 68
2026/08/28 09:08:25.973, 3, NVIDIA RTX 6000 Ada Generation, 89 %, 39410 MiB, 49140 MiB, 298.58 W, 80
2026/08/28 09:08:35.974, 0, NVIDIA RTX 6000 Ada Generation, 90 %, 39640 MiB, 49140 MiB, 298.69 W, 79
2026/08/28 09:08:35.974, 1, NVIDIA RTX 6000 Ada Generation, 87 %, 39314 MiB, 49140 MiB, 278.94 W, 83
2026/08/28 09:08:35.974, 2, NVIDIA RTX 6000 Ada Generation, 0 %, 39656 MiB, 49140 MiB, 39.76 W, 62
2026/08/28 09:08:35.974, 3, NVIDIA RTX 6000 Ada Generation, 81 %, 39410 MiB, 49140 MiB, 278.77 W, 79
2026/08/28 09:08:45.976, 0, NVIDIA RTX 6000 Ada Generation, 89 %, 39640 MiB, 49140 MiB, 298.78 W, 78
2026/08/28 09:08:45.976, 1, NVIDIA RTX 6000 Ada Generation, 95 %, 39314 MiB, 49140 MiB, 300.27 W, 81
2026/08/28 09:08:45.976, 2, NVIDIA RTX 6000 Ada Generation, 0 %, 39656 MiB, 49140 MiB, 35.61 W, 58
2026/08/28 09:08:45.976, 3, NVIDIA RTX 6000 Ada Generation, 81 %, 39410 MiB, 49140 MiB, 279.78 W, 79
2026/08/28 09:08:55.977, 0, NVIDIA RTX 6000 Ada Generation, 87 %, 39640 MiB, 49140 MiB, 281.46 W, 78
2026/08/28 09:08:55.977, 1, NVIDIA RTX 6000 Ada Generation, 90 %, 39314 MiB, 49140 MiB, 298.08 W, 85
2026/08/28 09:08:55.977, 2, NVIDIA RTX 6000 Ada Generation, 0 %, 39656 MiB, 49140 MiB, 33.08 W, 54
2026/08/28 09:08:55.977, 3, NVIDIA RTX 6000 Ada Generation, 84 %, 39410 MiB, 49140 MiB, 274.53 W, 79
2026/08/28 09:09:05.979, 0, NVIDIA RTX 6000 Ada Generation, 88 %, 39640 MiB, 49140 MiB, 298.43 W, 78
2026/08/28 09:09:05.979, 1, NVIDIA RTX 6000 Ada Generation, 92 %, 39314 MiB, 49140 MiB, 298.83 W, 84
2026/08/28 09:09:05.979, 2, NVIDIA RTX 6000 Ada Generation, 0 %, 39656 MiB, 49140 MiB, 31.05 W, 52
2026/08/28 09:09:05.979, 3, NVIDIA RTX 6000 Ada Generation, 79 %, 39410 MiB, 49140 MiB, 277.28 W, 79
2026/08/28 09:09:15.980, 0, NVIDIA RTX 6000 Ada Generation, 88 %, 39640 MiB, 49140 MiB, 297.85 W, 78
2026/08/28 09:09:15.980, 1, NVIDIA RTX 6000 Ada Generation, 88 %, 39314 MiB, 49140 MiB, 296.26 W, 83
2026/08/28 09:09:15.980, 2, NVIDIA RTX 6000 Ada Generation, 0 %, 39656 MiB, 49140 MiB, 29.09 W, 49
2026/08/28 09:09:15.981, 3, NVIDIA RTX 6000 Ada Generation, 0 %, 39450 MiB, 49140 MiB, 108.31 W, 71
2026/08/28 09:09:25.982, 0, NVIDIA RTX 6000 Ada Generation, 91 %, 39640 MiB, 49140 MiB, 298.61 W, 78
2026/08/28 09:09:25.982, 1, NVIDIA RTX 6000 Ada Generation, 91 %, 39314 MiB, 49140 MiB, 298.62 W, 83
2026/08/28 09:09:25.982, 2, NVIDIA RTX 6000 Ada Generation, 0 %, 39656 MiB, 49140 MiB, 28.22 W, 47
2026/08/28 09:09:25.982, 3, NVIDIA RTX 6000 Ada Generation, 0 %, 39450 MiB, 49140 MiB, 110.34 W, 69
2026/08/28 09:09:35.983, 0, NVIDIA RTX 6000 Ada Generation, 91 %, 39640 MiB, 49140 MiB, 293.48 W, 80
2026/08/28 09:09:35.984, 1, NVIDIA RTX 6000 Ada Generation, 83 %, 39314 MiB, 49140 MiB, 277.57 W, 82
2026/08/28 09:09:35.984, 2, NVIDIA RTX 6000 Ada Generation, 0 %, 39656 MiB, 49140 MiB, 27.90 W, 46
2026/08/28 09:09:35.984, 3, NVIDIA RTX 6000 Ada Generation, 0 %, 39450 MiB, 49140 MiB, 34.03 W, 62
2026/08/28 09:09:45.985, 0, NVIDIA RTX 6000 Ada Generation, 91 %, 39640 MiB, 49140 MiB, 298.19 W, 78
2026/08/28 09:09:45.985, 1, NVIDIA RTX 6000 Ada Generation, 90 %, 39314 MiB, 49140 MiB, 297.30 W, 82
2026/08/28 09:09:45.985, 2, NVIDIA RTX 6000 Ada Generation, 0 %, 39656 MiB, 49140 MiB, 27.34 W, 44
2026/08/28 09:09:45.985, 3, NVIDIA RTX 6000 Ada Generation, 0 %, 39450 MiB, 49140 MiB, 31.56 W, 58
2026/08/28 09:09:55.987, 0, NVIDIA RTX 6000 Ada Generation, 68 %, 39640 MiB, 49140 MiB, 279.86 W, 77
2026/08/28 09:09:55.987, 1, NVIDIA RTX 6000 Ada Generation, 88 %, 39314 MiB, 49140 MiB, 296.20 W, 82
2026/08/28 09:09:55.987, 2, NVIDIA RTX 6000 Ada Generation, 0 %, 39656 MiB, 49140 MiB, 26.83 W, 43
2026/08/28 09:09:55.987, 3, NVIDIA RTX 6000 Ada Generation, 0 %, 39450 MiB, 49140 MiB, 30.01 W, 56
2026/08/28 09:10:05.988, 0, NVIDIA RTX 6000 Ada Generation, 84 %, 39640 MiB, 49140 MiB, 288.19 W, 77
2026/08/28 09:10:05.988, 1, NVIDIA RTX 6000 Ada Generation, 88 %, 39314 MiB, 49140 MiB, 284.37 W, 82
2026/08/28 09:10:05.988, 2, NVIDIA RTX 6000 Ada Generation, 0 %, 39656 MiB, 49140 MiB, 26.43 W, 42
2026/08/28 09:10:05.989, 3, NVIDIA RTX 6000 Ada Generation, 0 %, 39450 MiB, 49140 MiB, 28.88 W, 54
2026/08/28 09:10:15.990, 0, NVIDIA RTX 6000 Ada Generation, 89 %, 39640 MiB, 49140 MiB, 292.41 W, 77
2026/08/28 09:10:15.990, 1, NVIDIA RTX 6000 Ada Generation, 85 %, 39314 MiB, 49140 MiB, 275.82 W, 81
2026/08/28 09:10:15.990, 2, NVIDIA RTX 6000 Ada Generation, 0 %, 39656 MiB, 49140 MiB, 25.83 W, 41
2026/08/28 09:10:15.990, 3, NVIDIA RTX 6000 Ada Generation, 0 %, 39450 MiB, 49140 MiB, 28.07 W, 52
2026/08/28 09:10:25.991, 0, NVIDIA RTX 6000 Ada Generation, 86 %, 39640 MiB, 49140 MiB, 287.13 W, 77
2026/08/28 09:10:25.992, 1, NVIDIA RTX 6000 Ada Generation, 89 %, 39314 MiB, 49140 MiB, 296.41 W, 80
2026/08/28 09:10:25.992, 2, NVIDIA RTX 6000 Ada Generation, 0 %, 39656 MiB, 49140 MiB, 25.82 W, 40
2026/08/28 09:10:25.992, 3, NVIDIA RTX 6000 Ada Generation, 0 %, 39450 MiB, 49140 MiB, 27.61 W, 51
2026/08/28 09:10:35.993, 0, NVIDIA RTX 6000 Ada Generation, 87 %, 39640 MiB, 49140 MiB, 271.77 W, 76
2026/08/28 09:10:35.993, 1, NVIDIA RTX 6000 Ada Generation, 0 %, 39354 MiB, 49140 MiB, 109.23 W, 74
2026/08/28 09:10:35.993, 2, NVIDIA RTX 6000 Ada Generation, 0 %, 39656 MiB, 49140 MiB, 77.01 W, 42
2026/08/28 09:10:35.993, 3, NVIDIA RTX 6000 Ada Generation, 0 %, 39450 MiB, 49140 MiB, 27.15 W, 50
2026/08/28 09:10:45.994, 0, NVIDIA RTX 6000 Ada Generation, 75 %, 39640 MiB, 49140 MiB, 261.30 W, 75
2026/08/28 09:10:45.994, 1, NVIDIA RTX 6000 Ada Generation, 0 %, 39354 MiB, 49140 MiB, 100.62 W, 70
2026/08/28 09:10:45.994, 2, NVIDIA RTX 6000 Ada Generation, 0 %, 39656 MiB, 49140 MiB, 77.43 W, 43
2026/08/28 09:10:45.995, 3, NVIDIA RTX 6000 Ada Generation, 0 %, 39450 MiB, 49140 MiB, 26.99 W, 48
2026/08/28 09:10:55.995, 0, NVIDIA RTX 6000 Ada Generation, 73 %, 39640 MiB, 49140 MiB, 257.31 W, 76
2026/08/28 09:10:55.996, 1, NVIDIA RTX 6000 Ada Generation, 0 %, 39354 MiB, 49140 MiB, 34.38 W, 64
2026/08/28 09:10:55.996, 2, NVIDIA RTX 6000 Ada Generation, 0 %, 39656 MiB, 49140 MiB, 26.02 W, 40
2026/08/28 09:10:55.996, 3, NVIDIA RTX 6000 Ada Generation, 0 %, 39450 MiB, 49140 MiB, 26.77 W, 47
2026/08/28 09:11:05.997, 0, NVIDIA RTX 6000 Ada Generation, 87 %, 39640 MiB, 49140 MiB, 292.62 W, 76
2026/08/28 09:11:05.997, 1, NVIDIA RTX 6000 Ada Generation, 0 %, 39354 MiB, 49140 MiB, 32.14 W, 61
2026/08/28 09:11:05.997, 2, NVIDIA RTX 6000 Ada Generation, 0 %, 39656 MiB, 49140 MiB, 25.73 W, 39
2026/08/28 09:11:05.997, 3, NVIDIA RTX 6000 Ada Generation, 0 %, 39450 MiB, 49140 MiB, 26.40 W, 46
2026/08/28 09:11:15.998, 0, NVIDIA RTX 6000 Ada Generation, 87 %, 39640 MiB, 49140 MiB, 294.69 W, 76
2026/08/28 09:11:15.998, 1, NVIDIA RTX 6000 Ada Generation, 0 %, 39354 MiB, 49140 MiB, 31.43 W, 58
2026/08/28 09:11:15.998, 2, NVIDIA RTX 6000 Ada Generation, 0 %, 39656 MiB, 49140 MiB, 25.45 W, 38
2026/08/28 09:11:15.998, 3, NVIDIA RTX 6000 Ada Generation, 0 %, 39450 MiB, 49140 MiB, 26.28 W, 45
