timestamp, index, name, utilization.gpu [%], memory.used [MiB]
2026/09/05 16:50:56.223, 0, NVIDIA L40S, 0 %, 0 MiB
2026/09/05 16:50:56.223, 1, NVIDIA L40S, 0 %, 0 MiB
2026/09/05 16:50:56.223, 2, NVIDIA L40S, 0 %, 0 MiB
2026/09/05 16:50:56.224, 3, NVIDIA L40S, 0 %, 0 MiB
2026/09/05 16:51:06.225, 0, NVIDIA L40S, 30 %, 21719 MiB
2026/09/05 16:51:06.225, 1, NVIDIA L40S, 24 %, 18739 MiB
2026/09/05 16:51:06.225, 2, NVIDIA L40S, 21 %, 17309 MiB
2026/09/05 16:51:06.225, 3, NVIDIA L40S, 21 %, 17309 MiB
2026/09/05 16:51:16.226, 0, NVIDIA L40S, 98 %, 38489 MiB
2026/09/05 16:51:16.226, 1, NVIDIA L40S, 79 %, 38609 MiB
2026/09/05 16:51:16.226, 2, NVIDIA L40S, 93 %, 38517 MiB
2026/09/05 16:51:16.227, 3, NVIDIA L40S, 97 %, 38509 MiB
2026/09/05 16:51:26.228, 0, NVIDIA L40S, 79 %, 38507 MiB
2026/09/05 16:51:26.228, 1, NVIDIA L40S, 84 %, 38931 MiB
2026/09/05 16:51:26.228, 2, NVIDIA L40S, 92 %, 38585 MiB
2026/09/05 16:51:26.228, 3, NVIDIA L40S, 79 %, 38533 MiB
2026/09/05 16:51:36.229, 0, NVIDIA L40S, 87 %, 38577 MiB
2026/09/05 16:51:36.229, 1, NVIDIA L40S, 97 %, 38931 MiB
2026/09/05 16:51:36.229, 2, NVIDIA L40S, 87 %, 38803 MiB
2026/09/05 16:51:36.229, 3, NVIDIA L40S, 80 %, 38665 MiB
2026/09/05 16:51:46.230, 0, NVIDIA L40S, 90 %, 38577 MiB
2026/09/05 16:51:46.231, 1, NVIDIA L40S, 98 %, 38931 MiB
2026/09/05 16:51:46.231, 2, NVIDIA L40S, 93 %, 38867 MiB
2026/09/05 16:51:46.231, 3, NVIDIA L40S, 98 %, 38673 MiB
2026/09/05 16:51:56.232, 0, NVIDIA L40S, 80 %, 39011 MiB
2026/09/05 16:51:56.232, 1, NVIDIA L40S, 98 %, 38931 MiB
2026/09/05 16:51:56.232, 2, NVIDIA L40S, 99 %, 38891 MiB
2026/09/05 16:51:56.232, 3, NVIDIA L40S, 93 %, 38673 MiB
2026/09/05 16:52:06.233, 0, NVIDIA L40S, 98 %, 39011 MiB
2026/09/05 16:52:06.233, 1, NVIDIA L40S, 92 %, 38931 MiB
2026/09/05 16:52:06.233, 2, NVIDIA L40S, 98 %, 38891 MiB
2026/09/05 16:52:06.233, 3, NVIDIA L40S, 98 %, 38793 MiB
2026/09/05 16:52:16.234, 0, NVIDIA L40S, 98 %, 39011 MiB
2026/09/05 16:52:16.235, 1, NVIDIA L40S, 78 %, 38931 MiB
2026/09/05 16:52:16.443, 2, NVIDIA L40S, 98 %, 38891 MiB
2026/09/05 16:52:16.444, 3, NVIDIA L40S, 98 %, 38793 MiB
2026/09/05 16:52:26.445, 0, NVIDIA L40S, 77 %, 39011 MiB
2026/09/05 16:52:26.445, 1, NVIDIA L40S, 86 %, 38931 MiB
2026/09/05 16:52:26.445, 2, NVIDIA L40S, 98 %, 38891 MiB
2026/09/05 16:52:26.445, 3, NVIDIA L40S, 98 %, 38793 MiB
2026/09/05 16:52:36.446, 0, NVIDIA L40S, 86 %, 39011 MiB
2026/09/05 16:52:36.446, 1, NVIDIA L40S, 98 %, 38931 MiB
2026/09/05 16:52:36.446, 2, NVIDIA L40S, 98 %, 38891 MiB
2026/09/05 16:52:36.447, 3, NVIDIA L40S, 83 %, 38835 MiB
2026/09/05 16:52:46.448, 0, NVIDIA L40S, 98 %, 39011 MiB
2026/09/05 16:52:46.448, 1, NVIDIA L40S, 86 %, 38931 MiB
2026/09/05 16:52:46.448, 2, NVIDIA L40S, 82 %, 38891 MiB
2026/09/05 16:52:46.448, 3, NVIDIA L40S, 98 %, 38935 MiB
2026/09/05 16:52:56.449, 0, NVIDIA L40S, 88 %, 39011 MiB
2026/09/05 16:52:56.449, 1, NVIDIA L40S, 87 %, 38931 MiB
2026/09/05 16:52:56.449, 2, NVIDIA L40S, 82 %, 38963 MiB
2026/09/05 16:52:56.449, 3, NVIDIA L40S, 98 %, 38935 MiB
2026/09/05 16:53:06.450, 0, NVIDIA L40S, 86 %, 39011 MiB
2026/09/05 16:53:06.451, 1, NVIDIA L40S, 92 %, 38931 MiB
2026/09/05 16:53:06.451, 2, NVIDIA L40S, 84 %, 39043 MiB
2026/09/05 16:53:06.451, 3, NVIDIA L40S, 82 %, 38935 MiB
2026/09/05 16:53:16.452, 0, NVIDIA L40S, 98 %, 39011 MiB
2026/09/05 16:53:16.452, 1, NVIDIA L40S, 92 %, 38931 MiB
2026/09/05 16:53:16.452, 2, NVIDIA L40S, 98 %, 39299 MiB
2026/09/05 16:53:16.452, 3, NVIDIA L40S, 80 %, 38935 MiB
2026/09/05 16:53:26.453, 0, NVIDIA L40S, 81 %, 39011 MiB
2026/09/05 16:53:26.453, 1, NVIDIA L40S, 93 %, 38931 MiB
2026/09/05 16:53:26.454, 2, NVIDIA L40S, 98 %, 39299 MiB
2026/09/05 16:53:26.454, 3, NVIDIA L40S, 81 %, 38935 MiB
2026/09/05 16:53:36.455, 0, NVIDIA L40S, 81 %, 39011 MiB
2026/09/05 16:53:36.455, 1, NVIDIA L40S, 98 %, 38931 MiB
2026/09/05 16:53:36.455, 2, NVIDIA L40S, 98 %, 39299 MiB
2026/09/05 16:53:36.455, 3, NVIDIA L40S, 89 %, 38935 MiB
2026/09/05 16:53:46.456, 0, NVIDIA L40S, 98 %, 39011 MiB
2026/09/05 16:53:46.456, 1, NVIDIA L40S, 98 %, 38931 MiB
2026/09/05 16:53:46.456, 2, NVIDIA L40S, 98 %, 39299 MiB
2026/09/05 16:53:46.456, 3, NVIDIA L40S, 91 %, 38935 MiB
2026/09/05 16:53:56.457, 0, NVIDIA L40S, 98 %, 39011 MiB
2026/09/05 16:53:56.457, 1, NVIDIA L40S, 98 %, 38931 MiB
2026/09/05 16:53:56.458, 2, NVIDIA L40S, 98 %, 39299 MiB
2026/09/05 16:53:56.458, 3, NVIDIA L40S, 85 %, 39273 MiB
2026/09/05 16:54:06.459, 0, NVIDIA L40S, 98 %, 39011 MiB
2026/09/05 16:54:06.459, 1, NVIDIA L40S, 98 %, 38931 MiB
2026/09/05 16:54:06.459, 2, NVIDIA L40S, 84 %, 39797 MiB
2026/09/05 16:54:06.459, 3, NVIDIA L40S, 84 %, 39333 MiB
2026/09/05 16:54:16.460, 0, NVIDIA L40S, 83 %, 39011 MiB
2026/09/05 16:54:16.460, 1, NVIDIA L40S, 79 %, 38931 MiB
2026/09/05 16:54:16.460, 2, NVIDIA L40S, 85 %, 39829 MiB
2026/09/05 16:54:16.460, 3, NVIDIA L40S, 84 %, 39425 MiB
2026/09/05 16:54:26.462, 0, NVIDIA L40S, 98 %, 39011 MiB
2026/09/05 16:54:26.462, 1, NVIDIA L40S, 79 %, 38931 MiB
2026/09/05 16:54:26.462, 2, NVIDIA L40S, 86 %, 39943 MiB
2026/09/05 16:54:26.462, 3, NVIDIA L40S, 83 %, 39509 MiB
2026/09/05 16:54:36.463, 0, NVIDIA L40S, 81 %, 39011 MiB
2026/09/05 16:54:36.463, 1, NVIDIA L40S, 81 %, 38935 MiB
2026/09/05 16:54:36.463, 2, NVIDIA L40S, 87 %, 40123 MiB
2026/09/05 16:54:36.463, 3, NVIDIA L40S, 85 %, 39573 MiB
2026/09/05 16:54:46.464, 0, NVIDIA L40S, 83 %, 39011 MiB
2026/09/05 16:54:46.465, 1, NVIDIA L40S, 80 %, 38935 MiB
2026/09/05 16:54:46.465, 2, NVIDIA L40S, 93 %, 40233 MiB
2026/09/05 16:54:46.465, 3, NVIDIA L40S, 86 %, 39709 MiB
2026/09/05 16:54:56.466, 0, NVIDIA L40S, 93 %, 39011 MiB
2026/09/05 16:54:56.466, 1, NVIDIA L40S, 81 %, 38995 MiB
2026/09/05 16:54:56.466, 2, NVIDIA L40S, 86 %, 40233 MiB
2026/09/05 16:54:56.466, 3, NVIDIA L40S, 92 %, 39743 MiB
2026/09/05 16:55:06.467, 0, NVIDIA L40S, 98 %, 39011 MiB
2026/09/05 16:55:06.467, 1, NVIDIA L40S, 97 %, 39161 MiB
2026/09/05 16:55:06.467, 2, NVIDIA L40S, 93 %, 40233 MiB
2026/09/05 16:55:06.467, 3, NVIDIA L40S, 90 %, 39743 MiB
2026/09/05 16:55:16.469, 0, NVIDIA L40S, 98 %, 39011 MiB
2026/09/05 16:55:16.469, 1, NVIDIA L40S, 98 %, 39161 MiB
2026/09/05 16:55:16.469, 2, NVIDIA L40S, 87 %, 40233 MiB
2026/09/05 16:55:16.469, 3, NVIDIA L40S, 90 %, 39743 MiB
2026/09/05 16:55:26.470, 0, NVIDIA L40S, 98 %, 39011 MiB
2026/09/05 16:55:26.470, 1, NVIDIA L40S, 98 %, 39161 MiB
2026/09/05 16:55:26.470, 2, NVIDIA L40S, 97 %, 40233 MiB
2026/09/05 16:55:26.470, 3, NVIDIA L40S, 87 %, 39743 MiB
2026/09/05 16:55:36.471, 0, NVIDIA L40S, 98 %, 39011 MiB
2026/09/05 16:55:36.472, 1, NVIDIA L40S, 98 %, 39161 MiB
2026/09/05 16:55:36.472, 2, NVIDIA L40S, 88 %, 40233 MiB
2026/09/05 16:55:36.472, 3, NVIDIA L40S, 86 %, 39743 MiB
2026/09/05 16:55:46.473, 0, NVIDIA L40S, 98 %, 39011 MiB
2026/09/05 16:55:46.473, 1, NVIDIA L40S, 98 %, 39161 MiB
2026/09/05 16:55:46.473, 2, NVIDIA L40S, 87 %, 40233 MiB
2026/09/05 16:55:46.473, 3, NVIDIA L40S, 98 %, 39743 MiB
2026/09/05 16:55:56.474, 0, NVIDIA L40S, 87 %, 39011 MiB
2026/09/05 16:55:56.474, 1, NVIDIA L40S, 82 %, 39603 MiB
2026/09/05 16:55:56.474, 2, NVIDIA L40S, 98 %, 40233 MiB
2026/09/05 16:55:56.474, 3, NVIDIA L40S, 98 %, 39743 MiB
2026/09/05 16:56:06.475, 0, NVIDIA L40S, 85 %, 39091 MiB
2026/09/05 16:56:06.476, 1, NVIDIA L40S, 85 %, 39663 MiB
2026/09/05 16:56:06.476, 2, NVIDIA L40S, 98 %, 40233 MiB
2026/09/05 16:56:06.476, 3, NVIDIA L40S, 99 %, 39743 MiB
2026/09/05 16:56:16.477, 0, NVIDIA L40S, 98 %, 39175 MiB
2026/09/05 16:56:16.477, 1, NVIDIA L40S, 85 %, 39779 MiB
2026/09/05 16:56:16.477, 2, NVIDIA L40S, 98 %, 40233 MiB
2026/09/05 16:56:16.477, 3, NVIDIA L40S, 98 %, 39743 MiB
2026/09/05 16:56:26.478, 0, NVIDIA L40S, 98 %, 39175 MiB
2026/09/05 16:56:26.478, 1, NVIDIA L40S, 87 %, 39925 MiB
2026/09/05 16:56:26.479, 2, NVIDIA L40S, 98 %, 40233 MiB
2026/09/05 16:56:26.479, 3, NVIDIA L40S, 98 %, 39743 MiB
2026/09/05 16:56:36.480, 0, NVIDIA L40S, 89 %, 39175 MiB
2026/09/05 16:56:36.480, 1, NVIDIA L40S, 91 %, 39979 MiB
2026/09/05 16:56:36.480, 2, NVIDIA L40S, 82 %, 40233 MiB
2026/09/05 16:56:36.480, 3, NVIDIA L40S, 88 %, 39743 MiB
2026/09/05 16:56:46.481, 0, NVIDIA L40S, 98 %, 39175 MiB
2026/09/05 16:56:46.481, 1, NVIDIA L40S, 84 %, 39979 MiB
2026/09/05 16:56:46.481, 2, NVIDIA L40S, 81 %, 40233 MiB
2026/09/05 16:56:46.481, 3, NVIDIA L40S, 98 %, 39743 MiB
2026/09/05 16:56:56.482, 0, NVIDIA L40S, 85 %, 39175 MiB
2026/09/05 16:56:56.483, 1, NVIDIA L40S, 89 %, 39979 MiB
2026/09/05 16:56:56.483, 2, NVIDIA L40S, 92 %, 40233 MiB
2026/09/05 16:56:56.483, 3, NVIDIA L40S, 98 %, 39743 MiB
2026/09/05 16:57:06.484, 0, NVIDIA L40S, 98 %, 39175 MiB
2026/09/05 16:57:06.484, 1, NVIDIA L40S, 86 %, 39979 MiB
2026/09/05 16:57:06.484, 2, NVIDIA L40S, 80 %, 40233 MiB
2026/09/05 16:57:06.484, 3, NVIDIA L40S, 98 %, 39743 MiB
2026/09/05 16:57:16.485, 0, NVIDIA L40S, 98 %, 39175 MiB
2026/09/05 16:57:16.485, 1, NVIDIA L40S, 88 %, 39979 MiB
2026/09/05 16:57:16.485, 2, NVIDIA L40S, 94 %, 40233 MiB
2026/09/05 16:57:16.485, 3, NVIDIA L40S, 98 %, 39743 MiB
2026/09/05 16:57:26.486, 0, NVIDIA L40S, 98 %, 39175 MiB
2026/09/05 16:57:26.486, 1, NVIDIA L40S, 98 %, 39979 MiB
2026/09/05 16:57:26.486, 2, NVIDIA L40S, 98 %, 40233 MiB
2026/09/05 16:57:26.487, 3, NVIDIA L40S, 80 %, 39743 MiB
2026/09/05 16:57:36.487, 0, NVIDIA L40S, 98 %, 39175 MiB
2026/09/05 16:57:36.488, 1, NVIDIA L40S, 77 %, 39979 MiB
2026/09/05 16:57:36.488, 2, NVIDIA L40S, 98 %, 40233 MiB
2026/09/05 16:57:36.488, 3, NVIDIA L40S, 81 %, 39743 MiB
2026/09/05 16:57:46.489, 0, NVIDIA L40S, 98 %, 39175 MiB
2026/09/05 16:57:46.489, 1, NVIDIA L40S, 91 %, 39979 MiB
2026/09/05 16:57:46.489, 2, NVIDIA L40S, 85 %, 40233 MiB
2026/09/05 16:57:46.489, 3, NVIDIA L40S, 80 %, 39743 MiB
2026/09/05 16:57:56.490, 0, NVIDIA L40S, 80 %, 39175 MiB
2026/09/05 16:57:56.491, 1, NVIDIA L40S, 98 %, 39979 MiB
2026/09/05 16:57:56.492, 2, NVIDIA L40S, 98 %, 40233 MiB
2026/09/05 16:57:56.492, 3, NVIDIA L40S, 90 %, 39743 MiB
2026/09/05 16:58:06.493, 0, NVIDIA L40S, 97 %, 39175 MiB
2026/09/05 16:58:06.494, 1, NVIDIA L40S, 98 %, 39979 MiB
2026/09/05 16:58:06.494, 2, NVIDIA L40S, 98 %, 40233 MiB
2026/09/05 16:58:06.494, 3, NVIDIA L40S, 97 %, 39743 MiB
2026/09/05 16:58:16.495, 0, NVIDIA L40S, 98 %, 39175 MiB
2026/09/05 16:58:16.495, 1, NVIDIA L40S, 98 %, 39979 MiB
2026/09/05 16:58:16.495, 2, NVIDIA L40S, 83 %, 40233 MiB
2026/09/05 16:58:16.495, 3, NVIDIA L40S, 98 %, 39743 MiB
2026/09/05 16:58:26.496, 0, NVIDIA L40S, 98 %, 39175 MiB
2026/09/05 16:58:26.496, 1, NVIDIA L40S, 98 %, 39979 MiB
2026/09/05 16:58:26.496, 2, NVIDIA L40S, 99 %, 40233 MiB
2026/09/05 16:58:26.496, 3, NVIDIA L40S, 90 %, 39743 MiB
2026/09/05 16:58:36.497, 0, NVIDIA L40S, 80 %, 39175 MiB
2026/09/05 16:58:36.498, 1, NVIDIA L40S, 98 %, 39979 MiB
2026/09/05 16:58:36.498, 2, NVIDIA L40S, 87 %, 40233 MiB
2026/09/05 16:58:36.498, 3, NVIDIA L40S, 98 %, 39743 MiB
2026/09/05 16:58:46.499, 0, NVIDIA L40S, 81 %, 39175 MiB
2026/09/05 16:58:46.499, 1, NVIDIA L40S, 98 %, 39979 MiB
2026/09/05 16:58:46.499, 2, NVIDIA L40S, 99 %, 40233 MiB
2026/09/05 16:58:46.499, 3, NVIDIA L40S, 98 %, 39743 MiB
2026/09/05 16:58:56.500, 0, NVIDIA L40S, 89 %, 39175 MiB
2026/09/05 16:58:56.500, 1, NVIDIA L40S, 87 %, 39979 MiB
2026/09/05 16:58:56.500, 2, NVIDIA L40S, 98 %, 40233 MiB
2026/09/05 16:58:56.500, 3, NVIDIA L40S, 98 %, 39743 MiB
2026/09/05 16:59:06.501, 0, NVIDIA L40S, 98 %, 39175 MiB
2026/09/05 16:59:06.502, 1, NVIDIA L40S, 98 %, 39979 MiB
2026/09/05 16:59:06.502, 2, NVIDIA L40S, 99 %, 40233 MiB
2026/09/05 16:59:06.502, 3, NVIDIA L40S, 81 %, 39743 MiB
2026/09/05 16:59:16.503, 0, NVIDIA L40S, 98 %, 39175 MiB
2026/09/05 16:59:16.503, 1, NVIDIA L40S, 85 %, 39979 MiB
2026/09/05 16:59:16.503, 2, NVIDIA L40S, 98 %, 40233 MiB
2026/09/05 16:59:16.503, 3, NVIDIA L40S, 81 %, 39743 MiB
2026/09/05 16:59:26.504, 0, NVIDIA L40S, 92 %, 39175 MiB
2026/09/05 16:59:26.504, 1, NVIDIA L40S, 98 %, 39979 MiB
2026/09/05 16:59:26.504, 2, NVIDIA L40S, 98 %, 40233 MiB
2026/09/05 16:59:26.504, 3, NVIDIA L40S, 78 %, 39743 MiB
2026/09/05 16:59:36.505, 0, NVIDIA L40S, 98 %, 39175 MiB
2026/09/05 16:59:36.506, 1, NVIDIA L40S, 98 %, 39979 MiB
2026/09/05 16:59:36.506, 2, NVIDIA L40S, 81 %, 40233 MiB
2026/09/05 16:59:36.506, 3, NVIDIA L40S, 82 %, 39743 MiB
2026/09/05 16:59:46.507, 0, NVIDIA L40S, 99 %, 39175 MiB
2026/09/05 16:59:46.507, 1, NVIDIA L40S, 98 %, 39979 MiB
2026/09/05 16:59:46.507, 2, NVIDIA L40S, 82 %, 40233 MiB
2026/09/05 16:59:46.507, 3, NVIDIA L40S, 93 %, 39743 MiB
2026/09/05 16:59:56.508, 0, NVIDIA L40S, 80 %, 39175 MiB
2026/09/05 16:59:56.508, 1, NVIDIA L40S, 80 %, 39979 MiB
2026/09/05 16:59:56.508, 2, NVIDIA L40S, 91 %, 40233 MiB
2026/09/05 16:59:56.508, 3, NVIDIA L40S, 98 %, 39743 MiB
2026/09/05 17:00:06.509, 0, NVIDIA L40S, 78 %, 39175 MiB
2026/09/05 17:00:06.510, 1, NVIDIA L40S, 86 %, 39979 MiB
2026/09/05 17:00:06.510, 2, NVIDIA L40S, 87 %, 40233 MiB
2026/09/05 17:00:06.510, 3, NVIDIA L40S, 98 %, 39743 MiB
2026/09/05 17:00:16.511, 0, NVIDIA L40S, 84 %, 39175 MiB
2026/09/05 17:00:16.511, 1, NVIDIA L40S, 98 %, 39979 MiB
2026/09/05 17:00:16.511, 2, NVIDIA L40S, 99 %, 40233 MiB
2026/09/05 17:00:16.511, 3, NVIDIA L40S, 84 %, 39743 MiB
2026/09/05 17:00:26.512, 0, NVIDIA L40S, 89 %, 39187 MiB
2026/09/05 17:00:26.512, 1, NVIDIA L40S, 98 %, 39979 MiB
2026/09/05 17:00:26.512, 2, NVIDIA L40S, 91 %, 40233 MiB
2026/09/05 17:00:26.512, 3, NVIDIA L40S, 98 %, 39743 MiB
2026/09/05 17:00:36.513, 0, NVIDIA L40S, 93 %, 39187 MiB
2026/09/05 17:00:36.514, 1, NVIDIA L40S, 78 %, 39979 MiB
2026/09/05 17:00:36.514, 2, NVIDIA L40S, 98 %, 40233 MiB
2026/09/05 17:00:36.514, 3, NVIDIA L40S, 80 %, 39743 MiB
2026/09/05 17:00:46.515, 0, NVIDIA L40S, 98 %, 39187 MiB
2026/09/05 17:00:46.515, 1, NVIDIA L40S, 92 %, 39979 MiB
2026/09/05 17:00:46.515, 2, NVIDIA L40S, 98 %, 40233 MiB
2026/09/05 17:00:46.515, 3, NVIDIA L40S, 86 %, 39743 MiB
2026/09/05 17:00:56.516, 0, NVIDIA L40S, 98 %, 39187 MiB
2026/09/05 17:00:56.516, 1, NVIDIA L40S, 92 %, 40025 MiB
2026/09/05 17:00:56.516, 2, NVIDIA L40S, 98 %, 40233 MiB
2026/09/05 17:00:56.516, 3, NVIDIA L40S, 81 %, 39743 MiB
2026/09/05 17:01:06.518, 0, NVIDIA L40S, 98 %, 39187 MiB
2026/09/05 17:01:06.518, 1, NVIDIA L40S, 98 %, 40025 MiB
2026/09/05 17:01:06.518, 2, NVIDIA L40S, 93 %, 40233 MiB
2026/09/05 17:01:06.518, 3, NVIDIA L40S, 88 %, 39743 MiB
2026/09/05 17:01:16.519, 0, NVIDIA L40S, 98 %, 39187 MiB
2026/09/05 17:01:16.519, 1, NVIDIA L40S, 98 %, 40025 MiB
2026/09/05 17:01:16.519, 2, NVIDIA L40S, 81 %, 40233 MiB
2026/09/05 17:01:16.519, 3, NVIDIA L40S, 98 %, 39743 MiB
2026/09/05 17:01:26.520, 0, NVIDIA L40S, 78 %, 39187 MiB
2026/09/05 17:01:26.520, 1, NVIDIA L40S, 98 %, 40025 MiB
2026/09/05 17:01:26.520, 2, NVIDIA L40S, 84 %, 40233 MiB
2026/09/05 17:01:26.521, 3, NVIDIA L40S, 98 %, 39743 MiB
2026/09/05 17:01:36.521, 0, NVIDIA L40S, 82 %, 39187 MiB
2026/09/05 17:01:36.522, 1, NVIDIA L40S, 98 %, 40025 MiB
2026/09/05 17:01:36.522, 2, NVIDIA L40S, 91 %, 40233 MiB
2026/09/05 17:01:36.522, 3, NVIDIA L40S, 98 %, 39743 MiB
2026/09/05 17:01:46.523, 0, NVIDIA L40S, 85 %, 39187 MiB
2026/09/05 17:01:46.523, 1, NVIDIA L40S, 98 %, 40025 MiB
2026/09/05 17:01:46.523, 2, NVIDIA L40S, 89 %, 40233 MiB
2026/09/05 17:01:46.523, 3, NVIDIA L40S, 91 %, 39743 MiB
2026/09/05 17:01:56.524, 0, NVIDIA L40S, 98 %, 39187 MiB
2026/09/05 17:01:56.525, 1, NVIDIA L40S, 82 %, 40025 MiB
2026/09/05 17:01:56.525, 2, NVIDIA L40S, 98 %, 40233 MiB
2026/09/05 17:01:56.525, 3, NVIDIA L40S, 91 %, 39743 MiB
2026/09/05 17:02:06.526, 0, NVIDIA L40S, 85 %, 39187 MiB
2026/09/05 17:02:06.526, 1, NVIDIA L40S, 98 %, 40025 MiB
2026/09/05 17:02:06.526, 2, NVIDIA L40S, 99 %, 40233 MiB
2026/09/05 17:02:06.526, 3, NVIDIA L40S, 98 %, 39743 MiB
2026/09/05 17:02:16.527, 0, NVIDIA L40S, 98 %, 39187 MiB
2026/09/05 17:02:16.527, 1, NVIDIA L40S, 93 %, 40025 MiB
2026/09/05 17:02:16.527, 2, NVIDIA L40S, 99 %, 40233 MiB
2026/09/05 17:02:16.527, 3, NVIDIA L40S, 98 %, 39743 MiB
2026/09/05 17:02:26.528, 0, NVIDIA L40S, 98 %, 39187 MiB
2026/09/05 17:02:26.528, 1, NVIDIA L40S, 98 %, 40025 MiB
2026/09/05 17:02:26.529, 2, NVIDIA L40S, 93 %, 40233 MiB
2026/09/05 17:02:26.529, 3, NVIDIA L40S, 79 %, 39743 MiB
2026/09/05 17:02:36.530, 0, NVIDIA L40S, 82 %, 39187 MiB
2026/09/05 17:02:36.530, 1, NVIDIA L40S, 98 %, 40025 MiB
2026/09/05 17:02:36.530, 2, NVIDIA L40S, 98 %, 40233 MiB
2026/09/05 17:02:36.530, 3, NVIDIA L40S, 81 %, 39743 MiB
2026/09/05 17:02:46.531, 0, NVIDIA L40S, 98 %, 39187 MiB
2026/09/05 17:02:46.531, 1, NVIDIA L40S, 88 %, 40025 MiB
2026/09/05 17:02:46.531, 2, NVIDIA L40S, 98 %, 40233 MiB
2026/09/05 17:02:46.531, 3, NVIDIA L40S, 98 %, 39743 MiB
2026/09/05 17:02:56.532, 0, NVIDIA L40S, 98 %, 39187 MiB
2026/09/05 17:02:56.533, 1, NVIDIA L40S, 98 %, 40025 MiB
2026/09/05 17:02:56.533, 2, NVIDIA L40S, 98 %, 40233 MiB
2026/09/05 17:02:56.533, 3, NVIDIA L40S, 98 %, 39743 MiB
2026/09/05 17:03:06.534, 0, NVIDIA L40S, 82 %, 39187 MiB
2026/09/05 17:03:06.534, 1, NVIDIA L40S, 98 %, 40025 MiB
2026/09/05 17:03:06.534, 2, NVIDIA L40S, 98 %, 40233 MiB
2026/09/05 17:03:06.534, 3, NVIDIA L40S, 98 %, 39743 MiB
2026/09/05 17:03:16.535, 0, NVIDIA L40S, 79 %, 39187 MiB
2026/09/05 17:03:16.536, 1, NVIDIA L40S, 79 %, 40025 MiB
2026/09/05 17:03:16.536, 2, NVIDIA L40S, 81 %, 40233 MiB
2026/09/05 17:03:16.536, 3, NVIDIA L40S, 81 %, 39743 MiB
2026/09/05 17:03:26.537, 0, NVIDIA L40S, 98 %, 39187 MiB
2026/09/05 17:03:26.537, 1, NVIDIA L40S, 98 %, 40025 MiB
2026/09/05 17:03:26.537, 2, NVIDIA L40S, 88 %, 40233 MiB
2026/09/05 17:03:26.537, 3, NVIDIA L40S, 83 %, 39743 MiB
2026/09/05 17:03:36.538, 0, NVIDIA L40S, 92 %, 39187 MiB
2026/09/05 17:03:36.538, 1, NVIDIA L40S, 77 %, 40025 MiB
2026/09/05 17:03:36.538, 2, NVIDIA L40S, 89 %, 40233 MiB
2026/09/05 17:03:36.538, 3, NVIDIA L40S, 86 %, 39743 MiB
2026/09/05 17:03:46.540, 0, NVIDIA L40S, 89 %, 39187 MiB
2026/09/05 17:03:46.540, 1, NVIDIA L40S, 93 %, 40025 MiB
2026/09/05 17:03:46.540, 2, NVIDIA L40S, 84 %, 40233 MiB
2026/09/05 17:03:46.540, 3, NVIDIA L40S, 91 %, 39743 MiB
2026/09/05 17:03:56.541, 0, NVIDIA L40S, 98 %, 39187 MiB
2026/09/05 17:03:56.541, 1, NVIDIA L40S, 98 %, 40025 MiB
2026/09/05 17:03:56.541, 2, NVIDIA L40S, 87 %, 40233 MiB
2026/09/05 17:03:56.541, 3, NVIDIA L40S, 86 %, 39743 MiB
2026/09/05 17:04:06.542, 0, NVIDIA L40S, 98 %, 39187 MiB
2026/09/05 17:04:06.542, 1, NVIDIA L40S, 86 %, 40025 MiB
2026/09/05 17:04:06.542, 2, NVIDIA L40S, 99 %, 40233 MiB
2026/09/05 17:04:06.543, 3, NVIDIA L40S, 93 %, 39743 MiB
2026/09/05 17:04:16.543, 0, NVIDIA L40S, 82 %, 39187 MiB
2026/09/05 17:04:16.544, 1, NVIDIA L40S, 98 %, 40025 MiB
2026/09/05 17:04:16.544, 2, NVIDIA L40S, 98 %, 40233 MiB
2026/09/05 17:04:16.544, 3, NVIDIA L40S, 98 %, 39743 MiB
2026/09/05 17:04:26.545, 0, NVIDIA L40S, 98 %, 39187 MiB
2026/09/05 17:04:26.545, 1, NVIDIA L40S, 98 %, 40025 MiB
2026/09/05 17:04:26.545, 2, NVIDIA L40S, 93 %, 40233 MiB
2026/09/05 17:04:26.545, 3, NVIDIA L40S, 91 %, 39743 MiB
2026/09/05 17:04:36.546, 0, NVIDIA L40S, 98 %, 39187 MiB
2026/09/05 17:04:36.546, 1, NVIDIA L40S, 98 %, 40025 MiB
2026/09/05 17:04:36.546, 2, NVIDIA L40S, 98 %, 40233 MiB
2026/09/05 17:04:36.546, 3, NVIDIA L40S, 82 %, 39743 MiB
2026/09/05 17:04:46.547, 0, NVIDIA L40S, 98 %, 39187 MiB
2026/09/05 17:04:46.547, 1, NVIDIA L40S, 92 %, 40025 MiB
2026/09/05 17:04:46.547, 2, NVIDIA L40S, 98 %, 40233 MiB
2026/09/05 17:04:46.547, 3, NVIDIA L40S, 92 %, 39743 MiB
2026/09/05 17:04:56.548, 0, NVIDIA L40S, 98 %, 39187 MiB
2026/09/05 17:04:56.549, 1, NVIDIA L40S, 79 %, 40025 MiB
2026/09/05 17:04:56.549, 2, NVIDIA L40S, 98 %, 40233 MiB
2026/09/05 17:04:56.549, 3, NVIDIA L40S, 98 %, 39743 MiB
2026/09/05 17:05:06.550, 0, NVIDIA L40S, 98 %, 39187 MiB
2026/09/05 17:05:06.550, 1, NVIDIA L40S, 98 %, 40025 MiB
2026/09/05 17:05:06.550, 2, NVIDIA L40S, 82 %, 40233 MiB
2026/09/05 17:05:06.550, 3, NVIDIA L40S, 86 %, 39743 MiB
2026/09/05 17:05:16.551, 0, NVIDIA L40S, 98 %, 39187 MiB
2026/09/05 17:05:16.552, 1, NVIDIA L40S, 98 %, 40025 MiB
2026/09/05 17:05:16.552, 2, NVIDIA L40S, 82 %, 40233 MiB
2026/09/05 17:05:16.552, 3, NVIDIA L40S, 98 %, 39743 MiB
2026/09/05 17:05:26.553, 0, NVIDIA L40S, 98 %, 39187 MiB
2026/09/05 17:05:26.553, 1, NVIDIA L40S, 77 %, 40025 MiB
2026/09/05 17:05:26.553, 2, NVIDIA L40S, 93 %, 40235 MiB
2026/09/05 17:05:26.553, 3, NVIDIA L40S, 98 %, 39743 MiB
2026/09/05 17:05:36.554, 0, NVIDIA L40S, 98 %, 39187 MiB
2026/09/05 17:05:36.554, 1, NVIDIA L40S, 98 %, 40025 MiB
2026/09/05 17:05:36.555, 2, NVIDIA L40S, 99 %, 40235 MiB
2026/09/05 17:05:36.555, 3, NVIDIA L40S, 87 %, 39743 MiB
2026/09/05 17:05:46.556, 0, NVIDIA L40S, 98 %, 39187 MiB
2026/09/05 17:05:46.556, 1, NVIDIA L40S, 97 %, 40025 MiB
2026/09/05 17:05:46.556, 2, NVIDIA L40S, 99 %, 40235 MiB
2026/09/05 17:05:46.556, 3, NVIDIA L40S, 92 %, 39743 MiB
2026/09/05 17:05:56.557, 0, NVIDIA L40S, 80 %, 39187 MiB
2026/09/05 17:05:56.557, 1, NVIDIA L40S, 81 %, 40025 MiB
2026/09/05 17:05:56.557, 2, NVIDIA L40S, 99 %, 40235 MiB
2026/09/05 17:05:56.557, 3, NVIDIA L40S, 98 %, 39743 MiB
2026/09/05 17:06:06.559, 0, NVIDIA L40S, 85 %, 39187 MiB
2026/09/05 17:06:06.559, 1, NVIDIA L40S, 80 %, 40025 MiB
2026/09/05 17:06:06.559, 2, NVIDIA L40S, 98 %, 40235 MiB
2026/09/05 17:06:06.559, 3, NVIDIA L40S, 90 %, 39743 MiB
2026/09/05 17:06:16.560, 0, NVIDIA L40S, 87 %, 39229 MiB
2026/09/05 17:06:16.560, 1, NVIDIA L40S, 98 %, 40025 MiB
2026/09/05 17:06:16.560, 2, NVIDIA L40S, 98 %, 40235 MiB
2026/09/05 17:06:16.560, 3, NVIDIA L40S, 98 %, 39743 MiB
2026/09/05 17:06:26.561, 0, NVIDIA L40S, 89 %, 39565 MiB
2026/09/05 17:06:26.562, 1, NVIDIA L40S, 92 %, 40025 MiB
2026/09/05 17:06:26.562, 2, NVIDIA L40S, 98 %, 40235 MiB
2026/09/05 17:06:26.562, 3, NVIDIA L40S, 83 %, 39743 MiB
2026/09/05 17:06:36.563, 0, NVIDIA L40S, 87 %, 39565 MiB
2026/09/05 17:06:36.563, 1, NVIDIA L40S, 87 %, 40025 MiB
2026/09/05 17:06:36.563, 2, NVIDIA L40S, 83 %, 40235 MiB
2026/09/05 17:06:36.563, 3, NVIDIA L40S, 98 %, 39743 MiB
2026/09/05 17:06:46.564, 0, NVIDIA L40S, 91 %, 39565 MiB
2026/09/05 17:06:46.564, 1, NVIDIA L40S, 98 %, 40025 MiB
2026/09/05 17:06:46.564, 2, NVIDIA L40S, 86 %, 40235 MiB
2026/09/05 17:06:46.564, 3, NVIDIA L40S, 81 %, 39743 MiB
2026/09/05 17:06:56.565, 0, NVIDIA L40S, 80 %, 39565 MiB
2026/09/05 17:06:56.566, 1, NVIDIA L40S, 98 %, 40025 MiB
2026/09/05 17:06:56.566, 2, NVIDIA L40S, 91 %, 40235 MiB
2026/09/05 17:06:56.566, 3, NVIDIA L40S, 87 %, 39743 MiB
2026/09/05 17:07:06.567, 0, NVIDIA L40S, 92 %, 39565 MiB
2026/09/05 17:07:06.567, 1, NVIDIA L40S, 78 %, 40025 MiB
2026/09/05 17:07:06.567, 2, NVIDIA L40S, 99 %, 40235 MiB
2026/09/05 17:07:06.567, 3, NVIDIA L40S, 89 %, 39743 MiB
2026/09/05 17:07:16.568, 0, NVIDIA L40S, 98 %, 39565 MiB
2026/09/05 17:07:16.568, 1, NVIDIA L40S, 97 %, 40025 MiB
2026/09/05 17:07:16.568, 2, NVIDIA L40S, 99 %, 40235 MiB
2026/09/05 17:07:16.569, 3, NVIDIA L40S, 98 %, 39743 MiB
2026/09/05 17:07:26.570, 0, NVIDIA L40S, 93 %, 39565 MiB
2026/09/05 17:07:26.570, 1, NVIDIA L40S, 98 %, 40025 MiB
2026/09/05 17:07:26.570, 2, NVIDIA L40S, 93 %, 40235 MiB
2026/09/05 17:07:26.570, 3, NVIDIA L40S, 83 %, 39743 MiB
2026/09/05 17:07:36.571, 0, NVIDIA L40S, 98 %, 39565 MiB
2026/09/05 17:07:36.571, 1, NVIDIA L40S, 98 %, 40025 MiB
2026/09/05 17:07:36.571, 2, NVIDIA L40S, 98 %, 40235 MiB
2026/09/05 17:07:36.571, 3, NVIDIA L40S, 98 %, 39743 MiB
2026/09/05 17:07:46.572, 0, NVIDIA L40S, 98 %, 39565 MiB
2026/09/05 17:07:46.573, 1, NVIDIA L40S, 80 %, 40025 MiB
2026/09/05 17:07:46.573, 2, NVIDIA L40S, 98 %, 40235 MiB
2026/09/05 17:07:46.573, 3, NVIDIA L40S, 81 %, 39743 MiB
2026/09/05 17:07:56.574, 0, NVIDIA L40S, 98 %, 39565 MiB
2026/09/05 17:07:56.574, 1, NVIDIA L40S, 89 %, 40025 MiB
2026/09/05 17:07:56.574, 2, NVIDIA L40S, 82 %, 40235 MiB
2026/09/05 17:07:56.574, 3, NVIDIA L40S, 80 %, 39743 MiB
2026/09/05 17:08:06.575, 0, NVIDIA L40S, 84 %, 39565 MiB
2026/09/05 17:08:06.575, 1, NVIDIA L40S, 93 %, 40025 MiB
2026/09/05 17:08:06.576, 2, NVIDIA L40S, 98 %, 40235 MiB
2026/09/05 17:08:06.576, 3, NVIDIA L40S, 86 %, 39743 MiB
2026/09/05 17:08:16.577, 0, NVIDIA L40S, 99 %, 39565 MiB
2026/09/05 17:08:16.577, 1, NVIDIA L40S, 85 %, 40025 MiB
2026/09/05 17:08:16.577, 2, NVIDIA L40S, 98 %, 40235 MiB
2026/09/05 17:08:16.577, 3, NVIDIA L40S, 98 %, 39743 MiB
2026/09/05 17:08:26.578, 0, NVIDIA L40S, 80 %, 39565 MiB
2026/09/05 17:08:26.578, 1, NVIDIA L40S, 98 %, 40025 MiB
2026/09/05 17:08:26.578, 2, NVIDIA L40S, 84 %, 40235 MiB
2026/09/05 17:08:26.578, 3, NVIDIA L40S, 98 %, 39743 MiB
2026/09/05 17:08:36.579, 0, NVIDIA L40S, 81 %, 39565 MiB
2026/09/05 17:08:36.580, 1, NVIDIA L40S, 98 %, 40025 MiB
2026/09/05 17:08:36.580, 2, NVIDIA L40S, 83 %, 40235 MiB
2026/09/05 17:08:36.580, 3, NVIDIA L40S, 90 %, 39743 MiB
2026/09/05 17:08:46.581, 0, NVIDIA L40S, 98 %, 39565 MiB
2026/09/05 17:08:46.581, 1, NVIDIA L40S, 98 %, 40025 MiB
2026/09/05 17:08:46.581, 2, NVIDIA L40S, 83 %, 40235 MiB
2026/09/05 17:08:46.581, 3, NVIDIA L40S, 98 %, 39743 MiB
2026/09/05 17:08:56.582, 0, NVIDIA L40S, 98 %, 39565 MiB
2026/09/05 17:08:56.582, 1, NVIDIA L40S, 77 %, 40025 MiB
2026/09/05 17:08:56.583, 2, NVIDIA L40S, 91 %, 40235 MiB
2026/09/05 17:08:56.583, 3, NVIDIA L40S, 77 %, 39743 MiB
2026/09/05 17:09:06.584, 0, NVIDIA L40S, 98 %, 39565 MiB
2026/09/05 17:09:06.584, 1, NVIDIA L40S, 98 %, 40025 MiB
2026/09/05 17:09:06.584, 2, NVIDIA L40S, 98 %, 40235 MiB
2026/09/05 17:09:06.584, 3, NVIDIA L40S, 99 %, 39743 MiB
2026/09/05 17:09:16.585, 0, NVIDIA L40S, 98 %, 39565 MiB
2026/09/05 17:09:16.585, 1, NVIDIA L40S, 98 %, 40025 MiB
2026/09/05 17:09:16.585, 2, NVIDIA L40S, 98 %, 40235 MiB
2026/09/05 17:09:16.585, 3, NVIDIA L40S, 98 %, 39743 MiB
2026/09/05 17:09:26.586, 0, NVIDIA L40S, 83 %, 39565 MiB
2026/09/05 17:09:26.587, 1, NVIDIA L40S, 79 %, 40025 MiB
2026/09/05 17:09:26.587, 2, NVIDIA L40S, 99 %, 40235 MiB
2026/09/05 17:09:26.587, 3, NVIDIA L40S, 85 %, 39743 MiB
2026/09/05 17:09:36.588, 0, NVIDIA L40S, 98 %, 39565 MiB
2026/09/05 17:09:36.588, 1, NVIDIA L40S, 94 %, 40025 MiB
2026/09/05 17:09:36.588, 2, NVIDIA L40S, 89 %, 40235 MiB
2026/09/05 17:09:36.588, 3, NVIDIA L40S, 88 %, 39743 MiB
2026/09/05 17:09:46.589, 0, NVIDIA L40S, 99 %, 39565 MiB
2026/09/05 17:09:46.589, 1, NVIDIA L40S, 86 %, 40025 MiB
2026/09/05 17:09:46.589, 2, NVIDIA L40S, 99 %, 40235 MiB
2026/09/05 17:09:46.589, 3, NVIDIA L40S, 98 %, 39743 MiB
2026/09/05 17:09:56.590, 0, NVIDIA L40S, 87 %, 39565 MiB
2026/09/05 17:09:56.591, 1, NVIDIA L40S, 84 %, 40025 MiB
2026/09/05 17:09:56.591, 2, NVIDIA L40S, 99 %, 40235 MiB
2026/09/05 17:09:56.591, 3, NVIDIA L40S, 98 %, 39743 MiB
2026/09/05 17:10:06.592, 0, NVIDIA L40S, 81 %, 39565 MiB
2026/09/05 17:10:06.592, 1, NVIDIA L40S, 93 %, 40025 MiB
2026/09/05 17:10:06.592, 2, NVIDIA L40S, 84 %, 40235 MiB
2026/09/05 17:10:06.592, 3, NVIDIA L40S, 90 %, 39743 MiB
2026/09/05 17:10:16.593, 0, NVIDIA L40S, 93 %, 39565 MiB
2026/09/05 17:10:16.593, 1, NVIDIA L40S, 98 %, 40025 MiB
2026/09/05 17:10:16.593, 2, NVIDIA L40S, 98 %, 40235 MiB
2026/09/05 17:10:16.593, 3, NVIDIA L40S, 83 %, 39743 MiB
2026/09/05 17:10:26.594, 0, NVIDIA L40S, 98 %, 39565 MiB
2026/09/05 17:10:26.594, 1, NVIDIA L40S, 98 %, 40025 MiB
2026/09/05 17:10:26.595, 2, NVIDIA L40S, 91 %, 40235 MiB
2026/09/05 17:10:26.595, 3, NVIDIA L40S, 98 %, 39743 MiB
2026/09/05 17:10:36.595, 0, NVIDIA L40S, 95 %, 39565 MiB
2026/09/05 17:10:36.596, 1, NVIDIA L40S, 92 %, 40025 MiB
2026/09/05 17:10:36.596, 2, NVIDIA L40S, 92 %, 40235 MiB
2026/09/05 17:10:36.596, 3, NVIDIA L40S, 98 %, 39743 MiB
2026/09/05 17:10:46.597, 0, NVIDIA L40S, 92 %, 39565 MiB
2026/09/05 17:10:46.597, 1, NVIDIA L40S, 98 %, 40025 MiB
2026/09/05 17:10:46.597, 2, NVIDIA L40S, 98 %, 40235 MiB
2026/09/05 17:10:46.597, 3, NVIDIA L40S, 89 %, 39743 MiB
2026/09/05 17:10:56.598, 0, NVIDIA L40S, 98 %, 39565 MiB
2026/09/05 17:10:56.598, 1, NVIDIA L40S, 78 %, 40025 MiB
2026/09/05 17:10:56.598, 2, NVIDIA L40S, 98 %, 40235 MiB
2026/09/05 17:10:56.598, 3, NVIDIA L40S, 98 %, 39743 MiB
2026/09/05 17:11:06.599, 0, NVIDIA L40S, 98 %, 39565 MiB
2026/09/05 17:11:06.600, 1, NVIDIA L40S, 98 %, 40025 MiB
2026/09/05 17:11:06.600, 2, NVIDIA L40S, 85 %, 40235 MiB
2026/09/05 17:11:06.600, 3, NVIDIA L40S, 98 %, 39743 MiB
2026/09/05 17:11:16.601, 0, NVIDIA L40S, 80 %, 39565 MiB
2026/09/05 17:11:16.601, 1, NVIDIA L40S, 97 %, 40025 MiB
2026/09/05 17:11:16.601, 2, NVIDIA L40S, 98 %, 40235 MiB
2026/09/05 17:11:16.601, 3, NVIDIA L40S, 83 %, 39743 MiB
2026/09/05 17:11:26.602, 0, NVIDIA L40S, 81 %, 39565 MiB
2026/09/05 17:11:26.602, 1, NVIDIA L40S, 83 %, 40025 MiB
2026/09/05 17:11:26.602, 2, NVIDIA L40S, 80 %, 40235 MiB
2026/09/05 17:11:26.603, 3, NVIDIA L40S, 98 %, 39743 MiB
2026/09/05 17:11:36.604, 0, NVIDIA L40S, 98 %, 39565 MiB
2026/09/05 17:11:36.604, 1, NVIDIA L40S, 88 %, 40025 MiB
2026/09/05 17:11:36.604, 2, NVIDIA L40S, 87 %, 40235 MiB
2026/09/05 17:11:36.604, 3, NVIDIA L40S, 98 %, 39743 MiB
2026/09/05 17:11:46.605, 0, NVIDIA L40S, 78 %, 39565 MiB
2026/09/05 17:11:46.605, 1, NVIDIA L40S, 87 %, 40025 MiB
2026/09/05 17:11:46.605, 2, NVIDIA L40S, 99 %, 40235 MiB
2026/09/05 17:11:46.605, 3, NVIDIA L40S, 83 %, 39743 MiB
2026/09/05 17:11:56.606, 0, NVIDIA L40S, 81 %, 39565 MiB
2026/09/05 17:11:56.607, 1, NVIDIA L40S, 98 %, 40025 MiB
2026/09/05 17:11:56.607, 2, NVIDIA L40S, 86 %, 40235 MiB
2026/09/05 17:11:56.607, 3, NVIDIA L40S, 93 %, 39743 MiB
2026/09/05 17:12:06.608, 0, NVIDIA L40S, 92 %, 39565 MiB
2026/09/05 17:12:06.608, 1, NVIDIA L40S, 87 %, 40025 MiB
2026/09/05 17:12:06.608, 2, NVIDIA L40S, 98 %, 40235 MiB
2026/09/05 17:12:06.608, 3, NVIDIA L40S, 87 %, 39743 MiB
2026/09/05 17:12:16.609, 0, NVIDIA L40S, 89 %, 39565 MiB
2026/09/05 17:12:16.609, 1, NVIDIA L40S, 98 %, 40025 MiB
2026/09/05 17:12:16.609, 2, NVIDIA L40S, 81 %, 40235 MiB
2026/09/05 17:12:16.610, 3, NVIDIA L40S, 98 %, 39743 MiB
2026/09/05 17:12:26.611, 0, NVIDIA L40S, 91 %, 39565 MiB
2026/09/05 17:12:26.611, 1, NVIDIA L40S, 81 %, 40025 MiB
2026/09/05 17:12:26.611, 2, NVIDIA L40S, 98 %, 40235 MiB
2026/09/05 17:12:26.611, 3, NVIDIA L40S, 92 %, 39743 MiB
2026/09/05 17:12:36.612, 0, NVIDIA L40S, 98 %, 39565 MiB
2026/09/05 17:12:36.612, 1, NVIDIA L40S, 98 %, 40025 MiB
2026/09/05 17:12:36.612, 2, NVIDIA L40S, 81 %, 40235 MiB
2026/09/05 17:12:36.612, 3, NVIDIA L40S, 98 %, 39743 MiB
2026/09/05 17:12:46.613, 0, NVIDIA L40S, 92 %, 39565 MiB
2026/09/05 17:12:46.614, 1, NVIDIA L40S, 79 %, 40025 MiB
2026/09/05 17:12:46.614, 2, NVIDIA L40S, 99 %, 40235 MiB
2026/09/05 17:12:46.614, 3, NVIDIA L40S, 98 %, 39743 MiB
2026/09/05 17:12:56.615, 0, NVIDIA L40S, 98 %, 39565 MiB
2026/09/05 17:12:56.615, 1, NVIDIA L40S, 84 %, 40025 MiB
2026/09/05 17:12:56.615, 2, NVIDIA L40S, 92 %, 40235 MiB
2026/09/05 17:12:56.615, 3, NVIDIA L40S, 80 %, 39743 MiB
2026/09/05 17:13:06.616, 0, NVIDIA L40S, 98 %, 39565 MiB
2026/09/05 17:13:06.616, 1, NVIDIA L40S, 80 %, 40025 MiB
2026/09/05 17:13:06.616, 2, NVIDIA L40S, 99 %, 40235 MiB
2026/09/05 17:13:06.617, 3, NVIDIA L40S, 98 %, 39743 MiB
2026/09/05 17:13:16.618, 0, NVIDIA L40S, 99 %, 39565 MiB
2026/09/05 17:13:16.618, 1, NVIDIA L40S, 91 %, 40025 MiB
2026/09/05 17:13:16.618, 2, NVIDIA L40S, 99 %, 40235 MiB
2026/09/05 17:13:16.618, 3, NVIDIA L40S, 81 %, 39743 MiB
2026/09/05 17:13:26.619, 0, NVIDIA L40S, 98 %, 39565 MiB
2026/09/05 17:13:26.619, 1, NVIDIA L40S, 98 %, 40025 MiB
2026/09/05 17:13:26.619, 2, NVIDIA L40S, 86 %, 40235 MiB
2026/09/05 17:13:26.619, 3, NVIDIA L40S, 79 %, 39743 MiB
2026/09/05 17:13:36.620, 0, NVIDIA L40S, 98 %, 39565 MiB
2026/09/05 17:13:36.621, 1, NVIDIA L40S, 92 %, 40025 MiB
2026/09/05 17:13:36.621, 2, NVIDIA L40S, 98 %, 40235 MiB
2026/09/05 17:13:36.621, 3, NVIDIA L40S, 89 %, 39743 MiB
2026/09/05 17:13:46.622, 0, NVIDIA L40S, 80 %, 39565 MiB
2026/09/05 17:13:46.622, 1, NVIDIA L40S, 97 %, 40025 MiB
2026/09/05 17:13:46.622, 2, NVIDIA L40S, 98 %, 40235 MiB
2026/09/05 17:13:46.622, 3, NVIDIA L40S, 98 %, 39743 MiB
2026/09/05 17:13:56.623, 0, NVIDIA L40S, 91 %, 39573 MiB
2026/09/05 17:13:56.623, 1, NVIDIA L40S, 98 %, 40025 MiB
2026/09/05 17:13:56.624, 2, NVIDIA L40S, 82 %, 40235 MiB
2026/09/05 17:13:56.624, 3, NVIDIA L40S, 98 %, 39743 MiB
2026/09/05 17:14:06.625, 0, NVIDIA L40S, 86 %, 39573 MiB
2026/09/05 17:14:06.625, 1, NVIDIA L40S, 82 %, 40025 MiB
2026/09/05 17:14:06.625, 2, NVIDIA L40S, 93 %, 40235 MiB
2026/09/05 17:14:06.625, 3, NVIDIA L40S, 83 %, 39743 MiB
2026/09/05 17:14:16.626, 0, NVIDIA L40S, 99 %, 39573 MiB
2026/09/05 17:14:16.626, 1, NVIDIA L40S, 98 %, 40025 MiB
2026/09/05 17:14:16.626, 2, NVIDIA L40S, 88 %, 40235 MiB
2026/09/05 17:14:16.626, 3, NVIDIA L40S, 98 %, 39743 MiB
2026/09/05 17:14:26.627, 0, NVIDIA L40S, 83 %, 39573 MiB
2026/09/05 17:14:26.628, 1, NVIDIA L40S, 93 %, 40025 MiB
2026/09/05 17:14:26.628, 2, NVIDIA L40S, 98 %, 40235 MiB
2026/09/05 17:14:26.628, 3, NVIDIA L40S, 98 %, 39743 MiB
2026/09/05 17:14:36.629, 0, NVIDIA L40S, 87 %, 39603 MiB
2026/09/05 17:14:36.629, 1, NVIDIA L40S, 78 %, 40025 MiB
2026/09/05 17:14:36.629, 2, NVIDIA L40S, 99 %, 40235 MiB
2026/09/05 17:14:36.629, 3, NVIDIA L40S, 81 %, 39743 MiB
2026/09/05 17:14:46.630, 0, NVIDIA L40S, 92 %, 39603 MiB
2026/09/05 17:14:46.630, 1, NVIDIA L40S, 93 %, 40025 MiB
2026/09/05 17:14:46.630, 2, NVIDIA L40S, 84 %, 40235 MiB
2026/09/05 17:14:46.631, 3, NVIDIA L40S, 93 %, 39743 MiB
2026/09/05 17:14:56.631, 0, NVIDIA L40S, 88 %, 39603 MiB
2026/09/05 17:14:56.632, 1, NVIDIA L40S, 98 %, 40025 MiB
2026/09/05 17:14:56.632, 2, NVIDIA L40S, 99 %, 40235 MiB
2026/09/05 17:14:56.632, 3, NVIDIA L40S, 90 %, 39743 MiB
2026/09/05 17:15:06.633, 0, NVIDIA L40S, 98 %, 39603 MiB
2026/09/05 17:15:06.633, 1, NVIDIA L40S, 92 %, 40025 MiB
2026/09/05 17:15:06.633, 2, NVIDIA L40S, 98 %, 40235 MiB
2026/09/05 17:15:06.633, 3, NVIDIA L40S, 90 %, 39743 MiB
2026/09/05 17:15:16.634, 0, NVIDIA L40S, 98 %, 39603 MiB
2026/09/05 17:15:16.634, 1, NVIDIA L40S, 98 %, 40025 MiB
2026/09/05 17:15:16.634, 2, NVIDIA L40S, 98 %, 40235 MiB
2026/09/05 17:15:16.634, 3, NVIDIA L40S, 98 %, 39743 MiB
2026/09/05 17:15:26.635, 0, NVIDIA L40S, 98 %, 39603 MiB
2026/09/05 17:15:26.636, 1, NVIDIA L40S, 97 %, 40025 MiB
2026/09/05 17:15:26.636, 2, NVIDIA L40S, 84 %, 40235 MiB
2026/09/05 17:15:26.636, 3, NVIDIA L40S, 87 %, 39743 MiB
2026/09/05 17:15:36.637, 0, NVIDIA L40S, 82 %, 39603 MiB
2026/09/05 17:15:36.637, 1, NVIDIA L40S, 97 %, 40025 MiB
2026/09/05 17:15:36.637, 2, NVIDIA L40S, 93 %, 40235 MiB
2026/09/05 17:15:36.637, 3, NVIDIA L40S, 98 %, 39743 MiB
2026/09/05 17:15:46.638, 0, NVIDIA L40S, 88 %, 39603 MiB
2026/09/05 17:15:46.638, 1, NVIDIA L40S, 79 %, 40025 MiB
2026/09/05 17:15:46.639, 2, NVIDIA L40S, 82 %, 40235 MiB
2026/09/05 17:15:46.639, 3, NVIDIA L40S, 98 %, 39743 MiB
2026/09/05 17:15:56.640, 0, NVIDIA L40S, 98 %, 39603 MiB
2026/09/05 17:15:56.640, 1, NVIDIA L40S, 98 %, 40025 MiB
2026/09/05 17:15:56.640, 2, NVIDIA L40S, 82 %, 40235 MiB
2026/09/05 17:15:56.640, 3, NVIDIA L40S, 82 %, 39743 MiB
2026/09/05 17:16:06.641, 0, NVIDIA L40S, 98 %, 39603 MiB
2026/09/05 17:16:06.641, 1, NVIDIA L40S, 80 %, 40025 MiB
2026/09/05 17:16:06.641, 2, NVIDIA L40S, 84 %, 40235 MiB
2026/09/05 17:16:06.641, 3, NVIDIA L40S, 98 %, 39743 MiB
2026/09/05 17:16:16.643, 0, NVIDIA L40S, 98 %, 39603 MiB
2026/09/05 17:16:16.643, 1, NVIDIA L40S, 84 %, 40025 MiB
2026/09/05 17:16:16.643, 2, NVIDIA L40S, 93 %, 40235 MiB
2026/09/05 17:16:16.643, 3, NVIDIA L40S, 89 %, 39743 MiB
2026/09/05 17:16:26.644, 0, NVIDIA L40S, 98 %, 39603 MiB
2026/09/05 17:16:26.644, 1, NVIDIA L40S, 79 %, 40025 MiB
2026/09/05 17:16:26.644, 2, NVIDIA L40S, 87 %, 40235 MiB
2026/09/05 17:16:26.644, 3, NVIDIA L40S, 89 %, 39743 MiB
2026/09/05 17:16:36.645, 0, NVIDIA L40S, 80 %, 39603 MiB
2026/09/05 17:16:36.645, 1, NVIDIA L40S, 78 %, 40025 MiB
2026/09/05 17:16:36.645, 2, NVIDIA L40S, 98 %, 40235 MiB
2026/09/05 17:16:36.646, 3, NVIDIA L40S, 98 %, 39743 MiB
2026/09/05 17:16:46.647, 0, NVIDIA L40S, 98 %, 39603 MiB
2026/09/05 17:16:46.647, 1, NVIDIA L40S, 80 %, 40025 MiB
2026/09/05 17:16:46.647, 2, NVIDIA L40S, 99 %, 40235 MiB
2026/09/05 17:16:46.647, 3, NVIDIA L40S, 98 %, 39743 MiB
2026/09/05 17:16:56.648, 0, NVIDIA L40S, 92 %, 39603 MiB
2026/09/05 17:16:56.648, 1, NVIDIA L40S, 89 %, 40025 MiB
2026/09/05 17:16:56.648, 2, NVIDIA L40S, 99 %, 40235 MiB
2026/09/05 17:16:56.648, 3, NVIDIA L40S, 98 %, 39743 MiB
2026/09/05 17:17:06.649, 0, NVIDIA L40S, 89 %, 39603 MiB
2026/09/05 17:17:06.650, 1, NVIDIA L40S, 86 %, 40025 MiB
2026/09/05 17:17:06.650, 2, NVIDIA L40S, 98 %, 40235 MiB
2026/09/05 17:17:06.650, 3, NVIDIA L40S, 98 %, 39743 MiB
2026/09/05 17:17:16.651, 0, NVIDIA L40S, 98 %, 39603 MiB
2026/09/05 17:17:16.651, 1, NVIDIA L40S, 86 %, 40025 MiB
2026/09/05 17:17:16.651, 2, NVIDIA L40S, 93 %, 40235 MiB
2026/09/05 17:17:16.651, 3, NVIDIA L40S, 85 %, 39743 MiB
2026/09/05 17:17:26.651, 0, NVIDIA L40S, 98 %, 39603 MiB
2026/09/05 17:17:26.652, 1, NVIDIA L40S, 98 %, 40025 MiB
2026/09/05 17:17:26.652, 2, NVIDIA L40S, 90 %, 40235 MiB
2026/09/05 17:17:26.652, 3, NVIDIA L40S, 79 %, 39743 MiB
2026/09/05 17:17:36.652, 0, NVIDIA L40S, 99 %, 39603 MiB
2026/09/05 17:17:36.653, 1, NVIDIA L40S, 98 %, 40025 MiB
2026/09/05 17:17:36.653, 2, NVIDIA L40S, 98 %, 40235 MiB
2026/09/05 17:17:36.653, 3, NVIDIA L40S, 81 %, 39743 MiB
2026/09/05 17:17:46.653, 0, NVIDIA L40S, 98 %, 39603 MiB
2026/09/05 17:17:46.654, 1, NVIDIA L40S, 86 %, 40025 MiB
2026/09/05 17:17:46.654, 2, NVIDIA L40S, 98 %, 40235 MiB
2026/09/05 17:17:46.654, 3, NVIDIA L40S, 98 %, 39743 MiB
2026/09/05 17:17:56.654, 0, NVIDIA L40S, 98 %, 39603 MiB
2026/09/05 17:17:56.654, 1, NVIDIA L40S, 98 %, 40025 MiB
2026/09/05 17:17:56.655, 2, NVIDIA L40S, 98 %, 40235 MiB
2026/09/05 17:17:56.655, 3, NVIDIA L40S, 92 %, 39743 MiB
2026/09/05 17:18:06.655, 0, NVIDIA L40S, 79 %, 39603 MiB
2026/09/05 17:18:06.655, 1, NVIDIA L40S, 98 %, 40025 MiB
2026/09/05 17:18:06.656, 2, NVIDIA L40S, 84 %, 40235 MiB
2026/09/05 17:18:06.656, 3, NVIDIA L40S, 98 %, 39743 MiB
2026/09/05 17:18:16.656, 0, NVIDIA L40S, 83 %, 39603 MiB
2026/09/05 17:18:16.656, 1, NVIDIA L40S, 98 %, 40025 MiB
2026/09/05 17:18:16.656, 2, NVIDIA L40S, 87 %, 40235 MiB
2026/09/05 17:18:16.657, 3, NVIDIA L40S, 98 %, 39743 MiB
2026/09/05 17:18:26.657, 0, NVIDIA L40S, 83 %, 39603 MiB
2026/09/05 17:18:26.657, 1, NVIDIA L40S, 81 %, 40025 MiB
2026/09/05 17:18:26.657, 2, NVIDIA L40S, 90 %, 40235 MiB
2026/09/05 17:18:26.657, 3, NVIDIA L40S, 98 %, 39743 MiB
2026/09/05 17:18:36.658, 0, NVIDIA L40S, 86 %, 39603 MiB
2026/09/05 17:18:36.658, 1, NVIDIA L40S, 98 %, 40025 MiB
2026/09/05 17:18:36.658, 2, NVIDIA L40S, 86 %, 40235 MiB
2026/09/05 17:18:36.658, 3, NVIDIA L40S, 98 %, 39743 MiB
2026/09/05 17:18:46.659, 0, NVIDIA L40S, 92 %, 39603 MiB
2026/09/05 17:18:46.659, 1, NVIDIA L40S, 98 %, 40025 MiB
2026/09/05 17:18:46.659, 2, NVIDIA L40S, 98 %, 40235 MiB
2026/09/05 17:18:46.659, 3, NVIDIA L40S, 83 %, 39743 MiB
2026/09/05 17:18:56.660, 0, NVIDIA L40S, 98 %, 39603 MiB
2026/09/05 17:18:56.660, 1, NVIDIA L40S, 98 %, 40025 MiB
2026/09/05 17:18:56.660, 2, NVIDIA L40S, 98 %, 40235 MiB
2026/09/05 17:18:56.660, 3, NVIDIA L40S, 98 %, 39743 MiB
2026/09/05 17:19:06.661, 0, NVIDIA L40S, 98 %, 39603 MiB
2026/09/05 17:19:06.661, 1, NVIDIA L40S, 79 %, 40025 MiB
2026/09/05 17:19:06.661, 2, NVIDIA L40S, 98 %, 40235 MiB
2026/09/05 17:19:06.661, 3, NVIDIA L40S, 98 %, 39743 MiB
2026/09/05 17:19:16.662, 0, NVIDIA L40S, 99 %, 39603 MiB
2026/09/05 17:19:16.662, 1, NVIDIA L40S, 81 %, 40025 MiB
2026/09/05 17:19:16.662, 2, NVIDIA L40S, 80 %, 40235 MiB
2026/09/05 17:19:16.662, 3, NVIDIA L40S, 98 %, 39743 MiB
2026/09/05 17:19:26.663, 0, NVIDIA L40S, 98 %, 39603 MiB
2026/09/05 17:19:26.663, 1, NVIDIA L40S, 98 %, 40025 MiB
2026/09/05 17:19:26.663, 2, NVIDIA L40S, 99 %, 40235 MiB
2026/09/05 17:19:26.663, 3, NVIDIA L40S, 98 %, 39743 MiB
2026/09/05 17:19:36.664, 0, NVIDIA L40S, 81 %, 39603 MiB
2026/09/05 17:19:36.664, 1, NVIDIA L40S, 86 %, 40025 MiB
2026/09/05 17:19:36.664, 2, NVIDIA L40S, 99 %, 40235 MiB
2026/09/05 17:19:36.664, 3, NVIDIA L40S, 98 %, 39743 MiB
2026/09/05 17:19:46.665, 0, NVIDIA L40S, 93 %, 39603 MiB
2026/09/05 17:19:46.665, 1, NVIDIA L40S, 98 %, 40025 MiB
2026/09/05 17:19:46.665, 2, NVIDIA L40S, 81 %, 40235 MiB
2026/09/05 17:19:46.665, 3, NVIDIA L40S, 81 %, 39743 MiB
2026/09/05 17:19:56.666, 0, NVIDIA L40S, 98 %, 39603 MiB
2026/09/05 17:19:56.666, 1, NVIDIA L40S, 98 %, 40025 MiB
2026/09/05 17:19:56.666, 2, NVIDIA L40S, 92 %, 40235 MiB
2026/09/05 17:19:56.666, 3, NVIDIA L40S, 84 %, 39743 MiB
2026/09/05 17:20:06.667, 0, NVIDIA L40S, 98 %, 39603 MiB
2026/09/05 17:20:06.667, 1, NVIDIA L40S, 98 %, 40025 MiB
2026/09/05 17:20:06.667, 2, NVIDIA L40S, 90 %, 40235 MiB
2026/09/05 17:20:06.667, 3, NVIDIA L40S, 87 %, 39743 MiB
2026/09/05 17:20:16.668, 0, NVIDIA L40S, 93 %, 39603 MiB
2026/09/05 17:20:16.668, 1, NVIDIA L40S, 81 %, 40025 MiB
2026/09/05 17:20:16.668, 2, NVIDIA L40S, 98 %, 40235 MiB
2026/09/05 17:20:16.668, 3, NVIDIA L40S, 98 %, 39743 MiB
2026/09/05 17:20:26.669, 0, NVIDIA L40S, 98 %, 39603 MiB
2026/09/05 17:20:26.669, 1, NVIDIA L40S, 87 %, 40025 MiB
2026/09/05 17:20:26.669, 2, NVIDIA L40S, 98 %, 40235 MiB
2026/09/05 17:20:26.669, 3, NVIDIA L40S, 98 %, 39743 MiB
2026/09/05 17:20:36.670, 0, NVIDIA L40S, 82 %, 39603 MiB
2026/09/05 17:20:36.670, 1, NVIDIA L40S, 79 %, 40025 MiB
2026/09/05 17:20:36.670, 2, NVIDIA L40S, 93 %, 40235 MiB
2026/09/05 17:20:36.670, 3, NVIDIA L40S, 90 %, 39743 MiB
2026/09/05 17:20:46.671, 0, NVIDIA L40S, 81 %, 39603 MiB
2026/09/05 17:20:46.671, 1, NVIDIA L40S, 81 %, 40025 MiB
2026/09/05 17:20:46.671, 2, NVIDIA L40S, 98 %, 40235 MiB
2026/09/05 17:20:46.671, 3, NVIDIA L40S, 98 %, 39743 MiB
2026/09/05 17:20:56.672, 0, NVIDIA L40S, 90 %, 39603 MiB
2026/09/05 17:20:56.672, 1, NVIDIA L40S, 92 %, 40025 MiB
2026/09/05 17:20:56.672, 2, NVIDIA L40S, 99 %, 40235 MiB
2026/09/05 17:20:56.672, 3, NVIDIA L40S, 98 %, 39743 MiB
2026/09/05 17:21:06.672, 0, NVIDIA L40S, 98 %, 39603 MiB
2026/09/05 17:21:06.673, 1, NVIDIA L40S, 97 %, 40025 MiB
2026/09/05 17:21:06.673, 2, NVIDIA L40S, 84 %, 40235 MiB
2026/09/05 17:21:06.673, 3, NVIDIA L40S, 98 %, 39743 MiB
2026/09/05 17:21:16.673, 0, NVIDIA L40S, 98 %, 39603 MiB
2026/09/05 17:21:16.673, 1, NVIDIA L40S, 98 %, 40025 MiB
2026/09/05 17:21:16.674, 2, NVIDIA L40S, 81 %, 40235 MiB
2026/09/05 17:21:16.674, 3, NVIDIA L40S, 98 %, 39743 MiB
2026/09/05 17:21:26.674, 0, NVIDIA L40S, 90 %, 39603 MiB
2026/09/05 17:21:26.674, 1, NVIDIA L40S, 90 %, 40025 MiB
2026/09/05 17:21:26.674, 2, NVIDIA L40S, 99 %, 40235 MiB
2026/09/05 17:21:26.674, 3, NVIDIA L40S, 80 %, 39743 MiB
2026/09/05 17:21:36.675, 0, NVIDIA L40S, 98 %, 39603 MiB
2026/09/05 17:21:36.676, 1, NVIDIA L40S, 85 %, 40025 MiB
2026/09/05 17:21:36.676, 2, NVIDIA L40S, 81 %, 40235 MiB
2026/09/05 17:21:36.676, 3, NVIDIA L40S, 83 %, 39743 MiB
2026/09/05 17:21:46.677, 0, NVIDIA L40S, 98 %, 39603 MiB
2026/09/05 17:21:46.677, 1, NVIDIA L40S, 88 %, 40025 MiB
2026/09/05 17:21:46.677, 2, NVIDIA L40S, 82 %, 40235 MiB
2026/09/05 17:21:46.677, 3, NVIDIA L40S, 88 %, 39743 MiB
2026/09/05 17:21:56.678, 0, NVIDIA L40S, 98 %, 39603 MiB
2026/09/05 17:21:56.678, 1, NVIDIA L40S, 90 %, 40025 MiB
2026/09/05 17:21:56.678, 2, NVIDIA L40S, 99 %, 40235 MiB
2026/09/05 17:21:56.678, 3, NVIDIA L40S, 87 %, 39743 MiB
2026/09/05 17:22:06.679, 0, NVIDIA L40S, 98 %, 39603 MiB
2026/09/05 17:22:06.679, 1, NVIDIA L40S, 98 %, 40025 MiB
2026/09/05 17:22:06.680, 2, NVIDIA L40S, 98 %, 40235 MiB
2026/09/05 17:22:06.680, 3, NVIDIA L40S, 85 %, 39743 MiB
2026/09/05 17:22:16.681, 0, NVIDIA L40S, 77 %, 39603 MiB
2026/09/05 17:22:16.681, 1, NVIDIA L40S, 98 %, 40025 MiB
2026/09/05 17:22:16.681, 2, NVIDIA L40S, 99 %, 40235 MiB
2026/09/05 17:22:16.681, 3, NVIDIA L40S, 93 %, 39743 MiB
2026/09/05 17:22:26.682, 0, NVIDIA L40S, 82 %, 39603 MiB
2026/09/05 17:22:26.682, 1, NVIDIA L40S, 98 %, 40025 MiB
2026/09/05 17:22:26.682, 2, NVIDIA L40S, 86 %, 40235 MiB
2026/09/05 17:22:26.682, 3, NVIDIA L40S, 98 %, 39743 MiB
2026/09/05 17:22:36.683, 0, NVIDIA L40S, 82 %, 39613 MiB
2026/09/05 17:22:36.683, 1, NVIDIA L40S, 78 %, 40025 MiB
2026/09/05 17:22:36.684, 2, NVIDIA L40S, 98 %, 40235 MiB
2026/09/05 17:22:36.684, 3, NVIDIA L40S, 98 %, 39743 MiB
2026/09/05 17:22:46.685, 0, NVIDIA L40S, 92 %, 39613 MiB
2026/09/05 17:22:46.685, 1, NVIDIA L40S, 81 %, 40025 MiB
2026/09/05 17:22:46.685, 2, NVIDIA L40S, 98 %, 40235 MiB
2026/09/05 17:22:46.685, 3, NVIDIA L40S, 98 %, 39743 MiB
2026/09/05 17:22:56.686, 0, NVIDIA L40S, 92 %, 39613 MiB
2026/09/05 17:22:56.686, 1, NVIDIA L40S, 80 %, 40025 MiB
2026/09/05 17:22:56.686, 2, NVIDIA L40S, 98 %, 40235 MiB
2026/09/05 17:22:56.686, 3, NVIDIA L40S, 86 %, 39743 MiB
2026/09/05 17:23:06.687, 0, NVIDIA L40S, 82 %, 39637 MiB
2026/09/05 17:23:06.688, 1, NVIDIA L40S, 80 %, 40025 MiB
2026/09/05 17:23:06.688, 2, NVIDIA L40S, 84 %, 40235 MiB
2026/09/05 17:23:06.688, 3, NVIDIA L40S, 98 %, 39743 MiB
2026/09/05 17:23:16.689, 0, NVIDIA L40S, 84 %, 39637 MiB
2026/09/05 17:23:16.689, 1, NVIDIA L40S, 98 %, 40025 MiB
2026/09/05 17:23:16.689, 2, NVIDIA L40S, 84 %, 40235 MiB
2026/09/05 17:23:16.689, 3, NVIDIA L40S, 98 %, 39743 MiB
2026/09/05 17:23:26.690, 0, NVIDIA L40S, 84 %, 39637 MiB
2026/09/05 17:23:26.690, 1, NVIDIA L40S, 98 %, 40025 MiB
2026/09/05 17:23:26.690, 2, NVIDIA L40S, 91 %, 40235 MiB
2026/09/05 17:23:26.691, 3, NVIDIA L40S, 83 %, 39743 MiB
2026/09/05 17:23:36.692, 0, NVIDIA L40S, 85 %, 39671 MiB
2026/09/05 17:23:36.692, 1, NVIDIA L40S, 98 %, 40025 MiB
2026/09/05 17:23:36.692, 2, NVIDIA L40S, 80 %, 40235 MiB
2026/09/05 17:23:36.692, 3, NVIDIA L40S, 98 %, 39743 MiB
2026/09/05 17:23:46.693, 0, NVIDIA L40S, 93 %, 39671 MiB
2026/09/05 17:23:46.693, 1, NVIDIA L40S, 98 %, 40025 MiB
2026/09/05 17:23:46.693, 2, NVIDIA L40S, 83 %, 40235 MiB
2026/09/05 17:23:46.693, 3, NVIDIA L40S, 98 %, 39743 MiB
2026/09/05 17:23:56.694, 0, NVIDIA L40S, 98 %, 39671 MiB
2026/09/05 17:23:56.695, 1, NVIDIA L40S, 80 %, 40025 MiB
2026/09/05 17:23:56.695, 2, NVIDIA L40S, 84 %, 40235 MiB
2026/09/05 17:23:56.695, 3, NVIDIA L40S, 86 %, 39743 MiB
2026/09/05 17:24:06.696, 0, NVIDIA L40S, 98 %, 39671 MiB
2026/09/05 17:24:06.696, 1, NVIDIA L40S, 81 %, 40025 MiB
2026/09/05 17:24:06.696, 2, NVIDIA L40S, 88 %, 40235 MiB
2026/09/05 17:24:06.696, 3, NVIDIA L40S, 86 %, 39743 MiB
2026/09/05 17:24:16.697, 0, NVIDIA L40S, 78 %, 39671 MiB
2026/09/05 17:24:16.697, 1, NVIDIA L40S, 83 %, 40025 MiB
2026/09/05 17:24:16.697, 2, NVIDIA L40S, 93 %, 40235 MiB
2026/09/05 17:24:16.697, 3, NVIDIA L40S, 98 %, 39743 MiB
2026/09/05 17:24:26.698, 0, NVIDIA L40S, 81 %, 39671 MiB
2026/09/05 17:24:26.699, 1, NVIDIA L40S, 83 %, 40025 MiB
2026/09/05 17:24:26.699, 2, NVIDIA L40S, 98 %, 40235 MiB
2026/09/05 17:24:26.699, 3, NVIDIA L40S, 98 %, 39743 MiB
2026/09/05 17:24:36.700, 0, NVIDIA L40S, 88 %, 39671 MiB
2026/09/05 17:24:36.700, 1, NVIDIA L40S, 84 %, 40025 MiB
2026/09/05 17:24:36.700, 2, NVIDIA L40S, 98 %, 40235 MiB
2026/09/05 17:24:36.700, 3, NVIDIA L40S, 90 %, 39743 MiB
2026/09/05 17:24:46.701, 0, NVIDIA L40S, 86 %, 39671 MiB
2026/09/05 17:24:46.701, 1, NVIDIA L40S, 90 %, 40025 MiB
2026/09/05 17:24:46.701, 2, NVIDIA L40S, 99 %, 40235 MiB
2026/09/05 17:24:46.702, 3, NVIDIA L40S, 91 %, 39743 MiB
2026/09/05 17:24:56.702, 0, NVIDIA L40S, 98 %, 39671 MiB
2026/09/05 17:24:56.703, 1, NVIDIA L40S, 87 %, 40025 MiB
2026/09/05 17:24:56.703, 2, NVIDIA L40S, 89 %, 40235 MiB
2026/09/05 17:24:56.703, 3, NVIDIA L40S, 98 %, 39743 MiB
2026/09/05 17:25:06.704, 0, NVIDIA L40S, 98 %, 39671 MiB
2026/09/05 17:25:06.704, 1, NVIDIA L40S, 89 %, 40025 MiB
2026/09/05 17:25:06.704, 2, NVIDIA L40S, 98 %, 40235 MiB
2026/09/05 17:25:06.704, 3, NVIDIA L40S, 98 %, 39743 MiB
2026/09/05 17:25:16.705, 0, NVIDIA L40S, 98 %, 39671 MiB
2026/09/05 17:25:16.705, 1, NVIDIA L40S, 98 %, 40025 MiB
2026/09/05 17:25:16.706, 2, NVIDIA L40S, 98 %, 40235 MiB
2026/09/05 17:25:16.706, 3, NVIDIA L40S, 82 %, 39743 MiB
2026/09/05 17:25:26.707, 0, NVIDIA L40S, 98 %, 39671 MiB
2026/09/05 17:25:26.707, 1, NVIDIA L40S, 98 %, 40025 MiB
2026/09/05 17:25:26.707, 2, NVIDIA L40S, 98 %, 40235 MiB
2026/09/05 17:25:26.707, 3, NVIDIA L40S, 84 %, 39743 MiB
2026/09/05 17:25:36.708, 0, NVIDIA L40S, 98 %, 39671 MiB
2026/09/05 17:25:36.708, 1, NVIDIA L40S, 80 %, 40025 MiB
2026/09/05 17:25:36.708, 2, NVIDIA L40S, 98 %, 40235 MiB
2026/09/05 17:25:36.708, 3, NVIDIA L40S, 98 %, 39743 MiB
2026/09/05 17:25:46.709, 0, NVIDIA L40S, 80 %, 39671 MiB
2026/09/05 17:25:46.710, 1, NVIDIA L40S, 90 %, 40025 MiB
2026/09/05 17:25:46.710, 2, NVIDIA L40S, 82 %, 40235 MiB
2026/09/05 17:25:46.710, 3, NVIDIA L40S, 98 %, 39743 MiB
2026/09/05 17:25:56.711, 0, NVIDIA L40S, 98 %, 39671 MiB
2026/09/05 17:25:56.711, 1, NVIDIA L40S, 81 %, 40025 MiB
2026/09/05 17:25:56.711, 2, NVIDIA L40S, 98 %, 40235 MiB
2026/09/05 17:25:56.711, 3, NVIDIA L40S, 82 %, 39743 MiB
2026/09/05 17:26:06.712, 0, NVIDIA L40S, 98 %, 39671 MiB
2026/09/05 17:26:06.712, 1, NVIDIA L40S, 98 %, 40025 MiB
2026/09/05 17:26:06.712, 2, NVIDIA L40S, 98 %, 40235 MiB
2026/09/05 17:26:06.712, 3, NVIDIA L40S, 86 %, 39743 MiB
2026/09/05 17:26:16.713, 0, NVIDIA L40S, 78 %, 39671 MiB
2026/09/05 17:26:16.713, 1, NVIDIA L40S, 98 %, 40025 MiB
2026/09/05 17:26:16.714, 2, NVIDIA L40S, 98 %, 40235 MiB
2026/09/05 17:26:16.714, 3, NVIDIA L40S, 91 %, 39743 MiB
2026/09/05 17:26:26.715, 0, NVIDIA L40S, 80 %, 39671 MiB
2026/09/05 17:26:26.715, 1, NVIDIA L40S, 79 %, 40025 MiB
2026/09/05 17:26:26.715, 2, NVIDIA L40S, 79 %, 40235 MiB
2026/09/05 17:26:26.715, 3, NVIDIA L40S, 98 %, 39743 MiB
2026/09/05 17:26:36.716, 0, NVIDIA L40S, 85 %, 39671 MiB
2026/09/05 17:26:36.716, 1, NVIDIA L40S, 98 %, 40025 MiB
2026/09/05 17:26:36.716, 2, NVIDIA L40S, 84 %, 40235 MiB
2026/09/05 17:26:36.716, 3, NVIDIA L40S, 90 %, 39743 MiB
2026/09/05 17:26:46.717, 0, NVIDIA L40S, 82 %, 39671 MiB
2026/09/05 17:26:46.718, 1, NVIDIA L40S, 76 %, 40025 MiB
2026/09/05 17:26:46.718, 2, NVIDIA L40S, 92 %, 40235 MiB
2026/09/05 17:26:46.718, 3, NVIDIA L40S, 98 %, 39743 MiB
2026/09/05 17:26:56.719, 0, NVIDIA L40S, 84 %, 39671 MiB
2026/09/05 17:26:56.719, 1, NVIDIA L40S, 80 %, 40025 MiB
2026/09/05 17:26:56.719, 2, NVIDIA L40S, 92 %, 40235 MiB
2026/09/05 17:26:56.719, 3, NVIDIA L40S, 98 %, 39743 MiB
2026/09/05 17:27:06.720, 0, NVIDIA L40S, 85 %, 39671 MiB
2026/09/05 17:27:06.721, 1, NVIDIA L40S, 97 %, 40025 MiB
2026/09/05 17:27:06.721, 2, NVIDIA L40S, 88 %, 40235 MiB
2026/09/05 17:27:06.721, 3, NVIDIA L40S, 84 %, 39743 MiB
2026/09/05 17:27:16.722, 0, NVIDIA L40S, 85 %, 39671 MiB
2026/09/05 17:27:16.722, 1, NVIDIA L40S, 89 %, 40025 MiB
2026/09/05 17:27:16.722, 2, NVIDIA L40S, 85 %, 40235 MiB
2026/09/05 17:27:16.722, 3, NVIDIA L40S, 98 %, 39743 MiB
2026/09/05 17:27:26.723, 0, NVIDIA L40S, 92 %, 39671 MiB
2026/09/05 17:27:26.723, 1, NVIDIA L40S, 98 %, 40025 MiB
2026/09/05 17:27:26.723, 2, NVIDIA L40S, 86 %, 40235 MiB
2026/09/05 17:27:26.723, 3, NVIDIA L40S, 98 %, 39743 MiB
2026/09/05 17:27:36.724, 0, NVIDIA L40S, 90 %, 39671 MiB
2026/09/05 17:27:36.724, 1, NVIDIA L40S, 98 %, 40025 MiB
2026/09/05 17:27:36.725, 2, NVIDIA L40S, 87 %, 40235 MiB
2026/09/05 17:27:36.725, 3, NVIDIA L40S, 98 %, 39743 MiB
2026/09/05 17:27:46.726, 0, NVIDIA L40S, 91 %, 39671 MiB
2026/09/05 17:27:46.726, 1, NVIDIA L40S, 78 %, 40025 MiB
2026/09/05 17:27:46.726, 2, NVIDIA L40S, 93 %, 40235 MiB
2026/09/05 17:27:46.726, 3, NVIDIA L40S, 80 %, 39743 MiB
2026/09/05 17:27:56.727, 0, NVIDIA L40S, 99 %, 39671 MiB
2026/09/05 17:27:56.727, 1, NVIDIA L40S, 98 %, 40025 MiB
2026/09/05 17:27:56.727, 2, NVIDIA L40S, 93 %, 40235 MiB
2026/09/05 17:27:56.727, 3, NVIDIA L40S, 86 %, 39743 MiB
2026/09/05 17:28:06.728, 0, NVIDIA L40S, 98 %, 39671 MiB
2026/09/05 17:28:06.728, 1, NVIDIA L40S, 98 %, 40025 MiB
2026/09/05 17:28:06.728, 2, NVIDIA L40S, 87 %, 40235 MiB
2026/09/05 17:28:06.729, 3, NVIDIA L40S, 83 %, 39743 MiB
2026/09/05 17:28:16.730, 0, NVIDIA L40S, 98 %, 39671 MiB
2026/09/05 17:28:16.730, 1, NVIDIA L40S, 79 %, 40025 MiB
2026/09/05 17:28:16.730, 2, NVIDIA L40S, 98 %, 40235 MiB
2026/09/05 17:28:16.730, 3, NVIDIA L40S, 98 %, 39743 MiB
2026/09/05 17:28:26.731, 0, NVIDIA L40S, 98 %, 39671 MiB
2026/09/05 17:28:26.731, 1, NVIDIA L40S, 85 %, 40025 MiB
2026/09/05 17:28:26.731, 2, NVIDIA L40S, 99 %, 40235 MiB
2026/09/05 17:28:26.731, 3, NVIDIA L40S, 98 %, 39743 MiB
2026/09/05 17:28:36.732, 0, NVIDIA L40S, 83 %, 39671 MiB
2026/09/05 17:28:36.732, 1, NVIDIA L40S, 80 %, 40025 MiB
2026/09/05 17:28:36.733, 2, NVIDIA L40S, 99 %, 40235 MiB
2026/09/05 17:28:36.733, 3, NVIDIA L40S, 82 %, 39743 MiB
2026/09/05 17:28:46.734, 0, NVIDIA L40S, 87 %, 39671 MiB
2026/09/05 17:28:46.734, 1, NVIDIA L40S, 84 %, 40025 MiB
2026/09/05 17:28:46.734, 2, NVIDIA L40S, 98 %, 40235 MiB
2026/09/05 17:28:46.734, 3, NVIDIA L40S, 98 %, 39743 MiB
2026/09/05 17:28:56.735, 0, NVIDIA L40S, 90 %, 39671 MiB
2026/09/05 17:28:56.735, 1, NVIDIA L40S, 98 %, 40025 MiB
2026/09/05 17:28:56.735, 2, NVIDIA L40S, 83 %, 40235 MiB
2026/09/05 17:28:56.735, 3, NVIDIA L40S, 83 %, 39743 MiB
2026/09/05 17:29:06.737, 0, NVIDIA L40S, 98 %, 39671 MiB
2026/09/05 17:29:06.737, 1, NVIDIA L40S, 88 %, 40025 MiB
2026/09/05 17:29:06.737, 2, NVIDIA L40S, 87 %, 40235 MiB
2026/09/05 17:29:06.737, 3, NVIDIA L40S, 92 %, 39743 MiB
2026/09/05 17:29:16.738, 0, NVIDIA L40S, 98 %, 39671 MiB
2026/09/05 17:29:16.738, 1, NVIDIA L40S, 98 %, 40025 MiB
2026/09/05 17:29:16.738, 2, NVIDIA L40S, 98 %, 40235 MiB
2026/09/05 17:29:16.738, 3, NVIDIA L40S, 89 %, 39743 MiB
2026/09/05 17:29:26.739, 0, NVIDIA L40S, 86 %, 39671 MiB
2026/09/05 17:29:26.739, 1, NVIDIA L40S, 80 %, 40025 MiB
2026/09/05 17:29:26.740, 2, NVIDIA L40S, 98 %, 40235 MiB
2026/09/05 17:29:26.740, 3, NVIDIA L40S, 98 %, 39743 MiB
2026/09/05 17:29:36.741, 0, NVIDIA L40S, 86 %, 39671 MiB
2026/09/05 17:29:36.741, 1, NVIDIA L40S, 98 %, 40025 MiB
2026/09/05 17:29:36.741, 2, NVIDIA L40S, 88 %, 40235 MiB
2026/09/05 17:29:36.741, 3, NVIDIA L40S, 93 %, 39743 MiB
2026/09/05 17:29:46.742, 0, NVIDIA L40S, 98 %, 39671 MiB
2026/09/05 17:29:46.742, 1, NVIDIA L40S, 98 %, 40025 MiB
2026/09/05 17:29:46.742, 2, NVIDIA L40S, 98 %, 40235 MiB
2026/09/05 17:29:46.742, 3, NVIDIA L40S, 98 %, 39743 MiB
2026/09/05 17:29:56.743, 0, NVIDIA L40S, 98 %, 39671 MiB
2026/09/05 17:29:56.744, 1, NVIDIA L40S, 98 %, 40025 MiB
2026/09/05 17:29:56.744, 2, NVIDIA L40S, 82 %, 40235 MiB
2026/09/05 17:29:56.744, 3, NVIDIA L40S, 98 %, 39743 MiB
2026/09/05 17:30:06.745, 0, NVIDIA L40S, 98 %, 39671 MiB
2026/09/05 17:30:06.745, 1, NVIDIA L40S, 80 %, 40025 MiB
2026/09/05 17:30:06.745, 2, NVIDIA L40S, 98 %, 40235 MiB
2026/09/05 17:30:06.745, 3, NVIDIA L40S, 98 %, 39743 MiB
2026/09/05 17:30:16.746, 0, NVIDIA L40S, 98 %, 39671 MiB
2026/09/05 17:30:16.746, 1, NVIDIA L40S, 93 %, 40025 MiB
2026/09/05 17:30:16.746, 2, NVIDIA L40S, 80 %, 40235 MiB
2026/09/05 17:30:16.747, 3, NVIDIA L40S, 85 %, 39743 MiB
2026/09/05 17:30:26.747, 0, NVIDIA L40S, 81 %, 39671 MiB
2026/09/05 17:30:26.748, 1, NVIDIA L40S, 87 %, 40025 MiB
2026/09/05 17:30:26.748, 2, NVIDIA L40S, 80 %, 40235 MiB
2026/09/05 17:30:26.748, 3, NVIDIA L40S, 98 %, 39743 MiB
2026/09/05 17:30:36.749, 0, NVIDIA L40S, 81 %, 39671 MiB
2026/09/05 17:30:36.749, 1, NVIDIA L40S, 81 %, 40025 MiB
2026/09/05 17:30:36.749, 2, NVIDIA L40S, 87 %, 40235 MiB
2026/09/05 17:30:36.749, 3, NVIDIA L40S, 98 %, 39743 MiB
2026/09/05 17:30:46.750, 0, NVIDIA L40S, 81 %, 39671 MiB
2026/09/05 17:30:46.750, 1, NVIDIA L40S, 85 %, 40025 MiB
2026/09/05 17:30:46.750, 2, NVIDIA L40S, 98 %, 40235 MiB
2026/09/05 17:30:46.750, 3, NVIDIA L40S, 90 %, 39743 MiB
2026/09/05 17:30:56.751, 0, NVIDIA L40S, 99 %, 39671 MiB
2026/09/05 17:30:56.752, 1, NVIDIA L40S, 98 %, 40025 MiB
2026/09/05 17:30:56.752, 2, NVIDIA L40S, 78 %, 40235 MiB
2026/09/05 17:30:56.752, 3, NVIDIA L40S, 83 %, 39743 MiB
2026/09/05 17:31:06.753, 0, NVIDIA L40S, 98 %, 39671 MiB
2026/09/05 17:31:06.753, 1, NVIDIA L40S, 98 %, 40025 MiB
2026/09/05 17:31:06.753, 2, NVIDIA L40S, 80 %, 40235 MiB
2026/09/05 17:31:06.753, 3, NVIDIA L40S, 98 %, 39743 MiB
2026/09/05 17:31:16.754, 0, NVIDIA L40S, 98 %, 39671 MiB
2026/09/05 17:31:16.754, 1, NVIDIA L40S, 84 %, 40025 MiB
2026/09/05 17:31:16.754, 2, NVIDIA L40S, 92 %, 40235 MiB
2026/09/05 17:31:16.755, 3, NVIDIA L40S, 98 %, 39743 MiB
2026/09/05 17:31:26.756, 0, NVIDIA L40S, 82 %, 39671 MiB
2026/09/05 17:31:26.756, 1, NVIDIA L40S, 98 %, 40025 MiB
2026/09/05 17:31:26.756, 2, NVIDIA L40S, 99 %, 40235 MiB
2026/09/05 17:31:26.756, 3, NVIDIA L40S, 98 %, 39743 MiB
2026/09/05 17:31:36.757, 0, NVIDIA L40S, 92 %, 39671 MiB
2026/09/05 17:31:36.757, 1, NVIDIA L40S, 98 %, 40025 MiB
2026/09/05 17:31:36.757, 2, NVIDIA L40S, 98 %, 40235 MiB
2026/09/05 17:31:36.757, 3, NVIDIA L40S, 82 %, 39743 MiB
2026/09/05 17:31:46.758, 0, NVIDIA L40S, 77 %, 39671 MiB
2026/09/05 17:31:46.758, 1, NVIDIA L40S, 98 %, 40025 MiB
2026/09/05 17:31:46.759, 2, NVIDIA L40S, 90 %, 40235 MiB
2026/09/05 17:31:46.759, 3, NVIDIA L40S, 80 %, 39743 MiB
2026/09/05 17:31:56.760, 0, NVIDIA L40S, 82 %, 39671 MiB
2026/09/05 17:31:56.760, 1, NVIDIA L40S, 83 %, 40025 MiB
2026/09/05 17:31:56.760, 2, NVIDIA L40S, 98 %, 40235 MiB
2026/09/05 17:31:56.760, 3, NVIDIA L40S, 80 %, 39743 MiB
2026/09/05 17:32:06.761, 0, NVIDIA L40S, 84 %, 39687 MiB
2026/09/05 17:32:06.761, 1, NVIDIA L40S, 98 %, 40025 MiB
2026/09/05 17:32:06.761, 2, NVIDIA L40S, 98 %, 40235 MiB
2026/09/05 17:32:06.761, 3, NVIDIA L40S, 93 %, 39743 MiB
2026/09/05 17:32:16.763, 0, NVIDIA L40S, 80 %, 39687 MiB
2026/09/05 17:32:16.763, 1, NVIDIA L40S, 98 %, 40025 MiB
2026/09/05 17:32:16.763, 2, NVIDIA L40S, 98 %, 40235 MiB
2026/09/05 17:32:16.763, 3, NVIDIA L40S, 98 %, 39743 MiB
2026/09/05 17:32:26.764, 0, NVIDIA L40S, 82 %, 39687 MiB
2026/09/05 17:32:26.764, 1, NVIDIA L40S, 88 %, 40025 MiB
2026/09/05 17:32:26.764, 2, NVIDIA L40S, 83 %, 40235 MiB
2026/09/05 17:32:26.764, 3, NVIDIA L40S, 98 %, 39743 MiB
2026/09/05 17:32:36.765, 0, NVIDIA L40S, 84 %, 39687 MiB
2026/09/05 17:32:36.765, 1, NVIDIA L40S, 82 %, 40025 MiB
2026/09/05 17:32:36.765, 2, NVIDIA L40S, 85 %, 40235 MiB
2026/09/05 17:32:36.765, 3, NVIDIA L40S, 89 %, 39743 MiB
2026/09/05 17:32:46.767, 0, NVIDIA L40S, 87 %, 39687 MiB
2026/09/05 17:32:46.767, 1, NVIDIA L40S, 89 %, 40025 MiB
2026/09/05 17:32:46.767, 2, NVIDIA L40S, 99 %, 40235 MiB
2026/09/05 17:32:46.767, 3, NVIDIA L40S, 98 %, 39743 MiB
2026/09/05 17:32:56.768, 0, NVIDIA L40S, 91 %, 39687 MiB
2026/09/05 17:32:56.768, 1, NVIDIA L40S, 84 %, 40025 MiB
2026/09/05 17:32:56.768, 2, NVIDIA L40S, 84 %, 40235 MiB
2026/09/05 17:32:56.768, 3, NVIDIA L40S, 80 %, 39743 MiB
2026/09/05 17:33:06.769, 0, NVIDIA L40S, 92 %, 39687 MiB
2026/09/05 17:33:06.769, 1, NVIDIA L40S, 98 %, 40025 MiB
2026/09/05 17:33:06.770, 2, NVIDIA L40S, 98 %, 40235 MiB
2026/09/05 17:33:06.770, 3, NVIDIA L40S, 98 %, 39743 MiB
2026/09/05 17:33:16.771, 0, NVIDIA L40S, 88 %, 39687 MiB
2026/09/05 17:33:16.771, 1, NVIDIA L40S, 91 %, 40025 MiB
2026/09/05 17:33:16.771, 2, NVIDIA L40S, 84 %, 40235 MiB
2026/09/05 17:33:16.771, 3, NVIDIA L40S, 98 %, 39743 MiB
2026/09/05 17:33:26.772, 0, NVIDIA L40S, 91 %, 39687 MiB
2026/09/05 17:33:26.772, 1, NVIDIA L40S, 98 %, 40025 MiB
2026/09/05 17:33:26.772, 2, NVIDIA L40S, 86 %, 40235 MiB
2026/09/05 17:33:26.772, 3, NVIDIA L40S, 84 %, 39743 MiB
2026/09/05 17:33:36.774, 0, NVIDIA L40S, 86 %, 39687 MiB
2026/09/05 17:33:36.774, 1, NVIDIA L40S, 77 %, 40025 MiB
2026/09/05 17:33:36.774, 2, NVIDIA L40S, 83 %, 40235 MiB
2026/09/05 17:33:36.774, 3, NVIDIA L40S, 93 %, 39745 MiB
2026/09/05 17:33:46.775, 0, NVIDIA L40S, 99 %, 39687 MiB
2026/09/05 17:33:46.775, 1, NVIDIA L40S, 97 %, 40025 MiB
2026/09/05 17:33:46.775, 2, NVIDIA L40S, 86 %, 40235 MiB
2026/09/05 17:33:46.775, 3, NVIDIA L40S, 78 %, 39745 MiB
2026/09/05 17:33:56.776, 0, NVIDIA L40S, 98 %, 39687 MiB
2026/09/05 17:33:56.776, 1, NVIDIA L40S, 98 %, 40025 MiB
2026/09/05 17:33:56.777, 2, NVIDIA L40S, 98 %, 40235 MiB
2026/09/05 17:33:56.777, 3, NVIDIA L40S, 93 %, 39745 MiB
2026/09/05 17:34:06.778, 0, NVIDIA L40S, 98 %, 39687 MiB
2026/09/05 17:34:06.778, 1, NVIDIA L40S, 78 %, 40025 MiB
2026/09/05 17:34:06.778, 2, NVIDIA L40S, 86 %, 40235 MiB
2026/09/05 17:34:06.778, 3, NVIDIA L40S, 98 %, 39745 MiB
2026/09/05 17:34:16.779, 0, NVIDIA L40S, 98 %, 39687 MiB
2026/09/05 17:34:16.779, 1, NVIDIA L40S, 80 %, 40025 MiB
2026/09/05 17:34:16.779, 2, NVIDIA L40S, 98 %, 40235 MiB
2026/09/05 17:34:16.779, 3, NVIDIA L40S, 89 %, 39745 MiB
2026/09/05 17:34:26.780, 0, NVIDIA L40S, 98 %, 39687 MiB
2026/09/05 17:34:26.781, 1, NVIDIA L40S, 91 %, 40025 MiB
2026/09/05 17:34:26.781, 2, NVIDIA L40S, 84 %, 40235 MiB
2026/09/05 17:34:26.781, 3, NVIDIA L40S, 98 %, 39745 MiB
2026/09/05 17:34:36.782, 0, NVIDIA L40S, 92 %, 39885 MiB
2026/09/05 17:34:36.782, 1, NVIDIA L40S, 81 %, 40025 MiB
2026/09/05 17:34:36.782, 2, NVIDIA L40S, 99 %, 40235 MiB
2026/09/05 17:34:36.782, 3, NVIDIA L40S, 98 %, 39745 MiB
2026/09/05 17:34:46.783, 0, NVIDIA L40S, 90 %, 39885 MiB
2026/09/05 17:34:46.783, 1, NVIDIA L40S, 88 %, 40025 MiB
2026/09/05 17:34:46.783, 2, NVIDIA L40S, 81 %, 40235 MiB
2026/09/05 17:34:46.783, 3, NVIDIA L40S, 98 %, 39745 MiB
2026/09/05 17:34:56.784, 0, NVIDIA L40S, 88 %, 39885 MiB
2026/09/05 17:34:56.785, 1, NVIDIA L40S, 98 %, 40025 MiB
2026/09/05 17:34:56.785, 2, NVIDIA L40S, 86 %, 40235 MiB
2026/09/05 17:34:56.785, 3, NVIDIA L40S, 97 %, 39745 MiB
2026/09/05 17:35:06.786, 0, NVIDIA L40S, 87 %, 39885 MiB
2026/09/05 17:35:06.786, 1, NVIDIA L40S, 92 %, 40025 MiB
2026/09/05 17:35:06.786, 2, NVIDIA L40S, 91 %, 40235 MiB
2026/09/05 17:35:06.786, 3, NVIDIA L40S, 80 %, 39745 MiB
2026/09/05 17:35:16.787, 0, NVIDIA L40S, 93 %, 39885 MiB
2026/09/05 17:35:16.787, 1, NVIDIA L40S, 91 %, 40025 MiB
2026/09/05 17:35:16.788, 2, NVIDIA L40S, 99 %, 40235 MiB
2026/09/05 17:35:16.788, 3, NVIDIA L40S, 98 %, 39745 MiB
2026/09/05 17:35:26.789, 0, NVIDIA L40S, 87 %, 39885 MiB
2026/09/05 17:35:26.789, 1, NVIDIA L40S, 98 %, 40025 MiB
2026/09/05 17:35:26.789, 2, NVIDIA L40S, 98 %, 40235 MiB
2026/09/05 17:35:26.789, 3, NVIDIA L40S, 79 %, 39745 MiB
2026/09/05 17:35:36.790, 0, NVIDIA L40S, 99 %, 39981 MiB
2026/09/05 17:35:36.790, 1, NVIDIA L40S, 98 %, 40025 MiB
2026/09/05 17:35:36.790, 2, NVIDIA L40S, 90 %, 40235 MiB
2026/09/05 17:35:36.790, 3, NVIDIA L40S, 92 %, 39745 MiB
2026/09/05 17:35:46.791, 0, NVIDIA L40S, 99 %, 39981 MiB
2026/09/05 17:35:46.792, 1, NVIDIA L40S, 98 %, 40025 MiB
2026/09/05 17:35:46.792, 2, NVIDIA L40S, 98 %, 40235 MiB
2026/09/05 17:35:46.792, 3, NVIDIA L40S, 98 %, 39745 MiB
2026/09/05 17:35:56.793, 0, NVIDIA L40S, 98 %, 39981 MiB
2026/09/05 17:35:56.793, 1, NVIDIA L40S, 80 %, 40025 MiB
2026/09/05 17:35:56.793, 2, NVIDIA L40S, 98 %, 40235 MiB
2026/09/05 17:35:56.793, 3, NVIDIA L40S, 98 %, 39745 MiB
2026/09/05 17:36:06.794, 0, NVIDIA L40S, 98 %, 39981 MiB
2026/09/05 17:36:06.794, 1, NVIDIA L40S, 98 %, 40025 MiB
2026/09/05 17:36:06.795, 2, NVIDIA L40S, 98 %, 40235 MiB
2026/09/05 17:36:06.795, 3, NVIDIA L40S, 79 %, 39745 MiB
2026/09/05 17:36:16.796, 0, NVIDIA L40S, 98 %, 39981 MiB
2026/09/05 17:36:16.796, 1, NVIDIA L40S, 98 %, 40025 MiB
2026/09/05 17:36:16.796, 2, NVIDIA L40S, 99 %, 40235 MiB
2026/09/05 17:36:16.796, 3, NVIDIA L40S, 98 %, 39745 MiB
2026/09/05 17:36:26.797, 0, NVIDIA L40S, 84 %, 39981 MiB
2026/09/05 17:36:26.797, 1, NVIDIA L40S, 82 %, 40025 MiB
2026/09/05 17:36:26.797, 2, NVIDIA L40S, 99 %, 40235 MiB
2026/09/05 17:36:26.797, 3, NVIDIA L40S, 81 %, 39745 MiB
2026/09/05 17:36:36.798, 0, NVIDIA L40S, 88 %, 39981 MiB
2026/09/05 17:36:36.799, 1, NVIDIA L40S, 93 %, 40025 MiB
2026/09/05 17:36:36.799, 2, NVIDIA L40S, 99 %, 40235 MiB
2026/09/05 17:36:36.799, 3, NVIDIA L40S, 89 %, 39745 MiB
2026/09/05 17:36:46.800, 0, NVIDIA L40S, 85 %, 39981 MiB
2026/09/05 17:36:46.800, 1, NVIDIA L40S, 81 %, 40025 MiB
2026/09/05 17:36:46.800, 2, NVIDIA L40S, 86 %, 40235 MiB
2026/09/05 17:36:46.800, 3, NVIDIA L40S, 98 %, 39745 MiB
2026/09/05 17:36:56.801, 0, NVIDIA L40S, 87 %, 40079 MiB
2026/09/05 17:36:56.802, 1, NVIDIA L40S, 81 %, 40025 MiB
2026/09/05 17:36:56.802, 2, NVIDIA L40S, 91 %, 40235 MiB
2026/09/05 17:36:56.802, 3, NVIDIA L40S, 86 %, 39745 MiB
2026/09/05 17:37:06.803, 0, NVIDIA L40S, 86 %, 40171 MiB
2026/09/05 17:37:06.803, 1, NVIDIA L40S, 93 %, 40025 MiB
2026/09/05 17:37:06.803, 2, NVIDIA L40S, 98 %, 40235 MiB
2026/09/05 17:37:06.803, 3, NVIDIA L40S, 98 %, 39745 MiB
2026/09/05 17:37:16.804, 0, NVIDIA L40S, 88 %, 40223 MiB
2026/09/05 17:37:16.804, 1, NVIDIA L40S, 98 %, 40025 MiB
2026/09/05 17:37:16.804, 2, NVIDIA L40S, 98 %, 40235 MiB
2026/09/05 17:37:16.804, 3, NVIDIA L40S, 98 %, 39745 MiB
2026/09/05 17:37:26.805, 0, NVIDIA L40S, 98 %, 40223 MiB
2026/09/05 17:37:26.806, 1, NVIDIA L40S, 98 %, 40025 MiB
2026/09/05 17:37:26.806, 2, NVIDIA L40S, 82 %, 40235 MiB
2026/09/05 17:37:26.806, 3, NVIDIA L40S, 82 %, 39745 MiB
2026/09/05 17:37:36.807, 0, NVIDIA L40S, 98 %, 40223 MiB
2026/09/05 17:37:36.807, 1, NVIDIA L40S, 98 %, 40025 MiB
2026/09/05 17:37:36.807, 2, NVIDIA L40S, 99 %, 40235 MiB
2026/09/05 17:37:36.807, 3, NVIDIA L40S, 98 %, 39745 MiB
2026/09/05 17:37:46.808, 0, NVIDIA L40S, 84 %, 40223 MiB
2026/09/05 17:37:46.808, 1, NVIDIA L40S, 84 %, 40025 MiB
2026/09/05 17:37:46.808, 2, NVIDIA L40S, 87 %, 40235 MiB
2026/09/05 17:37:46.808, 3, NVIDIA L40S, 98 %, 39745 MiB
2026/09/05 17:37:56.810, 0, NVIDIA L40S, 98 %, 40223 MiB
2026/09/05 17:37:56.810, 1, NVIDIA L40S, 84 %, 40025 MiB
2026/09/05 17:37:56.810, 2, NVIDIA L40S, 92 %, 40235 MiB
2026/09/05 17:37:56.810, 3, NVIDIA L40S, 98 %, 39745 MiB
2026/09/05 17:38:06.811, 0, NVIDIA L40S, 79 %, 40223 MiB
2026/09/05 17:38:06.811, 1, NVIDIA L40S, 98 %, 40025 MiB
2026/09/05 17:38:06.811, 2, NVIDIA L40S, 99 %, 40235 MiB
2026/09/05 17:38:06.811, 3, NVIDIA L40S, 98 %, 39745 MiB
2026/09/05 17:38:16.812, 0, NVIDIA L40S, 89 %, 40223 MiB
2026/09/05 17:38:16.813, 1, NVIDIA L40S, 98 %, 40025 MiB
2026/09/05 17:38:16.813, 2, NVIDIA L40S, 87 %, 40235 MiB
2026/09/05 17:38:16.813, 3, NVIDIA L40S, 79 %, 39745 MiB
2026/09/05 17:38:26.814, 0, NVIDIA L40S, 80 %, 40223 MiB
2026/09/05 17:38:26.814, 1, NVIDIA L40S, 98 %, 40025 MiB
2026/09/05 17:38:26.814, 2, NVIDIA L40S, 98 %, 40235 MiB
2026/09/05 17:38:26.814, 3, NVIDIA L40S, 83 %, 39745 MiB
2026/09/05 17:38:36.815, 0, NVIDIA L40S, 83 %, 40223 MiB
2026/09/05 17:38:36.815, 1, NVIDIA L40S, 98 %, 40025 MiB
2026/09/05 17:38:36.815, 2, NVIDIA L40S, 98 %, 40235 MiB
2026/09/05 17:38:36.816, 3, NVIDIA L40S, 80 %, 39745 MiB
2026/09/05 17:38:46.817, 0, NVIDIA L40S, 93 %, 40223 MiB
2026/09/05 17:38:46.817, 1, NVIDIA L40S, 83 %, 40025 MiB
2026/09/05 17:38:46.817, 2, NVIDIA L40S, 85 %, 40235 MiB
2026/09/05 17:38:46.817, 3, NVIDIA L40S, 83 %, 39745 MiB
2026/09/05 17:38:56.818, 0, NVIDIA L40S, 98 %, 40223 MiB
2026/09/05 17:38:56.818, 1, NVIDIA L40S, 83 %, 40025 MiB
2026/09/05 17:38:56.818, 2, NVIDIA L40S, 84 %, 40235 MiB
2026/09/05 17:38:56.818, 3, NVIDIA L40S, 84 %, 39745 MiB
2026/09/05 17:39:06.819, 0, NVIDIA L40S, 98 %, 40223 MiB
2026/09/05 17:39:06.819, 1, NVIDIA L40S, 88 %, 40025 MiB
2026/09/05 17:39:06.819, 2, NVIDIA L40S, 87 %, 40235 MiB
2026/09/05 17:39:06.820, 3, NVIDIA L40S, 88 %, 39745 MiB
2026/09/05 17:39:16.821, 0, NVIDIA L40S, 98 %, 40223 MiB
2026/09/05 17:39:16.821, 1, NVIDIA L40S, 97 %, 40025 MiB
2026/09/05 17:39:16.821, 2, NVIDIA L40S, 99 %, 40235 MiB
2026/09/05 17:39:16.821, 3, NVIDIA L40S, 93 %, 39745 MiB
2026/09/05 17:39:26.822, 0, NVIDIA L40S, 98 %, 40223 MiB
2026/09/05 17:39:26.822, 1, NVIDIA L40S, 80 %, 40025 MiB
2026/09/05 17:39:26.822, 2, NVIDIA L40S, 98 %, 40235 MiB
2026/09/05 17:39:26.822, 3, NVIDIA L40S, 88 %, 39745 MiB
2026/09/05 17:39:36.823, 0, NVIDIA L40S, 98 %, 40223 MiB
2026/09/05 17:39:36.823, 1, NVIDIA L40S, 98 %, 40025 MiB
2026/09/05 17:39:36.823, 2, NVIDIA L40S, 99 %, 40235 MiB
2026/09/05 17:39:36.823, 3, NVIDIA L40S, 93 %, 39745 MiB
2026/09/05 17:39:46.824, 0, NVIDIA L40S, 98 %, 40223 MiB
2026/09/05 17:39:46.825, 1, NVIDIA L40S, 82 %, 40025 MiB
2026/09/05 17:39:46.825, 2, NVIDIA L40S, 98 %, 40235 MiB
2026/09/05 17:39:46.825, 3, NVIDIA L40S, 83 %, 39859 MiB
2026/09/05 17:39:56.826, 0, NVIDIA L40S, 80 %, 40223 MiB
2026/09/05 17:39:56.826, 1, NVIDIA L40S, 79 %, 40025 MiB
2026/09/05 17:39:56.826, 2, NVIDIA L40S, 98 %, 40235 MiB
2026/09/05 17:39:56.826, 3, NVIDIA L40S, 85 %, 39859 MiB
2026/09/05 17:40:06.827, 0, NVIDIA L40S, 93 %, 40223 MiB
2026/09/05 17:40:06.828, 1, NVIDIA L40S, 98 %, 40025 MiB
2026/09/05 17:40:06.828, 2, NVIDIA L40S, 82 %, 40235 MiB
2026/09/05 17:40:06.828, 3, NVIDIA L40S, 88 %, 39859 MiB
2026/09/05 17:40:16.829, 0, NVIDIA L40S, 80 %, 40223 MiB
2026/09/05 17:40:16.829, 1, NVIDIA L40S, 86 %, 40025 MiB
2026/09/05 17:40:16.829, 2, NVIDIA L40S, 81 %, 40235 MiB
2026/09/05 17:40:16.829, 3, NVIDIA L40S, 86 %, 39955 MiB
2026/09/05 17:40:26.830, 0, NVIDIA L40S, 89 %, 40223 MiB
2026/09/05 17:40:26.830, 1, NVIDIA L40S, 98 %, 40025 MiB
2026/09/05 17:40:26.830, 2, NVIDIA L40S, 82 %, 40235 MiB
2026/09/05 17:40:26.831, 3, NVIDIA L40S, 86 %, 40039 MiB
2026/09/05 17:40:36.831, 0, NVIDIA L40S, 98 %, 40223 MiB
2026/09/05 17:40:36.832, 1, NVIDIA L40S, 98 %, 40025 MiB
2026/09/05 17:40:36.832, 2, NVIDIA L40S, 84 %, 40235 MiB
2026/09/05 17:40:36.832, 3, NVIDIA L40S, 88 %, 40259 MiB
2026/09/05 17:40:46.833, 0, NVIDIA L40S, 99 %, 40223 MiB
2026/09/05 17:40:46.833, 1, NVIDIA L40S, 98 %, 40025 MiB
2026/09/05 17:40:46.833, 2, NVIDIA L40S, 86 %, 40235 MiB
2026/09/05 17:40:46.833, 3, NVIDIA L40S, 90 %, 40313 MiB
2026/09/05 17:40:56.834, 0, NVIDIA L40S, 98 %, 40223 MiB
2026/09/05 17:40:56.834, 1, NVIDIA L40S, 86 %, 40025 MiB
2026/09/05 17:40:56.834, 2, NVIDIA L40S, 89 %, 40235 MiB
2026/09/05 17:40:56.834, 3, NVIDIA L40S, 93 %, 40313 MiB
2026/09/05 17:41:06.836, 0, NVIDIA L40S, 78 %, 40223 MiB
2026/09/05 17:41:06.836, 1, NVIDIA L40S, 79 %, 40025 MiB
2026/09/05 17:41:06.836, 2, NVIDIA L40S, 87 %, 40235 MiB
2026/09/05 17:41:06.836, 3, NVIDIA L40S, 87 %, 40313 MiB
2026/09/05 17:41:16.837, 0, NVIDIA L40S, 90 %, 40223 MiB
2026/09/05 17:41:16.837, 1, NVIDIA L40S, 85 %, 40025 MiB
2026/09/05 17:41:16.837, 2, NVIDIA L40S, 91 %, 40235 MiB
2026/09/05 17:41:16.837, 3, NVIDIA L40S, 90 %, 40313 MiB
2026/09/05 17:41:26.838, 0, NVIDIA L40S, 83 %, 40223 MiB
2026/09/05 17:41:26.838, 1, NVIDIA L40S, 98 %, 40025 MiB
2026/09/05 17:41:26.838, 2, NVIDIA L40S, 87 %, 40235 MiB
2026/09/05 17:41:26.839, 3, NVIDIA L40S, 93 %, 40313 MiB
2026/09/05 17:41:36.840, 0, NVIDIA L40S, 87 %, 40223 MiB
2026/09/05 17:41:36.840, 1, NVIDIA L40S, 86 %, 40025 MiB
2026/09/05 17:41:36.840, 2, NVIDIA L40S, 88 %, 40235 MiB
2026/09/05 17:41:36.840, 3, NVIDIA L40S, 98 %, 40313 MiB
2026/09/05 17:41:46.841, 0, NVIDIA L40S, 98 %, 40223 MiB
2026/09/05 17:41:46.841, 1, NVIDIA L40S, 82 %, 40025 MiB
2026/09/05 17:41:46.841, 2, NVIDIA L40S, 98 %, 40235 MiB
2026/09/05 17:41:46.841, 3, NVIDIA L40S, 98 %, 40313 MiB
2026/09/05 17:41:56.842, 0, NVIDIA L40S, 98 %, 40223 MiB
2026/09/05 17:41:56.842, 1, NVIDIA L40S, 76 %, 40025 MiB
2026/09/05 17:41:56.843, 2, NVIDIA L40S, 98 %, 40235 MiB
2026/09/05 17:41:56.843, 3, NVIDIA L40S, 99 %, 40313 MiB
2026/09/05 17:42:06.844, 0, NVIDIA L40S, 90 %, 40223 MiB
2026/09/05 17:42:06.844, 1, NVIDIA L40S, 85 %, 40025 MiB
2026/09/05 17:42:06.844, 2, NVIDIA L40S, 98 %, 40235 MiB
2026/09/05 17:42:06.844, 3, NVIDIA L40S, 98 %, 40313 MiB
2026/09/05 17:42:16.845, 0, NVIDIA L40S, 98 %, 40223 MiB
2026/09/05 17:42:16.845, 1, NVIDIA L40S, 98 %, 40025 MiB
2026/09/05 17:42:16.845, 2, NVIDIA L40S, 98 %, 40235 MiB
2026/09/05 17:42:16.845, 3, NVIDIA L40S, 98 %, 40313 MiB
2026/09/05 17:42:26.846, 0, NVIDIA L40S, 81 %, 40223 MiB
2026/09/05 17:42:26.847, 1, NVIDIA L40S, 98 %, 40025 MiB
2026/09/05 17:42:26.847, 2, NVIDIA L40S, 98 %, 40235 MiB
2026/09/05 17:42:26.847, 3, NVIDIA L40S, 98 %, 40313 MiB
2026/09/05 17:42:36.848, 0, NVIDIA L40S, 98 %, 40223 MiB
2026/09/05 17:42:36.848, 1, NVIDIA L40S, 80 %, 40025 MiB
2026/09/05 17:42:36.848, 2, NVIDIA L40S, 90 %, 40235 MiB
2026/09/05 17:42:36.848, 3, NVIDIA L40S, 98 %, 40313 MiB
2026/09/05 17:42:46.849, 0, NVIDIA L40S, 80 %, 40223 MiB
2026/09/05 17:42:46.850, 1, NVIDIA L40S, 92 %, 40025 MiB
2026/09/05 17:42:46.850, 2, NVIDIA L40S, 89 %, 40235 MiB
2026/09/05 17:42:46.850, 3, NVIDIA L40S, 81 %, 40313 MiB
2026/09/05 17:42:56.851, 0, NVIDIA L40S, 82 %, 40223 MiB
2026/09/05 17:42:56.851, 1, NVIDIA L40S, 85 %, 40025 MiB
2026/09/05 17:42:56.851, 2, NVIDIA L40S, 90 %, 40235 MiB
2026/09/05 17:42:56.851, 3, NVIDIA L40S, 98 %, 40313 MiB
2026/09/05 17:43:06.852, 0, NVIDIA L40S, 98 %, 40223 MiB
2026/09/05 17:43:06.852, 1, NVIDIA L40S, 98 %, 40025 MiB
2026/09/05 17:43:06.852, 2, NVIDIA L40S, 99 %, 40235 MiB
2026/09/05 17:43:06.852, 3, NVIDIA L40S, 87 %, 40313 MiB
2026/09/05 17:43:16.853, 0, NVIDIA L40S, 90 %, 40223 MiB
2026/09/05 17:43:16.854, 1, NVIDIA L40S, 90 %, 40025 MiB
2026/09/05 17:43:16.854, 2, NVIDIA L40S, 98 %, 40235 MiB
2026/09/05 17:43:16.854, 3, NVIDIA L40S, 98 %, 40313 MiB
2026/09/05 17:43:26.855, 0, NVIDIA L40S, 98 %, 40223 MiB
2026/09/05 17:43:26.855, 1, NVIDIA L40S, 98 %, 40025 MiB
2026/09/05 17:43:26.855, 2, NVIDIA L40S, 86 %, 40235 MiB
2026/09/05 17:43:26.855, 3, NVIDIA L40S, 98 %, 40313 MiB
2026/09/05 17:43:36.856, 0, NVIDIA L40S, 82 %, 40223 MiB
2026/09/05 17:43:36.856, 1, NVIDIA L40S, 98 %, 40025 MiB
2026/09/05 17:43:36.856, 2, NVIDIA L40S, 85 %, 40235 MiB
2026/09/05 17:43:36.856, 3, NVIDIA L40S, 98 %, 40313 MiB
2026/09/05 17:43:46.857, 0, NVIDIA L40S, 97 %, 40223 MiB
2026/09/05 17:43:46.858, 1, NVIDIA L40S, 98 %, 40025 MiB
2026/09/05 17:43:46.858, 2, NVIDIA L40S, 87 %, 40235 MiB
2026/09/05 17:43:46.858, 3, NVIDIA L40S, 98 %, 40313 MiB
2026/09/05 17:43:56.859, 0, NVIDIA L40S, 82 %, 40223 MiB
2026/09/05 17:43:56.859, 1, NVIDIA L40S, 98 %, 40025 MiB
2026/09/05 17:43:56.859, 2, NVIDIA L40S, 87 %, 40235 MiB
2026/09/05 17:43:56.859, 3, NVIDIA L40S, 89 %, 40313 MiB
2026/09/05 17:44:06.860, 0, NVIDIA L40S, 81 %, 40223 MiB
2026/09/05 17:44:06.860, 1, NVIDIA L40S, 98 %, 40025 MiB
2026/09/05 17:44:06.860, 2, NVIDIA L40S, 88 %, 40235 MiB
2026/09/05 17:44:06.861, 3, NVIDIA L40S, 81 %, 40313 MiB
2026/09/05 17:44:16.862, 0, NVIDIA L40S, 92 %, 40223 MiB
2026/09/05 17:44:16.862, 1, NVIDIA L40S, 98 %, 40025 MiB
2026/09/05 17:44:16.862, 2, NVIDIA L40S, 91 %, 40235 MiB
2026/09/05 17:44:16.862, 3, NVIDIA L40S, 98 %, 40313 MiB
2026/09/05 17:44:26.863, 0, NVIDIA L40S, 98 %, 40223 MiB
2026/09/05 17:44:26.863, 1, NVIDIA L40S, 79 %, 40025 MiB
2026/09/05 17:44:26.863, 2, NVIDIA L40S, 99 %, 40235 MiB
2026/09/05 17:44:26.863, 3, NVIDIA L40S, 89 %, 40313 MiB
2026/09/05 17:44:36.864, 0, NVIDIA L40S, 98 %, 40223 MiB
2026/09/05 17:44:36.865, 1, NVIDIA L40S, 82 %, 40025 MiB
2026/09/05 17:44:36.865, 2, NVIDIA L40S, 99 %, 40235 MiB
2026/09/05 17:44:36.865, 3, NVIDIA L40S, 98 %, 40313 MiB
2026/09/05 17:44:46.866, 0, NVIDIA L40S, 92 %, 40223 MiB
2026/09/05 17:44:46.866, 1, NVIDIA L40S, 90 %, 40025 MiB
2026/09/05 17:44:46.866, 2, NVIDIA L40S, 98 %, 40235 MiB
2026/09/05 17:44:46.866, 3, NVIDIA L40S, 98 %, 40313 MiB
2026/09/05 17:44:56.867, 0, NVIDIA L40S, 99 %, 40223 MiB
2026/09/05 17:44:56.867, 1, NVIDIA L40S, 79 %, 40025 MiB
2026/09/05 17:44:56.867, 2, NVIDIA L40S, 78 %, 40235 MiB
2026/09/05 17:44:56.868, 3, NVIDIA L40S, 98 %, 40313 MiB
2026/09/05 17:45:06.869, 0, NVIDIA L40S, 98 %, 40223 MiB
2026/09/05 17:45:06.869, 1, NVIDIA L40S, 98 %, 40025 MiB
2026/09/05 17:45:06.869, 2, NVIDIA L40S, 82 %, 40235 MiB
2026/09/05 17:45:06.869, 3, NVIDIA L40S, 98 %, 40313 MiB
2026/09/05 17:45:16.870, 0, NVIDIA L40S, 79 %, 40223 MiB
2026/09/05 17:45:16.870, 1, NVIDIA L40S, 92 %, 40025 MiB
2026/09/05 17:45:16.870, 2, NVIDIA L40S, 82 %, 40235 MiB
2026/09/05 17:45:16.870, 3, NVIDIA L40S, 98 %, 40313 MiB
2026/09/05 17:45:26.871, 0, NVIDIA L40S, 93 %, 40239 MiB
2026/09/05 17:45:26.871, 1, NVIDIA L40S, 98 %, 40025 MiB
2026/09/05 17:45:26.871, 2, NVIDIA L40S, 98 %, 40235 MiB
2026/09/05 17:45:26.871, 3, NVIDIA L40S, 98 %, 40313 MiB
2026/09/05 17:45:36.872, 0, NVIDIA L40S, 91 %, 40239 MiB
2026/09/05 17:45:36.873, 1, NVIDIA L40S, 98 %, 40025 MiB
2026/09/05 17:45:36.873, 2, NVIDIA L40S, 98 %, 40235 MiB
2026/09/05 17:45:36.873, 3, NVIDIA L40S, 79 %, 40313 MiB
2026/09/05 17:45:46.874, 0, NVIDIA L40S, 91 %, 40239 MiB
2026/09/05 17:45:46.874, 1, NVIDIA L40S, 81 %, 40025 MiB
2026/09/05 17:45:46.874, 2, NVIDIA L40S, 98 %, 40235 MiB
2026/09/05 17:45:46.874, 3, NVIDIA L40S, 81 %, 40313 MiB
2026/09/05 17:45:56.875, 0, NVIDIA L40S, 98 %, 40239 MiB
2026/09/05 17:45:56.875, 1, NVIDIA L40S, 98 %, 40025 MiB
2026/09/05 17:45:56.875, 2, NVIDIA L40S, 98 %, 40235 MiB
2026/09/05 17:45:56.875, 3, NVIDIA L40S, 85 %, 40313 MiB
2026/09/05 17:46:06.876, 0, NVIDIA L40S, 98 %, 40239 MiB
2026/09/05 17:46:06.876, 1, NVIDIA L40S, 98 %, 40025 MiB
2026/09/05 17:46:06.876, 2, NVIDIA L40S, 99 %, 40235 MiB
2026/09/05 17:46:06.876, 3, NVIDIA L40S, 93 %, 40313 MiB
2026/09/05 17:46:16.877, 0, NVIDIA L40S, 98 %, 40239 MiB
2026/09/05 17:46:16.877, 1, NVIDIA L40S, 87 %, 40025 MiB
2026/09/05 17:46:16.877, 2, NVIDIA L40S, 98 %, 40235 MiB
2026/09/05 17:46:16.877, 3, NVIDIA L40S, 86 %, 40313 MiB
2026/09/05 17:46:26.878, 0, NVIDIA L40S, 98 %, 40239 MiB
2026/09/05 17:46:26.878, 1, NVIDIA L40S, 85 %, 40025 MiB
2026/09/05 17:46:26.878, 2, NVIDIA L40S, 85 %, 40235 MiB
2026/09/05 17:46:26.878, 3, NVIDIA L40S, 88 %, 40313 MiB
2026/09/05 17:46:36.879, 0, NVIDIA L40S, 81 %, 40239 MiB
2026/09/05 17:46:36.879, 1, NVIDIA L40S, 98 %, 40025 MiB
2026/09/05 17:46:36.879, 2, NVIDIA L40S, 84 %, 40235 MiB
2026/09/05 17:46:36.879, 3, NVIDIA L40S, 83 %, 40313 MiB
2026/09/05 17:46:46.880, 0, NVIDIA L40S, 98 %, 40239 MiB
2026/09/05 17:46:46.880, 1, NVIDIA L40S, 88 %, 40025 MiB
2026/09/05 17:46:46.880, 2, NVIDIA L40S, 86 %, 40235 MiB
2026/09/05 17:46:46.880, 3, NVIDIA L40S, 93 %, 40313 MiB
2026/09/05 17:46:56.881, 0, NVIDIA L40S, 90 %, 40239 MiB
2026/09/05 17:46:56.881, 1, NVIDIA L40S, 98 %, 40025 MiB
2026/09/05 17:46:56.881, 2, NVIDIA L40S, 88 %, 40235 MiB
2026/09/05 17:46:56.881, 3, NVIDIA L40S, 93 %, 40313 MiB
2026/09/05 17:47:06.882, 0, NVIDIA L40S, 92 %, 40239 MiB
2026/09/05 17:47:06.882, 1, NVIDIA L40S, 98 %, 40025 MiB
2026/09/05 17:47:06.882, 2, NVIDIA L40S, 87 %, 40235 MiB
2026/09/05 17:47:06.882, 3, NVIDIA L40S, 98 %, 40313 MiB
2026/09/05 17:47:16.883, 0, NVIDIA L40S, 98 %, 40239 MiB
2026/09/05 17:47:16.883, 1, NVIDIA L40S, 98 %, 40025 MiB
2026/09/05 17:47:16.883, 2, NVIDIA L40S, 89 %, 40235 MiB
2026/09/05 17:47:16.883, 3, NVIDIA L40S, 98 %, 40313 MiB
2026/09/05 17:47:26.884, 0, NVIDIA L40S, 86 %, 40239 MiB
2026/09/05 17:47:26.884, 1, NVIDIA L40S, 80 %, 40025 MiB
2026/09/05 17:47:26.884, 2, NVIDIA L40S, 92 %, 40235 MiB
2026/09/05 17:47:26.884, 3, NVIDIA L40S, 98 %, 40313 MiB
2026/09/05 17:47:36.884, 0, NVIDIA L40S, 99 %, 40239 MiB
2026/09/05 17:47:36.885, 1, NVIDIA L40S, 98 %, 40025 MiB
2026/09/05 17:47:36.885, 2, NVIDIA L40S, 93 %, 40235 MiB
2026/09/05 17:47:36.885, 3, NVIDIA L40S, 86 %, 40313 MiB
2026/09/05 17:47:46.885, 0, NVIDIA L40S, 98 %, 40239 MiB
2026/09/05 17:47:46.885, 1, NVIDIA L40S, 80 %, 40025 MiB
2026/09/05 17:47:46.886, 2, NVIDIA L40S, 89 %, 40235 MiB
2026/09/05 17:47:46.886, 3, NVIDIA L40S, 91 %, 40313 MiB
2026/09/05 17:47:56.886, 0, NVIDIA L40S, 78 %, 40239 MiB
2026/09/05 17:47:56.886, 1, NVIDIA L40S, 92 %, 40025 MiB
2026/09/05 17:47:56.886, 2, NVIDIA L40S, 99 %, 40235 MiB
2026/09/05 17:47:56.886, 3, NVIDIA L40S, 98 %, 40313 MiB
2026/09/05 17:48:06.887, 0, NVIDIA L40S, 82 %, 40239 MiB
2026/09/05 17:48:06.887, 1, NVIDIA L40S, 80 %, 40025 MiB
2026/09/05 17:48:06.887, 2, NVIDIA L40S, 85 %, 40235 MiB
2026/09/05 17:48:06.887, 3, NVIDIA L40S, 98 %, 40313 MiB
2026/09/05 17:48:16.888, 0, NVIDIA L40S, 98 %, 40239 MiB
2026/09/05 17:48:16.888, 1, NVIDIA L40S, 84 %, 40025 MiB
2026/09/05 17:48:16.888, 2, NVIDIA L40S, 98 %, 40235 MiB
2026/09/05 17:48:16.888, 3, NVIDIA L40S, 98 %, 40313 MiB
2026/09/05 17:48:26.889, 0, NVIDIA L40S, 79 %, 40239 MiB
2026/09/05 17:48:26.889, 1, NVIDIA L40S, 98 %, 40025 MiB
2026/09/05 17:48:26.889, 2, NVIDIA L40S, 82 %, 40235 MiB
2026/09/05 17:48:26.889, 3, NVIDIA L40S, 79 %, 40313 MiB
2026/09/05 17:48:36.890, 0, NVIDIA L40S, 81 %, 40239 MiB
2026/09/05 17:48:36.890, 1, NVIDIA L40S, 98 %, 40025 MiB
2026/09/05 17:48:36.890, 2, NVIDIA L40S, 93 %, 40235 MiB
2026/09/05 17:48:36.890, 3, NVIDIA L40S, 81 %, 40313 MiB
2026/09/05 17:48:46.891, 0, NVIDIA L40S, 86 %, 40239 MiB
2026/09/05 17:48:46.891, 1, NVIDIA L40S, 98 %, 40025 MiB
2026/09/05 17:48:46.891, 2, NVIDIA L40S, 98 %, 40235 MiB
2026/09/05 17:48:46.891, 3, NVIDIA L40S, 82 %, 40313 MiB
2026/09/05 17:48:56.892, 0, NVIDIA L40S, 86 %, 40239 MiB
2026/09/05 17:48:56.892, 1, NVIDIA L40S, 98 %, 40025 MiB
2026/09/05 17:48:56.892, 2, NVIDIA L40S, 98 %, 40235 MiB
2026/09/05 17:48:56.892, 3, NVIDIA L40S, 98 %, 40313 MiB
2026/09/05 17:49:06.893, 0, NVIDIA L40S, 98 %, 40239 MiB
2026/09/05 17:49:06.893, 1, NVIDIA L40S, 98 %, 40025 MiB
2026/09/05 17:49:06.893, 2, NVIDIA L40S, 93 %, 40235 MiB
2026/09/05 17:49:06.893, 3, NVIDIA L40S, 99 %, 40313 MiB
2026/09/05 17:49:16.894, 0, NVIDIA L40S, 99 %, 40239 MiB
2026/09/05 17:49:16.894, 1, NVIDIA L40S, 79 %, 40025 MiB
2026/09/05 17:49:16.894, 2, NVIDIA L40S, 99 %, 40235 MiB
2026/09/05 17:49:16.894, 3, NVIDIA L40S, 99 %, 40313 MiB
2026/09/05 17:49:26.895, 0, NVIDIA L40S, 90 %, 40239 MiB
2026/09/05 17:49:26.895, 1, NVIDIA L40S, 79 %, 40025 MiB
2026/09/05 17:49:26.895, 2, NVIDIA L40S, 80 %, 40235 MiB
2026/09/05 17:49:26.895, 3, NVIDIA L40S, 98 %, 40313 MiB
2026/09/05 17:49:36.896, 0, NVIDIA L40S, 93 %, 40239 MiB
2026/09/05 17:49:36.896, 1, NVIDIA L40S, 92 %, 40025 MiB
2026/09/05 17:49:36.896, 2, NVIDIA L40S, 99 %, 40235 MiB
2026/09/05 17:49:36.896, 3, NVIDIA L40S, 82 %, 40313 MiB
2026/09/05 17:49:46.897, 0, NVIDIA L40S, 87 %, 40239 MiB
2026/09/05 17:49:46.897, 1, NVIDIA L40S, 97 %, 40025 MiB
2026/09/05 17:49:46.897, 2, NVIDIA L40S, 85 %, 40235 MiB
2026/09/05 17:49:46.897, 3, NVIDIA L40S, 86 %, 40313 MiB
2026/09/05 17:49:56.897, 0, NVIDIA L40S, 88 %, 40239 MiB
2026/09/05 17:49:56.898, 1, NVIDIA L40S, 98 %, 40025 MiB
2026/09/05 17:49:56.898, 2, NVIDIA L40S, 93 %, 40235 MiB
2026/09/05 17:49:56.898, 3, NVIDIA L40S, 84 %, 40313 MiB
2026/09/05 17:50:06.898, 0, NVIDIA L40S, 98 %, 40239 MiB
2026/09/05 17:50:06.898, 1, NVIDIA L40S, 98 %, 40025 MiB
2026/09/05 17:50:06.899, 2, NVIDIA L40S, 98 %, 40235 MiB
2026/09/05 17:50:06.899, 3, NVIDIA L40S, 87 %, 40313 MiB
2026/09/05 17:50:16.899, 0, NVIDIA L40S, 98 %, 40239 MiB
2026/09/05 17:50:16.899, 1, NVIDIA L40S, 89 %, 40025 MiB
2026/09/05 17:50:16.899, 2, NVIDIA L40S, 98 %, 40235 MiB
2026/09/05 17:50:16.899, 3, NVIDIA L40S, 86 %, 40313 MiB
2026/09/05 17:50:26.900, 0, NVIDIA L40S, 98 %, 40239 MiB
2026/09/05 17:50:26.900, 1, NVIDIA L40S, 98 %, 40025 MiB
2026/09/05 17:50:26.900, 2, NVIDIA L40S, 98 %, 40235 MiB
2026/09/05 17:50:26.900, 3, NVIDIA L40S, 93 %, 40313 MiB
2026/09/05 17:50:36.901, 0, NVIDIA L40S, 98 %, 40239 MiB
2026/09/05 17:50:36.901, 1, NVIDIA L40S, 98 %, 40025 MiB
2026/09/05 17:50:36.901, 2, NVIDIA L40S, 98 %, 40235 MiB
2026/09/05 17:50:36.901, 3, NVIDIA L40S, 91 %, 40313 MiB
2026/09/05 17:50:46.902, 0, NVIDIA L40S, 98 %, 40239 MiB
2026/09/05 17:50:46.902, 1, NVIDIA L40S, 98 %, 40025 MiB
2026/09/05 17:50:46.902, 2, NVIDIA L40S, 84 %, 40235 MiB
2026/09/05 17:50:46.902, 3, NVIDIA L40S, 88 %, 40313 MiB
2026/09/05 17:50:56.903, 0, NVIDIA L40S, 98 %, 40239 MiB
2026/09/05 17:50:56.903, 1, NVIDIA L40S, 80 %, 40025 MiB
2026/09/05 17:50:56.903, 2, NVIDIA L40S, 87 %, 40235 MiB
2026/09/05 17:50:56.903, 3, NVIDIA L40S, 98 %, 40313 MiB
2026/09/05 17:51:06.904, 0, NVIDIA L40S, 98 %, 40239 MiB
2026/09/05 17:51:06.904, 1, NVIDIA L40S, 97 %, 40025 MiB
2026/09/05 17:51:06.904, 2, NVIDIA L40S, 87 %, 40235 MiB
2026/09/05 17:51:06.904, 3, NVIDIA L40S, 98 %, 40313 MiB
2026/09/05 17:51:16.905, 0, NVIDIA L40S, 82 %, 40239 MiB
2026/09/05 17:51:16.905, 1, NVIDIA L40S, 98 %, 40025 MiB
2026/09/05 17:51:16.905, 2, NVIDIA L40S, 90 %, 40235 MiB
2026/09/05 17:51:16.905, 3, NVIDIA L40S, 82 %, 40313 MiB
2026/09/05 17:51:26.906, 0, NVIDIA L40S, 84 %, 40239 MiB
2026/09/05 17:51:26.906, 1, NVIDIA L40S, 97 %, 40025 MiB
2026/09/05 17:51:26.906, 2, NVIDIA L40S, 98 %, 40235 MiB
2026/09/05 17:51:26.906, 3, NVIDIA L40S, 90 %, 40313 MiB
2026/09/05 17:51:36.907, 0, NVIDIA L40S, 85 %, 40239 MiB
2026/09/05 17:51:36.907, 1, NVIDIA L40S, 80 %, 40025 MiB
2026/09/05 17:51:36.907, 2, NVIDIA L40S, 99 %, 40235 MiB
2026/09/05 17:51:36.907, 3, NVIDIA L40S, 93 %, 40313 MiB
2026/09/05 17:51:46.908, 0, NVIDIA L40S, 86 %, 40239 MiB
2026/09/05 17:51:46.908, 1, NVIDIA L40S, 83 %, 40025 MiB
2026/09/05 17:51:46.908, 2, NVIDIA L40S, 86 %, 40235 MiB
2026/09/05 17:51:46.908, 3, NVIDIA L40S, 98 %, 40313 MiB
2026/09/05 17:51:56.909, 0, NVIDIA L40S, 90 %, 40239 MiB
2026/09/05 17:51:56.909, 1, NVIDIA L40S, 81 %, 40025 MiB
2026/09/05 17:51:56.909, 2, NVIDIA L40S, 98 %, 40235 MiB
2026/09/05 17:51:56.909, 3, NVIDIA L40S, 86 %, 40313 MiB
2026/09/05 17:52:06.910, 0, NVIDIA L40S, 98 %, 40239 MiB
2026/09/05 17:52:06.910, 1, NVIDIA L40S, 86 %, 40025 MiB
2026/09/05 17:52:06.910, 2, NVIDIA L40S, 83 %, 40235 MiB
2026/09/05 17:52:06.910, 3, NVIDIA L40S, 98 %, 40313 MiB
2026/09/05 17:52:16.911, 0, NVIDIA L40S, 98 %, 40239 MiB
2026/09/05 17:52:16.911, 1, NVIDIA L40S, 93 %, 40025 MiB
2026/09/05 17:52:16.911, 2, NVIDIA L40S, 98 %, 40235 MiB
2026/09/05 17:52:16.911, 3, NVIDIA L40S, 98 %, 40313 MiB
2026/09/05 17:52:26.911, 0, NVIDIA L40S, 79 %, 40239 MiB
2026/09/05 17:52:26.912, 1, NVIDIA L40S, 87 %, 40025 MiB
2026/09/05 17:52:26.912, 2, NVIDIA L40S, 98 %, 40235 MiB
2026/09/05 17:52:26.912, 3, NVIDIA L40S, 83 %, 40313 MiB
2026/09/05 17:52:36.912, 0, NVIDIA L40S, 98 %, 40239 MiB
2026/09/05 17:52:36.912, 1, NVIDIA L40S, 82 %, 40025 MiB
2026/09/05 17:52:36.913, 2, NVIDIA L40S, 81 %, 40235 MiB
2026/09/05 17:52:36.913, 3, NVIDIA L40S, 83 %, 40313 MiB
2026/09/05 17:52:46.913, 0, NVIDIA L40S, 98 %, 40239 MiB
2026/09/05 17:52:46.913, 1, NVIDIA L40S, 98 %, 40025 MiB
2026/09/05 17:52:46.913, 2, NVIDIA L40S, 90 %, 40235 MiB
2026/09/05 17:52:46.913, 3, NVIDIA L40S, 98 %, 40313 MiB
2026/09/05 17:52:56.914, 0, NVIDIA L40S, 82 %, 40239 MiB
2026/09/05 17:52:56.914, 1, NVIDIA L40S, 89 %, 40025 MiB
2026/09/05 17:52:56.914, 2, NVIDIA L40S, 86 %, 40235 MiB
2026/09/05 17:52:56.914, 3, NVIDIA L40S, 93 %, 40313 MiB
2026/09/05 17:53:06.915, 0, NVIDIA L40S, 87 %, 40239 MiB
2026/09/05 17:53:06.915, 1, NVIDIA L40S, 83 %, 40025 MiB
2026/09/05 17:53:06.915, 2, NVIDIA L40S, 92 %, 40235 MiB
2026/09/05 17:53:06.915, 3, NVIDIA L40S, 98 %, 40313 MiB
2026/09/05 17:53:16.916, 0, NVIDIA L40S, 81 %, 40239 MiB
2026/09/05 17:53:16.916, 1, NVIDIA L40S, 92 %, 40025 MiB
2026/09/05 17:53:16.916, 2, NVIDIA L40S, 98 %, 40235 MiB
2026/09/05 17:53:16.916, 3, NVIDIA L40S, 87 %, 40313 MiB
2026/09/05 17:53:26.917, 0, NVIDIA L40S, 99 %, 40239 MiB
2026/09/05 17:53:26.917, 1, NVIDIA L40S, 98 %, 40025 MiB
2026/09/05 17:53:26.917, 2, NVIDIA L40S, 98 %, 40235 MiB
2026/09/05 17:53:26.917, 3, NVIDIA L40S, 98 %, 40313 MiB
2026/09/05 17:53:36.918, 0, NVIDIA L40S, 86 %, 40239 MiB
2026/09/05 17:53:36.918, 1, NVIDIA L40S, 98 %, 40025 MiB
2026/09/05 17:53:36.918, 2, NVIDIA L40S, 82 %, 40235 MiB
2026/09/05 17:53:36.918, 3, NVIDIA L40S, 98 %, 40313 MiB
2026/09/05 17:53:46.919, 0, NVIDIA L40S, 98 %, 40239 MiB
2026/09/05 17:53:46.919, 1, NVIDIA L40S, 92 %, 40025 MiB
2026/09/05 17:53:46.919, 2, NVIDIA L40S, 99 %, 40235 MiB
2026/09/05 17:53:46.919, 3, NVIDIA L40S, 81 %, 40313 MiB
2026/09/05 17:53:56.920, 0, NVIDIA L40S, 98 %, 40239 MiB
2026/09/05 17:53:56.920, 1, NVIDIA L40S, 98 %, 40025 MiB
2026/09/05 17:53:56.920, 2, NVIDIA L40S, 84 %, 40235 MiB
2026/09/05 17:53:56.920, 3, NVIDIA L40S, 93 %, 40313 MiB
2026/09/05 17:54:06.921, 0, NVIDIA L40S, 99 %, 40239 MiB
2026/09/05 17:54:06.921, 1, NVIDIA L40S, 97 %, 40025 MiB
2026/09/05 17:54:06.921, 2, NVIDIA L40S, 80 %, 40235 MiB
2026/09/05 17:54:06.921, 3, NVIDIA L40S, 91 %, 40313 MiB
2026/09/05 17:54:16.922, 0, NVIDIA L40S, 81 %, 40239 MiB
2026/09/05 17:54:16.922, 1, NVIDIA L40S, 81 %, 40025 MiB
2026/09/05 17:54:16.922, 2, NVIDIA L40S, 87 %, 40235 MiB
2026/09/05 17:54:16.922, 3, NVIDIA L40S, 98 %, 40313 MiB
2026/09/05 17:54:26.923, 0, NVIDIA L40S, 88 %, 40239 MiB
2026/09/05 17:54:26.923, 1, NVIDIA L40S, 98 %, 40025 MiB
2026/09/05 17:54:26.923, 2, NVIDIA L40S, 98 %, 40235 MiB
2026/09/05 17:54:26.923, 3, NVIDIA L40S, 93 %, 40313 MiB
2026/09/05 17:54:36.924, 0, NVIDIA L40S, 81 %, 40239 MiB
2026/09/05 17:54:36.924, 1, NVIDIA L40S, 98 %, 40025 MiB
2026/09/05 17:54:36.924, 2, NVIDIA L40S, 93 %, 40235 MiB
2026/09/05 17:54:36.924, 3, NVIDIA L40S, 98 %, 40313 MiB
2026/09/05 17:54:46.924, 0, NVIDIA L40S, 81 %, 40239 MiB
2026/09/05 17:54:46.925, 1, NVIDIA L40S, 82 %, 40025 MiB
2026/09/05 17:54:46.925, 2, NVIDIA L40S, 98 %, 40235 MiB
2026/09/05 17:54:46.925, 3, NVIDIA L40S, 98 %, 40313 MiB
2026/09/05 17:54:56.925, 0, NVIDIA L40S, 83 %, 40239 MiB
2026/09/05 17:54:56.926, 1, NVIDIA L40S, 92 %, 40025 MiB
2026/09/05 17:54:56.926, 2, NVIDIA L40S, 98 %, 40235 MiB
2026/09/05 17:54:56.926, 3, NVIDIA L40S, 85 %, 40313 MiB
2026/09/05 17:55:06.926, 0, NVIDIA L40S, 85 %, 40239 MiB
2026/09/05 17:55:06.926, 1, NVIDIA L40S, 85 %, 40025 MiB
2026/09/05 17:55:06.926, 2, NVIDIA L40S, 98 %, 40235 MiB
2026/09/05 17:55:06.927, 3, NVIDIA L40S, 98 %, 40313 MiB
2026/09/05 17:55:16.927, 0, NVIDIA L40S, 86 %, 40239 MiB
2026/09/05 17:55:16.927, 1, NVIDIA L40S, 98 %, 40025 MiB
2026/09/05 17:55:16.927, 2, NVIDIA L40S, 82 %, 40235 MiB
2026/09/05 17:55:16.927, 3, NVIDIA L40S, 93 %, 40313 MiB
2026/09/05 17:55:26.928, 0, NVIDIA L40S, 90 %, 40239 MiB
2026/09/05 17:55:26.929, 1, NVIDIA L40S, 88 %, 40025 MiB
2026/09/05 17:55:26.929, 2, NVIDIA L40S, 84 %, 40235 MiB
2026/09/05 17:55:26.929, 3, NVIDIA L40S, 86 %, 40313 MiB
2026/09/05 17:55:36.930, 0, NVIDIA L40S, 93 %, 40239 MiB
2026/09/05 17:55:36.930, 1, NVIDIA L40S, 98 %, 40025 MiB
2026/09/05 17:55:36.930, 2, NVIDIA L40S, 99 %, 40235 MiB
2026/09/05 17:55:36.930, 3, NVIDIA L40S, 98 %, 40313 MiB
2026/09/05 17:55:46.931, 0, NVIDIA L40S, 98 %, 40239 MiB
2026/09/05 17:55:46.931, 1, NVIDIA L40S, 79 %, 40025 MiB
2026/09/05 17:55:46.931, 2, NVIDIA L40S, 98 %, 40235 MiB
2026/09/05 17:55:46.931, 3, NVIDIA L40S, 98 %, 40313 MiB
2026/09/05 17:55:56.932, 0, NVIDIA L40S, 98 %, 40239 MiB
2026/09/05 17:55:56.933, 1, NVIDIA L40S, 98 %, 40025 MiB
2026/09/05 17:55:56.933, 2, NVIDIA L40S, 98 %, 40235 MiB
2026/09/05 17:55:56.933, 3, NVIDIA L40S, 98 %, 40313 MiB
2026/09/05 17:56:06.934, 0, NVIDIA L40S, 98 %, 40239 MiB
2026/09/05 17:56:06.934, 1, NVIDIA L40S, 80 %, 40025 MiB
2026/09/05 17:56:06.934, 2, NVIDIA L40S, 99 %, 40235 MiB
2026/09/05 17:56:06.934, 3, NVIDIA L40S, 98 %, 40313 MiB
2026/09/05 17:56:16.935, 0, NVIDIA L40S, 98 %, 40239 MiB
2026/09/05 17:56:16.936, 1, NVIDIA L40S, 77 %, 40025 MiB
2026/09/05 17:56:16.936, 2, NVIDIA L40S, 98 %, 40235 MiB
2026/09/05 17:56:16.936, 3, NVIDIA L40S, 84 %, 40313 MiB
2026/09/05 17:56:26.937, 0, NVIDIA L40S, 98 %, 40239 MiB
2026/09/05 17:56:26.937, 1, NVIDIA L40S, 85 %, 40025 MiB
2026/09/05 17:56:26.937, 2, NVIDIA L40S, 83 %, 40235 MiB
2026/09/05 17:56:26.937, 3, NVIDIA L40S, 87 %, 40313 MiB
2026/09/05 17:56:36.938, 0, NVIDIA L40S, 98 %, 40239 MiB
2026/09/05 17:56:36.938, 1, NVIDIA L40S, 98 %, 40025 MiB
2026/09/05 17:56:36.939, 2, NVIDIA L40S, 85 %, 40235 MiB
2026/09/05 17:56:36.939, 3, NVIDIA L40S, 93 %, 40313 MiB
2026/09/05 17:56:46.940, 0, NVIDIA L40S, 93 %, 40307 MiB
2026/09/05 17:56:46.940, 1, NVIDIA L40S, 98 %, 40025 MiB
2026/09/05 17:56:46.940, 2, NVIDIA L40S, 84 %, 40235 MiB
2026/09/05 17:56:46.940, 3, NVIDIA L40S, 98 %, 40313 MiB
2026/09/05 17:56:56.941, 0, NVIDIA L40S, 98 %, 40363 MiB
2026/09/05 17:56:56.941, 1, NVIDIA L40S, 98 %, 40025 MiB
2026/09/05 17:56:56.941, 2, NVIDIA L40S, 87 %, 40235 MiB
2026/09/05 17:56:56.941, 3, NVIDIA L40S, 87 %, 40313 MiB
2026/09/05 17:57:06.943, 0, NVIDIA L40S, 98 %, 40363 MiB
2026/09/05 17:57:06.943, 1, NVIDIA L40S, 98 %, 40025 MiB
2026/09/05 17:57:06.943, 2, NVIDIA L40S, 85 %, 40235 MiB
2026/09/05 17:57:06.943, 3, NVIDIA L40S, 98 %, 40313 MiB
2026/09/05 17:57:16.944, 0, NVIDIA L40S, 79 %, 40363 MiB
2026/09/05 17:57:16.944, 1, NVIDIA L40S, 97 %, 40025 MiB
2026/09/05 17:57:16.944, 2, NVIDIA L40S, 86 %, 40235 MiB
2026/09/05 17:57:16.944, 3, NVIDIA L40S, 84 %, 40313 MiB
2026/09/05 17:57:26.945, 0, NVIDIA L40S, 98 %, 40363 MiB
2026/09/05 17:57:26.946, 1, NVIDIA L40S, 79 %, 40025 MiB
2026/09/05 17:57:26.946, 2, NVIDIA L40S, 92 %, 40235 MiB
2026/09/05 17:57:26.946, 3, NVIDIA L40S, 98 %, 40313 MiB
2026/09/05 17:57:36.947, 0, NVIDIA L40S, 78 %, 40363 MiB
2026/09/05 17:57:36.947, 1, NVIDIA L40S, 87 %, 40025 MiB
2026/09/05 17:57:36.947, 2, NVIDIA L40S, 90 %, 40235 MiB
2026/09/05 17:57:36.947, 3, NVIDIA L40S, 98 %, 40313 MiB
2026/09/05 17:57:46.948, 0, NVIDIA L40S, 90 %, 40363 MiB
2026/09/05 17:57:46.948, 1, NVIDIA L40S, 79 %, 40025 MiB
2026/09/05 17:57:46.948, 2, NVIDIA L40S, 87 %, 40235 MiB
2026/09/05 17:57:46.949, 3, NVIDIA L40S, 81 %, 40313 MiB
2026/09/05 17:57:56.950, 0, NVIDIA L40S, 81 %, 40363 MiB
2026/09/05 17:57:56.950, 1, NVIDIA L40S, 80 %, 40025 MiB
2026/09/05 17:57:56.950, 2, NVIDIA L40S, 93 %, 40235 MiB
2026/09/05 17:57:56.950, 3, NVIDIA L40S, 90 %, 40313 MiB
2026/09/05 17:58:06.951, 0, NVIDIA L40S, 82 %, 40363 MiB
2026/09/05 17:58:06.951, 1, NVIDIA L40S, 87 %, 40025 MiB
2026/09/05 17:58:06.951, 2, NVIDIA L40S, 99 %, 40235 MiB
2026/09/05 17:58:06.951, 3, NVIDIA L40S, 83 %, 40313 MiB
2026/09/05 17:58:16.953, 0, NVIDIA L40S, 84 %, 40363 MiB
2026/09/05 17:58:16.953, 1, NVIDIA L40S, 98 %, 40025 MiB
2026/09/05 17:58:16.953, 2, NVIDIA L40S, 82 %, 40235 MiB
2026/09/05 17:58:16.953, 3, NVIDIA L40S, 98 %, 40313 MiB
2026/09/05 17:58:26.954, 0, NVIDIA L40S, 85 %, 40363 MiB
2026/09/05 17:58:26.954, 1, NVIDIA L40S, 98 %, 40025 MiB
2026/09/05 17:58:26.954, 2, NVIDIA L40S, 83 %, 40235 MiB
2026/09/05 17:58:26.954, 3, NVIDIA L40S, 87 %, 40313 MiB
2026/09/05 17:58:36.955, 0, NVIDIA L40S, 93 %, 40363 MiB
2026/09/05 17:58:36.956, 1, NVIDIA L40S, 98 %, 40025 MiB
2026/09/05 17:58:36.956, 2, NVIDIA L40S, 92 %, 40235 MiB
2026/09/05 17:58:36.956, 3, NVIDIA L40S, 82 %, 40313 MiB
2026/09/05 17:58:46.957, 0, NVIDIA L40S, 98 %, 40363 MiB
2026/09/05 17:58:46.957, 1, NVIDIA L40S, 92 %, 40025 MiB
2026/09/05 17:58:46.957, 2, NVIDIA L40S, 98 %, 40235 MiB
2026/09/05 17:58:46.957, 3, NVIDIA L40S, 98 %, 40313 MiB
2026/09/05 17:58:56.958, 0, NVIDIA L40S, 99 %, 40363 MiB
2026/09/05 17:58:56.958, 1, NVIDIA L40S, 77 %, 40025 MiB
2026/09/05 17:58:56.958, 2, NVIDIA L40S, 98 %, 40235 MiB
2026/09/05 17:58:56.958, 3, NVIDIA L40S, 98 %, 40313 MiB
2026/09/05 17:59:06.960, 0, NVIDIA L40S, 80 %, 40363 MiB
2026/09/05 17:59:06.960, 1, NVIDIA L40S, 98 %, 40025 MiB
2026/09/05 17:59:06.960, 2, NVIDIA L40S, 88 %, 40235 MiB
2026/09/05 17:59:06.960, 3, NVIDIA L40S, 84 %, 40313 MiB
2026/09/05 17:59:16.961, 0, NVIDIA L40S, 90 %, 40363 MiB
2026/09/05 17:59:16.961, 1, NVIDIA L40S, 98 %, 40025 MiB
2026/09/05 17:59:16.961, 2, NVIDIA L40S, 98 %, 40235 MiB
2026/09/05 17:59:16.961, 3, NVIDIA L40S, 87 %, 40313 MiB
2026/09/05 17:59:26.962, 0, NVIDIA L40S, 98 %, 40363 MiB
2026/09/05 17:59:26.962, 1, NVIDIA L40S, 81 %, 40025 MiB
2026/09/05 17:59:26.963, 2, NVIDIA L40S, 80 %, 40235 MiB
2026/09/05 17:59:26.963, 3, NVIDIA L40S, 82 %, 40313 MiB
2026/09/05 17:59:36.963, 0, NVIDIA L40S, 86 %, 40363 MiB
2026/09/05 17:59:36.964, 1, NVIDIA L40S, 84 %, 40025 MiB
2026/09/05 17:59:36.964, 2, NVIDIA L40S, 84 %, 40235 MiB
2026/09/05 17:59:36.964, 3, NVIDIA L40S, 98 %, 40313 MiB
2026/09/05 17:59:46.965, 0, NVIDIA L40S, 99 %, 40363 MiB
2026/09/05 17:59:46.965, 1, NVIDIA L40S, 84 %, 40025 MiB
2026/09/05 17:59:46.965, 2, NVIDIA L40S, 80 %, 40235 MiB
2026/09/05 17:59:46.965, 3, NVIDIA L40S, 98 %, 40313 MiB
2026/09/05 17:59:56.966, 0, NVIDIA L40S, 94 %, 40363 MiB
2026/09/05 17:59:56.966, 1, NVIDIA L40S, 80 %, 40025 MiB
2026/09/05 17:59:56.966, 2, NVIDIA L40S, 81 %, 40235 MiB
2026/09/05 17:59:56.966, 3, NVIDIA L40S, 93 %, 40313 MiB
2026/09/05 18:00:06.967, 0, NVIDIA L40S, 98 %, 40363 MiB
2026/09/05 18:00:06.968, 1, NVIDIA L40S, 92 %, 40025 MiB
2026/09/05 18:00:06.968, 2, NVIDIA L40S, 89 %, 40235 MiB
2026/09/05 18:00:06.968, 3, NVIDIA L40S, 98 %, 40313 MiB
2026/09/05 18:00:16.969, 0, NVIDIA L40S, 98 %, 40363 MiB
2026/09/05 18:00:16.969, 1, NVIDIA L40S, 97 %, 40025 MiB
2026/09/05 18:00:16.969, 2, NVIDIA L40S, 86 %, 40235 MiB
2026/09/05 18:00:16.969, 3, NVIDIA L40S, 83 %, 40313 MiB
2026/09/05 18:00:26.970, 0, NVIDIA L40S, 82 %, 40363 MiB
2026/09/05 18:00:26.970, 1, NVIDIA L40S, 92 %, 40025 MiB
2026/09/05 18:00:26.970, 2, NVIDIA L40S, 98 %, 40235 MiB
2026/09/05 18:00:26.971, 3, NVIDIA L40S, 98 %, 40313 MiB
2026/09/05 18:00:36.972, 0, NVIDIA L40S, 86 %, 40363 MiB
2026/09/05 18:00:36.972, 1, NVIDIA L40S, 98 %, 40025 MiB
2026/09/05 18:00:36.972, 2, NVIDIA L40S, 98 %, 40235 MiB
2026/09/05 18:00:36.972, 3, NVIDIA L40S, 83 %, 40313 MiB
2026/09/05 18:00:46.973, 0, NVIDIA L40S, 86 %, 40363 MiB
2026/09/05 18:00:46.973, 1, NVIDIA L40S, 98 %, 40025 MiB
2026/09/05 18:00:46.973, 2, NVIDIA L40S, 91 %, 40235 MiB
2026/09/05 18:00:46.973, 3, NVIDIA L40S, 80 %, 40313 MiB
2026/09/05 18:00:56.974, 0, NVIDIA L40S, 98 %, 40363 MiB
2026/09/05 18:00:56.975, 1, NVIDIA L40S, 98 %, 40025 MiB
2026/09/05 18:00:56.975, 2, NVIDIA L40S, 84 %, 40235 MiB
2026/09/05 18:00:56.975, 3, NVIDIA L40S, 90 %, 40313 MiB
2026/09/05 18:01:06.976, 0, NVIDIA L40S, 89 %, 40363 MiB
2026/09/05 18:01:06.976, 1, NVIDIA L40S, 78 %, 40025 MiB
2026/09/05 18:01:06.976, 2, NVIDIA L40S, 99 %, 40235 MiB
2026/09/05 18:01:06.976, 3, NVIDIA L40S, 98 %, 40313 MiB
2026/09/05 18:01:16.977, 0, NVIDIA L40S, 98 %, 40363 MiB
2026/09/05 18:01:16.977, 1, NVIDIA L40S, 98 %, 40025 MiB
2026/09/05 18:01:16.977, 2, NVIDIA L40S, 92 %, 40235 MiB
2026/09/05 18:01:16.977, 3, NVIDIA L40S, 98 %, 40313 MiB
2026/09/05 18:01:26.978, 0, NVIDIA L40S, 98 %, 40363 MiB
2026/09/05 18:01:26.979, 1, NVIDIA L40S, 98 %, 40025 MiB
2026/09/05 18:01:26.979, 2, NVIDIA L40S, 80 %, 40235 MiB
2026/09/05 18:01:26.979, 3, NVIDIA L40S, 89 %, 40313 MiB
2026/09/05 18:01:36.980, 0, NVIDIA L40S, 98 %, 40363 MiB
2026/09/05 18:01:36.980, 1, NVIDIA L40S, 79 %, 40025 MiB
2026/09/05 18:01:36.980, 2, NVIDIA L40S, 87 %, 40235 MiB
2026/09/05 18:01:36.980, 3, NVIDIA L40S, 98 %, 40313 MiB
2026/09/05 18:01:46.981, 0, NVIDIA L40S, 98 %, 40363 MiB
2026/09/05 18:01:46.981, 1, NVIDIA L40S, 85 %, 40025 MiB
2026/09/05 18:01:46.981, 2, NVIDIA L40S, 98 %, 40235 MiB
2026/09/05 18:01:46.982, 3, NVIDIA L40S, 79 %, 40313 MiB
2026/09/05 18:01:56.983, 0, NVIDIA L40S, 98 %, 40363 MiB
2026/09/05 18:01:56.983, 1, NVIDIA L40S, 79 %, 40025 MiB
2026/09/05 18:01:56.983, 2, NVIDIA L40S, 98 %, 40235 MiB
2026/09/05 18:01:56.983, 3, NVIDIA L40S, 98 %, 40313 MiB
2026/09/05 18:02:06.984, 0, NVIDIA L40S, 98 %, 40363 MiB
2026/09/05 18:02:06.984, 1, NVIDIA L40S, 80 %, 40025 MiB
2026/09/05 18:02:06.984, 2, NVIDIA L40S, 94 %, 40235 MiB
2026/09/05 18:02:07.090, 3, NVIDIA L40S, 83 %, 40313 MiB
2026/09/05 18:02:17.092, 0, NVIDIA L40S, 98 %, 40363 MiB
2026/09/05 18:02:17.092, 1, NVIDIA L40S, 92 %, 40025 MiB
2026/09/05 18:02:17.092, 2, NVIDIA L40S, 93 %, 40235 MiB
2026/09/05 18:02:17.092, 3, NVIDIA L40S, 79 %, 40313 MiB
2026/09/05 18:02:27.093, 0, NVIDIA L40S, 99 %, 40363 MiB
2026/09/05 18:02:27.093, 1, NVIDIA L40S, 97 %, 40025 MiB
2026/09/05 18:02:27.093, 2, NVIDIA L40S, 98 %, 40235 MiB
2026/09/05 18:02:27.093, 3, NVIDIA L40S, 90 %, 40313 MiB
2026/09/05 18:02:37.094, 0, NVIDIA L40S, 78 %, 40363 MiB
2026/09/05 18:02:37.095, 1, NVIDIA L40S, 98 %, 40025 MiB
2026/09/05 18:02:37.095, 2, NVIDIA L40S, 98 %, 40235 MiB
2026/09/05 18:02:37.095, 3, NVIDIA L40S, 98 %, 40313 MiB
2026/09/05 18:02:47.096, 0, NVIDIA L40S, 79 %, 40363 MiB
2026/09/05 18:02:47.096, 1, NVIDIA L40S, 98 %, 40025 MiB
2026/09/05 18:02:47.096, 2, NVIDIA L40S, 98 %, 40235 MiB
2026/09/05 18:02:47.096, 3, NVIDIA L40S, 93 %, 40313 MiB
2026/09/05 18:02:57.097, 0, NVIDIA L40S, 82 %, 40363 MiB
2026/09/05 18:02:57.097, 1, NVIDIA L40S, 98 %, 40025 MiB
2026/09/05 18:02:57.097, 2, NVIDIA L40S, 81 %, 40235 MiB
2026/09/05 18:02:57.098, 3, NVIDIA L40S, 98 %, 40313 MiB
2026/09/05 18:03:07.099, 0, NVIDIA L40S, 84 %, 40363 MiB
2026/09/05 18:03:07.099, 1, NVIDIA L40S, 98 %, 40025 MiB
2026/09/05 18:03:07.099, 2, NVIDIA L40S, 85 %, 40235 MiB
2026/09/05 18:03:07.099, 3, NVIDIA L40S, 98 %, 40313 MiB
2026/09/05 18:03:17.100, 0, NVIDIA L40S, 84 %, 40363 MiB
2026/09/05 18:03:17.100, 1, NVIDIA L40S, 98 %, 40025 MiB
2026/09/05 18:03:17.100, 2, NVIDIA L40S, 98 %, 40235 MiB
2026/09/05 18:03:17.100, 3, NVIDIA L40S, 84 %, 40313 MiB
2026/09/05 18:03:27.101, 0, NVIDIA L40S, 83 %, 40363 MiB
2026/09/05 18:03:27.102, 1, NVIDIA L40S, 79 %, 40025 MiB
2026/09/05 18:03:27.102, 2, NVIDIA L40S, 82 %, 40235 MiB
2026/09/05 18:03:27.102, 3, NVIDIA L40S, 98 %, 40313 MiB
2026/09/05 18:03:37.103, 0, NVIDIA L40S, 83 %, 40363 MiB
2026/09/05 18:03:37.103, 1, NVIDIA L40S, 88 %, 40025 MiB
2026/09/05 18:03:37.103, 2, NVIDIA L40S, 90 %, 40235 MiB
2026/09/05 18:03:37.103, 3, NVIDIA L40S, 87 %, 40313 MiB
2026/09/05 18:03:47.104, 0, NVIDIA L40S, 92 %, 40363 MiB
2026/09/05 18:03:47.104, 1, NVIDIA L40S, 79 %, 40025 MiB
2026/09/05 18:03:47.105, 2, NVIDIA L40S, 84 %, 40235 MiB
2026/09/05 18:03:47.105, 3, NVIDIA L40S, 83 %, 40313 MiB
2026/09/05 18:03:57.106, 0, NVIDIA L40S, 91 %, 40363 MiB
2026/09/05 18:03:57.106, 1, NVIDIA L40S, 88 %, 40025 MiB
2026/09/05 18:03:57.106, 2, NVIDIA L40S, 93 %, 40235 MiB
2026/09/05 18:03:57.106, 3, NVIDIA L40S, 86 %, 40313 MiB
2026/09/05 18:04:07.107, 0, NVIDIA L40S, 93 %, 40363 MiB
2026/09/05 18:04:07.107, 1, NVIDIA L40S, 92 %, 40025 MiB
2026/09/05 18:04:07.107, 2, NVIDIA L40S, 98 %, 40235 MiB
2026/09/05 18:04:07.107, 3, NVIDIA L40S, 98 %, 40313 MiB
2026/09/05 18:04:17.108, 0, NVIDIA L40S, 91 %, 40363 MiB
2026/09/05 18:04:17.109, 1, NVIDIA L40S, 98 %, 40025 MiB
2026/09/05 18:04:17.109, 2, NVIDIA L40S, 90 %, 40235 MiB
2026/09/05 18:04:17.109, 3, NVIDIA L40S, 98 %, 40313 MiB
2026/09/05 18:04:27.110, 0, NVIDIA L40S, 87 %, 40363 MiB
2026/09/05 18:04:27.110, 1, NVIDIA L40S, 98 %, 40025 MiB
2026/09/05 18:04:27.110, 2, NVIDIA L40S, 98 %, 40235 MiB
2026/09/05 18:04:27.110, 3, NVIDIA L40S, 98 %, 40313 MiB
2026/09/05 18:04:37.111, 0, NVIDIA L40S, 89 %, 40363 MiB
2026/09/05 18:04:37.112, 1, NVIDIA L40S, 98 %, 40025 MiB
2026/09/05 18:04:37.112, 2, NVIDIA L40S, 98 %, 40235 MiB
2026/09/05 18:04:37.112, 3, NVIDIA L40S, 98 %, 40313 MiB
2026/09/05 18:04:47.113, 0, NVIDIA L40S, 86 %, 40363 MiB
2026/09/05 18:04:47.113, 1, NVIDIA L40S, 98 %, 40025 MiB
2026/09/05 18:04:47.113, 2, NVIDIA L40S, 82 %, 40235 MiB
2026/09/05 18:04:47.113, 3, NVIDIA L40S, 83 %, 40313 MiB
2026/09/05 18:04:57.114, 0, NVIDIA L40S, 87 %, 40363 MiB
2026/09/05 18:04:57.114, 1, NVIDIA L40S, 83 %, 40025 MiB
2026/09/05 18:04:57.114, 2, NVIDIA L40S, 85 %, 40235 MiB
2026/09/05 18:04:57.115, 3, NVIDIA L40S, 93 %, 40313 MiB
2026/09/05 18:05:07.116, 0, NVIDIA L40S, 86 %, 40363 MiB
2026/09/05 18:05:07.116, 1, NVIDIA L40S, 98 %, 40025 MiB
2026/09/05 18:05:07.116, 2, NVIDIA L40S, 99 %, 40235 MiB
2026/09/05 18:05:07.116, 3, NVIDIA L40S, 98 %, 40313 MiB
2026/09/05 18:05:17.117, 0, NVIDIA L40S, 89 %, 40363 MiB
2026/09/05 18:05:17.117, 1, NVIDIA L40S, 98 %, 40025 MiB
2026/09/05 18:05:17.117, 2, NVIDIA L40S, 87 %, 40235 MiB
2026/09/05 18:05:17.117, 3, NVIDIA L40S, 98 %, 40313 MiB
2026/09/05 18:05:27.118, 0, NVIDIA L40S, 86 %, 40441 MiB
2026/09/05 18:05:27.119, 1, NVIDIA L40S, 78 %, 40025 MiB
2026/09/05 18:05:27.119, 2, NVIDIA L40S, 99 %, 40235 MiB
2026/09/05 18:05:27.119, 3, NVIDIA L40S, 80 %, 40313 MiB
2026/09/05 18:05:37.120, 0, NVIDIA L40S, 86 %, 40519 MiB
2026/09/05 18:05:37.120, 1, NVIDIA L40S, 77 %, 40025 MiB
2026/09/05 18:05:37.120, 2, NVIDIA L40S, 98 %, 40235 MiB
2026/09/05 18:05:37.120, 3, NVIDIA L40S, 98 %, 40313 MiB
2026/09/05 18:05:47.121, 0, NVIDIA L40S, 87 %, 40519 MiB
2026/09/05 18:05:47.121, 1, NVIDIA L40S, 98 %, 40025 MiB
2026/09/05 18:05:47.121, 2, NVIDIA L40S, 81 %, 40235 MiB
2026/09/05 18:05:47.121, 3, NVIDIA L40S, 99 %, 40313 MiB
2026/09/05 18:05:57.122, 0, NVIDIA L40S, 93 %, 40519 MiB
2026/09/05 18:05:57.122, 1, NVIDIA L40S, 98 %, 40025 MiB
2026/09/05 18:05:57.122, 2, NVIDIA L40S, 82 %, 40235 MiB
2026/09/05 18:05:57.122, 3, NVIDIA L40S, 80 %, 40313 MiB
2026/09/05 18:06:07.124, 0, NVIDIA L40S, 90 %, 40519 MiB
2026/09/05 18:06:07.124, 1, NVIDIA L40S, 98 %, 40025 MiB
2026/09/05 18:06:07.124, 2, NVIDIA L40S, 88 %, 40235 MiB
2026/09/05 18:06:07.124, 3, NVIDIA L40S, 87 %, 40313 MiB
2026/09/05 18:06:17.125, 0, NVIDIA L40S, 98 %, 40519 MiB
2026/09/05 18:06:17.125, 1, NVIDIA L40S, 97 %, 40025 MiB
2026/09/05 18:06:17.125, 2, NVIDIA L40S, 86 %, 40235 MiB
2026/09/05 18:06:17.125, 3, NVIDIA L40S, 92 %, 40313 MiB
2026/09/05 18:06:27.126, 0, NVIDIA L40S, 99 %, 40519 MiB
2026/09/05 18:06:27.126, 1, NVIDIA L40S, 79 %, 40025 MiB
2026/09/05 18:06:27.126, 2, NVIDIA L40S, 96 %, 40235 MiB
2026/09/05 18:06:27.126, 3, NVIDIA L40S, 98 %, 40313 MiB
2026/09/05 18:06:37.127, 0, NVIDIA L40S, 99 %, 40519 MiB
2026/09/05 18:06:37.127, 1, NVIDIA L40S, 98 %, 40025 MiB
2026/09/05 18:06:37.127, 2, NVIDIA L40S, 98 %, 40235 MiB
2026/09/05 18:06:37.127, 3, NVIDIA L40S, 90 %, 40313 MiB
2026/09/05 18:06:47.128, 0, NVIDIA L40S, 98 %, 40519 MiB
2026/09/05 18:06:47.128, 1, NVIDIA L40S, 98 %, 40025 MiB
2026/09/05 18:06:47.128, 2, NVIDIA L40S, 93 %, 40235 MiB
2026/09/05 18:06:47.128, 3, NVIDIA L40S, 89 %, 40313 MiB
2026/09/05 18:06:57.129, 0, NVIDIA L40S, 98 %, 40519 MiB
2026/09/05 18:06:57.129, 1, NVIDIA L40S, 80 %, 40025 MiB
2026/09/05 18:06:57.129, 2, NVIDIA L40S, 99 %, 40235 MiB
2026/09/05 18:06:57.129, 3, NVIDIA L40S, 98 %, 40313 MiB
2026/09/05 18:07:07.130, 0, NVIDIA L40S, 98 %, 40519 MiB
2026/09/05 18:07:07.130, 1, NVIDIA L40S, 89 %, 40029 MiB
2026/09/05 18:07:07.130, 2, NVIDIA L40S, 98 %, 40235 MiB
2026/09/05 18:07:07.130, 3, NVIDIA L40S, 98 %, 40313 MiB
2026/09/05 18:07:17.131, 0, NVIDIA L40S, 98 %, 40519 MiB
2026/09/05 18:07:17.131, 1, NVIDIA L40S, 83 %, 40029 MiB
2026/09/05 18:07:17.131, 2, NVIDIA L40S, 81 %, 40235 MiB
2026/09/05 18:07:17.131, 3, NVIDIA L40S, 98 %, 40313 MiB
2026/09/05 18:07:27.132, 0, NVIDIA L40S, 98 %, 40519 MiB
2026/09/05 18:07:27.132, 1, NVIDIA L40S, 85 %, 40029 MiB
2026/09/05 18:07:27.132, 2, NVIDIA L40S, 99 %, 40235 MiB
2026/09/05 18:07:27.132, 3, NVIDIA L40S, 81 %, 40313 MiB
2026/09/05 18:07:37.133, 0, NVIDIA L40S, 98 %, 40519 MiB
2026/09/05 18:07:37.133, 1, NVIDIA L40S, 98 %, 40029 MiB
2026/09/05 18:07:37.133, 2, NVIDIA L40S, 99 %, 40235 MiB
2026/09/05 18:07:37.133, 3, NVIDIA L40S, 85 %, 40313 MiB
2026/09/05 18:07:47.134, 0, NVIDIA L40S, 98 %, 40519 MiB
2026/09/05 18:07:47.134, 1, NVIDIA L40S, 98 %, 40029 MiB
2026/09/05 18:07:47.134, 2, NVIDIA L40S, 82 %, 40235 MiB
2026/09/05 18:07:47.134, 3, NVIDIA L40S, 96 %, 40313 MiB
2026/09/05 18:07:57.135, 0, NVIDIA L40S, 98 %, 40519 MiB
2026/09/05 18:07:57.135, 1, NVIDIA L40S, 92 %, 40029 MiB
2026/09/05 18:07:57.135, 2, NVIDIA L40S, 80 %, 40235 MiB
2026/09/05 18:07:57.135, 3, NVIDIA L40S, 98 %, 40313 MiB
2026/09/05 18:08:07.136, 0, NVIDIA L40S, 86 %, 40519 MiB
2026/09/05 18:08:07.136, 1, NVIDIA L40S, 86 %, 40029 MiB
2026/09/05 18:08:07.136, 2, NVIDIA L40S, 83 %, 40235 MiB
2026/09/05 18:08:07.136, 3, NVIDIA L40S, 81 %, 40313 MiB
2026/09/05 18:08:17.137, 0, NVIDIA L40S, 88 %, 40519 MiB
2026/09/05 18:08:17.137, 1, NVIDIA L40S, 98 %, 40029 MiB
2026/09/05 18:08:17.137, 2, NVIDIA L40S, 86 %, 40235 MiB
2026/09/05 18:08:17.137, 3, NVIDIA L40S, 81 %, 40313 MiB
2026/09/05 18:08:27.137, 0, NVIDIA L40S, 98 %, 40519 MiB
2026/09/05 18:08:27.138, 1, NVIDIA L40S, 97 %, 40029 MiB
2026/09/05 18:08:27.138, 2, NVIDIA L40S, 98 %, 40235 MiB
2026/09/05 18:08:27.138, 3, NVIDIA L40S, 86 %, 40313 MiB
2026/09/05 18:08:37.138, 0, NVIDIA L40S, 92 %, 40519 MiB
2026/09/05 18:08:37.138, 1, NVIDIA L40S, 98 %, 40029 MiB
2026/09/05 18:08:37.139, 2, NVIDIA L40S, 98 %, 40235 MiB
2026/09/05 18:08:37.139, 3, NVIDIA L40S, 86 %, 40313 MiB
2026/09/05 18:08:47.139, 0, NVIDIA L40S, 98 %, 40519 MiB
2026/09/05 18:08:47.139, 1, NVIDIA L40S, 80 %, 40029 MiB
2026/09/05 18:08:47.139, 2, NVIDIA L40S, 99 %, 40235 MiB
2026/09/05 18:08:47.140, 3, NVIDIA L40S, 85 %, 40313 MiB
2026/09/05 18:08:57.140, 0, NVIDIA L40S, 98 %, 40519 MiB
2026/09/05 18:08:57.140, 1, NVIDIA L40S, 98 %, 40029 MiB
2026/09/05 18:08:57.140, 2, NVIDIA L40S, 99 %, 40235 MiB
2026/09/05 18:08:57.140, 3, NVIDIA L40S, 85 %, 40313 MiB
2026/09/05 18:09:07.141, 0, NVIDIA L40S, 98 %, 40519 MiB
2026/09/05 18:09:07.141, 1, NVIDIA L40S, 98 %, 40029 MiB
2026/09/05 18:09:07.141, 2, NVIDIA L40S, 99 %, 40235 MiB
2026/09/05 18:09:07.141, 3, NVIDIA L40S, 90 %, 40313 MiB
2026/09/05 18:09:17.142, 0, NVIDIA L40S, 98 %, 40519 MiB
2026/09/05 18:09:17.142, 1, NVIDIA L40S, 84 %, 40029 MiB
2026/09/05 18:09:17.142, 2, NVIDIA L40S, 84 %, 40235 MiB
2026/09/05 18:09:17.142, 3, NVIDIA L40S, 86 %, 40313 MiB
2026/09/05 18:09:27.143, 0, NVIDIA L40S, 82 %, 40519 MiB
2026/09/05 18:09:27.143, 1, NVIDIA L40S, 79 %, 40029 MiB
2026/09/05 18:09:27.143, 2, NVIDIA L40S, 85 %, 40235 MiB
2026/09/05 18:09:27.143, 3, NVIDIA L40S, 98 %, 40313 MiB
2026/09/05 18:09:37.144, 0, NVIDIA L40S, 90 %, 40519 MiB
2026/09/05 18:09:37.144, 1, NVIDIA L40S, 80 %, 40029 MiB
2026/09/05 18:09:37.144, 2, NVIDIA L40S, 89 %, 40235 MiB
2026/09/05 18:09:37.144, 3, NVIDIA L40S, 98 %, 40313 MiB
2026/09/05 18:09:47.145, 0, NVIDIA L40S, 91 %, 40519 MiB
2026/09/05 18:09:47.145, 1, NVIDIA L40S, 92 %, 40029 MiB
2026/09/05 18:09:47.145, 2, NVIDIA L40S, 98 %, 40235 MiB
2026/09/05 18:09:47.145, 3, NVIDIA L40S, 99 %, 40313 MiB
2026/09/05 18:09:57.146, 0, NVIDIA L40S, 92 %, 40519 MiB
2026/09/05 18:09:57.146, 1, NVIDIA L40S, 92 %, 40029 MiB
2026/09/05 18:09:57.146, 2, NVIDIA L40S, 90 %, 40235 MiB
2026/09/05 18:09:57.146, 3, NVIDIA L40S, 98 %, 40313 MiB
2026/09/05 18:10:07.147, 0, NVIDIA L40S, 98 %, 40519 MiB
2026/09/05 18:10:07.147, 1, NVIDIA L40S, 98 %, 40029 MiB
2026/09/05 18:10:07.147, 2, NVIDIA L40S, 98 %, 40235 MiB
2026/09/05 18:10:07.147, 3, NVIDIA L40S, 90 %, 40313 MiB
2026/09/05 18:10:17.148, 0, NVIDIA L40S, 80 %, 40519 MiB
2026/09/05 18:10:17.148, 1, NVIDIA L40S, 98 %, 40029 MiB
2026/09/05 18:10:17.148, 2, NVIDIA L40S, 98 %, 40235 MiB
2026/09/05 18:10:17.148, 3, NVIDIA L40S, 98 %, 40313 MiB
2026/09/05 18:10:27.149, 0, NVIDIA L40S, 98 %, 40519 MiB
2026/09/05 18:10:27.149, 1, NVIDIA L40S, 98 %, 40029 MiB
2026/09/05 18:10:27.149, 2, NVIDIA L40S, 80 %, 40235 MiB
2026/09/05 18:10:27.149, 3, NVIDIA L40S, 91 %, 40313 MiB
2026/09/05 18:10:37.150, 0, NVIDIA L40S, 98 %, 40519 MiB
2026/09/05 18:10:37.150, 1, NVIDIA L40S, 85 %, 40029 MiB
2026/09/05 18:10:37.150, 2, NVIDIA L40S, 98 %, 40235 MiB
2026/09/05 18:10:37.150, 3, NVIDIA L40S, 98 %, 40313 MiB
2026/09/05 18:10:47.151, 0, NVIDIA L40S, 83 %, 40519 MiB
2026/09/05 18:10:47.152, 1, NVIDIA L40S, 98 %, 40029 MiB
2026/09/05 18:10:47.152, 2, NVIDIA L40S, 81 %, 40235 MiB
2026/09/05 18:10:47.152, 3, NVIDIA L40S, 98 %, 40313 MiB
2026/09/05 18:10:57.153, 0, NVIDIA L40S, 90 %, 40519 MiB
2026/09/05 18:10:57.153, 1, NVIDIA L40S, 82 %, 40029 MiB
2026/09/05 18:10:57.153, 2, NVIDIA L40S, 83 %, 40235 MiB
2026/09/05 18:10:57.153, 3, NVIDIA L40S, 80 %, 40313 MiB
2026/09/05 18:11:07.154, 0, NVIDIA L40S, 89 %, 40519 MiB
2026/09/05 18:11:07.154, 1, NVIDIA L40S, 97 %, 40029 MiB
2026/09/05 18:11:07.154, 2, NVIDIA L40S, 91 %, 40235 MiB
2026/09/05 18:11:07.154, 3, NVIDIA L40S, 83 %, 40313 MiB
2026/09/05 18:11:17.155, 0, NVIDIA L40S, 98 %, 40519 MiB
2026/09/05 18:11:17.156, 1, NVIDIA L40S, 97 %, 40029 MiB
2026/09/05 18:11:17.156, 2, NVIDIA L40S, 98 %, 40235 MiB
2026/09/05 18:11:17.156, 3, NVIDIA L40S, 98 %, 40313 MiB
2026/09/05 18:11:27.157, 0, NVIDIA L40S, 86 %, 40519 MiB
2026/09/05 18:11:27.157, 1, NVIDIA L40S, 81 %, 40029 MiB
2026/09/05 18:11:27.157, 2, NVIDIA L40S, 98 %, 40235 MiB
2026/09/05 18:11:27.157, 3, NVIDIA L40S, 91 %, 40313 MiB
2026/09/05 18:11:37.158, 0, NVIDIA L40S, 99 %, 40519 MiB
2026/09/05 18:11:37.158, 1, NVIDIA L40S, 92 %, 40029 MiB
2026/09/05 18:11:37.158, 2, NVIDIA L40S, 93 %, 40235 MiB
2026/09/05 18:11:37.158, 3, NVIDIA L40S, 98 %, 40313 MiB
2026/09/05 18:11:47.160, 0, NVIDIA L40S, 98 %, 40519 MiB
2026/09/05 18:11:47.160, 1, NVIDIA L40S, 79 %, 40029 MiB
2026/09/05 18:11:47.160, 2, NVIDIA L40S, 98 %, 40235 MiB
2026/09/05 18:11:47.160, 3, NVIDIA L40S, 98 %, 40313 MiB
2026/09/05 18:11:57.161, 0, NVIDIA L40S, 99 %, 40519 MiB
2026/09/05 18:11:57.161, 1, NVIDIA L40S, 92 %, 40029 MiB
2026/09/05 18:11:57.161, 2, NVIDIA L40S, 82 %, 40235 MiB
2026/09/05 18:11:57.161, 3, NVIDIA L40S, 83 %, 40313 MiB
2026/09/05 18:12:07.162, 0, NVIDIA L40S, 98 %, 40519 MiB
2026/09/05 18:12:07.163, 1, NVIDIA L40S, 98 %, 40029 MiB
2026/09/05 18:12:07.163, 2, NVIDIA L40S, 98 %, 40235 MiB
2026/09/05 18:12:07.163, 3, NVIDIA L40S, 93 %, 40313 MiB
2026/09/05 18:12:17.164, 0, NVIDIA L40S, 98 %, 40519 MiB
2026/09/05 18:12:17.164, 1, NVIDIA L40S, 98 %, 40029 MiB
2026/09/05 18:12:17.164, 2, NVIDIA L40S, 99 %, 40235 MiB
2026/09/05 18:12:17.164, 3, NVIDIA L40S, 84 %, 40313 MiB
2026/09/05 18:12:27.165, 0, NVIDIA L40S, 84 %, 40519 MiB
2026/09/05 18:12:27.165, 1, NVIDIA L40S, 98 %, 40029 MiB
2026/09/05 18:12:27.165, 2, NVIDIA L40S, 82 %, 40235 MiB
2026/09/05 18:12:27.166, 3, NVIDIA L40S, 98 %, 40313 MiB
2026/09/05 18:12:37.167, 0, NVIDIA L40S, 88 %, 40519 MiB
2026/09/05 18:12:37.167, 1, NVIDIA L40S, 86 %, 40029 MiB
2026/09/05 18:12:37.167, 2, NVIDIA L40S, 94 %, 40235 MiB
2026/09/05 18:12:37.167, 3, NVIDIA L40S, 86 %, 40313 MiB
2026/09/05 18:12:47.168, 0, NVIDIA L40S, 98 %, 40519 MiB
2026/09/05 18:12:47.168, 1, NVIDIA L40S, 98 %, 40029 MiB
2026/09/05 18:12:47.168, 2, NVIDIA L40S, 81 %, 40235 MiB
2026/09/05 18:12:47.168, 3, NVIDIA L40S, 88 %, 40313 MiB
2026/09/05 18:12:57.170, 0, NVIDIA L40S, 80 %, 40519 MiB
2026/09/05 18:12:57.170, 1, NVIDIA L40S, 98 %, 40029 MiB
2026/09/05 18:12:57.170, 2, NVIDIA L40S, 93 %, 40235 MiB
2026/09/05 18:12:57.170, 3, NVIDIA L40S, 98 %, 40313 MiB
2026/09/05 18:13:07.171, 0, NVIDIA L40S, 85 %, 40519 MiB
2026/09/05 18:13:07.171, 1, NVIDIA L40S, 81 %, 40029 MiB
2026/09/05 18:13:07.171, 2, NVIDIA L40S, 99 %, 40235 MiB
2026/09/05 18:13:07.171, 3, NVIDIA L40S, 98 %, 40313 MiB
2026/09/05 18:13:17.172, 0, NVIDIA L40S, 93 %, 40519 MiB
2026/09/05 18:13:17.173, 1, NVIDIA L40S, 98 %, 40029 MiB
2026/09/05 18:13:17.173, 2, NVIDIA L40S, 98 %, 40235 MiB
2026/09/05 18:13:17.173, 3, NVIDIA L40S, 98 %, 40313 MiB
2026/09/05 18:13:27.174, 0, NVIDIA L40S, 98 %, 40519 MiB
2026/09/05 18:13:27.174, 1, NVIDIA L40S, 98 %, 40029 MiB
2026/09/05 18:13:27.174, 2, NVIDIA L40S, 98 %, 40235 MiB
2026/09/05 18:13:27.174, 3, NVIDIA L40S, 83 %, 40313 MiB
2026/09/05 18:13:37.175, 0, NVIDIA L40S, 99 %, 40519 MiB
2026/09/05 18:13:37.175, 1, NVIDIA L40S, 98 %, 40029 MiB
2026/09/05 18:13:37.175, 2, NVIDIA L40S, 82 %, 40235 MiB
2026/09/05 18:13:37.176, 3, NVIDIA L40S, 98 %, 40313 MiB
2026/09/05 18:13:47.177, 0, NVIDIA L40S, 98 %, 40519 MiB
2026/09/05 18:13:47.177, 1, NVIDIA L40S, 80 %, 40029 MiB
2026/09/05 18:13:47.177, 2, NVIDIA L40S, 98 %, 40235 MiB
2026/09/05 18:13:47.177, 3, NVIDIA L40S, 98 %, 40313 MiB
2026/09/05 18:13:57.178, 0, NVIDIA L40S, 98 %, 40519 MiB
2026/09/05 18:13:57.178, 1, NVIDIA L40S, 89 %, 40029 MiB
2026/09/05 18:13:57.178, 2, NVIDIA L40S, 91 %, 40235 MiB
2026/09/05 18:13:57.178, 3, NVIDIA L40S, 79 %, 40313 MiB
2026/09/05 18:14:07.179, 0, NVIDIA L40S, 98 %, 40519 MiB
2026/09/05 18:14:07.180, 1, NVIDIA L40S, 89 %, 40029 MiB
2026/09/05 18:14:07.180, 2, NVIDIA L40S, 84 %, 40235 MiB
2026/09/05 18:14:07.180, 3, NVIDIA L40S, 93 %, 40313 MiB
2026/09/05 18:14:17.181, 0, NVIDIA L40S, 80 %, 40519 MiB
2026/09/05 18:14:17.181, 1, NVIDIA L40S, 98 %, 40029 MiB
2026/09/05 18:14:17.181, 2, NVIDIA L40S, 93 %, 40235 MiB
2026/09/05 18:14:17.181, 3, NVIDIA L40S, 98 %, 40313 MiB
2026/09/05 18:14:27.182, 0, NVIDIA L40S, 98 %, 40519 MiB
2026/09/05 18:14:27.182, 1, NVIDIA L40S, 89 %, 40029 MiB
2026/09/05 18:14:27.183, 2, NVIDIA L40S, 98 %, 40235 MiB
2026/09/05 18:14:27.183, 3, NVIDIA L40S, 86 %, 40313 MiB
2026/09/05 18:14:37.183, 0, NVIDIA L40S, 81 %, 40519 MiB
2026/09/05 18:14:37.184, 1, NVIDIA L40S, 98 %, 40029 MiB
2026/09/05 18:14:37.184, 2, NVIDIA L40S, 98 %, 40235 MiB
2026/09/05 18:14:37.184, 3, NVIDIA L40S, 98 %, 40313 MiB
2026/09/05 18:14:47.185, 0, NVIDIA L40S, 90 %, 40519 MiB
2026/09/05 18:14:47.185, 1, NVIDIA L40S, 80 %, 40029 MiB
2026/09/05 18:14:47.185, 2, NVIDIA L40S, 93 %, 40235 MiB
2026/09/05 18:14:47.185, 3, NVIDIA L40S, 98 %, 40313 MiB
2026/09/05 18:14:57.186, 0, NVIDIA L40S, 84 %, 40519 MiB
2026/09/05 18:14:57.187, 1, NVIDIA L40S, 98 %, 40029 MiB
2026/09/05 18:14:57.187, 2, NVIDIA L40S, 98 %, 40235 MiB
2026/09/05 18:14:57.187, 3, NVIDIA L40S, 98 %, 40313 MiB
2026/09/05 18:15:07.188, 0, NVIDIA L40S, 81 %, 40519 MiB
2026/09/05 18:15:07.188, 1, NVIDIA L40S, 76 %, 40029 MiB
2026/09/05 18:15:07.188, 2, NVIDIA L40S, 80 %, 40235 MiB
2026/09/05 18:15:07.188, 3, NVIDIA L40S, 83 %, 40313 MiB
2026/09/05 18:15:17.189, 0, NVIDIA L40S, 87 %, 40519 MiB
2026/09/05 18:15:17.189, 1, NVIDIA L40S, 89 %, 40029 MiB
2026/09/05 18:15:17.189, 2, NVIDIA L40S, 99 %, 40235 MiB
2026/09/05 18:15:17.190, 3, NVIDIA L40S, 91 %, 40313 MiB
2026/09/05 18:15:27.191, 0, NVIDIA L40S, 92 %, 40519 MiB
2026/09/05 18:15:27.191, 1, NVIDIA L40S, 98 %, 40029 MiB
2026/09/05 18:15:27.191, 2, NVIDIA L40S, 98 %, 40235 MiB
2026/09/05 18:15:27.191, 3, NVIDIA L40S, 84 %, 40313 MiB
2026/09/05 18:15:37.192, 0, NVIDIA L40S, 98 %, 40519 MiB
2026/09/05 18:15:37.192, 1, NVIDIA L40S, 98 %, 40029 MiB
2026/09/05 18:15:37.192, 2, NVIDIA L40S, 84 %, 40235 MiB
2026/09/05 18:15:37.192, 3, NVIDIA L40S, 91 %, 40313 MiB
2026/09/05 18:15:47.193, 0, NVIDIA L40S, 98 %, 40519 MiB
2026/09/05 18:15:47.193, 1, NVIDIA L40S, 89 %, 40029 MiB
2026/09/05 18:15:47.194, 2, NVIDIA L40S, 89 %, 40235 MiB
2026/09/05 18:15:47.194, 3, NVIDIA L40S, 98 %, 40313 MiB
2026/09/05 18:15:57.195, 0, NVIDIA L40S, 98 %, 40519 MiB
2026/09/05 18:15:57.195, 1, NVIDIA L40S, 98 %, 40029 MiB
2026/09/05 18:15:57.195, 2, NVIDIA L40S, 91 %, 40235 MiB
2026/09/05 18:15:57.195, 3, NVIDIA L40S, 90 %, 40313 MiB
2026/09/05 18:16:07.196, 0, NVIDIA L40S, 98 %, 40519 MiB
2026/09/05 18:16:07.196, 1, NVIDIA L40S, 97 %, 40029 MiB
2026/09/05 18:16:07.196, 2, NVIDIA L40S, 89 %, 40235 MiB
2026/09/05 18:16:07.196, 3, NVIDIA L40S, 98 %, 40313 MiB
2026/09/05 18:16:17.197, 0, NVIDIA L40S, 98 %, 40519 MiB
2026/09/05 18:16:17.198, 1, NVIDIA L40S, 80 %, 40029 MiB
2026/09/05 18:16:17.198, 2, NVIDIA L40S, 98 %, 40235 MiB
2026/09/05 18:16:17.198, 3, NVIDIA L40S, 98 %, 40313 MiB
2026/09/05 18:16:27.199, 0, NVIDIA L40S, 98 %, 40519 MiB
2026/09/05 18:16:27.199, 1, NVIDIA L40S, 97 %, 40029 MiB
2026/09/05 18:16:27.199, 2, NVIDIA L40S, 99 %, 40235 MiB
2026/09/05 18:16:27.199, 3, NVIDIA L40S, 98 %, 40313 MiB
2026/09/05 18:16:37.200, 0, NVIDIA L40S, 95 %, 40519 MiB
2026/09/05 18:16:37.200, 1, NVIDIA L40S, 81 %, 40029 MiB
2026/09/05 18:16:37.200, 2, NVIDIA L40S, 91 %, 40235 MiB
2026/09/05 18:16:37.201, 3, NVIDIA L40S, 81 %, 40313 MiB
2026/09/05 18:16:47.202, 0, NVIDIA L40S, 93 %, 40519 MiB
2026/09/05 18:16:47.202, 1, NVIDIA L40S, 82 %, 40029 MiB
2026/09/05 18:16:47.202, 2, NVIDIA L40S, 99 %, 40235 MiB
2026/09/05 18:16:47.202, 3, NVIDIA L40S, 98 %, 40313 MiB
2026/09/05 18:16:57.203, 0, NVIDIA L40S, 85 %, 40519 MiB
2026/09/05 18:16:57.203, 1, NVIDIA L40S, 88 %, 40029 MiB
2026/09/05 18:16:57.203, 2, NVIDIA L40S, 98 %, 40235 MiB
2026/09/05 18:16:57.203, 3, NVIDIA L40S, 98 %, 40313 MiB
2026/09/05 18:17:07.204, 0, NVIDIA L40S, 83 %, 40519 MiB
2026/09/05 18:17:07.204, 1, NVIDIA L40S, 77 %, 40029 MiB
2026/09/05 18:17:07.205, 2, NVIDIA L40S, 98 %, 40235 MiB
2026/09/05 18:17:07.205, 3, NVIDIA L40S, 98 %, 40313 MiB
2026/09/05 18:17:17.206, 0, NVIDIA L40S, 88 %, 40519 MiB
2026/09/05 18:17:17.206, 1, NVIDIA L40S, 80 %, 40029 MiB
2026/09/05 18:17:17.206, 2, NVIDIA L40S, 81 %, 40235 MiB
2026/09/05 18:17:17.206, 3, NVIDIA L40S, 83 %, 40313 MiB
2026/09/05 18:17:27.207, 0, NVIDIA L40S, 86 %, 40519 MiB
2026/09/05 18:17:27.207, 1, NVIDIA L40S, 80 %, 40029 MiB
2026/09/05 18:17:27.207, 2, NVIDIA L40S, 93 %, 40235 MiB
2026/09/05 18:17:27.207, 3, NVIDIA L40S, 93 %, 40313 MiB
2026/09/05 18:17:37.208, 0, NVIDIA L40S, 99 %, 40519 MiB
2026/09/05 18:17:37.209, 1, NVIDIA L40S, 83 %, 40029 MiB
2026/09/05 18:17:37.209, 2, NVIDIA L40S, 83 %, 40235 MiB
2026/09/05 18:17:37.209, 3, NVIDIA L40S, 80 %, 40313 MiB
2026/09/05 18:17:47.210, 0, NVIDIA L40S, 98 %, 40519 MiB
2026/09/05 18:17:47.210, 1, NVIDIA L40S, 83 %, 40029 MiB
2026/09/05 18:17:47.210, 2, NVIDIA L40S, 91 %, 40235 MiB
2026/09/05 18:17:47.210, 3, NVIDIA L40S, 98 %, 40313 MiB
2026/09/05 18:17:57.211, 0, NVIDIA L40S, 99 %, 40519 MiB
2026/09/05 18:17:57.211, 1, NVIDIA L40S, 82 %, 40029 MiB
2026/09/05 18:17:57.211, 2, NVIDIA L40S, 86 %, 40235 MiB
2026/09/05 18:17:57.211, 3, NVIDIA L40S, 98 %, 40313 MiB
2026/09/05 18:18:07.212, 0, NVIDIA L40S, 98 %, 40519 MiB
2026/09/05 18:18:07.213, 1, NVIDIA L40S, 89 %, 40029 MiB
2026/09/05 18:18:07.213, 2, NVIDIA L40S, 98 %, 40235 MiB
2026/09/05 18:18:07.213, 3, NVIDIA L40S, 98 %, 40313 MiB
2026/09/05 18:18:17.214, 0, NVIDIA L40S, 98 %, 40519 MiB
2026/09/05 18:18:17.214, 1, NVIDIA L40S, 88 %, 40029 MiB
2026/09/05 18:18:17.214, 2, NVIDIA L40S, 92 %, 40235 MiB
2026/09/05 18:18:17.214, 3, NVIDIA L40S, 98 %, 40313 MiB
2026/09/05 18:18:27.215, 0, NVIDIA L40S, 82 %, 40519 MiB
2026/09/05 18:18:27.215, 1, NVIDIA L40S, 85 %, 40029 MiB
2026/09/05 18:18:27.215, 2, NVIDIA L40S, 98 %, 40235 MiB
2026/09/05 18:18:27.215, 3, NVIDIA L40S, 98 %, 40313 MiB
2026/09/05 18:18:37.216, 0, NVIDIA L40S, 98 %, 40519 MiB
2026/09/05 18:18:37.217, 1, NVIDIA L40S, 86 %, 40029 MiB
2026/09/05 18:18:37.217, 2, NVIDIA L40S, 98 %, 40235 MiB
2026/09/05 18:18:37.217, 3, NVIDIA L40S, 83 %, 40313 MiB
2026/09/05 18:18:47.218, 0, NVIDIA L40S, 82 %, 40519 MiB
2026/09/05 18:18:47.218, 1, NVIDIA L40S, 91 %, 40029 MiB
2026/09/05 18:18:47.218, 2, NVIDIA L40S, 98 %, 40235 MiB
2026/09/05 18:18:47.218, 3, NVIDIA L40S, 82 %, 40313 MiB
2026/09/05 18:18:57.219, 0, NVIDIA L40S, 80 %, 40519 MiB
2026/09/05 18:18:57.219, 1, NVIDIA L40S, 97 %, 40029 MiB
2026/09/05 18:18:57.219, 2, NVIDIA L40S, 98 %, 40235 MiB
2026/09/05 18:18:57.220, 3, NVIDIA L40S, 83 %, 40313 MiB
2026/09/05 18:19:07.221, 0, NVIDIA L40S, 80 %, 40519 MiB
2026/09/05 18:19:07.221, 1, NVIDIA L40S, 98 %, 40029 MiB
2026/09/05 18:19:07.221, 2, NVIDIA L40S, 82 %, 40235 MiB
2026/09/05 18:19:07.221, 3, NVIDIA L40S, 93 %, 40313 MiB
2026/09/05 18:19:17.222, 0, NVIDIA L40S, 86 %, 40519 MiB
2026/09/05 18:19:17.222, 1, NVIDIA L40S, 98 %, 40029 MiB
2026/09/05 18:19:17.222, 2, NVIDIA L40S, 82 %, 40235 MiB
2026/09/05 18:19:17.222, 3, NVIDIA L40S, 98 %, 40313 MiB
2026/09/05 18:19:27.223, 0, NVIDIA L40S, 92 %, 40519 MiB
2026/09/05 18:19:27.224, 1, NVIDIA L40S, 98 %, 40029 MiB
2026/09/05 18:19:27.224, 2, NVIDIA L40S, 93 %, 40235 MiB
2026/09/05 18:19:27.224, 3, NVIDIA L40S, 93 %, 40313 MiB
2026/09/05 18:19:37.225, 0, NVIDIA L40S, 98 %, 40519 MiB
2026/09/05 18:19:37.225, 1, NVIDIA L40S, 98 %, 40029 MiB
2026/09/05 18:19:37.225, 2, NVIDIA L40S, 98 %, 40235 MiB
2026/09/05 18:19:37.225, 3, NVIDIA L40S, 98 %, 40313 MiB
2026/09/05 18:19:47.226, 0, NVIDIA L40S, 99 %, 40519 MiB
2026/09/05 18:19:47.226, 1, NVIDIA L40S, 98 %, 40029 MiB
2026/09/05 18:19:47.226, 2, NVIDIA L40S, 98 %, 40235 MiB
2026/09/05 18:19:47.226, 3, NVIDIA L40S, 98 %, 40313 MiB
2026/09/05 18:19:57.227, 0, NVIDIA L40S, 86 %, 40519 MiB
2026/09/05 18:19:57.228, 1, NVIDIA L40S, 91 %, 40203 MiB
2026/09/05 18:19:57.228, 2, NVIDIA L40S, 99 %, 40235 MiB
2026/09/05 18:19:57.228, 3, NVIDIA L40S, 98 %, 40313 MiB
2026/09/05 18:20:07.229, 0, NVIDIA L40S, 98 %, 40519 MiB
2026/09/05 18:20:07.229, 1, NVIDIA L40S, 93 %, 40203 MiB
2026/09/05 18:20:07.229, 2, NVIDIA L40S, 84 %, 40235 MiB
2026/09/05 18:20:07.229, 3, NVIDIA L40S, 82 %, 40313 MiB
2026/09/05 18:20:17.230, 0, NVIDIA L40S, 98 %, 40519 MiB
2026/09/05 18:20:17.230, 1, NVIDIA L40S, 88 %, 40203 MiB
2026/09/05 18:20:17.231, 2, NVIDIA L40S, 99 %, 40235 MiB
2026/09/05 18:20:17.231, 3, NVIDIA L40S, 93 %, 40313 MiB
2026/09/05 18:20:27.232, 0, NVIDIA L40S, 98 %, 40519 MiB
2026/09/05 18:20:27.232, 1, NVIDIA L40S, 91 %, 40203 MiB
2026/09/05 18:20:27.232, 2, NVIDIA L40S, 98 %, 40235 MiB
2026/09/05 18:20:27.232, 3, NVIDIA L40S, 88 %, 40313 MiB
2026/09/05 18:20:37.233, 0, NVIDIA L40S, 85 %, 40519 MiB
2026/09/05 18:20:37.233, 1, NVIDIA L40S, 93 %, 40203 MiB
2026/09/05 18:20:37.233, 2, NVIDIA L40S, 81 %, 40235 MiB
2026/09/05 18:20:37.233, 3, NVIDIA L40S, 98 %, 40313 MiB
2026/09/05 18:20:47.235, 0, NVIDIA L40S, 89 %, 40519 MiB
2026/09/05 18:20:47.235, 1, NVIDIA L40S, 98 %, 40203 MiB
2026/09/05 18:20:47.235, 2, NVIDIA L40S, 88 %, 40235 MiB
2026/09/05 18:20:47.235, 3, NVIDIA L40S, 98 %, 40313 MiB
2026/09/05 18:20:57.236, 0, NVIDIA L40S, 99 %, 40519 MiB
2026/09/05 18:20:57.236, 1, NVIDIA L40S, 98 %, 40203 MiB
2026/09/05 18:20:57.236, 2, NVIDIA L40S, 82 %, 40235 MiB
2026/09/05 18:20:57.236, 3, NVIDIA L40S, 80 %, 40313 MiB
2026/09/05 18:21:07.237, 0, NVIDIA L40S, 98 %, 40519 MiB
2026/09/05 18:21:07.238, 1, NVIDIA L40S, 98 %, 40203 MiB
2026/09/05 18:21:07.238, 2, NVIDIA L40S, 84 %, 40235 MiB
2026/09/05 18:21:07.238, 3, NVIDIA L40S, 98 %, 40313 MiB
2026/09/05 18:21:17.239, 0, NVIDIA L40S, 98 %, 40519 MiB
2026/09/05 18:21:17.239, 1, NVIDIA L40S, 98 %, 40203 MiB
2026/09/05 18:21:17.239, 2, NVIDIA L40S, 98 %, 40235 MiB
2026/09/05 18:21:17.239, 3, NVIDIA L40S, 98 %, 40313 MiB
2026/09/05 18:21:27.240, 0, NVIDIA L40S, 81 %, 40519 MiB
2026/09/05 18:21:27.240, 1, NVIDIA L40S, 98 %, 40203 MiB
2026/09/05 18:21:27.241, 2, NVIDIA L40S, 98 %, 40235 MiB
2026/09/05 18:21:27.241, 3, NVIDIA L40S, 84 %, 40313 MiB
2026/09/05 18:21:37.242, 0, NVIDIA L40S, 97 %, 40519 MiB
2026/09/05 18:21:37.242, 1, NVIDIA L40S, 84 %, 40203 MiB
2026/09/05 18:21:37.242, 2, NVIDIA L40S, 98 %, 40235 MiB
2026/09/05 18:21:37.242, 3, NVIDIA L40S, 81 %, 40313 MiB
2026/09/05 18:21:47.243, 0, NVIDIA L40S, 98 %, 40519 MiB
2026/09/05 18:21:47.243, 1, NVIDIA L40S, 85 %, 40203 MiB
2026/09/05 18:21:47.243, 2, NVIDIA L40S, 81 %, 40235 MiB
2026/09/05 18:21:47.243, 3, NVIDIA L40S, 98 %, 40313 MiB
2026/09/05 18:21:57.244, 0, NVIDIA L40S, 81 %, 40519 MiB
2026/09/05 18:21:57.245, 1, NVIDIA L40S, 88 %, 40251 MiB
2026/09/05 18:21:57.245, 2, NVIDIA L40S, 99 %, 40235 MiB
2026/09/05 18:21:57.245, 3, NVIDIA L40S, 98 %, 40313 MiB
2026/09/05 18:22:07.246, 0, NVIDIA L40S, 91 %, 40519 MiB
2026/09/05 18:22:07.246, 1, NVIDIA L40S, 88 %, 40303 MiB
2026/09/05 18:22:07.246, 2, NVIDIA L40S, 79 %, 40235 MiB
2026/09/05 18:22:07.246, 3, NVIDIA L40S, 98 %, 40313 MiB
2026/09/05 18:22:17.247, 0, NVIDIA L40S, 88 %, 40519 MiB
2026/09/05 18:22:17.247, 1, NVIDIA L40S, 84 %, 40355 MiB
2026/09/05 18:22:17.248, 2, NVIDIA L40S, 79 %, 40235 MiB
2026/09/05 18:22:17.248, 3, NVIDIA L40S, 98 %, 40313 MiB
2026/09/05 18:22:27.249, 0, NVIDIA L40S, 81 %, 40519 MiB
2026/09/05 18:22:27.249, 1, NVIDIA L40S, 98 %, 40355 MiB
2026/09/05 18:22:27.249, 2, NVIDIA L40S, 90 %, 40235 MiB
2026/09/05 18:22:27.249, 3, NVIDIA L40S, 86 %, 40313 MiB
2026/09/05 18:22:37.250, 0, NVIDIA L40S, 92 %, 40519 MiB
2026/09/05 18:22:37.250, 1, NVIDIA L40S, 98 %, 40355 MiB
2026/09/05 18:22:37.250, 2, NVIDIA L40S, 84 %, 40235 MiB
2026/09/05 18:22:37.250, 3, NVIDIA L40S, 98 %, 40313 MiB
2026/09/05 18:22:47.251, 0, NVIDIA L40S, 92 %, 40519 MiB
2026/09/05 18:22:47.252, 1, NVIDIA L40S, 79 %, 40355 MiB
2026/09/05 18:22:47.252, 2, NVIDIA L40S, 83 %, 40235 MiB
2026/09/05 18:22:47.252, 3, NVIDIA L40S, 89 %, 40313 MiB
2026/09/05 18:22:57.253, 0, NVIDIA L40S, 86 %, 40519 MiB
2026/09/05 18:22:57.253, 1, NVIDIA L40S, 79 %, 40355 MiB
2026/09/05 18:22:57.253, 2, NVIDIA L40S, 83 %, 40235 MiB
2026/09/05 18:22:57.253, 3, NVIDIA L40S, 88 %, 40313 MiB
2026/09/05 18:23:07.254, 0, NVIDIA L40S, 98 %, 40519 MiB
2026/09/05 18:23:07.254, 1, NVIDIA L40S, 97 %, 40355 MiB
2026/09/05 18:23:07.255, 2, NVIDIA L40S, 93 %, 40235 MiB
2026/09/05 18:23:07.255, 3, NVIDIA L40S, 98 %, 40313 MiB
2026/09/05 18:23:17.256, 0, NVIDIA L40S, 99 %, 40519 MiB
2026/09/05 18:23:17.256, 1, NVIDIA L40S, 98 %, 40355 MiB
2026/09/05 18:23:17.256, 2, NVIDIA L40S, 93 %, 40235 MiB
2026/09/05 18:23:17.256, 3, NVIDIA L40S, 98 %, 40313 MiB
2026/09/05 18:23:27.257, 0, NVIDIA L40S, 98 %, 40519 MiB
2026/09/05 18:23:27.257, 1, NVIDIA L40S, 85 %, 40355 MiB
2026/09/05 18:23:27.257, 2, NVIDIA L40S, 98 %, 40235 MiB
2026/09/05 18:23:27.257, 3, NVIDIA L40S, 82 %, 40313 MiB
2026/09/05 18:23:37.258, 0, NVIDIA L40S, 85 %, 40519 MiB
2026/09/05 18:23:37.258, 1, NVIDIA L40S, 98 %, 40355 MiB
2026/09/05 18:23:37.259, 2, NVIDIA L40S, 98 %, 40235 MiB
2026/09/05 18:23:37.259, 3, NVIDIA L40S, 98 %, 40313 MiB
2026/09/05 18:23:47.260, 0, NVIDIA L40S, 81 %, 40519 MiB
2026/09/05 18:23:47.260, 1, NVIDIA L40S, 81 %, 40355 MiB
2026/09/05 18:23:47.260, 2, NVIDIA L40S, 98 %, 40235 MiB
2026/09/05 18:23:47.260, 3, NVIDIA L40S, 81 %, 40313 MiB
2026/09/05 18:23:57.261, 0, NVIDIA L40S, 98 %, 40519 MiB
2026/09/05 18:23:57.261, 1, NVIDIA L40S, 98 %, 40355 MiB
2026/09/05 18:23:57.261, 2, NVIDIA L40S, 86 %, 40235 MiB
2026/09/05 18:23:57.261, 3, NVIDIA L40S, 93 %, 40313 MiB
2026/09/05 18:24:07.262, 0, NVIDIA L40S, 98 %, 40519 MiB
2026/09/05 18:24:07.263, 1, NVIDIA L40S, 98 %, 40355 MiB
2026/09/05 18:24:07.263, 2, NVIDIA L40S, 89 %, 40235 MiB
2026/09/05 18:24:07.263, 3, NVIDIA L40S, 98 %, 40313 MiB
2026/09/05 18:24:17.264, 0, NVIDIA L40S, 98 %, 40519 MiB
2026/09/05 18:24:17.264, 1, NVIDIA L40S, 89 %, 40355 MiB
2026/09/05 18:24:17.264, 2, NVIDIA L40S, 91 %, 40235 MiB
2026/09/05 18:24:17.264, 3, NVIDIA L40S, 91 %, 40313 MiB
2026/09/05 18:24:27.265, 0, NVIDIA L40S, 83 %, 40519 MiB
2026/09/05 18:24:27.265, 1, NVIDIA L40S, 81 %, 40355 MiB
2026/09/05 18:24:27.265, 2, NVIDIA L40S, 99 %, 40235 MiB
2026/09/05 18:24:27.266, 3, NVIDIA L40S, 89 %, 40313 MiB
2026/09/05 18:24:37.340, 0, NVIDIA L40S, 79 %, 40519 MiB
2026/09/05 18:24:37.340, 1, NVIDIA L40S, 86 %, 40355 MiB
2026/09/05 18:24:37.340, 2, NVIDIA L40S, 98 %, 40235 MiB
2026/09/05 18:24:37.340, 3, NVIDIA L40S, 98 %, 40313 MiB
2026/09/05 18:24:47.341, 0, NVIDIA L40S, 86 %, 40519 MiB
2026/09/05 18:24:47.341, 1, NVIDIA L40S, 98 %, 40355 MiB
2026/09/05 18:24:47.341, 2, NVIDIA L40S, 80 %, 40235 MiB
2026/09/05 18:24:47.341, 3, NVIDIA L40S, 98 %, 40313 MiB
2026/09/05 18:24:57.342, 0, NVIDIA L40S, 99 %, 40519 MiB
2026/09/05 18:24:57.343, 1, NVIDIA L40S, 98 %, 40355 MiB
2026/09/05 18:24:57.343, 2, NVIDIA L40S, 98 %, 40235 MiB
2026/09/05 18:24:57.343, 3, NVIDIA L40S, 85 %, 40313 MiB
2026/09/05 18:25:07.344, 0, NVIDIA L40S, 98 %, 40519 MiB
2026/09/05 18:25:07.344, 1, NVIDIA L40S, 86 %, 40355 MiB
2026/09/05 18:25:07.344, 2, NVIDIA L40S, 78 %, 40235 MiB
2026/09/05 18:25:07.344, 3, NVIDIA L40S, 98 %, 40313 MiB
2026/09/05 18:25:17.345, 0, NVIDIA L40S, 82 %, 40519 MiB
2026/09/05 18:25:17.345, 1, NVIDIA L40S, 98 %, 40355 MiB
2026/09/05 18:25:17.346, 2, NVIDIA L40S, 91 %, 40235 MiB
2026/09/05 18:25:17.346, 3, NVIDIA L40S, 79 %, 40313 MiB
2026/09/05 18:25:27.347, 0, NVIDIA L40S, 98 %, 40519 MiB
2026/09/05 18:25:27.347, 1, NVIDIA L40S, 98 %, 40355 MiB
2026/09/05 18:25:27.347, 2, NVIDIA L40S, 98 %, 40235 MiB
2026/09/05 18:25:27.347, 3, NVIDIA L40S, 93 %, 40313 MiB
2026/09/05 18:25:37.348, 0, NVIDIA L40S, 82 %, 40519 MiB
2026/09/05 18:25:37.348, 1, NVIDIA L40S, 80 %, 40355 MiB
2026/09/05 18:25:37.348, 2, NVIDIA L40S, 98 %, 40235 MiB
2026/09/05 18:25:37.348, 3, NVIDIA L40S, 81 %, 40313 MiB
2026/09/05 18:25:47.350, 0, NVIDIA L40S, 87 %, 40519 MiB
2026/09/05 18:25:47.350, 1, NVIDIA L40S, 98 %, 40355 MiB
2026/09/05 18:25:47.350, 2, NVIDIA L40S, 98 %, 40235 MiB
2026/09/05 18:25:47.350, 3, NVIDIA L40S, 98 %, 40313 MiB
2026/09/05 18:25:57.351, 0, NVIDIA L40S, 83 %, 40519 MiB
2026/09/05 18:25:57.351, 1, NVIDIA L40S, 98 %, 40355 MiB
2026/09/05 18:25:57.351, 2, NVIDIA L40S, 80 %, 40235 MiB
2026/09/05 18:25:57.351, 3, NVIDIA L40S, 79 %, 40313 MiB
2026/09/05 18:26:07.352, 0, NVIDIA L40S, 91 %, 40519 MiB
2026/09/05 18:26:07.353, 1, NVIDIA L40S, 98 %, 40355 MiB
2026/09/05 18:26:07.353, 2, NVIDIA L40S, 98 %, 40235 MiB
2026/09/05 18:26:07.353, 3, NVIDIA L40S, 80 %, 40313 MiB
2026/09/05 18:26:17.354, 0, NVIDIA L40S, 98 %, 40519 MiB
2026/09/05 18:26:17.354, 1, NVIDIA L40S, 81 %, 40355 MiB
2026/09/05 18:26:17.354, 2, NVIDIA L40S, 81 %, 40235 MiB
2026/09/05 18:26:17.354, 3, NVIDIA L40S, 81 %, 40313 MiB
2026/09/05 18:26:27.355, 0, NVIDIA L40S, 98 %, 40519 MiB
2026/09/05 18:26:27.355, 1, NVIDIA L40S, 88 %, 40355 MiB
2026/09/05 18:26:27.355, 2, NVIDIA L40S, 79 %, 40235 MiB
2026/09/05 18:26:27.355, 3, NVIDIA L40S, 83 %, 40313 MiB
2026/09/05 18:26:37.356, 0, NVIDIA L40S, 83 %, 40519 MiB
2026/09/05 18:26:37.357, 1, NVIDIA L40S, 79 %, 40355 MiB
2026/09/05 18:26:37.357, 2, NVIDIA L40S, 98 %, 40235 MiB
2026/09/05 18:26:37.357, 3, NVIDIA L40S, 82 %, 40313 MiB
2026/09/05 18:26:47.358, 0, NVIDIA L40S, 98 %, 40519 MiB
2026/09/05 18:26:47.358, 1, NVIDIA L40S, 98 %, 40355 MiB
2026/09/05 18:26:47.358, 2, NVIDIA L40S, 88 %, 40235 MiB
2026/09/05 18:26:47.358, 3, NVIDIA L40S, 91 %, 40313 MiB
2026/09/05 18:26:57.359, 0, NVIDIA L40S, 86 %, 40519 MiB
2026/09/05 18:26:57.359, 1, NVIDIA L40S, 98 %, 40355 MiB
2026/09/05 18:26:57.360, 2, NVIDIA L40S, 99 %, 40235 MiB
2026/09/05 18:26:57.360, 3, NVIDIA L40S, 89 %, 40313 MiB
2026/09/05 18:27:07.361, 0, NVIDIA L40S, 98 %, 40519 MiB
2026/09/05 18:27:07.361, 1, NVIDIA L40S, 98 %, 40355 MiB
2026/09/05 18:27:07.361, 2, NVIDIA L40S, 98 %, 40235 MiB
2026/09/05 18:27:07.361, 3, NVIDIA L40S, 89 %, 40313 MiB
2026/09/05 18:27:17.362, 0, NVIDIA L40S, 83 %, 40519 MiB
2026/09/05 18:27:17.362, 1, NVIDIA L40S, 80 %, 40355 MiB
2026/09/05 18:27:17.362, 2, NVIDIA L40S, 80 %, 40235 MiB
2026/09/05 18:27:17.362, 3, NVIDIA L40S, 86 %, 40313 MiB
2026/09/05 18:27:27.363, 0, NVIDIA L40S, 98 %, 40519 MiB
2026/09/05 18:27:27.364, 1, NVIDIA L40S, 98 %, 40355 MiB
2026/09/05 18:27:27.364, 2, NVIDIA L40S, 87 %, 40235 MiB
2026/09/05 18:27:27.364, 3, NVIDIA L40S, 96 %, 40313 MiB
2026/09/05 18:27:37.365, 0, NVIDIA L40S, 98 %, 40519 MiB
2026/09/05 18:27:37.365, 1, NVIDIA L40S, 98 %, 40355 MiB
2026/09/05 18:27:37.365, 2, NVIDIA L40S, 83 %, 40235 MiB
2026/09/05 18:27:37.365, 3, NVIDIA L40S, 98 %, 40313 MiB
2026/09/05 18:27:47.366, 0, NVIDIA L40S, 98 %, 40519 MiB
2026/09/05 18:27:47.366, 1, NVIDIA L40S, 79 %, 40355 MiB
2026/09/05 18:27:47.367, 2, NVIDIA L40S, 88 %, 40235 MiB
2026/09/05 18:27:47.367, 3, NVIDIA L40S, 98 %, 40313 MiB
2026/09/05 18:27:57.368, 0, NVIDIA L40S, 99 %, 40519 MiB
2026/09/05 18:27:57.368, 1, NVIDIA L40S, 81 %, 40355 MiB
2026/09/05 18:27:57.368, 2, NVIDIA L40S, 98 %, 40235 MiB
2026/09/05 18:27:57.368, 3, NVIDIA L40S, 98 %, 40313 MiB
2026/09/05 18:28:07.369, 0, NVIDIA L40S, 99 %, 40519 MiB
2026/09/05 18:28:07.369, 1, NVIDIA L40S, 92 %, 40355 MiB
2026/09/05 18:28:07.369, 2, NVIDIA L40S, 99 %, 40235 MiB
2026/09/05 18:28:07.369, 3, NVIDIA L40S, 99 %, 40313 MiB
2026/09/05 18:28:17.370, 0, NVIDIA L40S, 81 %, 40519 MiB
2026/09/05 18:28:17.371, 1, NVIDIA L40S, 83 %, 40355 MiB
2026/09/05 18:28:17.371, 2, NVIDIA L40S, 88 %, 40235 MiB
2026/09/05 18:28:17.371, 3, NVIDIA L40S, 88 %, 40313 MiB
2026/09/05 18:28:27.372, 0, NVIDIA L40S, 82 %, 40519 MiB
2026/09/05 18:28:27.372, 1, NVIDIA L40S, 89 %, 40355 MiB
2026/09/05 18:28:27.372, 2, NVIDIA L40S, 98 %, 40235 MiB
2026/09/05 18:28:27.372, 3, NVIDIA L40S, 91 %, 40313 MiB
2026/09/05 18:28:37.373, 0, NVIDIA L40S, 86 %, 40519 MiB
2026/09/05 18:28:37.373, 1, NVIDIA L40S, 98 %, 40355 MiB
2026/09/05 18:28:37.373, 2, NVIDIA L40S, 92 %, 40235 MiB
2026/09/05 18:28:37.373, 3, NVIDIA L40S, 93 %, 40313 MiB
2026/09/05 18:28:47.374, 0, NVIDIA L40S, 91 %, 40519 MiB
2026/09/05 18:28:47.375, 1, NVIDIA L40S, 94 %, 40355 MiB
2026/09/05 18:28:47.375, 2, NVIDIA L40S, 98 %, 40235 MiB
2026/09/05 18:28:47.375, 3, NVIDIA L40S, 98 %, 40313 MiB
2026/09/05 18:28:57.376, 0, NVIDIA L40S, 92 %, 40519 MiB
2026/09/05 18:28:57.376, 1, NVIDIA L40S, 76 %, 40355 MiB
2026/09/05 18:28:57.376, 2, NVIDIA L40S, 82 %, 40235 MiB
2026/09/05 18:28:57.376, 3, NVIDIA L40S, 98 %, 40313 MiB
2026/09/05 18:29:07.377, 0, NVIDIA L40S, 79 %, 40519 MiB
2026/09/05 18:29:07.378, 1, NVIDIA L40S, 98 %, 40355 MiB
2026/09/05 18:29:07.378, 2, NVIDIA L40S, 91 %, 40235 MiB
2026/09/05 18:29:07.378, 3, NVIDIA L40S, 83 %, 40313 MiB
2026/09/05 18:29:17.379, 0, NVIDIA L40S, 86 %, 40519 MiB
2026/09/05 18:29:17.379, 1, NVIDIA L40S, 80 %, 40355 MiB
2026/09/05 18:29:17.379, 2, NVIDIA L40S, 91 %, 40235 MiB
2026/09/05 18:29:17.379, 3, NVIDIA L40S, 86 %, 40313 MiB
2026/09/05 18:29:27.380, 0, NVIDIA L40S, 98 %, 40519 MiB
2026/09/05 18:29:27.380, 1, NVIDIA L40S, 92 %, 40355 MiB
2026/09/05 18:29:27.381, 2, NVIDIA L40S, 98 %, 40235 MiB
2026/09/05 18:29:27.381, 3, NVIDIA L40S, 84 %, 40313 MiB
2026/09/05 18:29:37.382, 0, NVIDIA L40S, 98 %, 40519 MiB
2026/09/05 18:29:37.382, 1, NVIDIA L40S, 92 %, 40355 MiB
2026/09/05 18:29:37.382, 2, NVIDIA L40S, 98 %, 40235 MiB
2026/09/05 18:29:37.382, 3, NVIDIA L40S, 86 %, 40313 MiB
2026/09/05 18:29:47.383, 0, NVIDIA L40S, 93 %, 40519 MiB
2026/09/05 18:29:47.383, 1, NVIDIA L40S, 98 %, 40355 MiB
2026/09/05 18:29:47.383, 2, NVIDIA L40S, 99 %, 40235 MiB
2026/09/05 18:29:47.383, 3, NVIDIA L40S, 98 %, 40313 MiB
2026/09/05 18:29:57.385, 0, NVIDIA L40S, 98 %, 40519 MiB
2026/09/05 18:29:57.385, 1, NVIDIA L40S, 98 %, 40355 MiB
2026/09/05 18:29:57.385, 2, NVIDIA L40S, 79 %, 40235 MiB
2026/09/05 18:29:57.385, 3, NVIDIA L40S, 98 %, 40313 MiB
2026/09/05 18:30:07.386, 0, NVIDIA L40S, 82 %, 40519 MiB
2026/09/05 18:30:07.386, 1, NVIDIA L40S, 85 %, 40355 MiB
2026/09/05 18:30:07.386, 2, NVIDIA L40S, 98 %, 40235 MiB
2026/09/05 18:30:07.386, 3, NVIDIA L40S, 84 %, 40313 MiB
2026/09/05 18:30:17.387, 0, NVIDIA L40S, 98 %, 40519 MiB
2026/09/05 18:30:17.387, 1, NVIDIA L40S, 81 %, 40355 MiB
2026/09/05 18:30:17.387, 2, NVIDIA L40S, 91 %, 40235 MiB
2026/09/05 18:30:17.387, 3, NVIDIA L40S, 98 %, 40313 MiB
2026/09/05 18:30:27.388, 0, NVIDIA L40S, 83 %, 40519 MiB
2026/09/05 18:30:27.388, 1, NVIDIA L40S, 86 %, 40355 MiB
2026/09/05 18:30:27.389, 2, NVIDIA L40S, 98 %, 40235 MiB
2026/09/05 18:30:27.389, 3, NVIDIA L40S, 81 %, 40313 MiB
2026/09/05 18:30:37.390, 0, NVIDIA L40S, 85 %, 40519 MiB
2026/09/05 18:30:37.390, 1, NVIDIA L40S, 98 %, 40355 MiB
2026/09/05 18:30:37.390, 2, NVIDIA L40S, 93 %, 40235 MiB
2026/09/05 18:30:37.390, 3, NVIDIA L40S, 93 %, 40313 MiB
2026/09/05 18:30:47.391, 0, NVIDIA L40S, 98 %, 40519 MiB
2026/09/05 18:30:47.391, 1, NVIDIA L40S, 98 %, 40355 MiB
2026/09/05 18:30:47.391, 2, NVIDIA L40S, 99 %, 40235 MiB
2026/09/05 18:30:47.391, 3, NVIDIA L40S, 83 %, 40313 MiB
2026/09/05 18:30:57.392, 0, NVIDIA L40S, 98 %, 40519 MiB
2026/09/05 18:30:57.392, 1, NVIDIA L40S, 92 %, 40355 MiB
2026/09/05 18:30:57.393, 2, NVIDIA L40S, 82 %, 40235 MiB
2026/09/05 18:30:57.393, 3, NVIDIA L40S, 87 %, 40313 MiB
2026/09/05 18:31:07.394, 0, NVIDIA L40S, 79 %, 40519 MiB
2026/09/05 18:31:07.394, 1, NVIDIA L40S, 90 %, 40355 MiB
2026/09/05 18:31:07.394, 2, NVIDIA L40S, 98 %, 40235 MiB
2026/09/05 18:31:07.394, 3, NVIDIA L40S, 98 %, 40313 MiB
2026/09/05 18:31:17.395, 0, NVIDIA L40S, 98 %, 40519 MiB
2026/09/05 18:31:17.395, 1, NVIDIA L40S, 98 %, 40355 MiB
2026/09/05 18:31:17.395, 2, NVIDIA L40S, 98 %, 40235 MiB
2026/09/05 18:31:17.395, 3, NVIDIA L40S, 98 %, 40313 MiB
2026/09/05 18:31:27.397, 0, NVIDIA L40S, 80 %, 40519 MiB
2026/09/05 18:31:27.397, 1, NVIDIA L40S, 98 %, 40355 MiB
2026/09/05 18:31:27.397, 2, NVIDIA L40S, 79 %, 40235 MiB
2026/09/05 18:31:27.397, 3, NVIDIA L40S, 93 %, 40313 MiB
2026/09/05 18:31:37.398, 0, NVIDIA L40S, 80 %, 40519 MiB
2026/09/05 18:31:37.398, 1, NVIDIA L40S, 98 %, 40355 MiB
2026/09/05 18:31:37.398, 2, NVIDIA L40S, 93 %, 40235 MiB
2026/09/05 18:31:37.398, 3, NVIDIA L40S, 98 %, 40313 MiB
2026/09/05 18:31:47.399, 0, NVIDIA L40S, 85 %, 40519 MiB
2026/09/05 18:31:47.399, 1, NVIDIA L40S, 82 %, 40355 MiB
2026/09/05 18:31:47.399, 2, NVIDIA L40S, 80 %, 40235 MiB
2026/09/05 18:31:47.399, 3, NVIDIA L40S, 98 %, 40313 MiB
2026/09/05 18:31:57.401, 0, NVIDIA L40S, 92 %, 40519 MiB
2026/09/05 18:31:57.401, 1, NVIDIA L40S, 83 %, 40355 MiB
2026/09/05 18:31:57.401, 2, NVIDIA L40S, 87 %, 40235 MiB
2026/09/05 18:31:57.401, 3, NVIDIA L40S, 98 %, 40313 MiB
2026/09/05 18:32:07.402, 0, NVIDIA L40S, 98 %, 40519 MiB
2026/09/05 18:32:07.402, 1, NVIDIA L40S, 98 %, 40355 MiB
2026/09/05 18:32:07.402, 2, NVIDIA L40S, 99 %, 40235 MiB
2026/09/05 18:32:07.402, 3, NVIDIA L40S, 98 %, 40313 MiB
2026/09/05 18:32:17.403, 0, NVIDIA L40S, 98 %, 40519 MiB
2026/09/05 18:32:17.403, 1, NVIDIA L40S, 80 %, 40355 MiB
2026/09/05 18:32:17.404, 2, NVIDIA L40S, 98 %, 40235 MiB
2026/09/05 18:32:17.404, 3, NVIDIA L40S, 83 %, 40313 MiB
2026/09/05 18:32:27.405, 0, NVIDIA L40S, 90 %, 40519 MiB
2026/09/05 18:32:27.405, 1, NVIDIA L40S, 77 %, 40355 MiB
2026/09/05 18:32:27.405, 2, NVIDIA L40S, 93 %, 40235 MiB
2026/09/05 18:32:27.405, 3, NVIDIA L40S, 89 %, 40313 MiB
2026/09/05 18:32:37.406, 0, NVIDIA L40S, 98 %, 40519 MiB
2026/09/05 18:32:37.406, 1, NVIDIA L40S, 92 %, 40355 MiB
2026/09/05 18:32:37.406, 2, NVIDIA L40S, 98 %, 40235 MiB
2026/09/05 18:32:37.406, 3, NVIDIA L40S, 91 %, 40313 MiB
2026/09/05 18:32:47.407, 0, NVIDIA L40S, 98 %, 40519 MiB
2026/09/05 18:32:47.407, 1, NVIDIA L40S, 98 %, 40355 MiB
2026/09/05 18:32:47.407, 2, NVIDIA L40S, 98 %, 40235 MiB
2026/09/05 18:32:47.408, 3, NVIDIA L40S, 86 %, 40313 MiB
2026/09/05 18:32:57.409, 0, NVIDIA L40S, 82 %, 40519 MiB
2026/09/05 18:32:57.409, 1, NVIDIA L40S, 98 %, 40355 MiB
2026/09/05 18:32:57.409, 2, NVIDIA L40S, 83 %, 40235 MiB
2026/09/05 18:32:57.409, 3, NVIDIA L40S, 98 %, 40313 MiB
2026/09/05 18:33:07.410, 0, NVIDIA L40S, 98 %, 40519 MiB
2026/09/05 18:33:07.410, 1, NVIDIA L40S, 98 %, 40355 MiB
2026/09/05 18:33:07.410, 2, NVIDIA L40S, 98 %, 40235 MiB
2026/09/05 18:33:07.410, 3, NVIDIA L40S, 86 %, 40313 MiB
2026/09/05 18:33:17.411, 0, NVIDIA L40S, 98 %, 40519 MiB
2026/09/05 18:33:17.412, 1, NVIDIA L40S, 98 %, 40355 MiB
2026/09/05 18:33:17.412, 2, NVIDIA L40S, 80 %, 40235 MiB
2026/09/05 18:33:17.412, 3, NVIDIA L40S, 98 %, 40313 MiB
2026/09/05 18:33:27.413, 0, NVIDIA L40S, 92 %, 40519 MiB
2026/09/05 18:33:27.413, 1, NVIDIA L40S, 88 %, 40355 MiB
2026/09/05 18:33:27.413, 2, NVIDIA L40S, 84 %, 40235 MiB
2026/09/05 18:33:27.413, 3, NVIDIA L40S, 79 %, 40313 MiB
2026/09/05 18:33:37.414, 0, NVIDIA L40S, 81 %, 40519 MiB
2026/09/05 18:33:37.414, 1, NVIDIA L40S, 78 %, 40355 MiB
2026/09/05 18:33:37.415, 2, NVIDIA L40S, 87 %, 40235 MiB
2026/09/05 18:33:37.415, 3, NVIDIA L40S, 98 %, 40313 MiB
2026/09/05 18:33:47.416, 0, NVIDIA L40S, 87 %, 40519 MiB
2026/09/05 18:33:47.416, 1, NVIDIA L40S, 85 %, 40355 MiB
2026/09/05 18:33:47.416, 2, NVIDIA L40S, 98 %, 40235 MiB
2026/09/05 18:33:47.416, 3, NVIDIA L40S, 98 %, 40313 MiB
2026/09/05 18:33:57.417, 0, NVIDIA L40S, 98 %, 40519 MiB
2026/09/05 18:33:57.417, 1, NVIDIA L40S, 98 %, 40355 MiB
2026/09/05 18:33:57.417, 2, NVIDIA L40S, 99 %, 40235 MiB
2026/09/05 18:33:57.417, 3, NVIDIA L40S, 98 %, 40313 MiB
2026/09/05 18:34:07.418, 0, NVIDIA L40S, 98 %, 40519 MiB
2026/09/05 18:34:07.419, 1, NVIDIA L40S, 92 %, 40355 MiB
2026/09/05 18:34:07.419, 2, NVIDIA L40S, 87 %, 40235 MiB
2026/09/05 18:34:07.419, 3, NVIDIA L40S, 98 %, 40313 MiB
2026/09/05 18:34:17.420, 0, NVIDIA L40S, 91 %, 40519 MiB
2026/09/05 18:34:17.420, 1, NVIDIA L40S, 87 %, 40355 MiB
2026/09/05 18:34:17.420, 2, NVIDIA L40S, 98 %, 40235 MiB
2026/09/05 18:34:17.420, 3, NVIDIA L40S, 79 %, 40313 MiB
2026/09/05 18:34:27.421, 0, NVIDIA L40S, 98 %, 40519 MiB
2026/09/05 18:34:27.422, 1, NVIDIA L40S, 97 %, 40355 MiB
2026/09/05 18:34:27.422, 2, NVIDIA L40S, 98 %, 40235 MiB
2026/09/05 18:34:27.422, 3, NVIDIA L40S, 85 %, 40313 MiB
2026/09/05 18:34:37.423, 0, NVIDIA L40S, 80 %, 40519 MiB
2026/09/05 18:34:37.423, 1, NVIDIA L40S, 98 %, 40355 MiB
2026/09/05 18:34:37.423, 2, NVIDIA L40S, 85 %, 40235 MiB
2026/09/05 18:34:37.423, 3, NVIDIA L40S, 89 %, 40313 MiB
2026/09/05 18:34:47.424, 0, NVIDIA L40S, 98 %, 40519 MiB
2026/09/05 18:34:47.424, 1, NVIDIA L40S, 98 %, 40355 MiB
2026/09/05 18:34:47.424, 2, NVIDIA L40S, 98 %, 40235 MiB
2026/09/05 18:34:47.424, 3, NVIDIA L40S, 89 %, 40313 MiB
2026/09/05 18:34:57.426, 0, NVIDIA L40S, 98 %, 40519 MiB
2026/09/05 18:34:57.426, 1, NVIDIA L40S, 80 %, 40355 MiB
2026/09/05 18:34:57.426, 2, NVIDIA L40S, 98 %, 40235 MiB
2026/09/05 18:34:57.426, 3, NVIDIA L40S, 92 %, 40313 MiB
2026/09/05 18:35:07.427, 0, NVIDIA L40S, 98 %, 40519 MiB
2026/09/05 18:35:07.427, 1, NVIDIA L40S, 98 %, 40355 MiB
2026/09/05 18:35:07.427, 2, NVIDIA L40S, 89 %, 40235 MiB
2026/09/05 18:35:07.427, 3, NVIDIA L40S, 85 %, 40313 MiB
2026/09/05 18:35:17.428, 0, NVIDIA L40S, 85 %, 40519 MiB
2026/09/05 18:35:17.429, 1, NVIDIA L40S, 76 %, 40355 MiB
2026/09/05 18:35:17.429, 2, NVIDIA L40S, 92 %, 40235 MiB
2026/09/05 18:35:17.429, 3, NVIDIA L40S, 87 %, 40313 MiB
2026/09/05 18:35:27.430, 0, NVIDIA L40S, 87 %, 40519 MiB
2026/09/05 18:35:27.430, 1, NVIDIA L40S, 85 %, 40355 MiB
2026/09/05 18:35:27.430, 2, NVIDIA L40S, 83 %, 40235 MiB
2026/09/05 18:35:27.430, 3, NVIDIA L40S, 98 %, 40313 MiB
2026/09/05 18:35:37.431, 0, NVIDIA L40S, 84 %, 40519 MiB
2026/09/05 18:35:37.431, 1, NVIDIA L40S, 83 %, 40355 MiB
2026/09/05 18:35:37.432, 2, NVIDIA L40S, 91 %, 40235 MiB
2026/09/05 18:35:37.432, 3, NVIDIA L40S, 98 %, 40313 MiB
2026/09/05 18:35:47.433, 0, NVIDIA L40S, 91 %, 40519 MiB
2026/09/05 18:35:47.433, 1, NVIDIA L40S, 85 %, 40355 MiB
2026/09/05 18:35:47.433, 2, NVIDIA L40S, 99 %, 40235 MiB
2026/09/05 18:35:47.433, 3, NVIDIA L40S, 98 %, 40313 MiB
2026/09/05 18:35:57.434, 0, NVIDIA L40S, 98 %, 40519 MiB
2026/09/05 18:35:57.434, 1, NVIDIA L40S, 98 %, 40355 MiB
2026/09/05 18:35:57.434, 2, NVIDIA L40S, 98 %, 40235 MiB
2026/09/05 18:35:57.434, 3, NVIDIA L40S, 98 %, 40313 MiB
2026/09/05 18:36:07.436, 0, NVIDIA L40S, 98 %, 40519 MiB
2026/09/05 18:36:07.436, 1, NVIDIA L40S, 98 %, 40355 MiB
2026/09/05 18:36:07.436, 2, NVIDIA L40S, 91 %, 40235 MiB
2026/09/05 18:36:07.436, 3, NVIDIA L40S, 84 %, 40313 MiB
2026/09/05 18:36:17.437, 0, NVIDIA L40S, 85 %, 40519 MiB
2026/09/05 18:36:17.437, 1, NVIDIA L40S, 98 %, 40355 MiB
2026/09/05 18:36:17.437, 2, NVIDIA L40S, 98 %, 40235 MiB
2026/09/05 18:36:17.437, 3, NVIDIA L40S, 80 %, 40313 MiB
2026/09/05 18:36:27.438, 0, NVIDIA L40S, 87 %, 40519 MiB
2026/09/05 18:36:27.439, 1, NVIDIA L40S, 83 %, 40355 MiB
2026/09/05 18:36:27.439, 2, NVIDIA L40S, 98 %, 40235 MiB
2026/09/05 18:36:27.439, 3, NVIDIA L40S, 89 %, 40313 MiB
2026/09/05 18:36:37.440, 0, NVIDIA L40S, 98 %, 40519 MiB
2026/09/05 18:36:37.440, 1, NVIDIA L40S, 89 %, 40355 MiB
2026/09/05 18:36:37.440, 2, NVIDIA L40S, 81 %, 40235 MiB
2026/09/05 18:36:37.440, 3, NVIDIA L40S, 98 %, 40313 MiB
2026/09/05 18:36:47.441, 0, NVIDIA L40S, 98 %, 40519 MiB
2026/09/05 18:36:47.441, 1, NVIDIA L40S, 98 %, 40355 MiB
2026/09/05 18:36:47.441, 2, NVIDIA L40S, 98 %, 40235 MiB
2026/09/05 18:36:47.441, 3, NVIDIA L40S, 98 %, 40313 MiB
2026/09/05 18:36:57.443, 0, NVIDIA L40S, 98 %, 40519 MiB
2026/09/05 18:36:57.443, 1, NVIDIA L40S, 98 %, 40355 MiB
2026/09/05 18:36:57.443, 2, NVIDIA L40S, 85 %, 40235 MiB
2026/09/05 18:36:57.443, 3, NVIDIA L40S, 83 %, 40313 MiB
2026/09/05 18:37:07.444, 0, NVIDIA L40S, 83 %, 40519 MiB
2026/09/05 18:37:07.444, 1, NVIDIA L40S, 98 %, 40355 MiB
2026/09/05 18:37:07.444, 2, NVIDIA L40S, 80 %, 40235 MiB
2026/09/05 18:37:07.444, 3, NVIDIA L40S, 98 %, 40313 MiB
2026/09/05 18:37:17.445, 0, NVIDIA L40S, 90 %, 40519 MiB
2026/09/05 18:37:17.445, 1, NVIDIA L40S, 82 %, 40355 MiB
2026/09/05 18:37:17.445, 2, NVIDIA L40S, 90 %, 40235 MiB
2026/09/05 18:37:17.446, 3, NVIDIA L40S, 82 %, 40313 MiB
2026/09/05 18:37:27.447, 0, NVIDIA L40S, 86 %, 40519 MiB
2026/09/05 18:37:27.447, 1, NVIDIA L40S, 82 %, 40355 MiB
2026/09/05 18:37:27.447, 2, NVIDIA L40S, 99 %, 40235 MiB
2026/09/05 18:37:27.447, 3, NVIDIA L40S, 86 %, 40313 MiB
2026/09/05 18:37:37.448, 0, NVIDIA L40S, 92 %, 40519 MiB
2026/09/05 18:37:37.448, 1, NVIDIA L40S, 98 %, 40355 MiB
2026/09/05 18:37:37.448, 2, NVIDIA L40S, 98 %, 40235 MiB
2026/09/05 18:37:37.448, 3, NVIDIA L40S, 99 %, 40313 MiB
2026/09/05 18:37:47.449, 0, NVIDIA L40S, 98 %, 40519 MiB
2026/09/05 18:37:47.450, 1, NVIDIA L40S, 79 %, 40355 MiB
2026/09/05 18:37:47.450, 2, NVIDIA L40S, 86 %, 40235 MiB
2026/09/05 18:37:47.450, 3, NVIDIA L40S, 98 %, 40313 MiB
2026/09/05 18:37:57.451, 0, NVIDIA L40S, 98 %, 40519 MiB
2026/09/05 18:37:57.451, 1, NVIDIA L40S, 93 %, 40355 MiB
2026/09/05 18:37:57.451, 2, NVIDIA L40S, 98 %, 40235 MiB
2026/09/05 18:37:57.451, 3, NVIDIA L40S, 91 %, 40313 MiB
2026/09/05 18:38:07.452, 0, NVIDIA L40S, 81 %, 40519 MiB
2026/09/05 18:38:07.452, 1, NVIDIA L40S, 86 %, 40355 MiB
2026/09/05 18:38:07.452, 2, NVIDIA L40S, 98 %, 40235 MiB
2026/09/05 18:38:07.453, 3, NVIDIA L40S, 98 %, 40313 MiB
2026/09/05 18:38:17.454, 0, NVIDIA L40S, 81 %, 40519 MiB
2026/09/05 18:38:17.454, 1, NVIDIA L40S, 98 %, 40355 MiB
2026/09/05 18:38:17.454, 2, NVIDIA L40S, 93 %, 40235 MiB
2026/09/05 18:38:17.454, 3, NVIDIA L40S, 79 %, 40313 MiB
2026/09/05 18:38:27.455, 0, NVIDIA L40S, 98 %, 40519 MiB
2026/09/05 18:38:27.455, 1, NVIDIA L40S, 78 %, 40355 MiB
2026/09/05 18:38:27.455, 2, NVIDIA L40S, 82 %, 40235 MiB
2026/09/05 18:38:27.455, 3, NVIDIA L40S, 98 %, 40313 MiB
2026/09/05 18:38:37.456, 0, NVIDIA L40S, 98 %, 40519 MiB
2026/09/05 18:38:37.457, 1, NVIDIA L40S, 92 %, 40355 MiB
2026/09/05 18:38:37.457, 2, NVIDIA L40S, 91 %, 40235 MiB
2026/09/05 18:38:37.457, 3, NVIDIA L40S, 98 %, 40313 MiB
2026/09/05 18:38:47.458, 0, NVIDIA L40S, 99 %, 40519 MiB
2026/09/05 18:38:47.458, 1, NVIDIA L40S, 98 %, 40355 MiB
2026/09/05 18:38:47.458, 2, NVIDIA L40S, 99 %, 40235 MiB
2026/09/05 18:38:47.458, 3, NVIDIA L40S, 83 %, 40313 MiB
2026/09/05 18:38:57.459, 0, NVIDIA L40S, 82 %, 40519 MiB
2026/09/05 18:38:57.460, 1, NVIDIA L40S, 98 %, 40355 MiB
2026/09/05 18:38:57.460, 2, NVIDIA L40S, 99 %, 40235 MiB
2026/09/05 18:38:57.460, 3, NVIDIA L40S, 91 %, 40313 MiB
2026/09/05 18:39:07.461, 0, NVIDIA L40S, 89 %, 40519 MiB
2026/09/05 18:39:07.461, 1, NVIDIA L40S, 98 %, 40355 MiB
2026/09/05 18:39:07.461, 2, NVIDIA L40S, 98 %, 40235 MiB
2026/09/05 18:39:07.461, 3, NVIDIA L40S, 84 %, 40313 MiB
2026/09/05 18:39:17.462, 0, NVIDIA L40S, 93 %, 40519 MiB
2026/09/05 18:39:17.462, 1, NVIDIA L40S, 98 %, 40355 MiB
2026/09/05 18:39:17.462, 2, NVIDIA L40S, 98 %, 40235 MiB
2026/09/05 18:39:17.462, 3, NVIDIA L40S, 98 %, 40313 MiB
2026/09/05 18:39:27.464, 0, NVIDIA L40S, 98 %, 40519 MiB
2026/09/05 18:39:27.464, 1, NVIDIA L40S, 98 %, 40355 MiB
2026/09/05 18:39:27.464, 2, NVIDIA L40S, 90 %, 40235 MiB
2026/09/05 18:39:27.464, 3, NVIDIA L40S, 86 %, 40313 MiB
2026/09/05 18:39:37.465, 0, NVIDIA L40S, 85 %, 40519 MiB
2026/09/05 18:39:37.465, 1, NVIDIA L40S, 80 %, 40355 MiB
2026/09/05 18:39:37.465, 2, NVIDIA L40S, 84 %, 40235 MiB
2026/09/05 18:39:37.465, 3, NVIDIA L40S, 98 %, 40313 MiB
2026/09/05 18:39:47.466, 0, NVIDIA L40S, 82 %, 40519 MiB
2026/09/05 18:39:47.467, 1, NVIDIA L40S, 93 %, 40355 MiB
2026/09/05 18:39:47.467, 2, NVIDIA L40S, 91 %, 40235 MiB
2026/09/05 18:39:47.467, 3, NVIDIA L40S, 81 %, 40313 MiB
2026/09/05 18:39:57.468, 0, NVIDIA L40S, 92 %, 40519 MiB
2026/09/05 18:39:57.468, 1, NVIDIA L40S, 98 %, 40355 MiB
2026/09/05 18:39:57.468, 2, NVIDIA L40S, 83 %, 40235 MiB
2026/09/05 18:39:57.468, 3, NVIDIA L40S, 98 %, 40313 MiB
2026/09/05 18:40:07.469, 0, NVIDIA L40S, 98 %, 40519 MiB
2026/09/05 18:40:07.469, 1, NVIDIA L40S, 85 %, 40355 MiB
2026/09/05 18:40:07.469, 2, NVIDIA L40S, 98 %, 40235 MiB
2026/09/05 18:40:07.470, 3, NVIDIA L40S, 98 %, 40313 MiB
2026/09/05 18:40:17.471, 0, NVIDIA L40S, 98 %, 40519 MiB
2026/09/05 18:40:17.471, 1, NVIDIA L40S, 98 %, 40355 MiB
2026/09/05 18:40:17.471, 2, NVIDIA L40S, 99 %, 40235 MiB
2026/09/05 18:40:17.471, 3, NVIDIA L40S, 84 %, 40313 MiB
2026/09/05 18:40:27.472, 0, NVIDIA L40S, 87 %, 40519 MiB
2026/09/05 18:40:27.472, 1, NVIDIA L40S, 94 %, 40355 MiB
2026/09/05 18:40:27.472, 2, NVIDIA L40S, 99 %, 40235 MiB
2026/09/05 18:40:27.472, 3, NVIDIA L40S, 80 %, 40313 MiB
2026/09/05 18:40:37.473, 0, NVIDIA L40S, 98 %, 40519 MiB
2026/09/05 18:40:37.474, 1, NVIDIA L40S, 80 %, 40355 MiB
2026/09/05 18:40:37.474, 2, NVIDIA L40S, 99 %, 40235 MiB
2026/09/05 18:40:37.474, 3, NVIDIA L40S, 86 %, 40313 MiB
2026/09/05 18:40:47.475, 0, NVIDIA L40S, 98 %, 40519 MiB
2026/09/05 18:40:47.475, 1, NVIDIA L40S, 79 %, 40355 MiB
2026/09/05 18:40:47.475, 2, NVIDIA L40S, 84 %, 40235 MiB
2026/09/05 18:40:47.475, 3, NVIDIA L40S, 98 %, 40313 MiB
2026/09/05 18:40:57.476, 0, NVIDIA L40S, 98 %, 40519 MiB
2026/09/05 18:40:57.476, 1, NVIDIA L40S, 90 %, 40355 MiB
2026/09/05 18:40:57.476, 2, NVIDIA L40S, 98 %, 40235 MiB
2026/09/05 18:40:57.476, 3, NVIDIA L40S, 95 %, 40313 MiB
2026/09/05 18:41:07.477, 0, NVIDIA L40S, 87 %, 40519 MiB
2026/09/05 18:41:07.478, 1, NVIDIA L40S, 98 %, 40355 MiB
2026/09/05 18:41:07.478, 2, NVIDIA L40S, 83 %, 40235 MiB
2026/09/05 18:41:07.478, 3, NVIDIA L40S, 98 %, 40313 MiB
2026/09/05 18:41:17.479, 0, NVIDIA L40S, 83 %, 40519 MiB
2026/09/05 18:41:17.479, 1, NVIDIA L40S, 93 %, 40355 MiB
2026/09/05 18:41:17.479, 2, NVIDIA L40S, 82 %, 40235 MiB
2026/09/05 18:41:17.479, 3, NVIDIA L40S, 98 %, 40313 MiB
2026/09/05 18:41:27.480, 0, NVIDIA L40S, 89 %, 40519 MiB
2026/09/05 18:41:27.480, 1, NVIDIA L40S, 98 %, 40355 MiB
2026/09/05 18:41:27.481, 2, NVIDIA L40S, 86 %, 40235 MiB
2026/09/05 18:41:27.481, 3, NVIDIA L40S, 98 %, 40313 MiB
2026/09/05 18:41:37.482, 0, NVIDIA L40S, 92 %, 40519 MiB
2026/09/05 18:41:37.482, 1, NVIDIA L40S, 79 %, 40355 MiB
2026/09/05 18:41:37.482, 2, NVIDIA L40S, 98 %, 40235 MiB
2026/09/05 18:41:37.482, 3, NVIDIA L40S, 98 %, 40313 MiB
2026/09/05 18:41:47.483, 0, NVIDIA L40S, 98 %, 40519 MiB
2026/09/05 18:41:47.483, 1, NVIDIA L40S, 98 %, 40355 MiB
2026/09/05 18:41:47.483, 2, NVIDIA L40S, 87 %, 40235 MiB
2026/09/05 18:41:47.483, 3, NVIDIA L40S, 98 %, 40313 MiB
2026/09/05 18:41:57.484, 0, NVIDIA L40S, 98 %, 40519 MiB
2026/09/05 18:41:57.485, 1, NVIDIA L40S, 98 %, 40355 MiB
2026/09/05 18:41:57.485, 2, NVIDIA L40S, 87 %, 40235 MiB
2026/09/05 18:41:57.485, 3, NVIDIA L40S, 98 %, 40313 MiB
2026/09/05 18:42:07.486, 0, NVIDIA L40S, 98 %, 40519 MiB
2026/09/05 18:42:07.486, 1, NVIDIA L40S, 89 %, 40355 MiB
2026/09/05 18:42:07.486, 2, NVIDIA L40S, 99 %, 40235 MiB
2026/09/05 18:42:07.486, 3, NVIDIA L40S, 80 %, 40313 MiB
2026/09/05 18:42:17.487, 0, NVIDIA L40S, 85 %, 40519 MiB
2026/09/05 18:42:17.487, 1, NVIDIA L40S, 82 %, 40355 MiB
2026/09/05 18:42:17.487, 2, NVIDIA L40S, 99 %, 40235 MiB
2026/09/05 18:42:17.488, 3, NVIDIA L40S, 81 %, 40313 MiB
2026/09/05 18:42:27.489, 0, NVIDIA L40S, 98 %, 40519 MiB
2026/09/05 18:42:27.489, 1, NVIDIA L40S, 85 %, 40355 MiB
2026/09/05 18:42:27.489, 2, NVIDIA L40S, 82 %, 40235 MiB
2026/09/05 18:42:27.489, 3, NVIDIA L40S, 82 %, 40313 MiB
2026/09/05 18:42:37.490, 0, NVIDIA L40S, 81 %, 40519 MiB
2026/09/05 18:42:37.490, 1, NVIDIA L40S, 87 %, 40355 MiB
2026/09/05 18:42:37.490, 2, NVIDIA L40S, 98 %, 40235 MiB
2026/09/05 18:42:37.490, 3, NVIDIA L40S, 93 %, 40313 MiB
2026/09/05 18:42:47.491, 0, NVIDIA L40S, 98 %, 40519 MiB
2026/09/05 18:42:47.491, 1, NVIDIA L40S, 98 %, 40355 MiB
2026/09/05 18:42:47.491, 2, NVIDIA L40S, 81 %, 40235 MiB
2026/09/05 18:42:47.491, 3, NVIDIA L40S, 88 %, 40313 MiB
2026/09/05 18:42:57.492, 0, NVIDIA L40S, 81 %, 40519 MiB
2026/09/05 18:42:57.493, 1, NVIDIA L40S, 98 %, 40355 MiB
2026/09/05 18:42:57.493, 2, NVIDIA L40S, 79 %, 40235 MiB
2026/09/05 18:42:57.493, 3, NVIDIA L40S, 93 %, 40313 MiB
2026/09/05 18:43:07.494, 0, NVIDIA L40S, 82 %, 40519 MiB
2026/09/05 18:43:07.494, 1, NVIDIA L40S, 86 %, 40355 MiB
2026/09/05 18:43:07.494, 2, NVIDIA L40S, 93 %, 40235 MiB
2026/09/05 18:43:07.494, 3, NVIDIA L40S, 93 %, 40313 MiB
2026/09/05 18:43:17.495, 0, NVIDIA L40S, 90 %, 40519 MiB
2026/09/05 18:43:17.495, 1, NVIDIA L40S, 98 %, 40355 MiB
2026/09/05 18:43:17.495, 2, NVIDIA L40S, 98 %, 40235 MiB
2026/09/05 18:43:17.495, 3, NVIDIA L40S, 84 %, 40313 MiB
2026/09/05 18:43:27.497, 0, NVIDIA L40S, 92 %, 40519 MiB
2026/09/05 18:43:27.497, 1, NVIDIA L40S, 98 %, 40355 MiB
2026/09/05 18:43:27.497, 2, NVIDIA L40S, 98 %, 40235 MiB
2026/09/05 18:43:27.497, 3, NVIDIA L40S, 85 %, 40313 MiB
2026/09/05 18:43:37.498, 0, NVIDIA L40S, 89 %, 40519 MiB
2026/09/05 18:43:37.498, 1, NVIDIA L40S, 82 %, 40355 MiB
2026/09/05 18:43:37.498, 2, NVIDIA L40S, 98 %, 40235 MiB
2026/09/05 18:43:37.498, 3, NVIDIA L40S, 87 %, 40313 MiB
2026/09/05 18:43:47.499, 0, NVIDIA L40S, 99 %, 40519 MiB
2026/09/05 18:43:47.500, 1, NVIDIA L40S, 98 %, 40355 MiB
2026/09/05 18:43:47.500, 2, NVIDIA L40S, 82 %, 40235 MiB
2026/09/05 18:43:47.500, 3, NVIDIA L40S, 88 %, 40313 MiB
2026/09/05 18:43:57.501, 0, NVIDIA L40S, 98 %, 40519 MiB
2026/09/05 18:43:57.501, 1, NVIDIA L40S, 98 %, 40355 MiB
2026/09/05 18:43:57.501, 2, NVIDIA L40S, 86 %, 40235 MiB
2026/09/05 18:43:57.501, 3, NVIDIA L40S, 87 %, 40313 MiB
2026/09/05 18:44:07.502, 0, NVIDIA L40S, 98 %, 40519 MiB
2026/09/05 18:44:07.502, 1, NVIDIA L40S, 98 %, 40355 MiB
2026/09/05 18:44:07.502, 2, NVIDIA L40S, 98 %, 40235 MiB
2026/09/05 18:44:07.502, 3, NVIDIA L40S, 92 %, 40313 MiB
2026/09/05 18:44:17.503, 0, NVIDIA L40S, 80 %, 40519 MiB
2026/09/05 18:44:17.504, 1, NVIDIA L40S, 83 %, 40355 MiB
2026/09/05 18:44:17.504, 2, NVIDIA L40S, 81 %, 40235 MiB
2026/09/05 18:44:17.504, 3, NVIDIA L40S, 86 %, 40313 MiB
2026/09/05 18:44:27.505, 0, NVIDIA L40S, 82 %, 40519 MiB
2026/09/05 18:44:27.505, 1, NVIDIA L40S, 85 %, 40355 MiB
2026/09/05 18:44:27.505, 2, NVIDIA L40S, 98 %, 40235 MiB
2026/09/05 18:44:27.505, 3, NVIDIA L40S, 87 %, 40313 MiB
2026/09/05 18:44:37.506, 0, NVIDIA L40S, 98 %, 40519 MiB
2026/09/05 18:44:37.506, 1, NVIDIA L40S, 92 %, 40355 MiB
2026/09/05 18:44:37.507, 2, NVIDIA L40S, 98 %, 40235 MiB
2026/09/05 18:44:37.507, 3, NVIDIA L40S, 98 %, 40313 MiB
2026/09/05 18:44:47.508, 0, NVIDIA L40S, 98 %, 40519 MiB
2026/09/05 18:44:47.508, 1, NVIDIA L40S, 89 %, 40355 MiB
2026/09/05 18:44:47.508, 2, NVIDIA L40S, 99 %, 40235 MiB
2026/09/05 18:44:47.508, 3, NVIDIA L40S, 98 %, 40313 MiB
2026/09/05 18:44:57.509, 0, NVIDIA L40S, 84 %, 40519 MiB
2026/09/05 18:44:57.509, 1, NVIDIA L40S, 98 %, 40355 MiB
2026/09/05 18:44:57.509, 2, NVIDIA L40S, 84 %, 40235 MiB
2026/09/05 18:44:57.509, 3, NVIDIA L40S, 98 %, 40313 MiB
2026/09/05 18:45:07.510, 0, NVIDIA L40S, 91 %, 40519 MiB
2026/09/05 18:45:07.510, 1, NVIDIA L40S, 92 %, 40355 MiB
2026/09/05 18:45:07.511, 2, NVIDIA L40S, 80 %, 40235 MiB
2026/09/05 18:45:07.511, 3, NVIDIA L40S, 98 %, 40313 MiB
2026/09/05 18:45:17.512, 0, NVIDIA L40S, 91 %, 40519 MiB
2026/09/05 18:45:17.512, 1, NVIDIA L40S, 80 %, 40355 MiB
2026/09/05 18:45:17.512, 2, NVIDIA L40S, 86 %, 40235 MiB
2026/09/05 18:45:17.512, 3, NVIDIA L40S, 82 %, 40313 MiB
2026/09/05 18:45:27.513, 0, NVIDIA L40S, 99 %, 40519 MiB
2026/09/05 18:45:27.513, 1, NVIDIA L40S, 88 %, 40355 MiB
2026/09/05 18:45:27.513, 2, NVIDIA L40S, 81 %, 40235 MiB
2026/09/05 18:45:27.513, 3, NVIDIA L40S, 81 %, 40313 MiB
2026/09/05 18:45:37.514, 0, NVIDIA L40S, 91 %, 40519 MiB
2026/09/05 18:45:37.515, 1, NVIDIA L40S, 98 %, 40355 MiB
2026/09/05 18:45:37.515, 2, NVIDIA L40S, 90 %, 40235 MiB
2026/09/05 18:45:37.515, 3, NVIDIA L40S, 81 %, 40313 MiB
2026/09/05 18:45:47.516, 0, NVIDIA L40S, 82 %, 40519 MiB
2026/09/05 18:45:47.516, 1, NVIDIA L40S, 87 %, 40355 MiB
2026/09/05 18:45:47.516, 2, NVIDIA L40S, 89 %, 40235 MiB
2026/09/05 18:45:47.516, 3, NVIDIA L40S, 82 %, 40313 MiB
2026/09/05 18:45:57.517, 0, NVIDIA L40S, 85 %, 40519 MiB
2026/09/05 18:45:57.518, 1, NVIDIA L40S, 98 %, 40355 MiB
2026/09/05 18:45:57.518, 2, NVIDIA L40S, 88 %, 40235 MiB
2026/09/05 18:45:57.518, 3, NVIDIA L40S, 84 %, 40313 MiB
2026/09/05 18:46:07.519, 0, NVIDIA L40S, 91 %, 40519 MiB
2026/09/05 18:46:07.519, 1, NVIDIA L40S, 98 %, 40355 MiB
2026/09/05 18:46:07.519, 2, NVIDIA L40S, 93 %, 40235 MiB
2026/09/05 18:46:07.519, 3, NVIDIA L40S, 93 %, 40313 MiB
2026/09/05 18:46:17.520, 0, NVIDIA L40S, 98 %, 40519 MiB
2026/09/05 18:46:17.520, 1, NVIDIA L40S, 97 %, 40355 MiB
2026/09/05 18:46:17.520, 2, NVIDIA L40S, 98 %, 40235 MiB
2026/09/05 18:46:17.520, 3, NVIDIA L40S, 86 %, 40313 MiB
2026/09/05 18:46:27.521, 0, NVIDIA L40S, 98 %, 40519 MiB
2026/09/05 18:46:27.522, 1, NVIDIA L40S, 98 %, 40355 MiB
2026/09/05 18:46:27.522, 2, NVIDIA L40S, 98 %, 40235 MiB
2026/09/05 18:46:27.522, 3, NVIDIA L40S, 93 %, 40313 MiB
2026/09/05 18:46:37.523, 0, NVIDIA L40S, 98 %, 40519 MiB
2026/09/05 18:46:37.523, 1, NVIDIA L40S, 81 %, 40355 MiB
2026/09/05 18:46:37.523, 2, NVIDIA L40S, 80 %, 40235 MiB
2026/09/05 18:46:37.523, 3, NVIDIA L40S, 86 %, 40313 MiB
2026/09/05 18:46:47.524, 0, NVIDIA L40S, 79 %, 40519 MiB
2026/09/05 18:46:47.524, 1, NVIDIA L40S, 84 %, 40355 MiB
2026/09/05 18:46:47.525, 2, NVIDIA L40S, 83 %, 40235 MiB
2026/09/05 18:46:47.525, 3, NVIDIA L40S, 98 %, 40313 MiB
2026/09/05 18:46:57.526, 0, NVIDIA L40S, 98 %, 40519 MiB
2026/09/05 18:46:57.526, 1, NVIDIA L40S, 94 %, 40355 MiB
2026/09/05 18:46:57.526, 2, NVIDIA L40S, 93 %, 40235 MiB
2026/09/05 18:46:57.526, 3, NVIDIA L40S, 98 %, 40313 MiB
2026/09/05 18:47:07.527, 0, NVIDIA L40S, 95 %, 40519 MiB
2026/09/05 18:47:07.527, 1, NVIDIA L40S, 98 %, 40355 MiB
2026/09/05 18:47:07.527, 2, NVIDIA L40S, 82 %, 40235 MiB
2026/09/05 18:47:07.527, 3, NVIDIA L40S, 98 %, 40313 MiB
2026/09/05 18:47:17.528, 0, NVIDIA L40S, 85 %, 40519 MiB
2026/09/05 18:47:17.528, 1, NVIDIA L40S, 98 %, 40355 MiB
2026/09/05 18:47:17.529, 2, NVIDIA L40S, 98 %, 40235 MiB
2026/09/05 18:47:17.529, 3, NVIDIA L40S, 98 %, 40313 MiB
2026/09/05 18:47:27.530, 0, NVIDIA L40S, 91 %, 40519 MiB
2026/09/05 18:47:27.530, 1, NVIDIA L40S, 98 %, 40355 MiB
2026/09/05 18:47:27.530, 2, NVIDIA L40S, 98 %, 40235 MiB
2026/09/05 18:47:27.530, 3, NVIDIA L40S, 86 %, 40313 MiB
2026/09/05 18:47:37.531, 0, NVIDIA L40S, 98 %, 40519 MiB
2026/09/05 18:47:37.531, 1, NVIDIA L40S, 98 %, 40355 MiB
2026/09/05 18:47:37.531, 2, NVIDIA L40S, 98 %, 40235 MiB
2026/09/05 18:47:37.531, 3, NVIDIA L40S, 92 %, 40313 MiB
2026/09/05 18:47:47.532, 0, NVIDIA L40S, 79 %, 40519 MiB
2026/09/05 18:47:47.533, 1, NVIDIA L40S, 97 %, 40355 MiB
2026/09/05 18:47:47.533, 2, NVIDIA L40S, 98 %, 40235 MiB
2026/09/05 18:47:47.533, 3, NVIDIA L40S, 98 %, 40313 MiB
2026/09/05 18:47:57.534, 0, NVIDIA L40S, 88 %, 40519 MiB
2026/09/05 18:47:57.534, 1, NVIDIA L40S, 98 %, 40355 MiB
2026/09/05 18:47:57.534, 2, NVIDIA L40S, 86 %, 40235 MiB
2026/09/05 18:47:57.534, 3, NVIDIA L40S, 98 %, 40313 MiB
2026/09/05 18:48:07.535, 0, NVIDIA L40S, 98 %, 40519 MiB
2026/09/05 18:48:07.535, 1, NVIDIA L40S, 81 %, 40355 MiB
2026/09/05 18:48:07.535, 2, NVIDIA L40S, 85 %, 40235 MiB
2026/09/05 18:48:07.536, 3, NVIDIA L40S, 84 %, 40313 MiB
2026/09/05 18:48:17.537, 0, NVIDIA L40S, 92 %, 40519 MiB
2026/09/05 18:48:17.537, 1, NVIDIA L40S, 92 %, 40355 MiB
2026/09/05 18:48:17.537, 2, NVIDIA L40S, 89 %, 40235 MiB
2026/09/05 18:48:17.537, 3, NVIDIA L40S, 85 %, 40313 MiB
2026/09/05 18:48:27.538, 0, NVIDIA L40S, 98 %, 40519 MiB
2026/09/05 18:48:27.538, 1, NVIDIA L40S, 78 %, 40355 MiB
2026/09/05 18:48:27.538, 2, NVIDIA L40S, 99 %, 40235 MiB
2026/09/05 18:48:27.538, 3, NVIDIA L40S, 85 %, 40313 MiB
2026/09/05 18:48:37.539, 0, NVIDIA L40S, 98 %, 40519 MiB
2026/09/05 18:48:37.540, 1, NVIDIA L40S, 79 %, 40355 MiB
2026/09/05 18:48:37.540, 2, NVIDIA L40S, 98 %, 40235 MiB
2026/09/05 18:48:37.540, 3, NVIDIA L40S, 89 %, 40313 MiB
2026/09/05 18:48:47.541, 0, NVIDIA L40S, 83 %, 40519 MiB
2026/09/05 18:48:47.541, 1, NVIDIA L40S, 81 %, 40355 MiB
2026/09/05 18:48:47.541, 2, NVIDIA L40S, 99 %, 40235 MiB
2026/09/05 18:48:47.541, 3, NVIDIA L40S, 98 %, 40313 MiB
2026/09/05 18:48:57.542, 0, NVIDIA L40S, 98 %, 40519 MiB
2026/09/05 18:48:57.542, 1, NVIDIA L40S, 80 %, 40355 MiB
2026/09/05 18:48:57.543, 2, NVIDIA L40S, 88 %, 40235 MiB
2026/09/05 18:48:57.543, 3, NVIDIA L40S, 80 %, 40313 MiB
2026/09/05 18:49:07.543, 0, NVIDIA L40S, 99 %, 40519 MiB
2026/09/05 18:49:07.544, 1, NVIDIA L40S, 93 %, 40355 MiB
2026/09/05 18:49:07.544, 2, NVIDIA L40S, 98 %, 40235 MiB
2026/09/05 18:49:07.544, 3, NVIDIA L40S, 98 %, 40313 MiB
2026/09/05 18:49:17.545, 0, NVIDIA L40S, 80 %, 40519 MiB
2026/09/05 18:49:17.545, 1, NVIDIA L40S, 86 %, 40355 MiB
2026/09/05 18:49:17.545, 2, NVIDIA L40S, 83 %, 40235 MiB
2026/09/05 18:49:17.545, 3, NVIDIA L40S, 81 %, 40313 MiB
2026/09/05 18:49:27.546, 0, NVIDIA L40S, 89 %, 40519 MiB
2026/09/05 18:49:27.547, 1, NVIDIA L40S, 88 %, 40355 MiB
2026/09/05 18:49:27.547, 2, NVIDIA L40S, 98 %, 40235 MiB
2026/09/05 18:49:27.547, 3, NVIDIA L40S, 86 %, 40313 MiB
2026/09/05 18:49:37.548, 0, NVIDIA L40S, 91 %, 40519 MiB
2026/09/05 18:49:37.548, 1, NVIDIA L40S, 98 %, 40355 MiB
2026/09/05 18:49:37.548, 2, NVIDIA L40S, 98 %, 40235 MiB
2026/09/05 18:49:37.548, 3, NVIDIA L40S, 81 %, 40313 MiB
2026/09/05 18:49:47.549, 0, NVIDIA L40S, 89 %, 40519 MiB
2026/09/05 18:49:47.549, 1, NVIDIA L40S, 97 %, 40355 MiB
2026/09/05 18:49:47.549, 2, NVIDIA L40S, 98 %, 40235 MiB
2026/09/05 18:49:47.550, 3, NVIDIA L40S, 98 %, 40313 MiB
2026/09/05 18:49:57.551, 0, NVIDIA L40S, 98 %, 40519 MiB
2026/09/05 18:49:57.551, 1, NVIDIA L40S, 98 %, 40355 MiB
2026/09/05 18:49:57.551, 2, NVIDIA L40S, 82 %, 40235 MiB
2026/09/05 18:49:57.551, 3, NVIDIA L40S, 93 %, 40313 MiB
2026/09/05 18:50:07.552, 0, NVIDIA L40S, 98 %, 40519 MiB
2026/09/05 18:50:07.552, 1, NVIDIA L40S, 97 %, 40355 MiB
2026/09/05 18:50:07.552, 2, NVIDIA L40S, 84 %, 40235 MiB
2026/09/05 18:50:07.552, 3, NVIDIA L40S, 98 %, 40313 MiB
2026/09/05 18:50:17.553, 0, NVIDIA L40S, 98 %, 40519 MiB
2026/09/05 18:50:17.554, 1, NVIDIA L40S, 92 %, 40355 MiB
2026/09/05 18:50:17.554, 2, NVIDIA L40S, 80 %, 40235 MiB
2026/09/05 18:50:17.554, 3, NVIDIA L40S, 83 %, 40313 MiB
2026/09/05 18:50:27.555, 0, NVIDIA L40S, 98 %, 40519 MiB
2026/09/05 18:50:27.555, 1, NVIDIA L40S, 92 %, 40355 MiB
2026/09/05 18:50:27.555, 2, NVIDIA L40S, 85 %, 40235 MiB
2026/09/05 18:50:27.555, 3, NVIDIA L40S, 79 %, 40313 MiB
2026/09/05 18:50:37.556, 0, NVIDIA L40S, 91 %, 40519 MiB
2026/09/05 18:50:37.556, 1, NVIDIA L40S, 93 %, 40355 MiB
2026/09/05 18:50:37.557, 2, NVIDIA L40S, 92 %, 40235 MiB
2026/09/05 18:50:37.557, 3, NVIDIA L40S, 0 %, 40313 MiB
2026/09/05 18:50:47.558, 0, NVIDIA L40S, 79 %, 40519 MiB
2026/09/05 18:50:47.558, 1, NVIDIA L40S, 98 %, 40355 MiB
2026/09/05 18:50:47.558, 2, NVIDIA L40S, 87 %, 40235 MiB
2026/09/05 18:50:47.558, 3, NVIDIA L40S, 0 %, 40313 MiB
2026/09/05 18:50:57.559, 0, NVIDIA L40S, 98 %, 40519 MiB
2026/09/05 18:50:57.559, 1, NVIDIA L40S, 98 %, 40355 MiB
2026/09/05 18:50:57.559, 2, NVIDIA L40S, 86 %, 40235 MiB
2026/09/05 18:50:57.559, 3, NVIDIA L40S, 0 %, 40313 MiB
2026/09/05 18:51:07.560, 0, NVIDIA L40S, 84 %, 40519 MiB
2026/09/05 18:51:07.560, 1, NVIDIA L40S, 98 %, 40355 MiB
2026/09/05 18:51:07.561, 2, NVIDIA L40S, 83 %, 40235 MiB
2026/09/05 18:51:07.561, 3, NVIDIA L40S, 0 %, 40313 MiB
2026/09/05 18:51:17.562, 0, NVIDIA L40S, 91 %, 40519 MiB
2026/09/05 18:51:17.562, 1, NVIDIA L40S, 98 %, 40355 MiB
2026/09/05 18:51:17.562, 2, NVIDIA L40S, 91 %, 40235 MiB
2026/09/05 18:51:17.562, 3, NVIDIA L40S, 0 %, 40313 MiB
2026/09/05 18:51:27.563, 0, NVIDIA L40S, 98 %, 40519 MiB
2026/09/05 18:51:27.563, 1, NVIDIA L40S, 97 %, 40355 MiB
2026/09/05 18:51:27.563, 2, NVIDIA L40S, 97 %, 40235 MiB
2026/09/05 18:51:27.563, 3, NVIDIA L40S, 0 %, 40313 MiB
2026/09/05 18:51:37.564, 0, NVIDIA L40S, 98 %, 40519 MiB
2026/09/05 18:51:37.565, 1, NVIDIA L40S, 84 %, 40355 MiB
2026/09/05 18:51:37.565, 2, NVIDIA L40S, 88 %, 40235 MiB
2026/09/05 18:51:37.565, 3, NVIDIA L40S, 0 %, 40313 MiB
2026/09/05 18:51:47.566, 0, NVIDIA L40S, 98 %, 40519 MiB
2026/09/05 18:51:47.566, 1, NVIDIA L40S, 85 %, 40355 MiB
2026/09/05 18:51:47.566, 2, NVIDIA L40S, 97 %, 40235 MiB
2026/09/05 18:51:47.566, 3, NVIDIA L40S, 0 %, 40313 MiB
2026/09/05 18:51:57.567, 0, NVIDIA L40S, 83 %, 40519 MiB
2026/09/05 18:51:57.567, 1, NVIDIA L40S, 87 %, 40355 MiB
2026/09/05 18:51:57.567, 2, NVIDIA L40S, 98 %, 40235 MiB
2026/09/05 18:51:57.567, 3, NVIDIA L40S, 0 %, 40313 MiB
2026/09/05 18:52:07.568, 0, NVIDIA L40S, 98 %, 40519 MiB
2026/09/05 18:52:07.568, 1, NVIDIA L40S, 86 %, 40355 MiB
2026/09/05 18:52:07.569, 2, NVIDIA L40S, 0 %, 40235 MiB
2026/09/05 18:52:07.569, 3, NVIDIA L40S, 0 %, 40313 MiB
2026/09/05 18:52:17.570, 0, NVIDIA L40S, 98 %, 40519 MiB
2026/09/05 18:52:17.570, 1, NVIDIA L40S, 98 %, 40355 MiB
2026/09/05 18:52:17.570, 2, NVIDIA L40S, 0 %, 40235 MiB
2026/09/05 18:52:17.570, 3, NVIDIA L40S, 0 %, 40313 MiB
2026/09/05 18:52:27.571, 0, NVIDIA L40S, 98 %, 40519 MiB
2026/09/05 18:52:27.571, 1, NVIDIA L40S, 98 %, 40355 MiB
2026/09/05 18:52:27.571, 2, NVIDIA L40S, 0 %, 40235 MiB
2026/09/05 18:52:27.571, 3, NVIDIA L40S, 0 %, 40313 MiB
2026/09/05 18:52:37.572, 0, NVIDIA L40S, 80 %, 40519 MiB
2026/09/05 18:52:37.573, 1, NVIDIA L40S, 81 %, 40355 MiB
2026/09/05 18:52:37.573, 2, NVIDIA L40S, 0 %, 40235 MiB
2026/09/05 18:52:37.573, 3, NVIDIA L40S, 0 %, 40313 MiB
2026/09/05 18:52:47.574, 0, NVIDIA L40S, 85 %, 40519 MiB
2026/09/05 18:52:47.574, 1, NVIDIA L40S, 98 %, 40355 MiB
2026/09/05 18:52:47.574, 2, NVIDIA L40S, 0 %, 40235 MiB
2026/09/05 18:52:47.574, 3, NVIDIA L40S, 0 %, 40313 MiB
2026/09/05 18:52:57.575, 0, NVIDIA L40S, 85 %, 40519 MiB
2026/09/05 18:52:57.575, 1, NVIDIA L40S, 79 %, 40355 MiB
2026/09/05 18:52:57.575, 2, NVIDIA L40S, 0 %, 40235 MiB
2026/09/05 18:52:57.575, 3, NVIDIA L40S, 0 %, 40313 MiB
2026/09/05 18:53:07.576, 0, NVIDIA L40S, 79 %, 40519 MiB
2026/09/05 18:53:07.577, 1, NVIDIA L40S, 79 %, 40355 MiB
2026/09/05 18:53:07.577, 2, NVIDIA L40S, 0 %, 40235 MiB
2026/09/05 18:53:07.577, 3, NVIDIA L40S, 0 %, 40313 MiB
2026/09/05 18:53:17.578, 0, NVIDIA L40S, 97 %, 40519 MiB
2026/09/05 18:53:17.578, 1, NVIDIA L40S, 87 %, 40355 MiB
2026/09/05 18:53:17.578, 2, NVIDIA L40S, 0 %, 40235 MiB
2026/09/05 18:53:17.578, 3, NVIDIA L40S, 0 %, 40313 MiB
2026/09/05 18:53:27.579, 0, NVIDIA L40S, 98 %, 40519 MiB
2026/09/05 18:53:27.579, 1, NVIDIA L40S, 98 %, 40355 MiB
2026/09/05 18:53:27.579, 2, NVIDIA L40S, 0 %, 40235 MiB
2026/09/05 18:53:27.579, 3, NVIDIA L40S, 0 %, 40313 MiB
2026/09/05 18:53:37.580, 0, NVIDIA L40S, 85 %, 40519 MiB
2026/09/05 18:53:37.581, 1, NVIDIA L40S, 98 %, 40355 MiB
2026/09/05 18:53:37.581, 2, NVIDIA L40S, 0 %, 40235 MiB
2026/09/05 18:53:37.581, 3, NVIDIA L40S, 0 %, 40313 MiB
2026/09/05 18:53:47.582, 0, NVIDIA L40S, 97 %, 40519 MiB
2026/09/05 18:53:47.582, 1, NVIDIA L40S, 98 %, 40355 MiB
2026/09/05 18:53:47.582, 2, NVIDIA L40S, 0 %, 40235 MiB
2026/09/05 18:53:47.582, 3, NVIDIA L40S, 0 %, 40313 MiB
2026/09/05 18:53:57.583, 0, NVIDIA L40S, 98 %, 40519 MiB
2026/09/05 18:53:57.583, 1, NVIDIA L40S, 82 %, 40355 MiB
2026/09/05 18:53:57.584, 2, NVIDIA L40S, 0 %, 40235 MiB
2026/09/05 18:53:57.584, 3, NVIDIA L40S, 0 %, 40313 MiB
2026/09/05 18:54:07.584, 0, NVIDIA L40S, 79 %, 40519 MiB
2026/09/05 18:54:07.585, 1, NVIDIA L40S, 98 %, 40355 MiB
2026/09/05 18:54:07.585, 2, NVIDIA L40S, 0 %, 40235 MiB
2026/09/05 18:54:07.585, 3, NVIDIA L40S, 0 %, 40313 MiB
2026/09/05 18:54:17.586, 0, NVIDIA L40S, 82 %, 40519 MiB
2026/09/05 18:54:17.586, 1, NVIDIA L40S, 98 %, 40355 MiB
2026/09/05 18:54:17.586, 2, NVIDIA L40S, 0 %, 40235 MiB
2026/09/05 18:54:17.586, 3, NVIDIA L40S, 0 %, 40313 MiB
2026/09/05 18:54:27.587, 0, NVIDIA L40S, 97 %, 40519 MiB
2026/09/05 18:54:27.587, 1, NVIDIA L40S, 85 %, 40355 MiB
2026/09/05 18:54:27.588, 2, NVIDIA L40S, 0 %, 40235 MiB
2026/09/05 18:54:27.588, 3, NVIDIA L40S, 0 %, 40313 MiB
2026/09/05 18:54:37.588, 0, NVIDIA L40S, 98 %, 40519 MiB
2026/09/05 18:54:37.589, 1, NVIDIA L40S, 79 %, 40355 MiB
2026/09/05 18:54:37.589, 2, NVIDIA L40S, 0 %, 40235 MiB
2026/09/05 18:54:37.589, 3, NVIDIA L40S, 0 %, 40313 MiB
2026/09/05 18:54:47.590, 0, NVIDIA L40S, 88 %, 40519 MiB
2026/09/05 18:54:47.590, 1, NVIDIA L40S, 98 %, 40355 MiB
2026/09/05 18:54:47.590, 2, NVIDIA L40S, 0 %, 40235 MiB
2026/09/05 18:54:47.590, 3, NVIDIA L40S, 0 %, 40313 MiB
2026/09/05 18:54:57.591, 0, NVIDIA L40S, 98 %, 40519 MiB
2026/09/05 18:54:57.592, 1, NVIDIA L40S, 98 %, 40355 MiB
2026/09/05 18:54:57.592, 2, NVIDIA L40S, 0 %, 40235 MiB
2026/09/05 18:54:57.592, 3, NVIDIA L40S, 0 %, 40313 MiB
2026/09/05 18:55:07.593, 0, NVIDIA L40S, 97 %, 40519 MiB
2026/09/05 18:55:07.593, 1, NVIDIA L40S, 98 %, 40355 MiB
2026/09/05 18:55:07.593, 2, NVIDIA L40S, 0 %, 40235 MiB
2026/09/05 18:55:07.593, 3, NVIDIA L40S, 0 %, 40313 MiB
2026/09/05 18:55:17.594, 0, NVIDIA L40S, 97 %, 40519 MiB
2026/09/05 18:55:17.594, 1, NVIDIA L40S, 81 %, 40355 MiB
2026/09/05 18:55:17.594, 2, NVIDIA L40S, 0 %, 40235 MiB
2026/09/05 18:55:17.594, 3, NVIDIA L40S, 0 %, 40313 MiB
2026/09/05 18:55:27.595, 0, NVIDIA L40S, 78 %, 40519 MiB
2026/09/05 18:55:27.595, 1, NVIDIA L40S, 93 %, 40355 MiB
2026/09/05 18:55:27.595, 2, NVIDIA L40S, 0 %, 40235 MiB
2026/09/05 18:55:27.595, 3, NVIDIA L40S, 0 %, 40313 MiB
2026/09/05 18:55:37.596, 0, NVIDIA L40S, 85 %, 40519 MiB
2026/09/05 18:55:37.596, 1, NVIDIA L40S, 98 %, 40355 MiB
2026/09/05 18:55:37.596, 2, NVIDIA L40S, 0 %, 40235 MiB
2026/09/05 18:55:37.596, 3, NVIDIA L40S, 0 %, 40313 MiB
2026/09/05 18:55:47.597, 0, NVIDIA L40S, 83 %, 40519 MiB
2026/09/05 18:55:47.597, 1, NVIDIA L40S, 98 %, 40355 MiB
2026/09/05 18:55:47.597, 2, NVIDIA L40S, 0 %, 40235 MiB
2026/09/05 18:55:47.597, 3, NVIDIA L40S, 0 %, 40313 MiB
2026/09/05 18:55:57.598, 0, NVIDIA L40S, 86 %, 40519 MiB
2026/09/05 18:55:57.598, 1, NVIDIA L40S, 81 %, 40355 MiB
2026/09/05 18:55:57.598, 2, NVIDIA L40S, 0 %, 40235 MiB
2026/09/05 18:55:57.598, 3, NVIDIA L40S, 0 %, 40313 MiB
2026/09/05 18:56:07.599, 0, NVIDIA L40S, 98 %, 40519 MiB
2026/09/05 18:56:07.600, 1, NVIDIA L40S, 85 %, 40355 MiB
2026/09/05 18:56:07.600, 2, NVIDIA L40S, 0 %, 40235 MiB
2026/09/05 18:56:07.600, 3, NVIDIA L40S, 0 %, 40313 MiB
2026/09/05 18:56:17.601, 0, NVIDIA L40S, 98 %, 40519 MiB
2026/09/05 18:56:17.601, 1, NVIDIA L40S, 92 %, 40355 MiB
2026/09/05 18:56:17.601, 2, NVIDIA L40S, 0 %, 40235 MiB
2026/09/05 18:56:17.601, 3, NVIDIA L40S, 0 %, 40313 MiB
2026/09/05 18:56:27.602, 0, NVIDIA L40S, 97 %, 40519 MiB
2026/09/05 18:56:27.602, 1, NVIDIA L40S, 98 %, 40355 MiB
2026/09/05 18:56:27.602, 2, NVIDIA L40S, 0 %, 40235 MiB
2026/09/05 18:56:27.603, 3, NVIDIA L40S, 0 %, 40313 MiB
2026/09/05 18:56:37.604, 0, NVIDIA L40S, 79 %, 40519 MiB
2026/09/05 18:56:37.604, 1, NVIDIA L40S, 98 %, 40355 MiB
2026/09/05 18:56:37.604, 2, NVIDIA L40S, 0 %, 40235 MiB
2026/09/05 18:56:37.604, 3, NVIDIA L40S, 0 %, 40313 MiB
2026/09/05 18:56:47.605, 0, NVIDIA L40S, 98 %, 40519 MiB
2026/09/05 18:56:47.605, 1, NVIDIA L40S, 84 %, 40355 MiB
2026/09/05 18:56:47.605, 2, NVIDIA L40S, 0 %, 40235 MiB
2026/09/05 18:56:47.605, 3, NVIDIA L40S, 0 %, 40313 MiB
2026/09/05 18:56:57.606, 0, NVIDIA L40S, 97 %, 40519 MiB
2026/09/05 18:56:57.607, 1, NVIDIA L40S, 98 %, 40355 MiB
2026/09/05 18:56:57.607, 2, NVIDIA L40S, 0 %, 40235 MiB
2026/09/05 18:56:57.607, 3, NVIDIA L40S, 0 %, 40313 MiB
2026/09/05 18:57:07.608, 0, NVIDIA L40S, 80 %, 40519 MiB
2026/09/05 18:57:07.608, 1, NVIDIA L40S, 0 %, 40355 MiB
2026/09/05 18:57:07.608, 2, NVIDIA L40S, 0 %, 40235 MiB
2026/09/05 18:57:07.608, 3, NVIDIA L40S, 0 %, 40313 MiB
2026/09/05 18:57:17.609, 0, NVIDIA L40S, 90 %, 40519 MiB
2026/09/05 18:57:17.609, 1, NVIDIA L40S, 0 %, 40355 MiB
2026/09/05 18:57:17.609, 2, NVIDIA L40S, 0 %, 40235 MiB
2026/09/05 18:57:17.609, 3, NVIDIA L40S, 0 %, 40313 MiB
2026/09/05 18:57:27.610, 0, NVIDIA L40S, 90 %, 40519 MiB
2026/09/05 18:57:27.611, 1, NVIDIA L40S, 0 %, 40355 MiB
2026/09/05 18:57:27.611, 2, NVIDIA L40S, 0 %, 40235 MiB
2026/09/05 18:57:27.611, 3, NVIDIA L40S, 0 %, 40313 MiB
2026/09/05 18:57:37.612, 0, NVIDIA L40S, 90 %, 40519 MiB
2026/09/05 18:57:37.612, 1, NVIDIA L40S, 0 %, 40355 MiB
2026/09/05 18:57:37.612, 2, NVIDIA L40S, 0 %, 40235 MiB
2026/09/05 18:57:37.612, 3, NVIDIA L40S, 0 %, 40313 MiB
2026/09/05 18:57:47.613, 0, NVIDIA L40S, 97 %, 40519 MiB
2026/09/05 18:57:47.613, 1, NVIDIA L40S, 0 %, 40355 MiB
2026/09/05 18:57:47.614, 2, NVIDIA L40S, 0 %, 40235 MiB
2026/09/05 18:57:47.614, 3, NVIDIA L40S, 0 %, 40313 MiB
2026/09/05 18:57:57.615, 0, NVIDIA L40S, 98 %, 40519 MiB
2026/09/05 18:57:57.615, 1, NVIDIA L40S, 0 %, 40355 MiB
2026/09/05 18:57:57.615, 2, NVIDIA L40S, 0 %, 40235 MiB
2026/09/05 18:57:57.615, 3, NVIDIA L40S, 0 %, 40313 MiB
2026/09/05 18:58:07.616, 0, NVIDIA L40S, 98 %, 40519 MiB
2026/09/05 18:58:07.616, 1, NVIDIA L40S, 0 %, 40355 MiB
2026/09/05 18:58:07.617, 2, NVIDIA L40S, 0 %, 40235 MiB
2026/09/05 18:58:07.617, 3, NVIDIA L40S, 0 %, 40313 MiB
2026/09/05 18:58:17.618, 0, NVIDIA L40S, 81 %, 40519 MiB
2026/09/05 18:58:17.618, 1, NVIDIA L40S, 0 %, 40355 MiB
2026/09/05 18:58:17.618, 2, NVIDIA L40S, 0 %, 40235 MiB
2026/09/05 18:58:17.618, 3, NVIDIA L40S, 0 %, 40313 MiB
2026/09/05 18:58:27.619, 0, NVIDIA L40S, 78 %, 40519 MiB
2026/09/05 18:58:27.619, 1, NVIDIA L40S, 0 %, 40355 MiB
2026/09/05 18:58:27.619, 2, NVIDIA L40S, 0 %, 40235 MiB
2026/09/05 18:58:27.620, 3, NVIDIA L40S, 0 %, 40313 MiB
2026/09/05 18:58:37.621, 0, NVIDIA L40S, 82 %, 40519 MiB
2026/09/05 18:58:37.621, 1, NVIDIA L40S, 0 %, 40355 MiB
2026/09/05 18:58:37.621, 2, NVIDIA L40S, 0 %, 40235 MiB
2026/09/05 18:58:37.621, 3, NVIDIA L40S, 0 %, 40313 MiB
2026/09/05 18:58:47.622, 0, NVIDIA L40S, 75 %, 40519 MiB
2026/09/05 18:58:47.622, 1, NVIDIA L40S, 0 %, 40355 MiB
2026/09/05 18:58:47.622, 2, NVIDIA L40S, 0 %, 40235 MiB
2026/09/05 18:58:47.622, 3, NVIDIA L40S, 0 %, 40313 MiB
2026/09/05 18:58:57.624, 0, NVIDIA L40S, 85 %, 40519 MiB
2026/09/05 18:58:57.624, 1, NVIDIA L40S, 0 %, 40355 MiB
2026/09/05 18:58:57.624, 2, NVIDIA L40S, 0 %, 40235 MiB
2026/09/05 18:58:57.624, 3, NVIDIA L40S, 0 %, 40313 MiB
2026/09/05 18:59:07.625, 0, NVIDIA L40S, 98 %, 40519 MiB
2026/09/05 18:59:07.625, 1, NVIDIA L40S, 0 %, 40355 MiB
2026/09/05 18:59:07.625, 2, NVIDIA L40S, 0 %, 40235 MiB
2026/09/05 18:59:07.625, 3, NVIDIA L40S, 0 %, 40313 MiB
2026/09/05 18:59:17.626, 0, NVIDIA L40S, 85 %, 40519 MiB
2026/09/05 18:59:17.626, 1, NVIDIA L40S, 0 %, 40355 MiB
2026/09/05 18:59:17.627, 2, NVIDIA L40S, 0 %, 40235 MiB
2026/09/05 18:59:17.627, 3, NVIDIA L40S, 0 %, 40313 MiB
2026/09/05 18:59:27.628, 0, NVIDIA L40S, 81 %, 40519 MiB
2026/09/05 18:59:27.628, 1, NVIDIA L40S, 0 %, 40355 MiB
2026/09/05 18:59:27.628, 2, NVIDIA L40S, 0 %, 40235 MiB
2026/09/05 18:59:27.628, 3, NVIDIA L40S, 0 %, 40313 MiB
2026/09/05 18:59:37.629, 0, NVIDIA L40S, 97 %, 40519 MiB
2026/09/05 18:59:37.629, 1, NVIDIA L40S, 0 %, 40355 MiB
2026/09/05 18:59:37.629, 2, NVIDIA L40S, 0 %, 40235 MiB
2026/09/05 18:59:37.629, 3, NVIDIA L40S, 0 %, 40313 MiB
2026/09/05 18:59:47.630, 0, NVIDIA L40S, 97 %, 40519 MiB
2026/09/05 18:59:47.630, 1, NVIDIA L40S, 0 %, 40355 MiB
2026/09/05 18:59:47.630, 2, NVIDIA L40S, 0 %, 40235 MiB
2026/09/05 18:59:47.630, 3, NVIDIA L40S, 0 %, 40313 MiB
2026/09/05 18:59:57.631, 0, NVIDIA L40S, 80 %, 40519 MiB
2026/09/05 18:59:57.631, 1, NVIDIA L40S, 0 %, 40355 MiB
2026/09/05 18:59:57.631, 2, NVIDIA L40S, 0 %, 40235 MiB
2026/09/05 18:59:57.631, 3, NVIDIA L40S, 0 %, 40313 MiB
2026/09/05 19:00:07.632, 0, NVIDIA L40S, 78 %, 40519 MiB
2026/09/05 19:00:07.633, 1, NVIDIA L40S, 0 %, 40355 MiB
2026/09/05 19:00:07.633, 2, NVIDIA L40S, 0 %, 40235 MiB
2026/09/05 19:00:07.633, 3, NVIDIA L40S, 0 %, 40313 MiB
2026/09/05 19:00:17.634, 0, NVIDIA L40S, 98 %, 40519 MiB
2026/09/05 19:00:17.634, 1, NVIDIA L40S, 0 %, 40355 MiB
2026/09/05 19:00:17.634, 2, NVIDIA L40S, 0 %, 40235 MiB
2026/09/05 19:00:17.634, 3, NVIDIA L40S, 0 %, 40313 MiB
2026/09/05 19:00:27.635, 0, NVIDIA L40S, 92 %, 40519 MiB
2026/09/05 19:00:27.636, 1, NVIDIA L40S, 0 %, 40355 MiB
2026/09/05 19:00:27.636, 2, NVIDIA L40S, 0 %, 40235 MiB
2026/09/05 19:00:27.636, 3, NVIDIA L40S, 0 %, 40313 MiB
2026/09/05 19:00:37.637, 0, NVIDIA L40S, 98 %, 40519 MiB
2026/09/05 19:00:37.637, 1, NVIDIA L40S, 0 %, 40355 MiB
2026/09/05 19:00:37.637, 2, NVIDIA L40S, 0 %, 40235 MiB
2026/09/05 19:00:37.637, 3, NVIDIA L40S, 0 %, 40313 MiB
2026/09/05 19:00:47.638, 0, NVIDIA L40S, 81 %, 40519 MiB
2026/09/05 19:00:47.638, 1, NVIDIA L40S, 0 %, 40355 MiB
2026/09/05 19:00:47.638, 2, NVIDIA L40S, 0 %, 40235 MiB
2026/09/05 19:00:47.638, 3, NVIDIA L40S, 0 %, 40313 MiB
2026/09/05 19:00:57.639, 0, NVIDIA L40S, 98 %, 40519 MiB
2026/09/05 19:00:57.639, 1, NVIDIA L40S, 0 %, 40355 MiB
2026/09/05 19:00:57.639, 2, NVIDIA L40S, 0 %, 40235 MiB
2026/09/05 19:00:57.639, 3, NVIDIA L40S, 0 %, 40313 MiB
2026/09/05 19:01:07.640, 0, NVIDIA L40S, 98 %, 40519 MiB
2026/09/05 19:01:07.641, 1, NVIDIA L40S, 0 %, 40355 MiB
2026/09/05 19:01:07.641, 2, NVIDIA L40S, 0 %, 40235 MiB
2026/09/05 19:01:07.641, 3, NVIDIA L40S, 0 %, 40313 MiB
2026/09/05 19:01:17.642, 0, NVIDIA L40S, 86 %, 40519 MiB
2026/09/05 19:01:17.642, 1, NVIDIA L40S, 0 %, 40355 MiB
2026/09/05 19:01:17.642, 2, NVIDIA L40S, 0 %, 40235 MiB
2026/09/05 19:01:17.642, 3, NVIDIA L40S, 0 %, 40313 MiB
2026/09/05 19:01:27.643, 0, NVIDIA L40S, 88 %, 40519 MiB
2026/09/05 19:01:27.643, 1, NVIDIA L40S, 0 %, 40355 MiB
2026/09/05 19:01:27.643, 2, NVIDIA L40S, 0 %, 40235 MiB
2026/09/05 19:01:27.643, 3, NVIDIA L40S, 0 %, 40313 MiB
2026/09/05 19:01:37.644, 0, NVIDIA L40S, 98 %, 40519 MiB
2026/09/05 19:01:37.645, 1, NVIDIA L40S, 0 %, 40355 MiB
2026/09/05 19:01:37.645, 2, NVIDIA L40S, 0 %, 40235 MiB
2026/09/05 19:01:37.645, 3, NVIDIA L40S, 0 %, 40313 MiB
2026/09/05 19:01:47.646, 0, NVIDIA L40S, 98 %, 40519 MiB
2026/09/05 19:01:47.646, 1, NVIDIA L40S, 0 %, 40355 MiB
2026/09/05 19:01:47.646, 2, NVIDIA L40S, 0 %, 40235 MiB
2026/09/05 19:01:47.646, 3, NVIDIA L40S, 0 %, 40313 MiB
2026/09/05 19:01:57.647, 0, NVIDIA L40S, 92 %, 40519 MiB
2026/09/05 19:01:57.648, 1, NVIDIA L40S, 0 %, 40355 MiB
2026/09/05 19:01:57.648, 2, NVIDIA L40S, 0 %, 40235 MiB
2026/09/05 19:01:57.648, 3, NVIDIA L40S, 0 %, 40313 MiB
2026/09/05 19:02:07.649, 0, NVIDIA L40S, 78 %, 40519 MiB
2026/09/05 19:02:07.649, 1, NVIDIA L40S, 0 %, 40355 MiB
2026/09/05 19:02:07.649, 2, NVIDIA L40S, 0 %, 40235 MiB
2026/09/05 19:02:07.649, 3, NVIDIA L40S, 0 %, 40313 MiB
2026/09/05 19:02:17.650, 0, NVIDIA L40S, 98 %, 40519 MiB
2026/09/05 19:02:17.650, 1, NVIDIA L40S, 0 %, 40355 MiB
2026/09/05 19:02:17.650, 2, NVIDIA L40S, 0 %, 40235 MiB
2026/09/05 19:02:17.651, 3, NVIDIA L40S, 0 %, 40313 MiB
2026/09/05 19:02:27.651, 0, NVIDIA L40S, 98 %, 40519 MiB
2026/09/05 19:02:27.651, 1, NVIDIA L40S, 0 %, 40355 MiB
2026/09/05 19:02:27.652, 2, NVIDIA L40S, 0 %, 40235 MiB
2026/09/05 19:02:27.652, 3, NVIDIA L40S, 0 %, 40313 MiB
2026/09/05 19:02:37.652, 0, NVIDIA L40S, 86 %, 40519 MiB
2026/09/05 19:02:37.653, 1, NVIDIA L40S, 0 %, 40355 MiB
2026/09/05 19:02:37.653, 2, NVIDIA L40S, 0 %, 40235 MiB
2026/09/05 19:02:37.653, 3, NVIDIA L40S, 0 %, 40313 MiB
2026/09/05 19:02:47.654, 0, NVIDIA L40S, 97 %, 40519 MiB
2026/09/05 19:02:47.654, 1, NVIDIA L40S, 0 %, 40355 MiB
2026/09/05 19:02:47.654, 2, NVIDIA L40S, 0 %, 40235 MiB
2026/09/05 19:02:47.654, 3, NVIDIA L40S, 0 %, 40313 MiB
