timestamp, index, name, utilization.gpu [%], memory.used [MiB]
2026/09/05 15:15:29.028, 0, NVIDIA L40S, 0 %, 0 MiB
2026/09/05 15:15:29.029, 1, NVIDIA L40S, 0 %, 0 MiB
2026/09/05 15:15:29.029, 2, NVIDIA L40S, 8 %, 0 MiB
2026/09/05 15:15:29.029, 3, NVIDIA L40S, 0 %, 0 MiB
2026/09/05 15:15:39.030, 0, NVIDIA L40S, 10 %, 16353 MiB
2026/09/05 15:15:39.031, 1, NVIDIA L40S, 14 %, 16353 MiB
2026/09/05 15:15:39.031, 2, NVIDIA L40S, 19 %, 16353 MiB
2026/09/05 15:15:39.031, 3, NVIDIA L40S, 20 %, 16353 MiB
2026/09/05 15:15:49.031, 0, NVIDIA L40S, 95 %, 26055 MiB
2026/09/05 15:15:49.032, 1, NVIDIA L40S, 73 %, 26227 MiB
2026/09/05 15:15:49.032, 2, NVIDIA L40S, 84 %, 26095 MiB
2026/09/05 15:15:49.032, 3, NVIDIA L40S, 95 %, 26071 MiB
2026/09/05 15:15:59.033, 0, NVIDIA L40S, 78 %, 26097 MiB
2026/09/05 15:15:59.033, 1, NVIDIA L40S, 92 %, 26269 MiB
2026/09/05 15:15:59.033, 2, NVIDIA L40S, 87 %, 26193 MiB
2026/09/05 15:15:59.033, 3, NVIDIA L40S, 80 %, 26171 MiB
2026/09/05 15:16:09.034, 0, NVIDIA L40S, 83 %, 26139 MiB
2026/09/05 15:16:09.034, 1, NVIDIA L40S, 82 %, 26269 MiB
2026/09/05 15:16:09.034, 2, NVIDIA L40S, 86 %, 26313 MiB
2026/09/05 15:16:09.034, 3, NVIDIA L40S, 94 %, 26213 MiB
2026/09/05 15:16:19.035, 0, NVIDIA L40S, 81 %, 26197 MiB
2026/09/05 15:16:19.035, 1, NVIDIA L40S, 71 %, 26269 MiB
2026/09/05 15:16:19.036, 2, NVIDIA L40S, 95 %, 26313 MiB
2026/09/05 15:16:19.036, 3, NVIDIA L40S, 84 %, 26213 MiB
2026/09/05 15:16:29.037, 0, NVIDIA L40S, 86 %, 26373 MiB
2026/09/05 15:16:29.037, 1, NVIDIA L40S, 71 %, 26269 MiB
2026/09/05 15:16:29.037, 2, NVIDIA L40S, 96 %, 26313 MiB
2026/09/05 15:16:29.037, 3, NVIDIA L40S, 95 %, 26213 MiB
2026/09/05 15:16:39.038, 0, NVIDIA L40S, 94 %, 26373 MiB
2026/09/05 15:16:39.038, 1, NVIDIA L40S, 93 %, 26269 MiB
2026/09/05 15:16:39.038, 2, NVIDIA L40S, 74 %, 26313 MiB
2026/09/05 15:16:39.038, 3, NVIDIA L40S, 75 %, 26213 MiB
2026/09/05 15:16:49.039, 0, NVIDIA L40S, 77 %, 26373 MiB
2026/09/05 15:16:49.039, 1, NVIDIA L40S, 82 %, 26269 MiB
2026/09/05 15:16:49.039, 2, NVIDIA L40S, 76 %, 26375 MiB
2026/09/05 15:16:49.039, 3, NVIDIA L40S, 95 %, 26213 MiB
2026/09/05 15:16:59.040, 0, NVIDIA L40S, 94 %, 26373 MiB
2026/09/05 15:16:59.041, 1, NVIDIA L40S, 84 %, 26269 MiB
2026/09/05 15:16:59.041, 2, NVIDIA L40S, 81 %, 26395 MiB
2026/09/05 15:16:59.041, 3, NVIDIA L40S, 77 %, 26213 MiB
2026/09/05 15:17:09.042, 0, NVIDIA L40S, 84 %, 26373 MiB
2026/09/05 15:17:09.042, 1, NVIDIA L40S, 86 %, 26289 MiB
2026/09/05 15:17:09.042, 2, NVIDIA L40S, 97 %, 26633 MiB
2026/09/05 15:17:09.042, 3, NVIDIA L40S, 74 %, 26213 MiB
2026/09/05 15:17:19.043, 0, NVIDIA L40S, 86 %, 26373 MiB
2026/09/05 15:17:19.043, 1, NVIDIA L40S, 85 %, 26389 MiB
2026/09/05 15:17:19.043, 2, NVIDIA L40S, 97 %, 26633 MiB
2026/09/05 15:17:19.043, 3, NVIDIA L40S, 83 %, 26293 MiB
2026/09/05 15:17:29.044, 0, NVIDIA L40S, 95 %, 26373 MiB
2026/09/05 15:17:29.045, 1, NVIDIA L40S, 93 %, 26413 MiB
2026/09/05 15:17:29.045, 2, NVIDIA L40S, 97 %, 26633 MiB
2026/09/05 15:17:29.045, 3, NVIDIA L40S, 85 %, 26293 MiB
2026/09/05 15:17:39.046, 0, NVIDIA L40S, 72 %, 26373 MiB
2026/09/05 15:17:39.046, 1, NVIDIA L40S, 92 %, 26413 MiB
2026/09/05 15:17:39.046, 2, NVIDIA L40S, 80 %, 27035 MiB
2026/09/05 15:17:39.046, 3, NVIDIA L40S, 81 %, 26561 MiB
2026/09/05 15:17:49.047, 0, NVIDIA L40S, 78 %, 26377 MiB
2026/09/05 15:17:49.047, 1, NVIDIA L40S, 94 %, 26413 MiB
2026/09/05 15:17:49.047, 2, NVIDIA L40S, 83 %, 27095 MiB
2026/09/05 15:17:49.047, 3, NVIDIA L40S, 82 %, 26701 MiB
2026/09/05 15:17:59.048, 0, NVIDIA L40S, 85 %, 26417 MiB
2026/09/05 15:17:59.048, 1, NVIDIA L40S, 95 %, 26413 MiB
2026/09/05 15:17:59.049, 2, NVIDIA L40S, 87 %, 27205 MiB
2026/09/05 15:17:59.049, 3, NVIDIA L40S, 83 %, 26789 MiB
2026/09/05 15:18:09.050, 0, NVIDIA L40S, 95 %, 26417 MiB
2026/09/05 15:18:09.050, 1, NVIDIA L40S, 76 %, 26413 MiB
2026/09/05 15:18:09.050, 2, NVIDIA L40S, 86 %, 27205 MiB
2026/09/05 15:18:09.050, 3, NVIDIA L40S, 83 %, 26865 MiB
2026/09/05 15:18:19.051, 0, NVIDIA L40S, 94 %, 26417 MiB
2026/09/05 15:18:19.051, 1, NVIDIA L40S, 79 %, 26413 MiB
2026/09/05 15:18:19.051, 2, NVIDIA L40S, 87 %, 27205 MiB
2026/09/05 15:18:19.051, 3, NVIDIA L40S, 86 %, 26949 MiB
2026/09/05 15:18:29.053, 0, NVIDIA L40S, 73 %, 26417 MiB
2026/09/05 15:18:29.053, 1, NVIDIA L40S, 76 %, 26413 MiB
2026/09/05 15:18:29.053, 2, NVIDIA L40S, 85 %, 27205 MiB
2026/09/05 15:18:29.053, 3, NVIDIA L40S, 87 %, 26949 MiB
2026/09/05 15:18:39.054, 0, NVIDIA L40S, 94 %, 26463 MiB
2026/09/05 15:18:39.054, 1, NVIDIA L40S, 78 %, 26433 MiB
2026/09/05 15:18:39.054, 2, NVIDIA L40S, 94 %, 27205 MiB
2026/09/05 15:18:39.054, 3, NVIDIA L40S, 86 %, 26949 MiB
2026/09/05 15:18:49.055, 0, NVIDIA L40S, 84 %, 26463 MiB
2026/09/05 15:18:49.055, 1, NVIDIA L40S, 78 %, 26621 MiB
2026/09/05 15:18:49.055, 2, NVIDIA L40S, 95 %, 27205 MiB
2026/09/05 15:18:49.056, 3, NVIDIA L40S, 88 %, 26949 MiB
2026/09/05 15:18:59.057, 0, NVIDIA L40S, 85 %, 26463 MiB
2026/09/05 15:18:59.057, 1, NVIDIA L40S, 95 %, 26767 MiB
2026/09/05 15:18:59.057, 2, NVIDIA L40S, 95 %, 27205 MiB
2026/09/05 15:18:59.057, 3, NVIDIA L40S, 96 %, 26949 MiB
2026/09/05 15:19:09.058, 0, NVIDIA L40S, 94 %, 26463 MiB
2026/09/05 15:19:09.058, 1, NVIDIA L40S, 96 %, 26767 MiB
2026/09/05 15:19:09.058, 2, NVIDIA L40S, 96 %, 27205 MiB
2026/09/05 15:19:09.058, 3, NVIDIA L40S, 96 %, 26949 MiB
2026/09/05 15:19:19.059, 0, NVIDIA L40S, 83 %, 26463 MiB
2026/09/05 15:19:19.059, 1, NVIDIA L40S, 96 %, 26767 MiB
2026/09/05 15:19:19.060, 2, NVIDIA L40S, 75 %, 27205 MiB
2026/09/05 15:19:19.060, 3, NVIDIA L40S, 98 %, 26949 MiB
2026/09/05 15:19:29.061, 0, NVIDIA L40S, 94 %, 26463 MiB
2026/09/05 15:19:29.061, 1, NVIDIA L40S, 83 %, 27231 MiB
2026/09/05 15:19:29.061, 2, NVIDIA L40S, 82 %, 27205 MiB
2026/09/05 15:19:29.061, 3, NVIDIA L40S, 81 %, 26949 MiB
2026/09/05 15:19:39.062, 0, NVIDIA L40S, 83 %, 26463 MiB
2026/09/05 15:19:39.062, 1, NVIDIA L40S, 84 %, 27231 MiB
2026/09/05 15:19:39.062, 2, NVIDIA L40S, 86 %, 27217 MiB
2026/09/05 15:19:39.062, 3, NVIDIA L40S, 86 %, 26949 MiB
2026/09/05 15:19:49.063, 0, NVIDIA L40S, 92 %, 26463 MiB
2026/09/05 15:19:49.064, 1, NVIDIA L40S, 86 %, 27429 MiB
2026/09/05 15:19:49.064, 2, NVIDIA L40S, 96 %, 27217 MiB
2026/09/05 15:19:49.064, 3, NVIDIA L40S, 95 %, 26949 MiB
2026/09/05 15:19:59.065, 0, NVIDIA L40S, 83 %, 26463 MiB
2026/09/05 15:19:59.065, 1, NVIDIA L40S, 84 %, 27659 MiB
2026/09/05 15:19:59.065, 2, NVIDIA L40S, 85 %, 27217 MiB
2026/09/05 15:19:59.065, 3, NVIDIA L40S, 95 %, 26949 MiB
2026/09/05 15:20:09.066, 0, NVIDIA L40S, 86 %, 26463 MiB
2026/09/05 15:20:09.066, 1, NVIDIA L40S, 88 %, 27737 MiB
2026/09/05 15:20:09.066, 2, NVIDIA L40S, 94 %, 27217 MiB
2026/09/05 15:20:09.067, 3, NVIDIA L40S, 79 %, 26949 MiB
2026/09/05 15:20:19.068, 0, NVIDIA L40S, 95 %, 26463 MiB
2026/09/05 15:20:19.068, 1, NVIDIA L40S, 88 %, 27737 MiB
2026/09/05 15:20:19.068, 2, NVIDIA L40S, 96 %, 27217 MiB
2026/09/05 15:20:19.068, 3, NVIDIA L40S, 96 %, 26949 MiB
2026/09/05 15:20:29.069, 0, NVIDIA L40S, 95 %, 26503 MiB
2026/09/05 15:20:29.069, 1, NVIDIA L40S, 87 %, 27737 MiB
2026/09/05 15:20:29.069, 2, NVIDIA L40S, 96 %, 27217 MiB
2026/09/05 15:20:29.069, 3, NVIDIA L40S, 76 %, 26949 MiB
2026/09/05 15:20:39.070, 0, NVIDIA L40S, 74 %, 26503 MiB
2026/09/05 15:20:39.071, 1, NVIDIA L40S, 78 %, 27737 MiB
2026/09/05 15:20:39.071, 2, NVIDIA L40S, 95 %, 27217 MiB
2026/09/05 15:20:39.071, 3, NVIDIA L40S, 86 %, 26965 MiB
2026/09/05 15:20:49.072, 0, NVIDIA L40S, 93 %, 26503 MiB
2026/09/05 15:20:49.072, 1, NVIDIA L40S, 81 %, 27737 MiB
2026/09/05 15:20:49.072, 2, NVIDIA L40S, 96 %, 27217 MiB
2026/09/05 15:20:49.072, 3, NVIDIA L40S, 85 %, 26965 MiB
2026/09/05 15:20:59.073, 0, NVIDIA L40S, 93 %, 26503 MiB
2026/09/05 15:20:59.073, 1, NVIDIA L40S, 93 %, 27737 MiB
2026/09/05 15:20:59.073, 2, NVIDIA L40S, 73 %, 27217 MiB
2026/09/05 15:20:59.073, 3, NVIDIA L40S, 95 %, 26965 MiB
2026/09/05 15:21:09.075, 0, NVIDIA L40S, 81 %, 26503 MiB
2026/09/05 15:21:09.075, 1, NVIDIA L40S, 82 %, 27737 MiB
2026/09/05 15:21:09.075, 2, NVIDIA L40S, 86 %, 27217 MiB
2026/09/05 15:21:09.075, 3, NVIDIA L40S, 86 %, 26965 MiB
2026/09/05 15:21:19.076, 0, NVIDIA L40S, 81 %, 26503 MiB
2026/09/05 15:21:19.076, 1, NVIDIA L40S, 72 %, 27737 MiB
2026/09/05 15:21:19.076, 2, NVIDIA L40S, 89 %, 27217 MiB
2026/09/05 15:21:19.076, 3, NVIDIA L40S, 94 %, 26965 MiB
2026/09/05 15:21:29.077, 0, NVIDIA L40S, 86 %, 26503 MiB
2026/09/05 15:21:29.077, 1, NVIDIA L40S, 92 %, 27737 MiB
2026/09/05 15:21:29.077, 2, NVIDIA L40S, 95 %, 27217 MiB
2026/09/05 15:21:29.078, 3, NVIDIA L40S, 95 %, 26965 MiB
2026/09/05 15:21:39.078, 0, NVIDIA L40S, 93 %, 26503 MiB
2026/09/05 15:21:39.079, 1, NVIDIA L40S, 83 %, 27737 MiB
2026/09/05 15:21:39.079, 2, NVIDIA L40S, 95 %, 27217 MiB
2026/09/05 15:21:39.079, 3, NVIDIA L40S, 74 %, 26965 MiB
2026/09/05 15:21:49.080, 0, NVIDIA L40S, 86 %, 26503 MiB
2026/09/05 15:21:49.080, 1, NVIDIA L40S, 93 %, 27737 MiB
2026/09/05 15:21:49.080, 2, NVIDIA L40S, 84 %, 27217 MiB
2026/09/05 15:21:49.080, 3, NVIDIA L40S, 95 %, 26965 MiB
2026/09/05 15:21:59.081, 0, NVIDIA L40S, 94 %, 26503 MiB
2026/09/05 15:21:59.081, 1, NVIDIA L40S, 93 %, 27737 MiB
2026/09/05 15:21:59.081, 2, NVIDIA L40S, 76 %, 27217 MiB
2026/09/05 15:21:59.081, 3, NVIDIA L40S, 85 %, 26965 MiB
2026/09/05 15:22:09.082, 0, NVIDIA L40S, 74 %, 26503 MiB
2026/09/05 15:22:09.083, 1, NVIDIA L40S, 85 %, 27737 MiB
2026/09/05 15:22:09.083, 2, NVIDIA L40S, 85 %, 27217 MiB
2026/09/05 15:22:09.083, 3, NVIDIA L40S, 95 %, 26965 MiB
2026/09/05 15:22:19.084, 0, NVIDIA L40S, 93 %, 26503 MiB
2026/09/05 15:22:19.084, 1, NVIDIA L40S, 95 %, 27737 MiB
2026/09/05 15:22:19.084, 2, NVIDIA L40S, 94 %, 27217 MiB
2026/09/05 15:22:19.084, 3, NVIDIA L40S, 85 %, 26965 MiB
2026/09/05 15:22:29.085, 0, NVIDIA L40S, 75 %, 26503 MiB
2026/09/05 15:22:29.085, 1, NVIDIA L40S, 94 %, 27737 MiB
2026/09/05 15:22:29.085, 2, NVIDIA L40S, 96 %, 27217 MiB
2026/09/05 15:22:29.085, 3, NVIDIA L40S, 94 %, 26965 MiB
2026/09/05 15:22:39.086, 0, NVIDIA L40S, 85 %, 26603 MiB
2026/09/05 15:22:39.086, 1, NVIDIA L40S, 70 %, 27737 MiB
2026/09/05 15:22:39.087, 2, NVIDIA L40S, 85 %, 27217 MiB
2026/09/05 15:22:39.087, 3, NVIDIA L40S, 94 %, 26965 MiB
2026/09/05 15:22:49.087, 0, NVIDIA L40S, 94 %, 26603 MiB
2026/09/05 15:22:49.088, 1, NVIDIA L40S, 84 %, 27737 MiB
2026/09/05 15:22:49.088, 2, NVIDIA L40S, 96 %, 27217 MiB
2026/09/05 15:22:49.088, 3, NVIDIA L40S, 95 %, 26965 MiB
2026/09/05 15:22:59.089, 0, NVIDIA L40S, 95 %, 26603 MiB
2026/09/05 15:22:59.089, 1, NVIDIA L40S, 92 %, 27737 MiB
2026/09/05 15:22:59.089, 2, NVIDIA L40S, 79 %, 27217 MiB
2026/09/05 15:22:59.089, 3, NVIDIA L40S, 73 %, 26965 MiB
2026/09/05 15:23:09.090, 0, NVIDIA L40S, 94 %, 26603 MiB
2026/09/05 15:23:09.090, 1, NVIDIA L40S, 94 %, 27737 MiB
2026/09/05 15:23:09.090, 2, NVIDIA L40S, 95 %, 27217 MiB
2026/09/05 15:23:09.090, 3, NVIDIA L40S, 84 %, 26971 MiB
2026/09/05 15:23:19.092, 0, NVIDIA L40S, 95 %, 26603 MiB
2026/09/05 15:23:19.092, 1, NVIDIA L40S, 93 %, 27737 MiB
2026/09/05 15:23:19.092, 2, NVIDIA L40S, 80 %, 27217 MiB
2026/09/05 15:23:19.092, 3, NVIDIA L40S, 81 %, 26971 MiB
2026/09/05 15:23:29.093, 0, NVIDIA L40S, 70 %, 26603 MiB
2026/09/05 15:23:29.093, 1, NVIDIA L40S, 93 %, 27737 MiB
2026/09/05 15:23:29.093, 2, NVIDIA L40S, 84 %, 27217 MiB
2026/09/05 15:23:29.093, 3, NVIDIA L40S, 86 %, 26971 MiB
2026/09/05 15:23:39.094, 0, NVIDIA L40S, 95 %, 26603 MiB
2026/09/05 15:23:39.094, 1, NVIDIA L40S, 76 %, 27737 MiB
2026/09/05 15:23:39.095, 2, NVIDIA L40S, 82 %, 27217 MiB
2026/09/05 15:23:39.095, 3, NVIDIA L40S, 86 %, 26971 MiB
2026/09/05 15:23:49.096, 0, NVIDIA L40S, 85 %, 26603 MiB
2026/09/05 15:23:49.096, 1, NVIDIA L40S, 82 %, 27737 MiB
2026/09/05 15:23:49.096, 2, NVIDIA L40S, 85 %, 27217 MiB
2026/09/05 15:23:49.096, 3, NVIDIA L40S, 95 %, 26971 MiB
2026/09/05 15:23:59.097, 0, NVIDIA L40S, 85 %, 26603 MiB
2026/09/05 15:23:59.097, 1, NVIDIA L40S, 94 %, 27737 MiB
2026/09/05 15:23:59.097, 2, NVIDIA L40S, 96 %, 27217 MiB
2026/09/05 15:23:59.097, 3, NVIDIA L40S, 96 %, 26971 MiB
2026/09/05 15:24:09.098, 0, NVIDIA L40S, 93 %, 26693 MiB
2026/09/05 15:24:09.099, 1, NVIDIA L40S, 84 %, 27737 MiB
2026/09/05 15:24:09.099, 2, NVIDIA L40S, 97 %, 27217 MiB
2026/09/05 15:24:09.099, 3, NVIDIA L40S, 85 %, 26971 MiB
2026/09/05 15:24:19.100, 0, NVIDIA L40S, 94 %, 26693 MiB
2026/09/05 15:24:19.100, 1, NVIDIA L40S, 74 %, 27737 MiB
2026/09/05 15:24:19.100, 2, NVIDIA L40S, 97 %, 27217 MiB
2026/09/05 15:24:19.100, 3, NVIDIA L40S, 71 %, 26971 MiB
2026/09/05 15:24:29.101, 0, NVIDIA L40S, 95 %, 26693 MiB
2026/09/05 15:24:29.101, 1, NVIDIA L40S, 90 %, 27737 MiB
2026/09/05 15:24:29.101, 2, NVIDIA L40S, 95 %, 27217 MiB
2026/09/05 15:24:29.102, 3, NVIDIA L40S, 75 %, 26971 MiB
2026/09/05 15:24:39.103, 0, NVIDIA L40S, 95 %, 26693 MiB
2026/09/05 15:24:39.103, 1, NVIDIA L40S, 72 %, 27737 MiB
2026/09/05 15:24:39.103, 2, NVIDIA L40S, 95 %, 27217 MiB
2026/09/05 15:24:39.103, 3, NVIDIA L40S, 96 %, 26971 MiB
2026/09/05 15:24:49.104, 0, NVIDIA L40S, 95 %, 26693 MiB
2026/09/05 15:24:49.104, 1, NVIDIA L40S, 82 %, 27737 MiB
2026/09/05 15:24:49.104, 2, NVIDIA L40S, 75 %, 27217 MiB
2026/09/05 15:24:49.104, 3, NVIDIA L40S, 96 %, 26971 MiB
2026/09/05 15:24:59.105, 0, NVIDIA L40S, 73 %, 26693 MiB
2026/09/05 15:24:59.105, 1, NVIDIA L40S, 93 %, 27737 MiB
2026/09/05 15:24:59.106, 2, NVIDIA L40S, 74 %, 27217 MiB
2026/09/05 15:24:59.106, 3, NVIDIA L40S, 77 %, 26971 MiB
2026/09/05 15:25:09.107, 0, NVIDIA L40S, 81 %, 26697 MiB
2026/09/05 15:25:09.107, 1, NVIDIA L40S, 92 %, 27737 MiB
2026/09/05 15:25:09.107, 2, NVIDIA L40S, 95 %, 27217 MiB
2026/09/05 15:25:09.107, 3, NVIDIA L40S, 79 %, 26971 MiB
2026/09/05 15:25:19.108, 0, NVIDIA L40S, 83 %, 26773 MiB
2026/09/05 15:25:19.108, 1, NVIDIA L40S, 72 %, 27737 MiB
2026/09/05 15:25:19.108, 2, NVIDIA L40S, 85 %, 27217 MiB
2026/09/05 15:25:19.108, 3, NVIDIA L40S, 85 %, 26971 MiB
2026/09/05 15:25:29.109, 0, NVIDIA L40S, 94 %, 27039 MiB
2026/09/05 15:25:29.110, 1, NVIDIA L40S, 85 %, 27737 MiB
2026/09/05 15:25:29.110, 2, NVIDIA L40S, 80 %, 27217 MiB
2026/09/05 15:25:29.110, 3, NVIDIA L40S, 86 %, 26971 MiB
2026/09/05 15:25:39.111, 0, NVIDIA L40S, 86 %, 27039 MiB
2026/09/05 15:25:39.111, 1, NVIDIA L40S, 92 %, 27737 MiB
2026/09/05 15:25:39.111, 2, NVIDIA L40S, 95 %, 27217 MiB
2026/09/05 15:25:39.111, 3, NVIDIA L40S, 81 %, 26971 MiB
2026/09/05 15:25:49.112, 0, NVIDIA L40S, 94 %, 27039 MiB
2026/09/05 15:25:49.112, 1, NVIDIA L40S, 93 %, 27737 MiB
2026/09/05 15:25:49.112, 2, NVIDIA L40S, 76 %, 27217 MiB
2026/09/05 15:25:49.112, 3, NVIDIA L40S, 83 %, 26971 MiB
2026/09/05 15:25:59.113, 0, NVIDIA L40S, 87 %, 27039 MiB
2026/09/05 15:25:59.114, 1, NVIDIA L40S, 94 %, 27737 MiB
2026/09/05 15:25:59.114, 2, NVIDIA L40S, 87 %, 27217 MiB
2026/09/05 15:25:59.114, 3, NVIDIA L40S, 95 %, 26971 MiB
2026/09/05 15:26:09.115, 0, NVIDIA L40S, 94 %, 27039 MiB
2026/09/05 15:26:09.115, 1, NVIDIA L40S, 77 %, 27737 MiB
2026/09/05 15:26:09.115, 2, NVIDIA L40S, 84 %, 27217 MiB
2026/09/05 15:26:09.115, 3, NVIDIA L40S, 75 %, 26971 MiB
2026/09/05 15:26:19.116, 0, NVIDIA L40S, 83 %, 27039 MiB
2026/09/05 15:26:19.116, 1, NVIDIA L40S, 77 %, 27743 MiB
2026/09/05 15:26:19.116, 2, NVIDIA L40S, 96 %, 27217 MiB
2026/09/05 15:26:19.117, 3, NVIDIA L40S, 76 %, 26971 MiB
2026/09/05 15:26:29.118, 0, NVIDIA L40S, 93 %, 27039 MiB
2026/09/05 15:26:29.118, 1, NVIDIA L40S, 93 %, 27743 MiB
2026/09/05 15:26:29.118, 2, NVIDIA L40S, 96 %, 27217 MiB
2026/09/05 15:26:29.118, 3, NVIDIA L40S, 84 %, 26971 MiB
2026/09/05 15:26:39.119, 0, NVIDIA L40S, 95 %, 27039 MiB
2026/09/05 15:26:39.119, 1, NVIDIA L40S, 94 %, 27743 MiB
2026/09/05 15:26:39.119, 2, NVIDIA L40S, 96 %, 27217 MiB
2026/09/05 15:26:39.119, 3, NVIDIA L40S, 84 %, 26971 MiB
2026/09/05 15:26:49.120, 0, NVIDIA L40S, 94 %, 27039 MiB
2026/09/05 15:26:49.120, 1, NVIDIA L40S, 72 %, 27743 MiB
2026/09/05 15:26:49.120, 2, NVIDIA L40S, 95 %, 27217 MiB
2026/09/05 15:26:49.121, 3, NVIDIA L40S, 94 %, 26971 MiB
2026/09/05 15:26:59.121, 0, NVIDIA L40S, 94 %, 27039 MiB
2026/09/05 15:26:59.122, 1, NVIDIA L40S, 90 %, 27743 MiB
2026/09/05 15:26:59.122, 2, NVIDIA L40S, 73 %, 27217 MiB
2026/09/05 15:26:59.122, 3, NVIDIA L40S, 94 %, 26971 MiB
2026/09/05 15:27:09.123, 0, NVIDIA L40S, 96 %, 27039 MiB
2026/09/05 15:27:09.123, 1, NVIDIA L40S, 93 %, 27743 MiB
2026/09/05 15:27:09.123, 2, NVIDIA L40S, 76 %, 27217 MiB
2026/09/05 15:27:09.123, 3, NVIDIA L40S, 83 %, 26971 MiB
2026/09/05 15:27:19.124, 0, NVIDIA L40S, 97 %, 27039 MiB
2026/09/05 15:27:19.124, 1, NVIDIA L40S, 84 %, 27743 MiB
2026/09/05 15:27:19.125, 2, NVIDIA L40S, 79 %, 27217 MiB
2026/09/05 15:27:19.125, 3, NVIDIA L40S, 85 %, 26971 MiB
2026/09/05 15:27:29.126, 0, NVIDIA L40S, 82 %, 27039 MiB
2026/09/05 15:27:29.126, 1, NVIDIA L40S, 76 %, 27743 MiB
2026/09/05 15:27:29.126, 2, NVIDIA L40S, 85 %, 27217 MiB
2026/09/05 15:27:29.126, 3, NVIDIA L40S, 95 %, 26971 MiB
2026/09/05 15:27:39.127, 0, NVIDIA L40S, 71 %, 27039 MiB
2026/09/05 15:27:39.127, 1, NVIDIA L40S, 94 %, 27743 MiB
2026/09/05 15:27:39.127, 2, NVIDIA L40S, 95 %, 27217 MiB
2026/09/05 15:27:39.127, 3, NVIDIA L40S, 96 %, 26971 MiB
2026/09/05 15:27:49.128, 0, NVIDIA L40S, 93 %, 27039 MiB
2026/09/05 15:27:49.128, 1, NVIDIA L40S, 82 %, 27743 MiB
2026/09/05 15:27:49.128, 2, NVIDIA L40S, 96 %, 27217 MiB
2026/09/05 15:27:49.128, 3, NVIDIA L40S, 76 %, 26971 MiB
2026/09/05 15:27:59.129, 0, NVIDIA L40S, 94 %, 27039 MiB
2026/09/05 15:27:59.130, 1, NVIDIA L40S, 92 %, 27743 MiB
2026/09/05 15:27:59.130, 2, NVIDIA L40S, 85 %, 27217 MiB
2026/09/05 15:27:59.130, 3, NVIDIA L40S, 83 %, 26981 MiB
2026/09/05 15:28:09.131, 0, NVIDIA L40S, 86 %, 27039 MiB
2026/09/05 15:28:09.131, 1, NVIDIA L40S, 93 %, 27743 MiB
2026/09/05 15:28:09.131, 2, NVIDIA L40S, 95 %, 27217 MiB
2026/09/05 15:28:09.131, 3, NVIDIA L40S, 94 %, 26981 MiB
2026/09/05 15:28:19.132, 0, NVIDIA L40S, 93 %, 27039 MiB
2026/09/05 15:28:19.132, 1, NVIDIA L40S, 94 %, 27743 MiB
2026/09/05 15:28:19.133, 2, NVIDIA L40S, 77 %, 27217 MiB
2026/09/05 15:28:19.133, 3, NVIDIA L40S, 96 %, 26981 MiB
2026/09/05 15:28:29.134, 0, NVIDIA L40S, 95 %, 27039 MiB
2026/09/05 15:28:29.134, 1, NVIDIA L40S, 85 %, 27743 MiB
2026/09/05 15:28:29.134, 2, NVIDIA L40S, 96 %, 27217 MiB
2026/09/05 15:28:29.134, 3, NVIDIA L40S, 71 %, 26981 MiB
2026/09/05 15:28:39.135, 0, NVIDIA L40S, 84 %, 27039 MiB
2026/09/05 15:28:39.135, 1, NVIDIA L40S, 73 %, 27743 MiB
2026/09/05 15:28:39.135, 2, NVIDIA L40S, 74 %, 27217 MiB
2026/09/05 15:28:39.135, 3, NVIDIA L40S, 95 %, 26981 MiB
2026/09/05 15:28:49.136, 0, NVIDIA L40S, 93 %, 27039 MiB
2026/09/05 15:28:49.136, 1, NVIDIA L40S, 93 %, 27743 MiB
2026/09/05 15:28:49.136, 2, NVIDIA L40S, 95 %, 27217 MiB
2026/09/05 15:28:49.137, 3, NVIDIA L40S, 80 %, 26981 MiB
2026/09/05 15:28:59.137, 0, NVIDIA L40S, 77 %, 27039 MiB
2026/09/05 15:28:59.138, 1, NVIDIA L40S, 84 %, 27743 MiB
2026/09/05 15:28:59.138, 2, NVIDIA L40S, 95 %, 27217 MiB
2026/09/05 15:28:59.138, 3, NVIDIA L40S, 85 %, 26981 MiB
2026/09/05 15:29:09.139, 0, NVIDIA L40S, 85 %, 27039 MiB
2026/09/05 15:29:09.139, 1, NVIDIA L40S, 75 %, 27743 MiB
2026/09/05 15:29:09.139, 2, NVIDIA L40S, 95 %, 27217 MiB
2026/09/05 15:29:09.139, 3, NVIDIA L40S, 93 %, 26981 MiB
2026/09/05 15:29:19.140, 0, NVIDIA L40S, 95 %, 27039 MiB
2026/09/05 15:29:19.140, 1, NVIDIA L40S, 94 %, 27743 MiB
2026/09/05 15:29:19.140, 2, NVIDIA L40S, 95 %, 27217 MiB
2026/09/05 15:29:19.141, 3, NVIDIA L40S, 84 %, 26981 MiB
2026/09/05 15:29:29.142, 0, NVIDIA L40S, 80 %, 27039 MiB
2026/09/05 15:29:29.142, 1, NVIDIA L40S, 84 %, 27743 MiB
2026/09/05 15:29:29.142, 2, NVIDIA L40S, 84 %, 27217 MiB
2026/09/05 15:29:29.142, 3, NVIDIA L40S, 79 %, 26981 MiB
2026/09/05 15:29:39.143, 0, NVIDIA L40S, 72 %, 27039 MiB
2026/09/05 15:29:39.143, 1, NVIDIA L40S, 82 %, 27743 MiB
2026/09/05 15:29:39.143, 2, NVIDIA L40S, 95 %, 27217 MiB
2026/09/05 15:29:39.143, 3, NVIDIA L40S, 94 %, 26981 MiB
2026/09/05 15:29:49.144, 0, NVIDIA L40S, 72 %, 27039 MiB
2026/09/05 15:29:49.145, 1, NVIDIA L40S, 93 %, 27743 MiB
2026/09/05 15:29:49.145, 2, NVIDIA L40S, 96 %, 27217 MiB
2026/09/05 15:29:49.145, 3, NVIDIA L40S, 96 %, 26981 MiB
2026/09/05 15:29:59.146, 0, NVIDIA L40S, 83 %, 27039 MiB
2026/09/05 15:29:59.146, 1, NVIDIA L40S, 82 %, 27743 MiB
2026/09/05 15:29:59.146, 2, NVIDIA L40S, 75 %, 27217 MiB
2026/09/05 15:29:59.146, 3, NVIDIA L40S, 95 %, 26981 MiB
2026/09/05 15:30:09.147, 0, NVIDIA L40S, 93 %, 27039 MiB
2026/09/05 15:30:09.147, 1, NVIDIA L40S, 94 %, 27743 MiB
2026/09/05 15:30:09.147, 2, NVIDIA L40S, 79 %, 27217 MiB
2026/09/05 15:30:09.147, 3, NVIDIA L40S, 94 %, 26981 MiB
2026/09/05 15:30:19.148, 0, NVIDIA L40S, 85 %, 27039 MiB
2026/09/05 15:30:19.149, 1, NVIDIA L40S, 76 %, 27743 MiB
2026/09/05 15:30:19.149, 2, NVIDIA L40S, 95 %, 27217 MiB
2026/09/05 15:30:19.149, 3, NVIDIA L40S, 79 %, 26981 MiB
2026/09/05 15:30:29.150, 0, NVIDIA L40S, 93 %, 27039 MiB
2026/09/05 15:30:29.150, 1, NVIDIA L40S, 92 %, 27743 MiB
2026/09/05 15:30:29.150, 2, NVIDIA L40S, 83 %, 27217 MiB
2026/09/05 15:30:29.150, 3, NVIDIA L40S, 75 %, 26981 MiB
2026/09/05 15:30:39.151, 0, NVIDIA L40S, 95 %, 27039 MiB
2026/09/05 15:30:39.151, 1, NVIDIA L40S, 83 %, 27743 MiB
2026/09/05 15:30:39.151, 2, NVIDIA L40S, 96 %, 27217 MiB
2026/09/05 15:30:39.151, 3, NVIDIA L40S, 95 %, 26981 MiB
2026/09/05 15:30:49.152, 0, NVIDIA L40S, 75 %, 27039 MiB
2026/09/05 15:30:49.153, 1, NVIDIA L40S, 76 %, 27743 MiB
2026/09/05 15:30:49.153, 2, NVIDIA L40S, 95 %, 27217 MiB
2026/09/05 15:30:49.153, 3, NVIDIA L40S, 94 %, 26981 MiB
2026/09/05 15:30:59.154, 0, NVIDIA L40S, 94 %, 27039 MiB
2026/09/05 15:30:59.154, 1, NVIDIA L40S, 93 %, 27747 MiB
2026/09/05 15:30:59.154, 2, NVIDIA L40S, 97 %, 27217 MiB
2026/09/05 15:30:59.154, 3, NVIDIA L40S, 95 %, 26981 MiB
2026/09/05 15:31:09.155, 0, NVIDIA L40S, 81 %, 27039 MiB
2026/09/05 15:31:09.155, 1, NVIDIA L40S, 82 %, 27747 MiB
2026/09/05 15:31:09.155, 2, NVIDIA L40S, 86 %, 27217 MiB
2026/09/05 15:31:09.155, 3, NVIDIA L40S, 94 %, 26981 MiB
2026/09/05 15:31:19.156, 0, NVIDIA L40S, 83 %, 27039 MiB
2026/09/05 15:31:19.157, 1, NVIDIA L40S, 93 %, 27747 MiB
2026/09/05 15:31:19.157, 2, NVIDIA L40S, 86 %, 27217 MiB
2026/09/05 15:31:19.157, 3, NVIDIA L40S, 81 %, 26981 MiB
2026/09/05 15:31:29.158, 0, NVIDIA L40S, 84 %, 27039 MiB
2026/09/05 15:31:29.158, 1, NVIDIA L40S, 93 %, 27747 MiB
2026/09/05 15:31:29.158, 2, NVIDIA L40S, 84 %, 27217 MiB
2026/09/05 15:31:29.158, 3, NVIDIA L40S, 79 %, 26981 MiB
2026/09/05 15:31:39.159, 0, NVIDIA L40S, 94 %, 27039 MiB
2026/09/05 15:31:39.159, 1, NVIDIA L40S, 84 %, 27747 MiB
2026/09/05 15:31:39.159, 2, NVIDIA L40S, 74 %, 27217 MiB
2026/09/05 15:31:39.159, 3, NVIDIA L40S, 94 %, 26981 MiB
2026/09/05 15:31:49.160, 0, NVIDIA L40S, 74 %, 27039 MiB
2026/09/05 15:31:49.161, 1, NVIDIA L40S, 93 %, 27747 MiB
2026/09/05 15:31:49.161, 2, NVIDIA L40S, 73 %, 27217 MiB
2026/09/05 15:31:49.161, 3, NVIDIA L40S, 83 %, 26981 MiB
2026/09/05 15:31:59.162, 0, NVIDIA L40S, 94 %, 27039 MiB
2026/09/05 15:31:59.162, 1, NVIDIA L40S, 84 %, 27747 MiB
2026/09/05 15:31:59.162, 2, NVIDIA L40S, 74 %, 27217 MiB
2026/09/05 15:31:59.162, 3, NVIDIA L40S, 95 %, 26981 MiB
2026/09/05 15:32:09.163, 0, NVIDIA L40S, 94 %, 27039 MiB
2026/09/05 15:32:09.163, 1, NVIDIA L40S, 84 %, 27747 MiB
2026/09/05 15:32:09.163, 2, NVIDIA L40S, 76 %, 27217 MiB
2026/09/05 15:32:09.163, 3, NVIDIA L40S, 94 %, 26981 MiB
2026/09/05 15:32:19.164, 0, NVIDIA L40S, 76 %, 27039 MiB
2026/09/05 15:32:19.164, 1, NVIDIA L40S, 93 %, 27747 MiB
2026/09/05 15:32:19.164, 2, NVIDIA L40S, 87 %, 27217 MiB
2026/09/05 15:32:19.165, 3, NVIDIA L40S, 94 %, 26981 MiB
2026/09/05 15:32:29.166, 0, NVIDIA L40S, 84 %, 27039 MiB
2026/09/05 15:32:29.166, 1, NVIDIA L40S, 85 %, 27747 MiB
2026/09/05 15:32:29.166, 2, NVIDIA L40S, 95 %, 27217 MiB
2026/09/05 15:32:29.166, 3, NVIDIA L40S, 73 %, 26981 MiB
2026/09/05 15:32:39.167, 0, NVIDIA L40S, 82 %, 27039 MiB
2026/09/05 15:32:39.167, 1, NVIDIA L40S, 93 %, 27747 MiB
2026/09/05 15:32:39.167, 2, NVIDIA L40S, 97 %, 27217 MiB
2026/09/05 15:32:39.167, 3, NVIDIA L40S, 84 %, 26993 MiB
2026/09/05 15:32:49.168, 0, NVIDIA L40S, 78 %, 27039 MiB
2026/09/05 15:32:49.169, 1, NVIDIA L40S, 78 %, 27747 MiB
2026/09/05 15:32:49.169, 2, NVIDIA L40S, 86 %, 27217 MiB
2026/09/05 15:32:49.169, 3, NVIDIA L40S, 77 %, 26993 MiB
2026/09/05 15:32:59.170, 0, NVIDIA L40S, 86 %, 27063 MiB
2026/09/05 15:32:59.170, 1, NVIDIA L40S, 93 %, 27747 MiB
2026/09/05 15:32:59.170, 2, NVIDIA L40S, 89 %, 27217 MiB
2026/09/05 15:32:59.170, 3, NVIDIA L40S, 83 %, 26993 MiB
2026/09/05 15:33:09.171, 0, NVIDIA L40S, 85 %, 27063 MiB
2026/09/05 15:33:09.171, 1, NVIDIA L40S, 71 %, 27747 MiB
2026/09/05 15:33:09.171, 2, NVIDIA L40S, 96 %, 27217 MiB
2026/09/05 15:33:09.171, 3, NVIDIA L40S, 94 %, 26993 MiB
2026/09/05 15:33:19.172, 0, NVIDIA L40S, 94 %, 27063 MiB
2026/09/05 15:33:19.173, 1, NVIDIA L40S, 83 %, 27747 MiB
2026/09/05 15:33:19.173, 2, NVIDIA L40S, 97 %, 27217 MiB
2026/09/05 15:33:19.173, 3, NVIDIA L40S, 95 %, 26993 MiB
2026/09/05 15:33:29.174, 0, NVIDIA L40S, 95 %, 27063 MiB
2026/09/05 15:33:29.174, 1, NVIDIA L40S, 76 %, 27747 MiB
2026/09/05 15:33:29.174, 2, NVIDIA L40S, 78 %, 27217 MiB
2026/09/05 15:33:29.174, 3, NVIDIA L40S, 79 %, 26993 MiB
2026/09/05 15:33:39.175, 0, NVIDIA L40S, 80 %, 27063 MiB
2026/09/05 15:33:39.175, 1, NVIDIA L40S, 72 %, 27747 MiB
2026/09/05 15:33:39.176, 2, NVIDIA L40S, 82 %, 27217 MiB
2026/09/05 15:33:39.176, 3, NVIDIA L40S, 79 %, 26993 MiB
2026/09/05 15:33:49.176, 0, NVIDIA L40S, 84 %, 27063 MiB
2026/09/05 15:33:49.177, 1, NVIDIA L40S, 74 %, 27747 MiB
2026/09/05 15:33:49.177, 2, NVIDIA L40S, 85 %, 27217 MiB
2026/09/05 15:33:49.177, 3, NVIDIA L40S, 89 %, 26993 MiB
2026/09/05 15:33:59.178, 0, NVIDIA L40S, 94 %, 27063 MiB
2026/09/05 15:33:59.178, 1, NVIDIA L40S, 83 %, 27747 MiB
2026/09/05 15:33:59.178, 2, NVIDIA L40S, 95 %, 27217 MiB
2026/09/05 15:33:59.178, 3, NVIDIA L40S, 93 %, 26993 MiB
2026/09/05 15:34:09.179, 0, NVIDIA L40S, 94 %, 27063 MiB
2026/09/05 15:34:09.179, 1, NVIDIA L40S, 86 %, 27747 MiB
2026/09/05 15:34:09.179, 2, NVIDIA L40S, 78 %, 27217 MiB
2026/09/05 15:34:09.179, 3, NVIDIA L40S, 94 %, 26993 MiB
2026/09/05 15:34:19.180, 0, NVIDIA L40S, 95 %, 27063 MiB
2026/09/05 15:34:19.180, 1, NVIDIA L40S, 94 %, 27747 MiB
2026/09/05 15:34:19.181, 2, NVIDIA L40S, 80 %, 27221 MiB
2026/09/05 15:34:19.181, 3, NVIDIA L40S, 74 %, 26993 MiB
2026/09/05 15:34:29.182, 0, NVIDIA L40S, 82 %, 27063 MiB
2026/09/05 15:34:29.182, 1, NVIDIA L40S, 95 %, 27747 MiB
2026/09/05 15:34:29.182, 2, NVIDIA L40S, 96 %, 27221 MiB
2026/09/05 15:34:29.182, 3, NVIDIA L40S, 91 %, 26993 MiB
2026/09/05 15:34:39.183, 0, NVIDIA L40S, 78 %, 27063 MiB
2026/09/05 15:34:39.183, 1, NVIDIA L40S, 85 %, 27747 MiB
2026/09/05 15:34:39.183, 2, NVIDIA L40S, 84 %, 27221 MiB
2026/09/05 15:34:39.183, 3, NVIDIA L40S, 85 %, 26993 MiB
2026/09/05 15:34:49.184, 0, NVIDIA L40S, 73 %, 27063 MiB
2026/09/05 15:34:49.185, 1, NVIDIA L40S, 95 %, 27747 MiB
2026/09/05 15:34:49.185, 2, NVIDIA L40S, 78 %, 27221 MiB
2026/09/05 15:34:49.185, 3, NVIDIA L40S, 95 %, 26993 MiB
2026/09/05 15:34:59.186, 0, NVIDIA L40S, 93 %, 27063 MiB
2026/09/05 15:34:59.186, 1, NVIDIA L40S, 78 %, 27747 MiB
2026/09/05 15:34:59.186, 2, NVIDIA L40S, 95 %, 27221 MiB
2026/09/05 15:34:59.186, 3, NVIDIA L40S, 85 %, 26993 MiB
2026/09/05 15:35:09.187, 0, NVIDIA L40S, 94 %, 27063 MiB
2026/09/05 15:35:09.187, 1, NVIDIA L40S, 93 %, 27747 MiB
2026/09/05 15:35:09.188, 2, NVIDIA L40S, 83 %, 27221 MiB
2026/09/05 15:35:09.188, 3, NVIDIA L40S, 95 %, 26993 MiB
2026/09/05 15:35:19.189, 0, NVIDIA L40S, 93 %, 27063 MiB
2026/09/05 15:35:19.189, 1, NVIDIA L40S, 93 %, 27747 MiB
2026/09/05 15:35:19.189, 2, NVIDIA L40S, 95 %, 27221 MiB
2026/09/05 15:35:19.189, 3, NVIDIA L40S, 75 %, 26993 MiB
2026/09/05 15:35:29.190, 0, NVIDIA L40S, 79 %, 27063 MiB
2026/09/05 15:35:29.190, 1, NVIDIA L40S, 83 %, 27747 MiB
2026/09/05 15:35:29.190, 2, NVIDIA L40S, 75 %, 27221 MiB
2026/09/05 15:35:29.190, 3, NVIDIA L40S, 93 %, 26993 MiB
2026/09/05 15:35:39.191, 0, NVIDIA L40S, 81 %, 27063 MiB
2026/09/05 15:35:39.192, 1, NVIDIA L40S, 84 %, 27747 MiB
2026/09/05 15:35:39.192, 2, NVIDIA L40S, 95 %, 27221 MiB
2026/09/05 15:35:39.192, 3, NVIDIA L40S, 75 %, 26993 MiB
2026/09/05 15:35:49.193, 0, NVIDIA L40S, 79 %, 27063 MiB
2026/09/05 15:35:49.193, 1, NVIDIA L40S, 83 %, 27747 MiB
2026/09/05 15:35:49.193, 2, NVIDIA L40S, 83 %, 27221 MiB
2026/09/05 15:35:49.193, 3, NVIDIA L40S, 95 %, 26993 MiB
2026/09/05 15:35:59.194, 0, NVIDIA L40S, 86 %, 27063 MiB
2026/09/05 15:35:59.194, 1, NVIDIA L40S, 80 %, 27747 MiB
2026/09/05 15:35:59.195, 2, NVIDIA L40S, 95 %, 27221 MiB
2026/09/05 15:35:59.195, 3, NVIDIA L40S, 83 %, 26993 MiB
2026/09/05 15:36:09.196, 0, NVIDIA L40S, 95 %, 27063 MiB
2026/09/05 15:36:09.196, 1, NVIDIA L40S, 72 %, 27747 MiB
2026/09/05 15:36:09.196, 2, NVIDIA L40S, 76 %, 27221 MiB
2026/09/05 15:36:09.196, 3, NVIDIA L40S, 95 %, 26993 MiB
2026/09/05 15:36:19.197, 0, NVIDIA L40S, 95 %, 27063 MiB
2026/09/05 15:36:19.197, 1, NVIDIA L40S, 79 %, 27747 MiB
2026/09/05 15:36:19.197, 2, NVIDIA L40S, 94 %, 27221 MiB
2026/09/05 15:36:19.197, 3, NVIDIA L40S, 75 %, 26993 MiB
2026/09/05 15:36:29.198, 0, NVIDIA L40S, 74 %, 27063 MiB
2026/09/05 15:36:29.199, 1, NVIDIA L40S, 84 %, 27747 MiB
2026/09/05 15:36:29.199, 2, NVIDIA L40S, 94 %, 27221 MiB
2026/09/05 15:36:29.199, 3, NVIDIA L40S, 81 %, 26993 MiB
2026/09/05 15:36:39.200, 0, NVIDIA L40S, 94 %, 27063 MiB
2026/09/05 15:36:39.200, 1, NVIDIA L40S, 93 %, 27747 MiB
2026/09/05 15:36:39.200, 2, NVIDIA L40S, 80 %, 27221 MiB
2026/09/05 15:36:39.200, 3, NVIDIA L40S, 94 %, 26993 MiB
2026/09/05 15:36:49.201, 0, NVIDIA L40S, 82 %, 27063 MiB
2026/09/05 15:36:49.201, 1, NVIDIA L40S, 83 %, 27747 MiB
2026/09/05 15:36:49.201, 2, NVIDIA L40S, 83 %, 27221 MiB
2026/09/05 15:36:49.201, 3, NVIDIA L40S, 85 %, 26993 MiB
2026/09/05 15:36:59.203, 0, NVIDIA L40S, 93 %, 27063 MiB
2026/09/05 15:36:59.203, 1, NVIDIA L40S, 85 %, 27747 MiB
2026/09/05 15:36:59.203, 2, NVIDIA L40S, 74 %, 27221 MiB
2026/09/05 15:36:59.203, 3, NVIDIA L40S, 94 %, 26993 MiB
2026/09/05 15:37:09.204, 0, NVIDIA L40S, 83 %, 27063 MiB
2026/09/05 15:37:09.204, 1, NVIDIA L40S, 86 %, 27747 MiB
2026/09/05 15:37:09.204, 2, NVIDIA L40S, 75 %, 27221 MiB
2026/09/05 15:37:09.204, 3, NVIDIA L40S, 94 %, 26993 MiB
2026/09/05 15:37:19.205, 0, NVIDIA L40S, 83 %, 27063 MiB
2026/09/05 15:37:19.206, 1, NVIDIA L40S, 92 %, 27747 MiB
2026/09/05 15:37:19.206, 2, NVIDIA L40S, 85 %, 27221 MiB
2026/09/05 15:37:19.206, 3, NVIDIA L40S, 95 %, 26993 MiB
2026/09/05 15:37:29.207, 0, NVIDIA L40S, 94 %, 27063 MiB
2026/09/05 15:37:29.207, 1, NVIDIA L40S, 93 %, 27747 MiB
2026/09/05 15:37:29.207, 2, NVIDIA L40S, 85 %, 27221 MiB
2026/09/05 15:37:29.207, 3, NVIDIA L40S, 73 %, 26993 MiB
2026/09/05 15:37:39.208, 0, NVIDIA L40S, 85 %, 27063 MiB
2026/09/05 15:37:39.208, 1, NVIDIA L40S, 70 %, 27747 MiB
2026/09/05 15:37:39.208, 2, NVIDIA L40S, 95 %, 27221 MiB
2026/09/05 15:37:39.209, 3, NVIDIA L40S, 91 %, 26993 MiB
2026/09/05 15:37:49.210, 0, NVIDIA L40S, 93 %, 27063 MiB
2026/09/05 15:37:49.210, 1, NVIDIA L40S, 75 %, 27747 MiB
2026/09/05 15:37:49.210, 2, NVIDIA L40S, 80 %, 27221 MiB
2026/09/05 15:37:49.210, 3, NVIDIA L40S, 85 %, 26993 MiB
2026/09/05 15:37:59.211, 0, NVIDIA L40S, 94 %, 27063 MiB
2026/09/05 15:37:59.211, 1, NVIDIA L40S, 84 %, 27747 MiB
2026/09/05 15:37:59.211, 2, NVIDIA L40S, 95 %, 27221 MiB
2026/09/05 15:37:59.211, 3, NVIDIA L40S, 86 %, 26993 MiB
2026/09/05 15:38:09.212, 0, NVIDIA L40S, 94 %, 27063 MiB
2026/09/05 15:38:09.213, 1, NVIDIA L40S, 94 %, 27747 MiB
2026/09/05 15:38:09.213, 2, NVIDIA L40S, 85 %, 27221 MiB
2026/09/05 15:38:09.213, 3, NVIDIA L40S, 96 %, 26993 MiB
2026/09/05 15:38:19.214, 0, NVIDIA L40S, 79 %, 27063 MiB
2026/09/05 15:38:19.214, 1, NVIDIA L40S, 94 %, 27747 MiB
2026/09/05 15:38:19.214, 2, NVIDIA L40S, 95 %, 27221 MiB
2026/09/05 15:38:19.214, 3, NVIDIA L40S, 83 %, 26993 MiB
2026/09/05 15:38:29.215, 0, NVIDIA L40S, 77 %, 27063 MiB
2026/09/05 15:38:29.215, 1, NVIDIA L40S, 94 %, 27747 MiB
2026/09/05 15:38:29.215, 2, NVIDIA L40S, 74 %, 27221 MiB
2026/09/05 15:38:29.215, 3, NVIDIA L40S, 85 %, 26993 MiB
2026/09/05 15:38:39.217, 0, NVIDIA L40S, 84 %, 27063 MiB
2026/09/05 15:38:39.217, 1, NVIDIA L40S, 81 %, 27747 MiB
2026/09/05 15:38:39.217, 2, NVIDIA L40S, 95 %, 27221 MiB
2026/09/05 15:38:39.217, 3, NVIDIA L40S, 95 %, 26993 MiB
2026/09/05 15:38:49.218, 0, NVIDIA L40S, 86 %, 27063 MiB
2026/09/05 15:38:49.218, 1, NVIDIA L40S, 81 %, 27747 MiB
2026/09/05 15:38:49.218, 2, NVIDIA L40S, 76 %, 27221 MiB
2026/09/05 15:38:49.218, 3, NVIDIA L40S, 76 %, 26993 MiB
2026/09/05 15:38:59.219, 0, NVIDIA L40S, 74 %, 27063 MiB
2026/09/05 15:38:59.220, 1, NVIDIA L40S, 84 %, 27747 MiB
2026/09/05 15:38:59.220, 2, NVIDIA L40S, 85 %, 27221 MiB
2026/09/05 15:38:59.220, 3, NVIDIA L40S, 95 %, 26993 MiB
2026/09/05 15:39:09.221, 0, NVIDIA L40S, 85 %, 27089 MiB
2026/09/05 15:39:09.221, 1, NVIDIA L40S, 87 %, 27747 MiB
2026/09/05 15:39:09.221, 2, NVIDIA L40S, 82 %, 27221 MiB
2026/09/05 15:39:09.221, 3, NVIDIA L40S, 75 %, 26993 MiB
2026/09/05 15:39:19.222, 0, NVIDIA L40S, 87 %, 27089 MiB
2026/09/05 15:39:19.222, 1, NVIDIA L40S, 88 %, 27747 MiB
2026/09/05 15:39:19.222, 2, NVIDIA L40S, 83 %, 27221 MiB
2026/09/05 15:39:19.222, 3, NVIDIA L40S, 86 %, 26993 MiB
2026/09/05 15:39:29.223, 0, NVIDIA L40S, 95 %, 27089 MiB
2026/09/05 15:39:29.224, 1, NVIDIA L40S, 93 %, 27747 MiB
2026/09/05 15:39:29.224, 2, NVIDIA L40S, 87 %, 27221 MiB
2026/09/05 15:39:29.224, 3, NVIDIA L40S, 95 %, 26993 MiB
2026/09/05 15:39:39.225, 0, NVIDIA L40S, 92 %, 27089 MiB
2026/09/05 15:39:39.225, 1, NVIDIA L40S, 94 %, 27747 MiB
2026/09/05 15:39:39.225, 2, NVIDIA L40S, 87 %, 27221 MiB
2026/09/05 15:39:39.225, 3, NVIDIA L40S, 85 %, 26993 MiB
2026/09/05 15:39:49.226, 0, NVIDIA L40S, 80 %, 27089 MiB
2026/09/05 15:39:49.226, 1, NVIDIA L40S, 82 %, 27747 MiB
2026/09/05 15:39:49.227, 2, NVIDIA L40S, 96 %, 27221 MiB
2026/09/05 15:39:49.227, 3, NVIDIA L40S, 95 %, 26993 MiB
2026/09/05 15:39:59.228, 0, NVIDIA L40S, 85 %, 27089 MiB
2026/09/05 15:39:59.228, 1, NVIDIA L40S, 82 %, 27747 MiB
2026/09/05 15:39:59.228, 2, NVIDIA L40S, 78 %, 27221 MiB
2026/09/05 15:39:59.228, 3, NVIDIA L40S, 95 %, 26993 MiB
2026/09/05 15:40:09.229, 0, NVIDIA L40S, 94 %, 27089 MiB
2026/09/05 15:40:09.229, 1, NVIDIA L40S, 93 %, 27747 MiB
2026/09/05 15:40:09.229, 2, NVIDIA L40S, 87 %, 27229 MiB
2026/09/05 15:40:09.229, 3, NVIDIA L40S, 81 %, 26993 MiB
2026/09/05 15:40:19.230, 0, NVIDIA L40S, 95 %, 27089 MiB
2026/09/05 15:40:19.231, 1, NVIDIA L40S, 80 %, 27747 MiB
2026/09/05 15:40:19.231, 2, NVIDIA L40S, 95 %, 27229 MiB
2026/09/05 15:40:19.231, 3, NVIDIA L40S, 95 %, 26993 MiB
2026/09/05 15:40:29.232, 0, NVIDIA L40S, 94 %, 27089 MiB
2026/09/05 15:40:29.232, 1, NVIDIA L40S, 94 %, 27747 MiB
2026/09/05 15:40:29.232, 2, NVIDIA L40S, 84 %, 27229 MiB
2026/09/05 15:40:29.232, 3, NVIDIA L40S, 76 %, 26993 MiB
2026/09/05 15:40:39.233, 0, NVIDIA L40S, 74 %, 27089 MiB
2026/09/05 15:40:39.233, 1, NVIDIA L40S, 79 %, 27747 MiB
2026/09/05 15:40:39.234, 2, NVIDIA L40S, 94 %, 27229 MiB
2026/09/05 15:40:39.234, 3, NVIDIA L40S, 85 %, 26993 MiB
2026/09/05 15:40:49.234, 0, NVIDIA L40S, 94 %, 27089 MiB
2026/09/05 15:40:49.235, 1, NVIDIA L40S, 93 %, 27747 MiB
2026/09/05 15:40:49.235, 2, NVIDIA L40S, 79 %, 27229 MiB
2026/09/05 15:40:49.235, 3, NVIDIA L40S, 83 %, 26993 MiB
2026/09/05 15:40:59.236, 0, NVIDIA L40S, 79 %, 27089 MiB
2026/09/05 15:40:59.236, 1, NVIDIA L40S, 94 %, 27747 MiB
2026/09/05 15:40:59.236, 2, NVIDIA L40S, 95 %, 27229 MiB
2026/09/05 15:40:59.236, 3, NVIDIA L40S, 85 %, 26993 MiB
2026/09/05 15:41:09.237, 0, NVIDIA L40S, 84 %, 27089 MiB
2026/09/05 15:41:09.237, 1, NVIDIA L40S, 71 %, 27747 MiB
2026/09/05 15:41:09.238, 2, NVIDIA L40S, 78 %, 27229 MiB
2026/09/05 15:41:09.238, 3, NVIDIA L40S, 94 %, 26993 MiB
2026/09/05 15:41:19.239, 0, NVIDIA L40S, 78 %, 27089 MiB
2026/09/05 15:41:19.239, 1, NVIDIA L40S, 92 %, 27747 MiB
2026/09/05 15:41:19.239, 2, NVIDIA L40S, 85 %, 27229 MiB
2026/09/05 15:41:19.239, 3, NVIDIA L40S, 94 %, 26993 MiB
2026/09/05 15:41:29.240, 0, NVIDIA L40S, 78 %, 27089 MiB
2026/09/05 15:41:29.240, 1, NVIDIA L40S, 94 %, 27747 MiB
2026/09/05 15:41:29.240, 2, NVIDIA L40S, 95 %, 27229 MiB
2026/09/05 15:41:29.240, 3, NVIDIA L40S, 95 %, 26993 MiB
2026/09/05 15:41:39.241, 0, NVIDIA L40S, 86 %, 27089 MiB
2026/09/05 15:41:39.241, 1, NVIDIA L40S, 84 %, 27747 MiB
2026/09/05 15:41:39.241, 2, NVIDIA L40S, 82 %, 27229 MiB
2026/09/05 15:41:39.241, 3, NVIDIA L40S, 75 %, 26993 MiB
2026/09/05 15:41:49.242, 0, NVIDIA L40S, 85 %, 27089 MiB
2026/09/05 15:41:49.243, 1, NVIDIA L40S, 80 %, 27747 MiB
2026/09/05 15:41:49.243, 2, NVIDIA L40S, 95 %, 27229 MiB
2026/09/05 15:41:49.243, 3, NVIDIA L40S, 85 %, 26993 MiB
2026/09/05 15:41:59.244, 0, NVIDIA L40S, 85 %, 27089 MiB
2026/09/05 15:41:59.244, 1, NVIDIA L40S, 93 %, 27747 MiB
2026/09/05 15:41:59.244, 2, NVIDIA L40S, 87 %, 27229 MiB
2026/09/05 15:41:59.244, 3, NVIDIA L40S, 95 %, 26993 MiB
2026/09/05 15:42:09.245, 0, NVIDIA L40S, 89 %, 27089 MiB
2026/09/05 15:42:09.246, 1, NVIDIA L40S, 93 %, 27747 MiB
2026/09/05 15:42:09.246, 2, NVIDIA L40S, 95 %, 27229 MiB
2026/09/05 15:42:09.246, 3, NVIDIA L40S, 95 %, 26993 MiB
2026/09/05 15:42:19.247, 0, NVIDIA L40S, 96 %, 27089 MiB
2026/09/05 15:42:19.247, 1, NVIDIA L40S, 93 %, 27747 MiB
2026/09/05 15:42:19.247, 2, NVIDIA L40S, 96 %, 27229 MiB
2026/09/05 15:42:19.247, 3, NVIDIA L40S, 94 %, 26993 MiB
2026/09/05 15:42:29.248, 0, NVIDIA L40S, 95 %, 27089 MiB
2026/09/05 15:42:29.248, 1, NVIDIA L40S, 94 %, 27747 MiB
2026/09/05 15:42:29.248, 2, NVIDIA L40S, 77 %, 27229 MiB
2026/09/05 15:42:29.249, 3, NVIDIA L40S, 74 %, 26993 MiB
2026/09/05 15:42:39.250, 0, NVIDIA L40S, 74 %, 27089 MiB
2026/09/05 15:42:39.250, 1, NVIDIA L40S, 95 %, 27747 MiB
2026/09/05 15:42:39.250, 2, NVIDIA L40S, 94 %, 27229 MiB
2026/09/05 15:42:39.250, 3, NVIDIA L40S, 74 %, 26993 MiB
2026/09/05 15:42:49.251, 0, NVIDIA L40S, 95 %, 27089 MiB
2026/09/05 15:42:49.251, 1, NVIDIA L40S, 77 %, 27747 MiB
2026/09/05 15:42:49.251, 2, NVIDIA L40S, 78 %, 27229 MiB
2026/09/05 15:42:49.251, 3, NVIDIA L40S, 94 %, 26993 MiB
2026/09/05 15:42:59.252, 0, NVIDIA L40S, 83 %, 27089 MiB
2026/09/05 15:42:59.253, 1, NVIDIA L40S, 79 %, 27747 MiB
2026/09/05 15:42:59.253, 2, NVIDIA L40S, 96 %, 27229 MiB
2026/09/05 15:42:59.253, 3, NVIDIA L40S, 85 %, 26993 MiB
2026/09/05 15:43:09.254, 0, NVIDIA L40S, 94 %, 27089 MiB
2026/09/05 15:43:09.254, 1, NVIDIA L40S, 85 %, 27747 MiB
2026/09/05 15:43:09.254, 2, NVIDIA L40S, 86 %, 27229 MiB
2026/09/05 15:43:09.254, 3, NVIDIA L40S, 95 %, 26993 MiB
2026/09/05 15:43:19.255, 0, NVIDIA L40S, 72 %, 27089 MiB
2026/09/05 15:43:19.256, 1, NVIDIA L40S, 85 %, 27747 MiB
2026/09/05 15:43:19.256, 2, NVIDIA L40S, 90 %, 27229 MiB
2026/09/05 15:43:19.256, 3, NVIDIA L40S, 96 %, 26993 MiB
2026/09/05 15:43:29.257, 0, NVIDIA L40S, 94 %, 27089 MiB
2026/09/05 15:43:29.257, 1, NVIDIA L40S, 74 %, 27747 MiB
2026/09/05 15:43:29.258, 2, NVIDIA L40S, 96 %, 27229 MiB
2026/09/05 15:43:29.258, 3, NVIDIA L40S, 80 %, 26993 MiB
2026/09/05 15:43:39.259, 0, NVIDIA L40S, 95 %, 27089 MiB
2026/09/05 15:43:39.259, 1, NVIDIA L40S, 93 %, 27747 MiB
2026/09/05 15:43:39.259, 2, NVIDIA L40S, 95 %, 27229 MiB
2026/09/05 15:43:39.259, 3, NVIDIA L40S, 94 %, 26993 MiB
2026/09/05 15:43:49.260, 0, NVIDIA L40S, 76 %, 27089 MiB
2026/09/05 15:43:49.260, 1, NVIDIA L40S, 94 %, 27747 MiB
2026/09/05 15:43:49.260, 2, NVIDIA L40S, 94 %, 27229 MiB
2026/09/05 15:43:49.260, 3, NVIDIA L40S, 84 %, 26993 MiB
2026/09/05 15:43:59.261, 0, NVIDIA L40S, 85 %, 27089 MiB
2026/09/05 15:43:59.261, 1, NVIDIA L40S, 94 %, 27747 MiB
2026/09/05 15:43:59.262, 2, NVIDIA L40S, 83 %, 27229 MiB
2026/09/05 15:43:59.262, 3, NVIDIA L40S, 95 %, 26993 MiB
2026/09/05 15:44:09.263, 0, NVIDIA L40S, 75 %, 27089 MiB
2026/09/05 15:44:09.263, 1, NVIDIA L40S, 94 %, 27747 MiB
2026/09/05 15:44:09.263, 2, NVIDIA L40S, 77 %, 27229 MiB
2026/09/05 15:44:09.263, 3, NVIDIA L40S, 95 %, 26993 MiB
2026/09/05 15:44:19.264, 0, NVIDIA L40S, 75 %, 27089 MiB
2026/09/05 15:44:19.264, 1, NVIDIA L40S, 73 %, 27747 MiB
2026/09/05 15:44:19.264, 2, NVIDIA L40S, 95 %, 27229 MiB
2026/09/05 15:44:19.264, 3, NVIDIA L40S, 74 %, 26993 MiB
2026/09/05 15:44:29.265, 0, NVIDIA L40S, 83 %, 27089 MiB
2026/09/05 15:44:29.266, 1, NVIDIA L40S, 93 %, 27747 MiB
2026/09/05 15:44:29.266, 2, NVIDIA L40S, 76 %, 27229 MiB
2026/09/05 15:44:29.266, 3, NVIDIA L40S, 83 %, 26993 MiB
2026/09/05 15:44:39.267, 0, NVIDIA L40S, 80 %, 27089 MiB
2026/09/05 15:44:39.267, 1, NVIDIA L40S, 94 %, 27747 MiB
2026/09/05 15:44:39.267, 2, NVIDIA L40S, 93 %, 27229 MiB
2026/09/05 15:44:39.267, 3, NVIDIA L40S, 85 %, 26993 MiB
2026/09/05 15:44:49.268, 0, NVIDIA L40S, 83 %, 27089 MiB
2026/09/05 15:44:49.268, 1, NVIDIA L40S, 81 %, 27747 MiB
2026/09/05 15:44:49.268, 2, NVIDIA L40S, 94 %, 27229 MiB
2026/09/05 15:44:49.268, 3, NVIDIA L40S, 94 %, 26993 MiB
2026/09/05 15:44:59.269, 0, NVIDIA L40S, 85 %, 27089 MiB
2026/09/05 15:44:59.270, 1, NVIDIA L40S, 78 %, 27747 MiB
2026/09/05 15:44:59.270, 2, NVIDIA L40S, 76 %, 27229 MiB
2026/09/05 15:44:59.270, 3, NVIDIA L40S, 85 %, 26993 MiB
2026/09/05 15:45:09.271, 0, NVIDIA L40S, 86 %, 27089 MiB
2026/09/05 15:45:09.271, 1, NVIDIA L40S, 93 %, 27747 MiB
2026/09/05 15:45:09.271, 2, NVIDIA L40S, 95 %, 27229 MiB
2026/09/05 15:45:09.271, 3, NVIDIA L40S, 94 %, 26993 MiB
2026/09/05 15:45:19.272, 0, NVIDIA L40S, 85 %, 27089 MiB
2026/09/05 15:45:19.272, 1, NVIDIA L40S, 86 %, 27747 MiB
2026/09/05 15:45:19.273, 2, NVIDIA L40S, 75 %, 27229 MiB
2026/09/05 15:45:19.273, 3, NVIDIA L40S, 95 %, 26993 MiB
2026/09/05 15:45:29.274, 0, NVIDIA L40S, 94 %, 27089 MiB
2026/09/05 15:45:29.274, 1, NVIDIA L40S, 81 %, 27747 MiB
2026/09/05 15:45:29.274, 2, NVIDIA L40S, 83 %, 27229 MiB
2026/09/05 15:45:29.274, 3, NVIDIA L40S, 95 %, 26993 MiB
2026/09/05 15:45:39.275, 0, NVIDIA L40S, 94 %, 27089 MiB
2026/09/05 15:45:39.275, 1, NVIDIA L40S, 93 %, 27747 MiB
2026/09/05 15:45:39.275, 2, NVIDIA L40S, 95 %, 27229 MiB
2026/09/05 15:45:39.275, 3, NVIDIA L40S, 74 %, 26993 MiB
2026/09/05 15:45:49.276, 0, NVIDIA L40S, 94 %, 27089 MiB
2026/09/05 15:45:49.277, 1, NVIDIA L40S, 73 %, 27747 MiB
2026/09/05 15:45:49.277, 2, NVIDIA L40S, 95 %, 27229 MiB
2026/09/05 15:45:49.277, 3, NVIDIA L40S, 73 %, 26993 MiB
2026/09/05 15:45:59.278, 0, NVIDIA L40S, 88 %, 27237 MiB
2026/09/05 15:45:59.278, 1, NVIDIA L40S, 84 %, 27747 MiB
2026/09/05 15:45:59.278, 2, NVIDIA L40S, 84 %, 27229 MiB
2026/09/05 15:45:59.278, 3, NVIDIA L40S, 94 %, 26993 MiB
2026/09/05 15:46:09.279, 0, NVIDIA L40S, 85 %, 27237 MiB
2026/09/05 15:46:09.279, 1, NVIDIA L40S, 85 %, 27747 MiB
2026/09/05 15:46:09.280, 2, NVIDIA L40S, 95 %, 27229 MiB
2026/09/05 15:46:09.280, 3, NVIDIA L40S, 84 %, 26993 MiB
2026/09/05 15:46:19.281, 0, NVIDIA L40S, 87 %, 27237 MiB
2026/09/05 15:46:19.281, 1, NVIDIA L40S, 93 %, 27747 MiB
2026/09/05 15:46:19.281, 2, NVIDIA L40S, 86 %, 27229 MiB
2026/09/05 15:46:19.281, 3, NVIDIA L40S, 86 %, 26993 MiB
2026/09/05 15:46:29.282, 0, NVIDIA L40S, 87 %, 27237 MiB
2026/09/05 15:46:29.282, 1, NVIDIA L40S, 92 %, 27747 MiB
2026/09/05 15:46:29.282, 2, NVIDIA L40S, 77 %, 27229 MiB
2026/09/05 15:46:29.282, 3, NVIDIA L40S, 95 %, 26993 MiB
2026/09/05 15:46:39.283, 0, NVIDIA L40S, 95 %, 27237 MiB
2026/09/05 15:46:39.284, 1, NVIDIA L40S, 93 %, 27747 MiB
2026/09/05 15:46:39.284, 2, NVIDIA L40S, 76 %, 27229 MiB
2026/09/05 15:46:39.284, 3, NVIDIA L40S, 96 %, 26993 MiB
2026/09/05 15:46:49.285, 0, NVIDIA L40S, 97 %, 27237 MiB
2026/09/05 15:46:49.285, 1, NVIDIA L40S, 80 %, 27747 MiB
2026/09/05 15:46:49.285, 2, NVIDIA L40S, 78 %, 27229 MiB
2026/09/05 15:46:49.285, 3, NVIDIA L40S, 78 %, 26993 MiB
2026/09/05 15:46:59.286, 0, NVIDIA L40S, 96 %, 27237 MiB
2026/09/05 15:46:59.286, 1, NVIDIA L40S, 94 %, 27747 MiB
2026/09/05 15:46:59.287, 2, NVIDIA L40S, 86 %, 27229 MiB
2026/09/05 15:46:59.287, 3, NVIDIA L40S, 78 %, 26993 MiB
2026/09/05 15:47:09.288, 0, NVIDIA L40S, 97 %, 27237 MiB
2026/09/05 15:47:09.288, 1, NVIDIA L40S, 74 %, 27747 MiB
2026/09/05 15:47:09.288, 2, NVIDIA L40S, 95 %, 27229 MiB
2026/09/05 15:47:09.288, 3, NVIDIA L40S, 82 %, 26993 MiB
2026/09/05 15:47:19.289, 0, NVIDIA L40S, 84 %, 27237 MiB
2026/09/05 15:47:19.289, 1, NVIDIA L40S, 72 %, 27747 MiB
2026/09/05 15:47:19.289, 2, NVIDIA L40S, 85 %, 27229 MiB
2026/09/05 15:47:19.289, 3, NVIDIA L40S, 73 %, 26993 MiB
2026/09/05 15:47:29.290, 0, NVIDIA L40S, 86 %, 27237 MiB
2026/09/05 15:47:29.291, 1, NVIDIA L40S, 75 %, 27747 MiB
2026/09/05 15:47:29.291, 2, NVIDIA L40S, 96 %, 27229 MiB
2026/09/05 15:47:29.291, 3, NVIDIA L40S, 94 %, 26993 MiB
2026/09/05 15:47:39.292, 0, NVIDIA L40S, 82 %, 27237 MiB
2026/09/05 15:47:39.292, 1, NVIDIA L40S, 83 %, 27747 MiB
2026/09/05 15:47:39.292, 2, NVIDIA L40S, 84 %, 27229 MiB
2026/09/05 15:47:39.292, 3, NVIDIA L40S, 94 %, 26993 MiB
2026/09/05 15:47:49.293, 0, NVIDIA L40S, 83 %, 27435 MiB
2026/09/05 15:47:49.293, 1, NVIDIA L40S, 85 %, 27747 MiB
2026/09/05 15:47:49.293, 2, NVIDIA L40S, 80 %, 27229 MiB
2026/09/05 15:47:49.293, 3, NVIDIA L40S, 94 %, 26993 MiB
2026/09/05 15:47:59.294, 0, NVIDIA L40S, 84 %, 27553 MiB
2026/09/05 15:47:59.295, 1, NVIDIA L40S, 94 %, 27747 MiB
2026/09/05 15:47:59.295, 2, NVIDIA L40S, 84 %, 27229 MiB
2026/09/05 15:47:59.295, 3, NVIDIA L40S, 84 %, 26993 MiB
2026/09/05 15:48:09.296, 0, NVIDIA L40S, 94 %, 27553 MiB
2026/09/05 15:48:09.296, 1, NVIDIA L40S, 93 %, 27747 MiB
2026/09/05 15:48:09.296, 2, NVIDIA L40S, 77 %, 27229 MiB
2026/09/05 15:48:09.296, 3, NVIDIA L40S, 94 %, 26993 MiB
2026/09/05 15:48:19.297, 0, NVIDIA L40S, 76 %, 27553 MiB
2026/09/05 15:48:19.297, 1, NVIDIA L40S, 86 %, 27747 MiB
2026/09/05 15:48:19.298, 2, NVIDIA L40S, 82 %, 27229 MiB
2026/09/05 15:48:19.298, 3, NVIDIA L40S, 95 %, 26993 MiB
2026/09/05 15:48:29.299, 0, NVIDIA L40S, 95 %, 27553 MiB
2026/09/05 15:48:29.299, 1, NVIDIA L40S, 86 %, 27747 MiB
2026/09/05 15:48:29.299, 2, NVIDIA L40S, 85 %, 27229 MiB
2026/09/05 15:48:29.299, 3, NVIDIA L40S, 96 %, 26993 MiB
2026/09/05 15:48:39.300, 0, NVIDIA L40S, 72 %, 27553 MiB
2026/09/05 15:48:39.300, 1, NVIDIA L40S, 95 %, 27747 MiB
2026/09/05 15:48:39.300, 2, NVIDIA L40S, 87 %, 27229 MiB
2026/09/05 15:48:39.300, 3, NVIDIA L40S, 95 %, 26993 MiB
2026/09/05 15:48:49.302, 0, NVIDIA L40S, 85 %, 27553 MiB
2026/09/05 15:48:49.302, 1, NVIDIA L40S, 95 %, 27747 MiB
2026/09/05 15:48:49.302, 2, NVIDIA L40S, 87 %, 27229 MiB
2026/09/05 15:48:49.302, 3, NVIDIA L40S, 95 %, 26993 MiB
2026/09/05 15:48:59.303, 0, NVIDIA L40S, 84 %, 27553 MiB
2026/09/05 15:48:59.303, 1, NVIDIA L40S, 85 %, 27747 MiB
2026/09/05 15:48:59.303, 2, NVIDIA L40S, 96 %, 27229 MiB
2026/09/05 15:48:59.303, 3, NVIDIA L40S, 96 %, 26993 MiB
2026/09/05 15:49:09.304, 0, NVIDIA L40S, 93 %, 27553 MiB
2026/09/05 15:49:09.305, 1, NVIDIA L40S, 84 %, 27747 MiB
2026/09/05 15:49:09.305, 2, NVIDIA L40S, 96 %, 27229 MiB
2026/09/05 15:49:09.305, 3, NVIDIA L40S, 79 %, 26993 MiB
2026/09/05 15:49:19.306, 0, NVIDIA L40S, 94 %, 27553 MiB
2026/09/05 15:49:19.306, 1, NVIDIA L40S, 93 %, 27747 MiB
2026/09/05 15:49:19.306, 2, NVIDIA L40S, 97 %, 27229 MiB
2026/09/05 15:49:19.306, 3, NVIDIA L40S, 74 %, 26993 MiB
2026/09/05 15:49:29.307, 0, NVIDIA L40S, 73 %, 27553 MiB
2026/09/05 15:49:29.307, 1, NVIDIA L40S, 81 %, 27747 MiB
2026/09/05 15:49:29.307, 2, NVIDIA L40S, 87 %, 27347 MiB
2026/09/05 15:49:29.307, 3, NVIDIA L40S, 78 %, 26993 MiB
2026/09/05 15:49:39.308, 0, NVIDIA L40S, 93 %, 27553 MiB
2026/09/05 15:49:39.309, 1, NVIDIA L40S, 94 %, 27747 MiB
2026/09/05 15:49:39.309, 2, NVIDIA L40S, 87 %, 27347 MiB
2026/09/05 15:49:39.309, 3, NVIDIA L40S, 84 %, 26993 MiB
2026/09/05 15:49:49.310, 0, NVIDIA L40S, 78 %, 27553 MiB
2026/09/05 15:49:49.310, 1, NVIDIA L40S, 74 %, 27747 MiB
2026/09/05 15:49:49.310, 2, NVIDIA L40S, 97 %, 27347 MiB
2026/09/05 15:49:49.310, 3, NVIDIA L40S, 86 %, 26993 MiB
2026/09/05 15:49:59.311, 0, NVIDIA L40S, 85 %, 27553 MiB
2026/09/05 15:49:59.311, 1, NVIDIA L40S, 93 %, 27747 MiB
2026/09/05 15:49:59.311, 2, NVIDIA L40S, 97 %, 27347 MiB
2026/09/05 15:49:59.312, 3, NVIDIA L40S, 86 %, 26993 MiB
2026/09/05 15:50:09.312, 0, NVIDIA L40S, 83 %, 27553 MiB
2026/09/05 15:50:09.313, 1, NVIDIA L40S, 93 %, 27747 MiB
2026/09/05 15:50:09.313, 2, NVIDIA L40S, 87 %, 27347 MiB
2026/09/05 15:50:09.313, 3, NVIDIA L40S, 82 %, 27045 MiB
2026/09/05 15:50:19.314, 0, NVIDIA L40S, 93 %, 27553 MiB
2026/09/05 15:50:19.314, 1, NVIDIA L40S, 93 %, 27747 MiB
2026/09/05 15:50:19.314, 2, NVIDIA L40S, 81 %, 27347 MiB
2026/09/05 15:50:19.314, 3, NVIDIA L40S, 86 %, 27045 MiB
2026/09/05 15:50:29.315, 0, NVIDIA L40S, 94 %, 27553 MiB
2026/09/05 15:50:29.315, 1, NVIDIA L40S, 73 %, 27747 MiB
2026/09/05 15:50:29.315, 2, NVIDIA L40S, 85 %, 27347 MiB
2026/09/05 15:50:29.316, 3, NVIDIA L40S, 84 %, 27167 MiB
2026/09/05 15:50:39.316, 0, NVIDIA L40S, 93 %, 27553 MiB
2026/09/05 15:50:39.317, 1, NVIDIA L40S, 84 %, 27747 MiB
2026/09/05 15:50:39.317, 2, NVIDIA L40S, 86 %, 27347 MiB
2026/09/05 15:50:39.317, 3, NVIDIA L40S, 87 %, 27465 MiB
2026/09/05 15:50:49.318, 0, NVIDIA L40S, 76 %, 27553 MiB
2026/09/05 15:50:49.318, 1, NVIDIA L40S, 85 %, 27747 MiB
2026/09/05 15:50:49.318, 2, NVIDIA L40S, 95 %, 27347 MiB
2026/09/05 15:50:49.318, 3, NVIDIA L40S, 87 %, 27631 MiB
2026/09/05 15:50:59.319, 0, NVIDIA L40S, 78 %, 27553 MiB
2026/09/05 15:50:59.319, 1, NVIDIA L40S, 93 %, 27747 MiB
2026/09/05 15:50:59.320, 2, NVIDIA L40S, 72 %, 27347 MiB
2026/09/05 15:50:59.320, 3, NVIDIA L40S, 86 %, 27717 MiB
2026/09/05 15:51:09.320, 0, NVIDIA L40S, 94 %, 27553 MiB
2026/09/05 15:51:09.321, 1, NVIDIA L40S, 94 %, 27747 MiB
2026/09/05 15:51:09.321, 2, NVIDIA L40S, 77 %, 27347 MiB
2026/09/05 15:51:09.321, 3, NVIDIA L40S, 88 %, 27717 MiB
2026/09/05 15:51:19.322, 0, NVIDIA L40S, 95 %, 27553 MiB
2026/09/05 15:51:19.322, 1, NVIDIA L40S, 94 %, 27747 MiB
2026/09/05 15:51:19.322, 2, NVIDIA L40S, 95 %, 27347 MiB
2026/09/05 15:51:19.322, 3, NVIDIA L40S, 86 %, 27717 MiB
2026/09/05 15:51:29.323, 0, NVIDIA L40S, 95 %, 27553 MiB
2026/09/05 15:51:29.323, 1, NVIDIA L40S, 77 %, 27747 MiB
2026/09/05 15:51:29.324, 2, NVIDIA L40S, 96 %, 27347 MiB
2026/09/05 15:51:29.324, 3, NVIDIA L40S, 88 %, 27717 MiB
2026/09/05 15:51:39.325, 0, NVIDIA L40S, 76 %, 27553 MiB
2026/09/05 15:51:39.325, 1, NVIDIA L40S, 93 %, 27747 MiB
2026/09/05 15:51:39.325, 2, NVIDIA L40S, 97 %, 27347 MiB
2026/09/05 15:51:39.325, 3, NVIDIA L40S, 96 %, 27717 MiB
2026/09/05 15:51:49.326, 0, NVIDIA L40S, 94 %, 27553 MiB
2026/09/05 15:51:49.326, 1, NVIDIA L40S, 76 %, 27747 MiB
2026/09/05 15:51:49.326, 2, NVIDIA L40S, 80 %, 27347 MiB
2026/09/05 15:51:49.326, 3, NVIDIA L40S, 96 %, 27717 MiB
2026/09/05 15:51:59.327, 0, NVIDIA L40S, 83 %, 27553 MiB
2026/09/05 15:51:59.328, 1, NVIDIA L40S, 78 %, 27747 MiB
2026/09/05 15:51:59.328, 2, NVIDIA L40S, 83 %, 27347 MiB
2026/09/05 15:51:59.328, 3, NVIDIA L40S, 97 %, 27717 MiB
2026/09/05 15:52:09.329, 0, NVIDIA L40S, 94 %, 27553 MiB
2026/09/05 15:52:09.329, 1, NVIDIA L40S, 87 %, 27747 MiB
2026/09/05 15:52:09.329, 2, NVIDIA L40S, 80 %, 27347 MiB
2026/09/05 15:52:09.329, 3, NVIDIA L40S, 97 %, 27717 MiB
2026/09/05 15:52:19.330, 0, NVIDIA L40S, 94 %, 27553 MiB
2026/09/05 15:52:19.330, 1, NVIDIA L40S, 94 %, 27747 MiB
2026/09/05 15:52:19.330, 2, NVIDIA L40S, 85 %, 27347 MiB
2026/09/05 15:52:19.330, 3, NVIDIA L40S, 95 %, 27717 MiB
2026/09/05 15:52:29.331, 0, NVIDIA L40S, 93 %, 27553 MiB
2026/09/05 15:52:29.332, 1, NVIDIA L40S, 95 %, 27747 MiB
2026/09/05 15:52:29.332, 2, NVIDIA L40S, 88 %, 27347 MiB
2026/09/05 15:52:29.332, 3, NVIDIA L40S, 76 %, 27717 MiB
2026/09/05 15:52:39.333, 0, NVIDIA L40S, 83 %, 27553 MiB
2026/09/05 15:52:39.333, 1, NVIDIA L40S, 75 %, 27747 MiB
2026/09/05 15:52:39.333, 2, NVIDIA L40S, 85 %, 27347 MiB
2026/09/05 15:52:39.333, 3, NVIDIA L40S, 94 %, 27717 MiB
2026/09/05 15:52:49.334, 0, NVIDIA L40S, 78 %, 27553 MiB
2026/09/05 15:52:49.334, 1, NVIDIA L40S, 93 %, 27747 MiB
2026/09/05 15:52:49.334, 2, NVIDIA L40S, 95 %, 27347 MiB
2026/09/05 15:52:49.334, 3, NVIDIA L40S, 84 %, 27717 MiB
2026/09/05 15:52:59.335, 0, NVIDIA L40S, 94 %, 27553 MiB
2026/09/05 15:52:59.335, 1, NVIDIA L40S, 94 %, 27747 MiB
2026/09/05 15:52:59.336, 2, NVIDIA L40S, 83 %, 27347 MiB
2026/09/05 15:52:59.336, 3, NVIDIA L40S, 96 %, 27717 MiB
2026/09/05 15:53:09.336, 0, NVIDIA L40S, 73 %, 27553 MiB
2026/09/05 15:53:09.337, 1, NVIDIA L40S, 76 %, 27747 MiB
2026/09/05 15:53:09.337, 2, NVIDIA L40S, 96 %, 27347 MiB
2026/09/05 15:53:09.337, 3, NVIDIA L40S, 94 %, 27717 MiB
2026/09/05 15:53:19.338, 0, NVIDIA L40S, 93 %, 27553 MiB
2026/09/05 15:53:19.338, 1, NVIDIA L40S, 82 %, 27747 MiB
2026/09/05 15:53:19.338, 2, NVIDIA L40S, 85 %, 27347 MiB
2026/09/05 15:53:19.338, 3, NVIDIA L40S, 85 %, 27717 MiB
2026/09/05 15:53:29.339, 0, NVIDIA L40S, 72 %, 27553 MiB
2026/09/05 15:53:29.339, 1, NVIDIA L40S, 87 %, 27747 MiB
2026/09/05 15:53:29.339, 2, NVIDIA L40S, 95 %, 27347 MiB
2026/09/05 15:53:29.339, 3, NVIDIA L40S, 85 %, 27717 MiB
2026/09/05 15:53:39.340, 0, NVIDIA L40S, 75 %, 27553 MiB
2026/09/05 15:53:39.340, 1, NVIDIA L40S, 83 %, 27747 MiB
2026/09/05 15:53:39.340, 2, NVIDIA L40S, 96 %, 27347 MiB
2026/09/05 15:53:39.340, 3, NVIDIA L40S, 84 %, 27717 MiB
2026/09/05 15:53:49.341, 0, NVIDIA L40S, 86 %, 27553 MiB
2026/09/05 15:53:49.341, 1, NVIDIA L40S, 83 %, 27747 MiB
2026/09/05 15:53:49.341, 2, NVIDIA L40S, 96 %, 27347 MiB
2026/09/05 15:53:49.341, 3, NVIDIA L40S, 94 %, 27717 MiB
2026/09/05 15:53:59.342, 0, NVIDIA L40S, 84 %, 27553 MiB
2026/09/05 15:53:59.342, 1, NVIDIA L40S, 93 %, 27747 MiB
2026/09/05 15:53:59.343, 2, NVIDIA L40S, 85 %, 27347 MiB
2026/09/05 15:53:59.343, 3, NVIDIA L40S, 78 %, 27717 MiB
2026/09/05 15:54:09.343, 0, NVIDIA L40S, 95 %, 27553 MiB
2026/09/05 15:54:09.344, 1, NVIDIA L40S, 76 %, 27747 MiB
2026/09/05 15:54:09.344, 2, NVIDIA L40S, 83 %, 27347 MiB
2026/09/05 15:54:09.344, 3, NVIDIA L40S, 94 %, 27717 MiB
2026/09/05 15:54:19.345, 0, NVIDIA L40S, 94 %, 27553 MiB
2026/09/05 15:54:19.345, 1, NVIDIA L40S, 93 %, 27747 MiB
2026/09/05 15:54:19.345, 2, NVIDIA L40S, 95 %, 27347 MiB
2026/09/05 15:54:19.345, 3, NVIDIA L40S, 84 %, 27717 MiB
2026/09/05 15:54:29.346, 0, NVIDIA L40S, 83 %, 27553 MiB
2026/09/05 15:54:29.346, 1, NVIDIA L40S, 93 %, 27747 MiB
2026/09/05 15:54:29.346, 2, NVIDIA L40S, 96 %, 27347 MiB
2026/09/05 15:54:29.347, 3, NVIDIA L40S, 74 %, 27717 MiB
2026/09/05 15:54:39.348, 0, NVIDIA L40S, 84 %, 27553 MiB
2026/09/05 15:54:39.348, 1, NVIDIA L40S, 80 %, 27747 MiB
2026/09/05 15:54:39.348, 2, NVIDIA L40S, 82 %, 27347 MiB
2026/09/05 15:54:39.348, 3, NVIDIA L40S, 77 %, 27717 MiB
2026/09/05 15:54:49.349, 0, NVIDIA L40S, 85 %, 27553 MiB
2026/09/05 15:54:49.349, 1, NVIDIA L40S, 86 %, 27747 MiB
2026/09/05 15:54:49.349, 2, NVIDIA L40S, 75 %, 27347 MiB
2026/09/05 15:54:49.349, 3, NVIDIA L40S, 84 %, 27717 MiB
2026/09/05 15:54:59.350, 0, NVIDIA L40S, 94 %, 27553 MiB
2026/09/05 15:54:59.351, 1, NVIDIA L40S, 94 %, 27747 MiB
2026/09/05 15:54:59.351, 2, NVIDIA L40S, 84 %, 27347 MiB
2026/09/05 15:54:59.351, 3, NVIDIA L40S, 85 %, 27717 MiB
2026/09/05 15:55:09.352, 0, NVIDIA L40S, 94 %, 27553 MiB
2026/09/05 15:55:09.352, 1, NVIDIA L40S, 90 %, 27747 MiB
2026/09/05 15:55:09.352, 2, NVIDIA L40S, 95 %, 27347 MiB
2026/09/05 15:55:09.352, 3, NVIDIA L40S, 95 %, 27717 MiB
2026/09/05 15:55:19.353, 0, NVIDIA L40S, 93 %, 27553 MiB
2026/09/05 15:55:19.353, 1, NVIDIA L40S, 93 %, 27747 MiB
2026/09/05 15:55:19.354, 2, NVIDIA L40S, 96 %, 27347 MiB
2026/09/05 15:55:19.354, 3, NVIDIA L40S, 83 %, 27717 MiB
2026/09/05 15:55:29.355, 0, NVIDIA L40S, 83 %, 27553 MiB
2026/09/05 15:55:29.355, 1, NVIDIA L40S, 76 %, 27747 MiB
2026/09/05 15:55:29.355, 2, NVIDIA L40S, 95 %, 27347 MiB
2026/09/05 15:55:29.355, 3, NVIDIA L40S, 85 %, 27717 MiB
2026/09/05 15:55:39.356, 0, NVIDIA L40S, 86 %, 27553 MiB
2026/09/05 15:55:39.356, 1, NVIDIA L40S, 71 %, 27747 MiB
2026/09/05 15:55:39.356, 2, NVIDIA L40S, 74 %, 27347 MiB
2026/09/05 15:55:39.356, 3, NVIDIA L40S, 94 %, 27717 MiB
2026/09/05 15:55:49.358, 0, NVIDIA L40S, 71 %, 27553 MiB
2026/09/05 15:55:49.358, 1, NVIDIA L40S, 72 %, 27747 MiB
2026/09/05 15:55:49.358, 2, NVIDIA L40S, 95 %, 27347 MiB
2026/09/05 15:55:49.358, 3, NVIDIA L40S, 95 %, 27717 MiB
2026/09/05 15:55:59.359, 0, NVIDIA L40S, 81 %, 27553 MiB
2026/09/05 15:55:59.359, 1, NVIDIA L40S, 84 %, 27747 MiB
2026/09/05 15:55:59.359, 2, NVIDIA L40S, 96 %, 27347 MiB
2026/09/05 15:55:59.359, 3, NVIDIA L40S, 76 %, 27717 MiB
2026/09/05 15:56:09.360, 0, NVIDIA L40S, 84 %, 27553 MiB
2026/09/05 15:56:09.361, 1, NVIDIA L40S, 93 %, 27747 MiB
2026/09/05 15:56:09.361, 2, NVIDIA L40S, 79 %, 27347 MiB
2026/09/05 15:56:09.361, 3, NVIDIA L40S, 81 %, 27717 MiB
2026/09/05 15:56:19.362, 0, NVIDIA L40S, 94 %, 27553 MiB
2026/09/05 15:56:19.362, 1, NVIDIA L40S, 86 %, 27747 MiB
2026/09/05 15:56:19.362, 2, NVIDIA L40S, 86 %, 27347 MiB
2026/09/05 15:56:19.362, 3, NVIDIA L40S, 95 %, 27717 MiB
2026/09/05 15:56:29.363, 0, NVIDIA L40S, 87 %, 27553 MiB
2026/09/05 15:56:29.363, 1, NVIDIA L40S, 93 %, 27747 MiB
2026/09/05 15:56:29.363, 2, NVIDIA L40S, 83 %, 27347 MiB
2026/09/05 15:56:29.364, 3, NVIDIA L40S, 96 %, 27717 MiB
2026/09/05 15:56:39.365, 0, NVIDIA L40S, 85 %, 27553 MiB
2026/09/05 15:56:39.365, 1, NVIDIA L40S, 74 %, 27747 MiB
2026/09/05 15:56:39.365, 2, NVIDIA L40S, 95 %, 27347 MiB
2026/09/05 15:56:39.365, 3, NVIDIA L40S, 78 %, 27717 MiB
2026/09/05 15:56:49.366, 0, NVIDIA L40S, 86 %, 27553 MiB
2026/09/05 15:56:49.366, 1, NVIDIA L40S, 94 %, 27747 MiB
2026/09/05 15:56:49.366, 2, NVIDIA L40S, 82 %, 27347 MiB
2026/09/05 15:56:49.366, 3, NVIDIA L40S, 78 %, 27717 MiB
2026/09/05 15:56:59.367, 0, NVIDIA L40S, 87 %, 27553 MiB
2026/09/05 15:56:59.368, 1, NVIDIA L40S, 78 %, 27747 MiB
2026/09/05 15:56:59.368, 2, NVIDIA L40S, 79 %, 27347 MiB
2026/09/05 15:56:59.368, 3, NVIDIA L40S, 84 %, 27717 MiB
2026/09/05 15:57:09.369, 0, NVIDIA L40S, 94 %, 27553 MiB
2026/09/05 15:57:09.369, 1, NVIDIA L40S, 81 %, 27747 MiB
2026/09/05 15:57:09.369, 2, NVIDIA L40S, 75 %, 27347 MiB
2026/09/05 15:57:09.369, 3, NVIDIA L40S, 84 %, 27717 MiB
2026/09/05 15:57:19.370, 0, NVIDIA L40S, 95 %, 27553 MiB
2026/09/05 15:57:19.370, 1, NVIDIA L40S, 86 %, 27747 MiB
2026/09/05 15:57:19.370, 2, NVIDIA L40S, 95 %, 27347 MiB
2026/09/05 15:57:19.370, 3, NVIDIA L40S, 86 %, 27717 MiB
2026/09/05 15:57:29.371, 0, NVIDIA L40S, 96 %, 27553 MiB
2026/09/05 15:57:29.372, 1, NVIDIA L40S, 94 %, 27747 MiB
2026/09/05 15:57:29.372, 2, NVIDIA L40S, 83 %, 27347 MiB
2026/09/05 15:57:29.372, 3, NVIDIA L40S, 86 %, 27717 MiB
2026/09/05 15:57:39.373, 0, NVIDIA L40S, 83 %, 27553 MiB
2026/09/05 15:57:39.373, 1, NVIDIA L40S, 93 %, 27747 MiB
2026/09/05 15:57:39.373, 2, NVIDIA L40S, 86 %, 27347 MiB
2026/09/05 15:57:39.373, 3, NVIDIA L40S, 94 %, 27717 MiB
2026/09/05 15:57:49.374, 0, NVIDIA L40S, 82 %, 27553 MiB
2026/09/05 15:57:49.374, 1, NVIDIA L40S, 94 %, 27747 MiB
2026/09/05 15:57:49.374, 2, NVIDIA L40S, 95 %, 27347 MiB
2026/09/05 15:57:49.375, 3, NVIDIA L40S, 78 %, 27717 MiB
2026/09/05 15:57:59.375, 0, NVIDIA L40S, 79 %, 27553 MiB
2026/09/05 15:57:59.376, 1, NVIDIA L40S, 84 %, 27747 MiB
2026/09/05 15:57:59.376, 2, NVIDIA L40S, 96 %, 27347 MiB
2026/09/05 15:57:59.376, 3, NVIDIA L40S, 83 %, 27717 MiB
2026/09/05 15:58:09.377, 0, NVIDIA L40S, 81 %, 27553 MiB
2026/09/05 15:58:09.377, 1, NVIDIA L40S, 93 %, 27747 MiB
2026/09/05 15:58:09.377, 2, NVIDIA L40S, 75 %, 27347 MiB
2026/09/05 15:58:09.377, 3, NVIDIA L40S, 73 %, 27717 MiB
2026/09/05 15:58:19.378, 0, NVIDIA L40S, 93 %, 27553 MiB
2026/09/05 15:58:19.378, 1, NVIDIA L40S, 73 %, 27747 MiB
2026/09/05 15:58:19.378, 2, NVIDIA L40S, 96 %, 27347 MiB
2026/09/05 15:58:19.378, 3, NVIDIA L40S, 94 %, 27717 MiB
2026/09/05 15:58:29.379, 0, NVIDIA L40S, 94 %, 27553 MiB
2026/09/05 15:58:29.379, 1, NVIDIA L40S, 94 %, 27747 MiB
2026/09/05 15:58:29.380, 2, NVIDIA L40S, 97 %, 27347 MiB
2026/09/05 15:58:29.380, 3, NVIDIA L40S, 94 %, 27717 MiB
2026/09/05 15:58:39.381, 0, NVIDIA L40S, 95 %, 27553 MiB
2026/09/05 15:58:39.381, 1, NVIDIA L40S, 94 %, 27747 MiB
2026/09/05 15:58:39.381, 2, NVIDIA L40S, 97 %, 27347 MiB
2026/09/05 15:58:39.381, 3, NVIDIA L40S, 75 %, 27717 MiB
2026/09/05 15:58:49.382, 0, NVIDIA L40S, 79 %, 27553 MiB
2026/09/05 15:58:49.382, 1, NVIDIA L40S, 84 %, 27747 MiB
2026/09/05 15:58:49.382, 2, NVIDIA L40S, 97 %, 27347 MiB
2026/09/05 15:58:49.382, 3, NVIDIA L40S, 83 %, 27717 MiB
2026/09/05 15:58:59.383, 0, NVIDIA L40S, 78 %, 27553 MiB
2026/09/05 15:58:59.383, 1, NVIDIA L40S, 85 %, 27747 MiB
2026/09/05 15:58:59.383, 2, NVIDIA L40S, 81 %, 27347 MiB
2026/09/05 15:58:59.383, 3, NVIDIA L40S, 85 %, 27717 MiB
2026/09/05 15:59:09.384, 0, NVIDIA L40S, 94 %, 27553 MiB
2026/09/05 15:59:09.384, 1, NVIDIA L40S, 86 %, 27747 MiB
2026/09/05 15:59:09.384, 2, NVIDIA L40S, 78 %, 27347 MiB
2026/09/05 15:59:09.385, 3, NVIDIA L40S, 96 %, 27717 MiB
2026/09/05 15:59:19.385, 0, NVIDIA L40S, 94 %, 27553 MiB
2026/09/05 15:59:19.386, 1, NVIDIA L40S, 93 %, 27747 MiB
2026/09/05 15:59:19.386, 2, NVIDIA L40S, 79 %, 27347 MiB
2026/09/05 15:59:19.386, 3, NVIDIA L40S, 95 %, 27717 MiB
2026/09/05 15:59:29.387, 0, NVIDIA L40S, 93 %, 27553 MiB
2026/09/05 15:59:29.387, 1, NVIDIA L40S, 75 %, 27747 MiB
2026/09/05 15:59:29.387, 2, NVIDIA L40S, 82 %, 27347 MiB
2026/09/05 15:59:29.387, 3, NVIDIA L40S, 73 %, 27717 MiB
2026/09/05 15:59:39.388, 0, NVIDIA L40S, 76 %, 27553 MiB
2026/09/05 15:59:39.388, 1, NVIDIA L40S, 93 %, 27747 MiB
2026/09/05 15:59:39.388, 2, NVIDIA L40S, 85 %, 27347 MiB
2026/09/05 15:59:39.388, 3, NVIDIA L40S, 84 %, 27717 MiB
2026/09/05 15:59:49.389, 0, NVIDIA L40S, 83 %, 27553 MiB
2026/09/05 15:59:49.389, 1, NVIDIA L40S, 94 %, 27747 MiB
2026/09/05 15:59:49.389, 2, NVIDIA L40S, 85 %, 27347 MiB
2026/09/05 15:59:49.389, 3, NVIDIA L40S, 86 %, 27717 MiB
2026/09/05 15:59:59.390, 0, NVIDIA L40S, 74 %, 27553 MiB
2026/09/05 15:59:59.390, 1, NVIDIA L40S, 86 %, 27747 MiB
2026/09/05 15:59:59.390, 2, NVIDIA L40S, 86 %, 27347 MiB
2026/09/05 15:59:59.390, 3, NVIDIA L40S, 85 %, 27717 MiB
2026/09/05 16:00:09.391, 0, NVIDIA L40S, 79 %, 27553 MiB
2026/09/05 16:00:09.391, 1, NVIDIA L40S, 94 %, 27747 MiB
2026/09/05 16:00:09.392, 2, NVIDIA L40S, 86 %, 27347 MiB
2026/09/05 16:00:09.392, 3, NVIDIA L40S, 95 %, 27717 MiB
2026/09/05 16:00:19.392, 0, NVIDIA L40S, 84 %, 27553 MiB
2026/09/05 16:00:19.393, 1, NVIDIA L40S, 74 %, 27747 MiB
2026/09/05 16:00:19.393, 2, NVIDIA L40S, 95 %, 27347 MiB
2026/09/05 16:00:19.393, 3, NVIDIA L40S, 95 %, 27717 MiB
2026/09/05 16:00:29.394, 0, NVIDIA L40S, 86 %, 27553 MiB
2026/09/05 16:00:29.394, 1, NVIDIA L40S, 92 %, 27747 MiB
2026/09/05 16:00:29.394, 2, NVIDIA L40S, 74 %, 27347 MiB
2026/09/05 16:00:29.394, 3, NVIDIA L40S, 83 %, 27717 MiB
2026/09/05 16:00:39.395, 0, NVIDIA L40S, 94 %, 27553 MiB
2026/09/05 16:00:39.395, 1, NVIDIA L40S, 92 %, 27747 MiB
2026/09/05 16:00:39.395, 2, NVIDIA L40S, 86 %, 27347 MiB
2026/09/05 16:00:39.395, 3, NVIDIA L40S, 94 %, 27717 MiB
2026/09/05 16:00:49.396, 0, NVIDIA L40S, 95 %, 27553 MiB
2026/09/05 16:00:49.397, 1, NVIDIA L40S, 83 %, 27747 MiB
2026/09/05 16:00:49.397, 2, NVIDIA L40S, 95 %, 27347 MiB
2026/09/05 16:00:49.397, 3, NVIDIA L40S, 83 %, 27717 MiB
2026/09/05 16:00:59.398, 0, NVIDIA L40S, 95 %, 27553 MiB
2026/09/05 16:00:59.398, 1, NVIDIA L40S, 84 %, 27747 MiB
2026/09/05 16:00:59.398, 2, NVIDIA L40S, 95 %, 27347 MiB
2026/09/05 16:00:59.398, 3, NVIDIA L40S, 95 %, 27717 MiB
2026/09/05 16:01:09.399, 0, NVIDIA L40S, 96 %, 27553 MiB
2026/09/05 16:01:09.399, 1, NVIDIA L40S, 93 %, 27747 MiB
2026/09/05 16:01:09.399, 2, NVIDIA L40S, 95 %, 27347 MiB
2026/09/05 16:01:09.400, 3, NVIDIA L40S, 92 %, 27717 MiB
2026/09/05 16:01:19.400, 0, NVIDIA L40S, 97 %, 27683 MiB
2026/09/05 16:01:19.401, 1, NVIDIA L40S, 93 %, 27747 MiB
2026/09/05 16:01:19.401, 2, NVIDIA L40S, 70 %, 27347 MiB
2026/09/05 16:01:19.401, 3, NVIDIA L40S, 94 %, 27717 MiB
2026/09/05 16:01:29.402, 0, NVIDIA L40S, 93 %, 27683 MiB
2026/09/05 16:01:29.402, 1, NVIDIA L40S, 83 %, 27747 MiB
2026/09/05 16:01:29.402, 2, NVIDIA L40S, 84 %, 27347 MiB
2026/09/05 16:01:29.402, 3, NVIDIA L40S, 75 %, 27717 MiB
2026/09/05 16:01:39.403, 0, NVIDIA L40S, 94 %, 27683 MiB
2026/09/05 16:01:39.403, 1, NVIDIA L40S, 83 %, 27747 MiB
2026/09/05 16:01:39.403, 2, NVIDIA L40S, 94 %, 27347 MiB
2026/09/05 16:01:39.403, 3, NVIDIA L40S, 74 %, 27717 MiB
2026/09/05 16:01:49.404, 0, NVIDIA L40S, 85 %, 27683 MiB
2026/09/05 16:01:49.405, 1, NVIDIA L40S, 92 %, 27747 MiB
2026/09/05 16:01:49.405, 2, NVIDIA L40S, 83 %, 27347 MiB
2026/09/05 16:01:49.405, 3, NVIDIA L40S, 95 %, 27717 MiB
2026/09/05 16:01:59.406, 0, NVIDIA L40S, 74 %, 27683 MiB
2026/09/05 16:01:59.406, 1, NVIDIA L40S, 75 %, 27747 MiB
2026/09/05 16:01:59.406, 2, NVIDIA L40S, 94 %, 27347 MiB
2026/09/05 16:01:59.406, 3, NVIDIA L40S, 86 %, 27717 MiB
2026/09/05 16:02:09.407, 0, NVIDIA L40S, 79 %, 27683 MiB
2026/09/05 16:02:09.407, 1, NVIDIA L40S, 92 %, 27747 MiB
2026/09/05 16:02:09.408, 2, NVIDIA L40S, 74 %, 27347 MiB
2026/09/05 16:02:09.408, 3, NVIDIA L40S, 95 %, 27717 MiB
2026/09/05 16:02:19.409, 0, NVIDIA L40S, 86 %, 27683 MiB
2026/09/05 16:02:19.409, 1, NVIDIA L40S, 94 %, 27747 MiB
2026/09/05 16:02:19.409, 2, NVIDIA L40S, 77 %, 27347 MiB
2026/09/05 16:02:19.409, 3, NVIDIA L40S, 96 %, 27717 MiB
2026/09/05 16:02:29.410, 0, NVIDIA L40S, 86 %, 27683 MiB
2026/09/05 16:02:29.410, 1, NVIDIA L40S, 73 %, 27747 MiB
2026/09/05 16:02:29.410, 2, NVIDIA L40S, 86 %, 27347 MiB
2026/09/05 16:02:29.410, 3, NVIDIA L40S, 96 %, 27717 MiB
2026/09/05 16:02:39.411, 0, NVIDIA L40S, 95 %, 27683 MiB
2026/09/05 16:02:39.411, 1, NVIDIA L40S, 84 %, 27747 MiB
2026/09/05 16:02:39.411, 2, NVIDIA L40S, 96 %, 27347 MiB
2026/09/05 16:02:39.411, 3, NVIDIA L40S, 74 %, 27717 MiB
2026/09/05 16:02:49.412, 0, NVIDIA L40S, 73 %, 27683 MiB
2026/09/05 16:02:49.413, 1, NVIDIA L40S, 73 %, 27747 MiB
2026/09/05 16:02:49.413, 2, NVIDIA L40S, 86 %, 27347 MiB
2026/09/05 16:02:49.413, 3, NVIDIA L40S, 94 %, 27717 MiB
2026/09/05 16:02:59.414, 0, NVIDIA L40S, 94 %, 27683 MiB
2026/09/05 16:02:59.414, 1, NVIDIA L40S, 85 %, 27747 MiB
2026/09/05 16:02:59.414, 2, NVIDIA L40S, 86 %, 27347 MiB
2026/09/05 16:02:59.414, 3, NVIDIA L40S, 95 %, 27717 MiB
2026/09/05 16:03:09.415, 0, NVIDIA L40S, 83 %, 27683 MiB
2026/09/05 16:03:09.415, 1, NVIDIA L40S, 93 %, 27747 MiB
2026/09/05 16:03:09.415, 2, NVIDIA L40S, 96 %, 27347 MiB
2026/09/05 16:03:09.415, 3, NVIDIA L40S, 77 %, 27717 MiB
2026/09/05 16:03:19.416, 0, NVIDIA L40S, 94 %, 27683 MiB
2026/09/05 16:03:19.417, 1, NVIDIA L40S, 95 %, 27747 MiB
2026/09/05 16:03:19.417, 2, NVIDIA L40S, 75 %, 27347 MiB
2026/09/05 16:03:19.417, 3, NVIDIA L40S, 82 %, 27717 MiB
2026/09/05 16:03:29.418, 0, NVIDIA L40S, 77 %, 27683 MiB
2026/09/05 16:03:29.418, 1, NVIDIA L40S, 90 %, 27747 MiB
2026/09/05 16:03:29.418, 2, NVIDIA L40S, 84 %, 27347 MiB
2026/09/05 16:03:29.418, 3, NVIDIA L40S, 77 %, 27717 MiB
2026/09/05 16:03:39.419, 0, NVIDIA L40S, 94 %, 27683 MiB
2026/09/05 16:03:39.419, 1, NVIDIA L40S, 93 %, 27747 MiB
2026/09/05 16:03:39.420, 2, NVIDIA L40S, 95 %, 27347 MiB
2026/09/05 16:03:39.420, 3, NVIDIA L40S, 85 %, 27717 MiB
2026/09/05 16:03:49.420, 0, NVIDIA L40S, 74 %, 27683 MiB
2026/09/05 16:03:49.421, 1, NVIDIA L40S, 78 %, 27747 MiB
2026/09/05 16:03:49.421, 2, NVIDIA L40S, 84 %, 27347 MiB
2026/09/05 16:03:49.421, 3, NVIDIA L40S, 87 %, 27717 MiB
2026/09/05 16:03:59.422, 0, NVIDIA L40S, 84 %, 27683 MiB
2026/09/05 16:03:59.422, 1, NVIDIA L40S, 85 %, 27747 MiB
2026/09/05 16:03:59.422, 2, NVIDIA L40S, 77 %, 27347 MiB
2026/09/05 16:03:59.422, 3, NVIDIA L40S, 94 %, 27717 MiB
2026/09/05 16:04:09.423, 0, NVIDIA L40S, 83 %, 27683 MiB
2026/09/05 16:04:09.423, 1, NVIDIA L40S, 82 %, 27747 MiB
2026/09/05 16:04:09.423, 2, NVIDIA L40S, 94 %, 27347 MiB
2026/09/05 16:04:09.423, 3, NVIDIA L40S, 83 %, 27717 MiB
2026/09/05 16:04:19.424, 0, NVIDIA L40S, 84 %, 27683 MiB
2026/09/05 16:04:19.424, 1, NVIDIA L40S, 92 %, 27747 MiB
2026/09/05 16:04:19.424, 2, NVIDIA L40S, 96 %, 27347 MiB
2026/09/05 16:04:19.425, 3, NVIDIA L40S, 95 %, 27717 MiB
2026/09/05 16:04:29.425, 0, NVIDIA L40S, 79 %, 27683 MiB
2026/09/05 16:04:29.425, 1, NVIDIA L40S, 84 %, 27747 MiB
2026/09/05 16:04:29.426, 2, NVIDIA L40S, 96 %, 27347 MiB
2026/09/05 16:04:29.426, 3, NVIDIA L40S, 80 %, 27717 MiB
2026/09/05 16:04:39.426, 0, NVIDIA L40S, 94 %, 27683 MiB
2026/09/05 16:04:39.426, 1, NVIDIA L40S, 93 %, 27747 MiB
2026/09/05 16:04:39.426, 2, NVIDIA L40S, 95 %, 27347 MiB
2026/09/05 16:04:39.426, 3, NVIDIA L40S, 85 %, 27717 MiB
2026/09/05 16:04:49.427, 0, NVIDIA L40S, 94 %, 27683 MiB
2026/09/05 16:04:49.427, 1, NVIDIA L40S, 75 %, 27747 MiB
2026/09/05 16:04:49.427, 2, NVIDIA L40S, 77 %, 27347 MiB
2026/09/05 16:04:49.427, 3, NVIDIA L40S, 75 %, 27717 MiB
2026/09/05 16:04:59.428, 0, NVIDIA L40S, 95 %, 27683 MiB
2026/09/05 16:04:59.428, 1, NVIDIA L40S, 94 %, 27747 MiB
2026/09/05 16:04:59.428, 2, NVIDIA L40S, 76 %, 27347 MiB
2026/09/05 16:04:59.428, 3, NVIDIA L40S, 85 %, 27717 MiB
2026/09/05 16:05:09.429, 0, NVIDIA L40S, 96 %, 27683 MiB
2026/09/05 16:05:09.429, 1, NVIDIA L40S, 72 %, 27747 MiB
2026/09/05 16:05:09.429, 2, NVIDIA L40S, 87 %, 27347 MiB
2026/09/05 16:05:09.429, 3, NVIDIA L40S, 94 %, 27717 MiB
2026/09/05 16:05:19.430, 0, NVIDIA L40S, 80 %, 27683 MiB
2026/09/05 16:05:19.430, 1, NVIDIA L40S, 85 %, 27747 MiB
2026/09/05 16:05:19.430, 2, NVIDIA L40S, 95 %, 27347 MiB
2026/09/05 16:05:19.430, 3, NVIDIA L40S, 94 %, 27717 MiB
2026/09/05 16:05:29.431, 0, NVIDIA L40S, 77 %, 27683 MiB
2026/09/05 16:05:29.431, 1, NVIDIA L40S, 73 %, 27747 MiB
2026/09/05 16:05:29.431, 2, NVIDIA L40S, 95 %, 27347 MiB
2026/09/05 16:05:29.431, 3, NVIDIA L40S, 73 %, 27717 MiB
2026/09/05 16:05:39.432, 0, NVIDIA L40S, 84 %, 27683 MiB
2026/09/05 16:05:39.432, 1, NVIDIA L40S, 92 %, 27747 MiB
2026/09/05 16:05:39.432, 2, NVIDIA L40S, 95 %, 27347 MiB
2026/09/05 16:05:39.432, 3, NVIDIA L40S, 83 %, 27717 MiB
2026/09/05 16:05:49.433, 0, NVIDIA L40S, 79 %, 27683 MiB
2026/09/05 16:05:49.433, 1, NVIDIA L40S, 94 %, 27747 MiB
2026/09/05 16:05:49.433, 2, NVIDIA L40S, 85 %, 27347 MiB
2026/09/05 16:05:49.433, 3, NVIDIA L40S, 80 %, 27717 MiB
2026/09/05 16:05:59.434, 0, NVIDIA L40S, 79 %, 27683 MiB
2026/09/05 16:05:59.434, 1, NVIDIA L40S, 93 %, 27747 MiB
2026/09/05 16:05:59.434, 2, NVIDIA L40S, 86 %, 27347 MiB
2026/09/05 16:05:59.434, 3, NVIDIA L40S, 86 %, 27717 MiB
2026/09/05 16:06:09.435, 0, NVIDIA L40S, 84 %, 27683 MiB
2026/09/05 16:06:09.435, 1, NVIDIA L40S, 92 %, 27747 MiB
2026/09/05 16:06:09.435, 2, NVIDIA L40S, 95 %, 27347 MiB
2026/09/05 16:06:09.435, 3, NVIDIA L40S, 95 %, 27717 MiB
2026/09/05 16:06:19.436, 0, NVIDIA L40S, 84 %, 27683 MiB
2026/09/05 16:06:19.436, 1, NVIDIA L40S, 77 %, 27747 MiB
2026/09/05 16:06:19.436, 2, NVIDIA L40S, 85 %, 27347 MiB
2026/09/05 16:06:19.436, 3, NVIDIA L40S, 95 %, 27717 MiB
2026/09/05 16:06:29.437, 0, NVIDIA L40S, 85 %, 27683 MiB
2026/09/05 16:06:29.437, 1, NVIDIA L40S, 84 %, 27747 MiB
2026/09/05 16:06:29.437, 2, NVIDIA L40S, 95 %, 27347 MiB
2026/09/05 16:06:29.437, 3, NVIDIA L40S, 75 %, 27717 MiB
2026/09/05 16:06:39.438, 0, NVIDIA L40S, 87 %, 27683 MiB
2026/09/05 16:06:39.438, 1, NVIDIA L40S, 75 %, 27747 MiB
2026/09/05 16:06:39.438, 2, NVIDIA L40S, 80 %, 27347 MiB
2026/09/05 16:06:39.438, 3, NVIDIA L40S, 77 %, 27717 MiB
2026/09/05 16:06:49.439, 0, NVIDIA L40S, 85 %, 27683 MiB
2026/09/05 16:06:49.439, 1, NVIDIA L40S, 93 %, 27747 MiB
2026/09/05 16:06:49.439, 2, NVIDIA L40S, 80 %, 27347 MiB
2026/09/05 16:06:49.439, 3, NVIDIA L40S, 79 %, 27717 MiB
2026/09/05 16:06:59.440, 0, NVIDIA L40S, 79 %, 27723 MiB
2026/09/05 16:06:59.441, 1, NVIDIA L40S, 93 %, 27747 MiB
2026/09/05 16:06:59.441, 2, NVIDIA L40S, 96 %, 27347 MiB
2026/09/05 16:06:59.441, 3, NVIDIA L40S, 95 %, 27717 MiB
2026/09/05 16:07:09.442, 0, NVIDIA L40S, 83 %, 27723 MiB
2026/09/05 16:07:09.442, 1, NVIDIA L40S, 93 %, 27747 MiB
2026/09/05 16:07:09.442, 2, NVIDIA L40S, 85 %, 27347 MiB
2026/09/05 16:07:09.442, 3, NVIDIA L40S, 86 %, 27717 MiB
2026/09/05 16:07:19.443, 0, NVIDIA L40S, 84 %, 27723 MiB
2026/09/05 16:07:19.443, 1, NVIDIA L40S, 90 %, 27747 MiB
2026/09/05 16:07:19.443, 2, NVIDIA L40S, 78 %, 27347 MiB
2026/09/05 16:07:19.443, 3, NVIDIA L40S, 95 %, 27717 MiB
2026/09/05 16:07:29.444, 0, NVIDIA L40S, 87 %, 27787 MiB
2026/09/05 16:07:29.444, 1, NVIDIA L40S, 82 %, 27747 MiB
2026/09/05 16:07:29.445, 2, NVIDIA L40S, 95 %, 27347 MiB
2026/09/05 16:07:29.445, 3, NVIDIA L40S, 76 %, 27717 MiB
2026/09/05 16:07:39.446, 0, NVIDIA L40S, 87 %, 27787 MiB
2026/09/05 16:07:39.446, 1, NVIDIA L40S, 82 %, 27747 MiB
2026/09/05 16:07:39.446, 2, NVIDIA L40S, 84 %, 27347 MiB
2026/09/05 16:07:39.446, 3, NVIDIA L40S, 95 %, 27717 MiB
2026/09/05 16:07:49.447, 0, NVIDIA L40S, 89 %, 27787 MiB
2026/09/05 16:07:49.447, 1, NVIDIA L40S, 94 %, 27747 MiB
2026/09/05 16:07:49.447, 2, NVIDIA L40S, 91 %, 27347 MiB
2026/09/05 16:07:49.447, 3, NVIDIA L40S, 79 %, 27717 MiB
2026/09/05 16:07:59.448, 0, NVIDIA L40S, 96 %, 27787 MiB
2026/09/05 16:07:59.449, 1, NVIDIA L40S, 94 %, 27747 MiB
2026/09/05 16:07:59.449, 2, NVIDIA L40S, 75 %, 27347 MiB
2026/09/05 16:07:59.449, 3, NVIDIA L40S, 96 %, 27717 MiB
2026/09/05 16:08:09.450, 0, NVIDIA L40S, 96 %, 27787 MiB
2026/09/05 16:08:09.450, 1, NVIDIA L40S, 75 %, 27747 MiB
2026/09/05 16:08:09.450, 2, NVIDIA L40S, 76 %, 27347 MiB
2026/09/05 16:08:09.450, 3, NVIDIA L40S, 95 %, 27717 MiB
2026/09/05 16:08:19.451, 0, NVIDIA L40S, 84 %, 27787 MiB
2026/09/05 16:08:19.451, 1, NVIDIA L40S, 83 %, 27747 MiB
2026/09/05 16:08:19.451, 2, NVIDIA L40S, 96 %, 27347 MiB
2026/09/05 16:08:19.451, 3, NVIDIA L40S, 86 %, 27717 MiB
2026/09/05 16:08:29.452, 0, NVIDIA L40S, 95 %, 27787 MiB
2026/09/05 16:08:29.452, 1, NVIDIA L40S, 84 %, 27747 MiB
2026/09/05 16:08:29.452, 2, NVIDIA L40S, 85 %, 27347 MiB
2026/09/05 16:08:29.453, 3, NVIDIA L40S, 95 %, 27717 MiB
2026/09/05 16:08:39.454, 0, NVIDIA L40S, 74 %, 27787 MiB
2026/09/05 16:08:39.454, 1, NVIDIA L40S, 94 %, 27747 MiB
2026/09/05 16:08:39.454, 2, NVIDIA L40S, 95 %, 27347 MiB
2026/09/05 16:08:39.454, 3, NVIDIA L40S, 79 %, 27717 MiB
2026/09/05 16:08:49.455, 0, NVIDIA L40S, 74 %, 27787 MiB
2026/09/05 16:08:49.455, 1, NVIDIA L40S, 83 %, 27747 MiB
2026/09/05 16:08:49.455, 2, NVIDIA L40S, 76 %, 27347 MiB
2026/09/05 16:08:49.455, 3, NVIDIA L40S, 85 %, 27717 MiB
2026/09/05 16:08:59.456, 0, NVIDIA L40S, 78 %, 27787 MiB
2026/09/05 16:08:59.457, 1, NVIDIA L40S, 86 %, 27747 MiB
2026/09/05 16:08:59.457, 2, NVIDIA L40S, 74 %, 27347 MiB
2026/09/05 16:08:59.457, 3, NVIDIA L40S, 95 %, 27717 MiB
2026/09/05 16:09:09.458, 0, NVIDIA L40S, 93 %, 27787 MiB
2026/09/05 16:09:09.458, 1, NVIDIA L40S, 93 %, 27747 MiB
2026/09/05 16:09:09.458, 2, NVIDIA L40S, 75 %, 27347 MiB
2026/09/05 16:09:09.458, 3, NVIDIA L40S, 94 %, 27717 MiB
2026/09/05 16:09:19.459, 0, NVIDIA L40S, 93 %, 27787 MiB
2026/09/05 16:09:19.459, 1, NVIDIA L40S, 78 %, 27747 MiB
2026/09/05 16:09:19.460, 2, NVIDIA L40S, 95 %, 27347 MiB
2026/09/05 16:09:19.460, 3, NVIDIA L40S, 96 %, 27717 MiB
2026/09/05 16:09:29.461, 0, NVIDIA L40S, 94 %, 27787 MiB
2026/09/05 16:09:29.461, 1, NVIDIA L40S, 84 %, 27747 MiB
2026/09/05 16:09:29.461, 2, NVIDIA L40S, 86 %, 27347 MiB
2026/09/05 16:09:29.461, 3, NVIDIA L40S, 76 %, 27717 MiB
2026/09/05 16:09:39.462, 0, NVIDIA L40S, 94 %, 27787 MiB
2026/09/05 16:09:39.462, 1, NVIDIA L40S, 75 %, 27747 MiB
2026/09/05 16:09:39.462, 2, NVIDIA L40S, 96 %, 27347 MiB
2026/09/05 16:09:39.462, 3, NVIDIA L40S, 86 %, 27717 MiB
2026/09/05 16:09:49.463, 0, NVIDIA L40S, 80 %, 27787 MiB
2026/09/05 16:09:49.464, 1, NVIDIA L40S, 72 %, 27747 MiB
2026/09/05 16:09:49.464, 2, NVIDIA L40S, 72 %, 27347 MiB
2026/09/05 16:09:49.464, 3, NVIDIA L40S, 94 %, 27717 MiB
2026/09/05 16:09:59.465, 0, NVIDIA L40S, 84 %, 27787 MiB
2026/09/05 16:09:59.465, 1, NVIDIA L40S, 77 %, 27747 MiB
2026/09/05 16:09:59.465, 2, NVIDIA L40S, 96 %, 27347 MiB
2026/09/05 16:09:59.465, 3, NVIDIA L40S, 94 %, 27717 MiB
2026/09/05 16:10:09.466, 0, NVIDIA L40S, 74 %, 27787 MiB
2026/09/05 16:10:09.466, 1, NVIDIA L40S, 86 %, 27747 MiB
2026/09/05 16:10:09.467, 2, NVIDIA L40S, 74 %, 27347 MiB
2026/09/05 16:10:09.467, 3, NVIDIA L40S, 94 %, 27717 MiB
2026/09/05 16:10:19.468, 0, NVIDIA L40S, 84 %, 27787 MiB
2026/09/05 16:10:19.468, 1, NVIDIA L40S, 94 %, 27747 MiB
2026/09/05 16:10:19.468, 2, NVIDIA L40S, 75 %, 27347 MiB
2026/09/05 16:10:19.468, 3, NVIDIA L40S, 82 %, 27717 MiB
2026/09/05 16:10:29.469, 0, NVIDIA L40S, 94 %, 27787 MiB
2026/09/05 16:10:29.469, 1, NVIDIA L40S, 95 %, 27747 MiB
2026/09/05 16:10:29.469, 2, NVIDIA L40S, 87 %, 27347 MiB
2026/09/05 16:10:29.469, 3, NVIDIA L40S, 95 %, 27717 MiB
2026/09/05 16:10:39.470, 0, NVIDIA L40S, 94 %, 27787 MiB
2026/09/05 16:10:39.471, 1, NVIDIA L40S, 93 %, 27747 MiB
2026/09/05 16:10:39.471, 2, NVIDIA L40S, 95 %, 27347 MiB
2026/09/05 16:10:39.471, 3, NVIDIA L40S, 95 %, 27717 MiB
2026/09/05 16:10:49.472, 0, NVIDIA L40S, 95 %, 27787 MiB
2026/09/05 16:10:49.472, 1, NVIDIA L40S, 92 %, 27747 MiB
2026/09/05 16:10:49.472, 2, NVIDIA L40S, 79 %, 27347 MiB
2026/09/05 16:10:49.472, 3, NVIDIA L40S, 79 %, 27717 MiB
2026/09/05 16:10:59.473, 0, NVIDIA L40S, 77 %, 27787 MiB
2026/09/05 16:10:59.473, 1, NVIDIA L40S, 94 %, 27747 MiB
2026/09/05 16:10:59.473, 2, NVIDIA L40S, 73 %, 27347 MiB
2026/09/05 16:10:59.473, 3, NVIDIA L40S, 76 %, 27717 MiB
2026/09/05 16:11:09.474, 0, NVIDIA L40S, 86 %, 27787 MiB
2026/09/05 16:11:09.475, 1, NVIDIA L40S, 93 %, 27747 MiB
2026/09/05 16:11:09.475, 2, NVIDIA L40S, 82 %, 27347 MiB
2026/09/05 16:11:09.475, 3, NVIDIA L40S, 84 %, 27717 MiB
2026/09/05 16:11:19.476, 0, NVIDIA L40S, 95 %, 27787 MiB
2026/09/05 16:11:19.476, 1, NVIDIA L40S, 93 %, 27747 MiB
2026/09/05 16:11:19.476, 2, NVIDIA L40S, 87 %, 27347 MiB
2026/09/05 16:11:19.476, 3, NVIDIA L40S, 86 %, 27717 MiB
2026/09/05 16:11:29.477, 0, NVIDIA L40S, 95 %, 27787 MiB
2026/09/05 16:11:29.477, 1, NVIDIA L40S, 78 %, 27747 MiB
2026/09/05 16:11:29.721, 2, NVIDIA L40S, 96 %, 27347 MiB
2026/09/05 16:11:29.722, 3, NVIDIA L40S, 78 %, 27773 MiB
2026/09/05 16:11:39.723, 0, NVIDIA L40S, 94 %, 27787 MiB
2026/09/05 16:11:39.723, 1, NVIDIA L40S, 85 %, 27747 MiB
2026/09/05 16:11:39.723, 2, NVIDIA L40S, 95 %, 27347 MiB
2026/09/05 16:11:39.723, 3, NVIDIA L40S, 84 %, 27773 MiB
2026/09/05 16:11:49.724, 0, NVIDIA L40S, 95 %, 27787 MiB
2026/09/05 16:11:49.724, 1, NVIDIA L40S, 83 %, 27747 MiB
2026/09/05 16:11:49.724, 2, NVIDIA L40S, 82 %, 27347 MiB
2026/09/05 16:11:49.724, 3, NVIDIA L40S, 87 %, 27821 MiB
2026/09/05 16:11:59.725, 0, NVIDIA L40S, 73 %, 27787 MiB
2026/09/05 16:11:59.726, 1, NVIDIA L40S, 94 %, 27747 MiB
2026/09/05 16:11:59.726, 2, NVIDIA L40S, 96 %, 27347 MiB
2026/09/05 16:11:59.726, 3, NVIDIA L40S, 86 %, 27821 MiB
2026/09/05 16:12:09.727, 0, NVIDIA L40S, 79 %, 27787 MiB
2026/09/05 16:12:09.727, 1, NVIDIA L40S, 94 %, 27747 MiB
2026/09/05 16:12:09.727, 2, NVIDIA L40S, 76 %, 27347 MiB
2026/09/05 16:12:09.727, 3, NVIDIA L40S, 97 %, 27821 MiB
2026/09/05 16:12:19.728, 0, NVIDIA L40S, 87 %, 27787 MiB
2026/09/05 16:12:19.728, 1, NVIDIA L40S, 94 %, 27747 MiB
2026/09/05 16:12:19.728, 2, NVIDIA L40S, 74 %, 27347 MiB
2026/09/05 16:12:19.729, 3, NVIDIA L40S, 96 %, 27821 MiB
2026/09/05 16:12:29.730, 0, NVIDIA L40S, 94 %, 27787 MiB
2026/09/05 16:12:29.730, 1, NVIDIA L40S, 94 %, 27747 MiB
2026/09/05 16:12:29.730, 2, NVIDIA L40S, 93 %, 27347 MiB
2026/09/05 16:12:29.730, 3, NVIDIA L40S, 97 %, 27821 MiB
2026/09/05 16:12:39.731, 0, NVIDIA L40S, 75 %, 27787 MiB
2026/09/05 16:12:39.731, 1, NVIDIA L40S, 93 %, 27747 MiB
2026/09/05 16:12:39.731, 2, NVIDIA L40S, 83 %, 27347 MiB
2026/09/05 16:12:39.731, 3, NVIDIA L40S, 95 %, 27821 MiB
2026/09/05 16:12:49.732, 0, NVIDIA L40S, 83 %, 27787 MiB
2026/09/05 16:12:49.732, 1, NVIDIA L40S, 79 %, 27747 MiB
2026/09/05 16:12:49.732, 2, NVIDIA L40S, 95 %, 27347 MiB
2026/09/05 16:12:49.732, 3, NVIDIA L40S, 95 %, 27821 MiB
2026/09/05 16:12:59.733, 0, NVIDIA L40S, 87 %, 27787 MiB
2026/09/05 16:12:59.734, 1, NVIDIA L40S, 85 %, 27747 MiB
2026/09/05 16:12:59.734, 2, NVIDIA L40S, 96 %, 27347 MiB
2026/09/05 16:12:59.734, 3, NVIDIA L40S, 94 %, 27821 MiB
2026/09/05 16:13:09.735, 0, NVIDIA L40S, 94 %, 27787 MiB
2026/09/05 16:13:09.735, 1, NVIDIA L40S, 80 %, 27747 MiB
2026/09/05 16:13:09.735, 2, NVIDIA L40S, 74 %, 27347 MiB
2026/09/05 16:13:09.735, 3, NVIDIA L40S, 85 %, 27821 MiB
2026/09/05 16:13:19.736, 0, NVIDIA L40S, 95 %, 27787 MiB
2026/09/05 16:13:19.736, 1, NVIDIA L40S, 93 %, 27747 MiB
2026/09/05 16:13:19.736, 2, NVIDIA L40S, 87 %, 27347 MiB
2026/09/05 16:13:19.736, 3, NVIDIA L40S, 95 %, 27821 MiB
2026/09/05 16:13:29.737, 0, NVIDIA L40S, 84 %, 27787 MiB
2026/09/05 16:13:29.737, 1, NVIDIA L40S, 93 %, 27747 MiB
2026/09/05 16:13:29.738, 2, NVIDIA L40S, 84 %, 27347 MiB
2026/09/05 16:13:29.738, 3, NVIDIA L40S, 95 %, 27821 MiB
2026/09/05 16:13:39.739, 0, NVIDIA L40S, 94 %, 27787 MiB
2026/09/05 16:13:39.739, 1, NVIDIA L40S, 71 %, 27747 MiB
2026/09/05 16:13:39.739, 2, NVIDIA L40S, 86 %, 27347 MiB
2026/09/05 16:13:39.739, 3, NVIDIA L40S, 80 %, 27821 MiB
2026/09/05 16:13:49.740, 0, NVIDIA L40S, 76 %, 27787 MiB
2026/09/05 16:13:49.740, 1, NVIDIA L40S, 71 %, 27747 MiB
2026/09/05 16:13:49.740, 2, NVIDIA L40S, 97 %, 27347 MiB
2026/09/05 16:13:49.740, 3, NVIDIA L40S, 73 %, 27821 MiB
2026/09/05 16:13:59.742, 0, NVIDIA L40S, 77 %, 27787 MiB
2026/09/05 16:13:59.742, 1, NVIDIA L40S, 72 %, 27747 MiB
2026/09/05 16:13:59.742, 2, NVIDIA L40S, 96 %, 27347 MiB
2026/09/05 16:13:59.742, 3, NVIDIA L40S, 96 %, 27821 MiB
2026/09/05 16:14:09.743, 0, NVIDIA L40S, 83 %, 27787 MiB
2026/09/05 16:14:09.743, 1, NVIDIA L40S, 84 %, 27747 MiB
2026/09/05 16:14:09.743, 2, NVIDIA L40S, 81 %, 27347 MiB
2026/09/05 16:14:09.743, 3, NVIDIA L40S, 95 %, 27821 MiB
2026/09/05 16:14:19.744, 0, NVIDIA L40S, 73 %, 27787 MiB
2026/09/05 16:14:19.745, 1, NVIDIA L40S, 93 %, 27747 MiB
2026/09/05 16:14:19.745, 2, NVIDIA L40S, 95 %, 27347 MiB
2026/09/05 16:14:19.745, 3, NVIDIA L40S, 76 %, 27821 MiB
2026/09/05 16:14:29.746, 0, NVIDIA L40S, 77 %, 27787 MiB
2026/09/05 16:14:29.746, 1, NVIDIA L40S, 93 %, 27747 MiB
2026/09/05 16:14:29.746, 2, NVIDIA L40S, 83 %, 27347 MiB
2026/09/05 16:14:29.746, 3, NVIDIA L40S, 74 %, 27821 MiB
2026/09/05 16:14:39.747, 0, NVIDIA L40S, 85 %, 27787 MiB
2026/09/05 16:14:39.747, 1, NVIDIA L40S, 94 %, 27747 MiB
2026/09/05 16:14:39.747, 2, NVIDIA L40S, 86 %, 27347 MiB
2026/09/05 16:14:39.748, 3, NVIDIA L40S, 85 %, 27821 MiB
2026/09/05 16:14:49.748, 0, NVIDIA L40S, 94 %, 27787 MiB
2026/09/05 16:14:49.749, 1, NVIDIA L40S, 77 %, 27747 MiB
2026/09/05 16:14:49.749, 2, NVIDIA L40S, 95 %, 27347 MiB
2026/09/05 16:14:49.749, 3, NVIDIA L40S, 96 %, 27821 MiB
2026/09/05 16:14:59.750, 0, NVIDIA L40S, 94 %, 27787 MiB
2026/09/05 16:14:59.750, 1, NVIDIA L40S, 77 %, 27747 MiB
2026/09/05 16:14:59.750, 2, NVIDIA L40S, 94 %, 27347 MiB
2026/09/05 16:14:59.750, 3, NVIDIA L40S, 75 %, 27821 MiB
2026/09/05 16:15:09.751, 0, NVIDIA L40S, 95 %, 27787 MiB
2026/09/05 16:15:09.751, 1, NVIDIA L40S, 74 %, 27747 MiB
2026/09/05 16:15:09.752, 2, NVIDIA L40S, 74 %, 27347 MiB
2026/09/05 16:15:09.752, 3, NVIDIA L40S, 95 %, 27821 MiB
2026/09/05 16:15:19.753, 0, NVIDIA L40S, 94 %, 27787 MiB
2026/09/05 16:15:19.753, 1, NVIDIA L40S, 76 %, 27747 MiB
2026/09/05 16:15:19.753, 2, NVIDIA L40S, 95 %, 27347 MiB
2026/09/05 16:15:19.753, 3, NVIDIA L40S, 75 %, 27821 MiB
2026/09/05 16:15:29.754, 0, NVIDIA L40S, 94 %, 27787 MiB
2026/09/05 16:15:29.754, 1, NVIDIA L40S, 77 %, 27747 MiB
2026/09/05 16:15:29.754, 2, NVIDIA L40S, 78 %, 27347 MiB
2026/09/05 16:15:29.754, 3, NVIDIA L40S, 73 %, 27821 MiB
2026/09/05 16:15:39.755, 0, NVIDIA L40S, 79 %, 27787 MiB
2026/09/05 16:15:39.756, 1, NVIDIA L40S, 81 %, 27747 MiB
2026/09/05 16:15:39.756, 2, NVIDIA L40S, 84 %, 27347 MiB
2026/09/05 16:15:39.756, 3, NVIDIA L40S, 95 %, 27821 MiB
2026/09/05 16:15:49.757, 0, NVIDIA L40S, 82 %, 27787 MiB
2026/09/05 16:15:49.757, 1, NVIDIA L40S, 83 %, 27747 MiB
2026/09/05 16:15:49.757, 2, NVIDIA L40S, 84 %, 27347 MiB
2026/09/05 16:15:49.757, 3, NVIDIA L40S, 85 %, 27821 MiB
2026/09/05 16:15:59.758, 0, NVIDIA L40S, 82 %, 27787 MiB
2026/09/05 16:15:59.758, 1, NVIDIA L40S, 85 %, 27747 MiB
2026/09/05 16:15:59.758, 2, NVIDIA L40S, 95 %, 27347 MiB
2026/09/05 16:15:59.758, 3, NVIDIA L40S, 95 %, 27821 MiB
2026/09/05 16:16:09.759, 0, NVIDIA L40S, 86 %, 27787 MiB
2026/09/05 16:16:09.759, 1, NVIDIA L40S, 85 %, 27747 MiB
2026/09/05 16:16:09.760, 2, NVIDIA L40S, 84 %, 27347 MiB
2026/09/05 16:16:09.760, 3, NVIDIA L40S, 95 %, 27821 MiB
2026/09/05 16:16:19.761, 0, NVIDIA L40S, 88 %, 27787 MiB
2026/09/05 16:16:19.761, 1, NVIDIA L40S, 89 %, 27747 MiB
2026/09/05 16:16:19.761, 2, NVIDIA L40S, 72 %, 27347 MiB
2026/09/05 16:16:19.761, 3, NVIDIA L40S, 76 %, 27821 MiB
2026/09/05 16:16:29.762, 0, NVIDIA L40S, 95 %, 27787 MiB
2026/09/05 16:16:29.762, 1, NVIDIA L40S, 93 %, 27747 MiB
2026/09/05 16:16:29.762, 2, NVIDIA L40S, 95 %, 27347 MiB
2026/09/05 16:16:29.762, 3, NVIDIA L40S, 93 %, 27821 MiB
2026/09/05 16:16:39.763, 0, NVIDIA L40S, 94 %, 27787 MiB
2026/09/05 16:16:39.763, 1, NVIDIA L40S, 94 %, 27747 MiB
2026/09/05 16:16:39.764, 2, NVIDIA L40S, 81 %, 27347 MiB
2026/09/05 16:16:39.764, 3, NVIDIA L40S, 76 %, 27821 MiB
2026/09/05 16:16:49.765, 0, NVIDIA L40S, 84 %, 27787 MiB
2026/09/05 16:16:49.765, 1, NVIDIA L40S, 94 %, 27747 MiB
2026/09/05 16:16:49.765, 2, NVIDIA L40S, 84 %, 27347 MiB
2026/09/05 16:16:49.765, 3, NVIDIA L40S, 84 %, 27821 MiB
2026/09/05 16:16:59.766, 0, NVIDIA L40S, 92 %, 27787 MiB
2026/09/05 16:16:59.766, 1, NVIDIA L40S, 86 %, 27885 MiB
2026/09/05 16:16:59.766, 2, NVIDIA L40S, 81 %, 27347 MiB
2026/09/05 16:16:59.766, 3, NVIDIA L40S, 78 %, 27821 MiB
2026/09/05 16:17:09.767, 0, NVIDIA L40S, 93 %, 27787 MiB
2026/09/05 16:17:09.768, 1, NVIDIA L40S, 86 %, 27885 MiB
2026/09/05 16:17:09.768, 2, NVIDIA L40S, 81 %, 27347 MiB
2026/09/05 16:17:09.768, 3, NVIDIA L40S, 83 %, 27821 MiB
2026/09/05 16:17:19.769, 0, NVIDIA L40S, 83 %, 27787 MiB
2026/09/05 16:17:19.769, 1, NVIDIA L40S, 87 %, 27885 MiB
2026/09/05 16:17:19.769, 2, NVIDIA L40S, 87 %, 27347 MiB
2026/09/05 16:17:19.769, 3, NVIDIA L40S, 95 %, 27821 MiB
2026/09/05 16:17:29.770, 0, NVIDIA L40S, 73 %, 27787 MiB
2026/09/05 16:17:29.770, 1, NVIDIA L40S, 87 %, 27885 MiB
2026/09/05 16:17:29.771, 2, NVIDIA L40S, 90 %, 27347 MiB
2026/09/05 16:17:29.771, 3, NVIDIA L40S, 78 %, 27821 MiB
2026/09/05 16:17:39.772, 0, NVIDIA L40S, 85 %, 27787 MiB
2026/09/05 16:17:39.772, 1, NVIDIA L40S, 95 %, 27885 MiB
2026/09/05 16:17:39.772, 2, NVIDIA L40S, 96 %, 27347 MiB
2026/09/05 16:17:39.772, 3, NVIDIA L40S, 84 %, 27821 MiB
2026/09/05 16:17:49.773, 0, NVIDIA L40S, 94 %, 27787 MiB
2026/09/05 16:17:49.773, 1, NVIDIA L40S, 96 %, 27885 MiB
2026/09/05 16:17:49.773, 2, NVIDIA L40S, 89 %, 27347 MiB
2026/09/05 16:17:49.773, 3, NVIDIA L40S, 84 %, 27821 MiB
2026/09/05 16:17:59.774, 0, NVIDIA L40S, 86 %, 27787 MiB
2026/09/05 16:17:59.775, 1, NVIDIA L40S, 97 %, 27885 MiB
2026/09/05 16:17:59.775, 2, NVIDIA L40S, 91 %, 27347 MiB
2026/09/05 16:17:59.775, 3, NVIDIA L40S, 95 %, 27821 MiB
2026/09/05 16:18:09.776, 0, NVIDIA L40S, 95 %, 27787 MiB
2026/09/05 16:18:09.776, 1, NVIDIA L40S, 79 %, 27885 MiB
2026/09/05 16:18:09.776, 2, NVIDIA L40S, 95 %, 27347 MiB
2026/09/05 16:18:09.776, 3, NVIDIA L40S, 85 %, 27821 MiB
2026/09/05 16:18:19.777, 0, NVIDIA L40S, 77 %, 27787 MiB
2026/09/05 16:18:19.777, 1, NVIDIA L40S, 81 %, 27885 MiB
2026/09/05 16:18:19.777, 2, NVIDIA L40S, 94 %, 27347 MiB
2026/09/05 16:18:19.777, 3, NVIDIA L40S, 77 %, 27821 MiB
2026/09/05 16:18:29.778, 0, NVIDIA L40S, 84 %, 27787 MiB
2026/09/05 16:18:29.778, 1, NVIDIA L40S, 86 %, 27885 MiB
2026/09/05 16:18:29.778, 2, NVIDIA L40S, 73 %, 27347 MiB
2026/09/05 16:18:29.779, 3, NVIDIA L40S, 94 %, 27821 MiB
2026/09/05 16:18:39.780, 0, NVIDIA L40S, 94 %, 27787 MiB
2026/09/05 16:18:39.780, 1, NVIDIA L40S, 83 %, 27885 MiB
2026/09/05 16:18:39.780, 2, NVIDIA L40S, 85 %, 27347 MiB
2026/09/05 16:18:39.780, 3, NVIDIA L40S, 84 %, 27821 MiB
2026/09/05 16:18:49.781, 0, NVIDIA L40S, 95 %, 27787 MiB
2026/09/05 16:18:49.781, 1, NVIDIA L40S, 93 %, 27885 MiB
2026/09/05 16:18:49.781, 2, NVIDIA L40S, 93 %, 27347 MiB
2026/09/05 16:18:49.781, 3, NVIDIA L40S, 94 %, 27821 MiB
2026/09/05 16:18:59.782, 0, NVIDIA L40S, 81 %, 27787 MiB
2026/09/05 16:18:59.783, 1, NVIDIA L40S, 93 %, 27885 MiB
2026/09/05 16:18:59.783, 2, NVIDIA L40S, 95 %, 27347 MiB
2026/09/05 16:18:59.783, 3, NVIDIA L40S, 94 %, 27821 MiB
2026/09/05 16:19:09.784, 0, NVIDIA L40S, 95 %, 27787 MiB
2026/09/05 16:19:09.784, 1, NVIDIA L40S, 83 %, 27885 MiB
2026/09/05 16:19:09.784, 2, NVIDIA L40S, 94 %, 27347 MiB
2026/09/05 16:19:09.784, 3, NVIDIA L40S, 95 %, 27821 MiB
2026/09/05 16:19:19.785, 0, NVIDIA L40S, 81 %, 27787 MiB
2026/09/05 16:19:19.785, 1, NVIDIA L40S, 84 %, 27885 MiB
2026/09/05 16:19:19.785, 2, NVIDIA L40S, 75 %, 27347 MiB
2026/09/05 16:19:19.785, 3, NVIDIA L40S, 73 %, 27821 MiB
2026/09/05 16:19:29.786, 0, NVIDIA L40S, 85 %, 27787 MiB
2026/09/05 16:19:29.787, 1, NVIDIA L40S, 91 %, 27885 MiB
2026/09/05 16:19:29.787, 2, NVIDIA L40S, 84 %, 27347 MiB
2026/09/05 16:19:29.787, 3, NVIDIA L40S, 75 %, 27821 MiB
2026/09/05 16:19:39.788, 0, NVIDIA L40S, 78 %, 27787 MiB
2026/09/05 16:19:39.788, 1, NVIDIA L40S, 93 %, 27885 MiB
2026/09/05 16:19:39.788, 2, NVIDIA L40S, 94 %, 27347 MiB
2026/09/05 16:19:39.788, 3, NVIDIA L40S, 93 %, 27821 MiB
2026/09/05 16:19:49.789, 0, NVIDIA L40S, 94 %, 27787 MiB
2026/09/05 16:19:49.789, 1, NVIDIA L40S, 74 %, 27885 MiB
2026/09/05 16:19:49.789, 2, NVIDIA L40S, 81 %, 27347 MiB
2026/09/05 16:19:49.790, 3, NVIDIA L40S, 83 %, 27821 MiB
2026/09/05 16:19:59.791, 0, NVIDIA L40S, 84 %, 27787 MiB
2026/09/05 16:19:59.791, 1, NVIDIA L40S, 79 %, 27885 MiB
2026/09/05 16:19:59.791, 2, NVIDIA L40S, 78 %, 27347 MiB
2026/09/05 16:19:59.791, 3, NVIDIA L40S, 94 %, 27821 MiB
2026/09/05 16:20:09.792, 0, NVIDIA L40S, 94 %, 27787 MiB
2026/09/05 16:20:09.792, 1, NVIDIA L40S, 75 %, 27885 MiB
2026/09/05 16:20:09.792, 2, NVIDIA L40S, 76 %, 27347 MiB
2026/09/05 16:20:09.792, 3, NVIDIA L40S, 71 %, 27821 MiB
2026/09/05 16:20:19.793, 0, NVIDIA L40S, 95 %, 27787 MiB
2026/09/05 16:20:19.793, 1, NVIDIA L40S, 92 %, 27885 MiB
2026/09/05 16:20:19.794, 2, NVIDIA L40S, 88 %, 27347 MiB
2026/09/05 16:20:19.794, 3, NVIDIA L40S, 85 %, 27821 MiB
2026/09/05 16:20:29.794, 0, NVIDIA L40S, 73 %, 27787 MiB
2026/09/05 16:20:29.795, 1, NVIDIA L40S, 86 %, 27885 MiB
2026/09/05 16:20:29.795, 2, NVIDIA L40S, 94 %, 27347 MiB
2026/09/05 16:20:29.795, 3, NVIDIA L40S, 83 %, 27821 MiB
2026/09/05 16:20:39.796, 0, NVIDIA L40S, 73 %, 27787 MiB
2026/09/05 16:20:39.796, 1, NVIDIA L40S, 76 %, 27885 MiB
2026/09/05 16:20:39.796, 2, NVIDIA L40S, 94 %, 27347 MiB
2026/09/05 16:20:39.796, 3, NVIDIA L40S, 92 %, 27821 MiB
2026/09/05 16:20:49.797, 0, NVIDIA L40S, 84 %, 27787 MiB
2026/09/05 16:20:49.797, 1, NVIDIA L40S, 93 %, 27885 MiB
2026/09/05 16:20:49.797, 2, NVIDIA L40S, 96 %, 27347 MiB
2026/09/05 16:20:49.797, 3, NVIDIA L40S, 95 %, 27821 MiB
2026/09/05 16:20:59.798, 0, NVIDIA L40S, 94 %, 27787 MiB
2026/09/05 16:20:59.798, 1, NVIDIA L40S, 74 %, 27885 MiB
2026/09/05 16:20:59.798, 2, NVIDIA L40S, 95 %, 27347 MiB
2026/09/05 16:20:59.799, 3, NVIDIA L40S, 76 %, 27821 MiB
2026/09/05 16:21:09.799, 0, NVIDIA L40S, 72 %, 27787 MiB
2026/09/05 16:21:09.800, 1, NVIDIA L40S, 73 %, 27885 MiB
2026/09/05 16:21:09.800, 2, NVIDIA L40S, 84 %, 27347 MiB
2026/09/05 16:21:09.800, 3, NVIDIA L40S, 77 %, 27821 MiB
2026/09/05 16:21:19.801, 0, NVIDIA L40S, 84 %, 27787 MiB
2026/09/05 16:21:19.801, 1, NVIDIA L40S, 92 %, 27885 MiB
2026/09/05 16:21:19.801, 2, NVIDIA L40S, 84 %, 27347 MiB
2026/09/05 16:21:19.801, 3, NVIDIA L40S, 83 %, 27821 MiB
2026/09/05 16:21:29.802, 0, NVIDIA L40S, 80 %, 27787 MiB
2026/09/05 16:21:29.802, 1, NVIDIA L40S, 92 %, 27885 MiB
2026/09/05 16:21:29.803, 2, NVIDIA L40S, 85 %, 27347 MiB
2026/09/05 16:21:29.803, 3, NVIDIA L40S, 94 %, 27821 MiB
2026/09/05 16:21:39.804, 0, NVIDIA L40S, 94 %, 27787 MiB
2026/09/05 16:21:39.804, 1, NVIDIA L40S, 93 %, 27885 MiB
2026/09/05 16:21:39.804, 2, NVIDIA L40S, 95 %, 27347 MiB
2026/09/05 16:21:39.804, 3, NVIDIA L40S, 94 %, 27821 MiB
2026/09/05 16:21:49.805, 0, NVIDIA L40S, 82 %, 27787 MiB
2026/09/05 16:21:49.805, 1, NVIDIA L40S, 93 %, 27885 MiB
2026/09/05 16:21:49.805, 2, NVIDIA L40S, 90 %, 27347 MiB
2026/09/05 16:21:49.805, 3, NVIDIA L40S, 95 %, 27821 MiB
2026/09/05 16:21:59.806, 0, NVIDIA L40S, 71 %, 27787 MiB
2026/09/05 16:21:59.806, 1, NVIDIA L40S, 79 %, 27885 MiB
2026/09/05 16:21:59.807, 2, NVIDIA L40S, 85 %, 27347 MiB
2026/09/05 16:21:59.807, 3, NVIDIA L40S, 79 %, 27821 MiB
2026/09/05 16:22:09.808, 0, NVIDIA L40S, 94 %, 27787 MiB
2026/09/05 16:22:09.808, 1, NVIDIA L40S, 79 %, 27885 MiB
2026/09/05 16:22:09.808, 2, NVIDIA L40S, 78 %, 27347 MiB
2026/09/05 16:22:09.808, 3, NVIDIA L40S, 72 %, 27821 MiB
2026/09/05 16:22:19.809, 0, NVIDIA L40S, 84 %, 27787 MiB
2026/09/05 16:22:19.809, 1, NVIDIA L40S, 86 %, 27885 MiB
2026/09/05 16:22:19.809, 2, NVIDIA L40S, 94 %, 27347 MiB
2026/09/05 16:22:19.809, 3, NVIDIA L40S, 83 %, 27821 MiB
2026/09/05 16:22:29.810, 0, NVIDIA L40S, 80 %, 27787 MiB
2026/09/05 16:22:29.811, 1, NVIDIA L40S, 93 %, 27885 MiB
2026/09/05 16:22:29.811, 2, NVIDIA L40S, 95 %, 27347 MiB
2026/09/05 16:22:29.811, 3, NVIDIA L40S, 84 %, 27821 MiB
2026/09/05 16:22:39.812, 0, NVIDIA L40S, 93 %, 27787 MiB
2026/09/05 16:22:39.812, 1, NVIDIA L40S, 83 %, 27885 MiB
2026/09/05 16:22:39.812, 2, NVIDIA L40S, 96 %, 27347 MiB
2026/09/05 16:22:39.812, 3, NVIDIA L40S, 71 %, 27821 MiB
2026/09/05 16:22:49.813, 0, NVIDIA L40S, 95 %, 27787 MiB
2026/09/05 16:22:49.813, 1, NVIDIA L40S, 78 %, 27885 MiB
2026/09/05 16:22:49.813, 2, NVIDIA L40S, 96 %, 27347 MiB
2026/09/05 16:22:49.813, 3, NVIDIA L40S, 73 %, 27821 MiB
2026/09/05 16:22:59.814, 0, NVIDIA L40S, 94 %, 27787 MiB
2026/09/05 16:22:59.814, 1, NVIDIA L40S, 72 %, 27885 MiB
2026/09/05 16:22:59.814, 2, NVIDIA L40S, 78 %, 27347 MiB
2026/09/05 16:22:59.815, 3, NVIDIA L40S, 75 %, 27821 MiB
2026/09/05 16:23:09.816, 0, NVIDIA L40S, 89 %, 27787 MiB
2026/09/05 16:23:09.816, 1, NVIDIA L40S, 85 %, 27885 MiB
2026/09/05 16:23:09.816, 2, NVIDIA L40S, 81 %, 27347 MiB
2026/09/05 16:23:09.816, 3, NVIDIA L40S, 83 %, 27821 MiB
2026/09/05 16:23:19.817, 0, NVIDIA L40S, 76 %, 27787 MiB
2026/09/05 16:23:19.817, 1, NVIDIA L40S, 93 %, 27885 MiB
2026/09/05 16:23:19.817, 2, NVIDIA L40S, 87 %, 27347 MiB
2026/09/05 16:23:19.817, 3, NVIDIA L40S, 84 %, 27821 MiB
2026/09/05 16:23:29.818, 0, NVIDIA L40S, 93 %, 27787 MiB
2026/09/05 16:23:29.818, 1, NVIDIA L40S, 75 %, 27885 MiB
2026/09/05 16:23:29.818, 2, NVIDIA L40S, 94 %, 27347 MiB
2026/09/05 16:23:29.819, 3, NVIDIA L40S, 85 %, 27821 MiB
2026/09/05 16:23:39.819, 0, NVIDIA L40S, 95 %, 27787 MiB
2026/09/05 16:23:39.820, 1, NVIDIA L40S, 85 %, 27885 MiB
2026/09/05 16:23:39.820, 2, NVIDIA L40S, 86 %, 27347 MiB
2026/09/05 16:23:39.820, 3, NVIDIA L40S, 86 %, 27821 MiB
2026/09/05 16:23:49.821, 0, NVIDIA L40S, 74 %, 27787 MiB
2026/09/05 16:23:49.821, 1, NVIDIA L40S, 82 %, 27885 MiB
2026/09/05 16:23:49.821, 2, NVIDIA L40S, 94 %, 27347 MiB
2026/09/05 16:23:49.821, 3, NVIDIA L40S, 95 %, 27821 MiB
2026/09/05 16:23:59.822, 0, NVIDIA L40S, 84 %, 27787 MiB
2026/09/05 16:23:59.822, 1, NVIDIA L40S, 93 %, 27885 MiB
2026/09/05 16:23:59.823, 2, NVIDIA L40S, 78 %, 27347 MiB
2026/09/05 16:23:59.823, 3, NVIDIA L40S, 96 %, 27821 MiB
2026/09/05 16:24:09.824, 0, NVIDIA L40S, 86 %, 27787 MiB
2026/09/05 16:24:09.824, 1, NVIDIA L40S, 84 %, 27885 MiB
2026/09/05 16:24:09.824, 2, NVIDIA L40S, 95 %, 27347 MiB
2026/09/05 16:24:09.824, 3, NVIDIA L40S, 95 %, 27821 MiB
2026/09/05 16:24:19.825, 0, NVIDIA L40S, 80 %, 27787 MiB
2026/09/05 16:24:19.825, 1, NVIDIA L40S, 85 %, 27885 MiB
2026/09/05 16:24:19.825, 2, NVIDIA L40S, 83 %, 27347 MiB
2026/09/05 16:24:19.825, 3, NVIDIA L40S, 86 %, 27821 MiB
2026/09/05 16:24:29.826, 0, NVIDIA L40S, 92 %, 27787 MiB
2026/09/05 16:24:29.826, 1, NVIDIA L40S, 94 %, 27885 MiB
2026/09/05 16:24:29.826, 2, NVIDIA L40S, 85 %, 27347 MiB
2026/09/05 16:24:29.827, 3, NVIDIA L40S, 86 %, 27821 MiB
2026/09/05 16:24:39.828, 0, NVIDIA L40S, 84 %, 27787 MiB
2026/09/05 16:24:39.828, 1, NVIDIA L40S, 95 %, 27885 MiB
2026/09/05 16:24:39.828, 2, NVIDIA L40S, 95 %, 27347 MiB
2026/09/05 16:24:39.828, 3, NVIDIA L40S, 96 %, 27821 MiB
2026/09/05 16:24:49.829, 0, NVIDIA L40S, 93 %, 27787 MiB
2026/09/05 16:24:49.829, 1, NVIDIA L40S, 75 %, 27885 MiB
2026/09/05 16:24:49.829, 2, NVIDIA L40S, 96 %, 27347 MiB
2026/09/05 16:24:49.829, 3, NVIDIA L40S, 96 %, 27821 MiB
2026/09/05 16:24:59.830, 0, NVIDIA L40S, 82 %, 27787 MiB
2026/09/05 16:24:59.830, 1, NVIDIA L40S, 92 %, 27885 MiB
2026/09/05 16:24:59.830, 2, NVIDIA L40S, 76 %, 27347 MiB
2026/09/05 16:24:59.830, 3, NVIDIA L40S, 97 %, 27821 MiB
2026/09/05 16:25:09.831, 0, NVIDIA L40S, 71 %, 27797 MiB
2026/09/05 16:25:09.832, 1, NVIDIA L40S, 85 %, 27885 MiB
2026/09/05 16:25:09.832, 2, NVIDIA L40S, 95 %, 27347 MiB
2026/09/05 16:25:09.832, 3, NVIDIA L40S, 97 %, 27821 MiB
2026/09/05 16:25:19.833, 0, NVIDIA L40S, 94 %, 27797 MiB
2026/09/05 16:25:19.833, 1, NVIDIA L40S, 94 %, 27885 MiB
2026/09/05 16:25:19.833, 2, NVIDIA L40S, 78 %, 27347 MiB
2026/09/05 16:25:19.833, 3, NVIDIA L40S, 95 %, 27821 MiB
2026/09/05 16:25:29.834, 0, NVIDIA L40S, 92 %, 27797 MiB
2026/09/05 16:25:29.834, 1, NVIDIA L40S, 82 %, 27885 MiB
2026/09/05 16:25:29.834, 2, NVIDIA L40S, 76 %, 27347 MiB
2026/09/05 16:25:29.834, 3, NVIDIA L40S, 97 %, 27821 MiB
2026/09/05 16:25:39.835, 0, NVIDIA L40S, 94 %, 27797 MiB
2026/09/05 16:25:39.836, 1, NVIDIA L40S, 73 %, 27885 MiB
2026/09/05 16:25:39.836, 2, NVIDIA L40S, 87 %, 27347 MiB
2026/09/05 16:25:39.836, 3, NVIDIA L40S, 81 %, 27821 MiB
2026/09/05 16:25:49.837, 0, NVIDIA L40S, 82 %, 27797 MiB
2026/09/05 16:25:49.837, 1, NVIDIA L40S, 81 %, 27885 MiB
2026/09/05 16:25:49.837, 2, NVIDIA L40S, 94 %, 27347 MiB
2026/09/05 16:25:49.837, 3, NVIDIA L40S, 81 %, 27821 MiB
2026/09/05 16:25:59.838, 0, NVIDIA L40S, 84 %, 27797 MiB
2026/09/05 16:25:59.838, 1, NVIDIA L40S, 82 %, 27885 MiB
2026/09/05 16:25:59.838, 2, NVIDIA L40S, 84 %, 27347 MiB
2026/09/05 16:25:59.838, 3, NVIDIA L40S, 89 %, 27821 MiB
2026/09/05 16:26:09.840, 0, NVIDIA L40S, 93 %, 27797 MiB
2026/09/05 16:26:09.840, 1, NVIDIA L40S, 93 %, 27885 MiB
2026/09/05 16:26:09.840, 2, NVIDIA L40S, 95 %, 27347 MiB
2026/09/05 16:26:09.840, 3, NVIDIA L40S, 92 %, 27821 MiB
2026/09/05 16:26:19.841, 0, NVIDIA L40S, 84 %, 27797 MiB
2026/09/05 16:26:19.841, 1, NVIDIA L40S, 82 %, 27885 MiB
2026/09/05 16:26:19.841, 2, NVIDIA L40S, 74 %, 27347 MiB
2026/09/05 16:26:19.841, 3, NVIDIA L40S, 95 %, 27821 MiB
2026/09/05 16:26:29.842, 0, NVIDIA L40S, 93 %, 27797 MiB
2026/09/05 16:26:29.843, 1, NVIDIA L40S, 93 %, 27885 MiB
2026/09/05 16:26:29.843, 2, NVIDIA L40S, 77 %, 27347 MiB
2026/09/05 16:26:29.843, 3, NVIDIA L40S, 94 %, 27821 MiB
2026/09/05 16:26:39.844, 0, NVIDIA L40S, 79 %, 27797 MiB
2026/09/05 16:26:39.844, 1, NVIDIA L40S, 94 %, 27885 MiB
2026/09/05 16:26:39.844, 2, NVIDIA L40S, 82 %, 27347 MiB
2026/09/05 16:26:39.844, 3, NVIDIA L40S, 75 %, 27821 MiB
2026/09/05 16:26:49.845, 0, NVIDIA L40S, 94 %, 27797 MiB
2026/09/05 16:26:49.845, 1, NVIDIA L40S, 76 %, 27885 MiB
2026/09/05 16:26:49.845, 2, NVIDIA L40S, 95 %, 27347 MiB
2026/09/05 16:26:49.846, 3, NVIDIA L40S, 76 %, 27821 MiB
2026/09/05 16:26:59.846, 0, NVIDIA L40S, 78 %, 27797 MiB
2026/09/05 16:26:59.847, 1, NVIDIA L40S, 94 %, 27885 MiB
2026/09/05 16:26:59.847, 2, NVIDIA L40S, 96 %, 27347 MiB
2026/09/05 16:26:59.847, 3, NVIDIA L40S, 84 %, 27821 MiB
2026/09/05 16:27:09.847, 0, NVIDIA L40S, 86 %, 27797 MiB
2026/09/05 16:27:09.848, 1, NVIDIA L40S, 83 %, 27885 MiB
2026/09/05 16:27:09.848, 2, NVIDIA L40S, 96 %, 27347 MiB
2026/09/05 16:27:09.848, 3, NVIDIA L40S, 95 %, 27821 MiB
2026/09/05 16:27:19.848, 0, NVIDIA L40S, 78 %, 27797 MiB
2026/09/05 16:27:19.849, 1, NVIDIA L40S, 77 %, 27885 MiB
2026/09/05 16:27:19.849, 2, NVIDIA L40S, 95 %, 27347 MiB
2026/09/05 16:27:19.849, 3, NVIDIA L40S, 95 %, 27821 MiB
2026/09/05 16:27:29.849, 0, NVIDIA L40S, 94 %, 27797 MiB
2026/09/05 16:27:29.849, 1, NVIDIA L40S, 92 %, 27885 MiB
2026/09/05 16:27:29.850, 2, NVIDIA L40S, 79 %, 27347 MiB
2026/09/05 16:27:29.850, 3, NVIDIA L40S, 95 %, 27821 MiB
2026/09/05 16:27:39.850, 0, NVIDIA L40S, 94 %, 27797 MiB
2026/09/05 16:27:39.850, 1, NVIDIA L40S, 94 %, 27885 MiB
2026/09/05 16:27:39.850, 2, NVIDIA L40S, 96 %, 27347 MiB
2026/09/05 16:27:39.851, 3, NVIDIA L40S, 80 %, 27821 MiB
2026/09/05 16:27:49.851, 0, NVIDIA L40S, 86 %, 27797 MiB
2026/09/05 16:27:49.851, 1, NVIDIA L40S, 85 %, 27885 MiB
2026/09/05 16:27:49.851, 2, NVIDIA L40S, 96 %, 27347 MiB
2026/09/05 16:27:49.851, 3, NVIDIA L40S, 95 %, 27821 MiB
2026/09/05 16:27:59.852, 0, NVIDIA L40S, 95 %, 27797 MiB
2026/09/05 16:27:59.852, 1, NVIDIA L40S, 93 %, 27885 MiB
2026/09/05 16:27:59.852, 2, NVIDIA L40S, 96 %, 27347 MiB
2026/09/05 16:27:59.852, 3, NVIDIA L40S, 77 %, 27821 MiB
2026/09/05 16:28:09.853, 0, NVIDIA L40S, 81 %, 27797 MiB
2026/09/05 16:28:09.853, 1, NVIDIA L40S, 94 %, 27885 MiB
2026/09/05 16:28:09.853, 2, NVIDIA L40S, 77 %, 27347 MiB
2026/09/05 16:28:09.854, 3, NVIDIA L40S, 86 %, 27821 MiB
2026/09/05 16:28:19.854, 0, NVIDIA L40S, 95 %, 27797 MiB
2026/09/05 16:28:19.855, 1, NVIDIA L40S, 94 %, 27885 MiB
2026/09/05 16:28:19.855, 2, NVIDIA L40S, 85 %, 27347 MiB
2026/09/05 16:28:19.855, 3, NVIDIA L40S, 84 %, 27821 MiB
2026/09/05 16:28:29.856, 0, NVIDIA L40S, 82 %, 27797 MiB
2026/09/05 16:28:29.856, 1, NVIDIA L40S, 80 %, 27885 MiB
2026/09/05 16:28:29.856, 2, NVIDIA L40S, 85 %, 27347 MiB
2026/09/05 16:28:29.856, 3, NVIDIA L40S, 83 %, 27821 MiB
2026/09/05 16:28:39.857, 0, NVIDIA L40S, 75 %, 27797 MiB
2026/09/05 16:28:39.857, 1, NVIDIA L40S, 80 %, 27885 MiB
2026/09/05 16:28:39.857, 2, NVIDIA L40S, 94 %, 27347 MiB
2026/09/05 16:28:39.857, 3, NVIDIA L40S, 78 %, 27821 MiB
2026/09/05 16:28:49.858, 0, NVIDIA L40S, 85 %, 27797 MiB
2026/09/05 16:28:49.858, 1, NVIDIA L40S, 71 %, 27885 MiB
2026/09/05 16:28:49.858, 2, NVIDIA L40S, 95 %, 27347 MiB
2026/09/05 16:28:49.858, 3, NVIDIA L40S, 95 %, 27821 MiB
2026/09/05 16:28:59.859, 0, NVIDIA L40S, 93 %, 27797 MiB
2026/09/05 16:28:59.859, 1, NVIDIA L40S, 73 %, 27885 MiB
2026/09/05 16:28:59.859, 2, NVIDIA L40S, 76 %, 27347 MiB
2026/09/05 16:28:59.859, 3, NVIDIA L40S, 95 %, 27821 MiB
2026/09/05 16:29:09.860, 0, NVIDIA L40S, 85 %, 27797 MiB
2026/09/05 16:29:09.861, 1, NVIDIA L40S, 94 %, 27885 MiB
2026/09/05 16:29:09.861, 2, NVIDIA L40S, 95 %, 27347 MiB
2026/09/05 16:29:09.861, 3, NVIDIA L40S, 73 %, 27821 MiB
2026/09/05 16:29:19.862, 0, NVIDIA L40S, 86 %, 27797 MiB
2026/09/05 16:29:19.862, 1, NVIDIA L40S, 82 %, 27885 MiB
2026/09/05 16:29:19.862, 2, NVIDIA L40S, 96 %, 27347 MiB
2026/09/05 16:29:19.862, 3, NVIDIA L40S, 82 %, 27821 MiB
2026/09/05 16:29:29.863, 0, NVIDIA L40S, 95 %, 27797 MiB
2026/09/05 16:29:29.863, 1, NVIDIA L40S, 81 %, 27885 MiB
2026/09/05 16:29:29.863, 2, NVIDIA L40S, 86 %, 27347 MiB
2026/09/05 16:29:29.863, 3, NVIDIA L40S, 86 %, 27821 MiB
2026/09/05 16:29:39.864, 0, NVIDIA L40S, 77 %, 27797 MiB
2026/09/05 16:29:39.864, 1, NVIDIA L40S, 78 %, 27885 MiB
2026/09/05 16:29:39.864, 2, NVIDIA L40S, 85 %, 27347 MiB
2026/09/05 16:29:39.864, 3, NVIDIA L40S, 80 %, 27821 MiB
2026/09/05 16:29:49.865, 0, NVIDIA L40S, 80 %, 27797 MiB
2026/09/05 16:29:49.866, 1, NVIDIA L40S, 72 %, 27885 MiB
2026/09/05 16:29:49.866, 2, NVIDIA L40S, 87 %, 27347 MiB
2026/09/05 16:29:49.866, 3, NVIDIA L40S, 94 %, 27821 MiB
2026/09/05 16:29:59.867, 0, NVIDIA L40S, 84 %, 27797 MiB
2026/09/05 16:29:59.867, 1, NVIDIA L40S, 75 %, 27885 MiB
2026/09/05 16:29:59.867, 2, NVIDIA L40S, 97 %, 27347 MiB
2026/09/05 16:29:59.867, 3, NVIDIA L40S, 94 %, 27821 MiB
2026/09/05 16:30:09.868, 0, NVIDIA L40S, 91 %, 27797 MiB
2026/09/05 16:30:09.868, 1, NVIDIA L40S, 93 %, 27885 MiB
2026/09/05 16:30:09.868, 2, NVIDIA L40S, 76 %, 27347 MiB
2026/09/05 16:30:09.868, 3, NVIDIA L40S, 95 %, 27821 MiB
2026/09/05 16:30:19.869, 0, NVIDIA L40S, 93 %, 27797 MiB
2026/09/05 16:30:19.869, 1, NVIDIA L40S, 90 %, 27885 MiB
2026/09/05 16:30:19.869, 2, NVIDIA L40S, 78 %, 27347 MiB
2026/09/05 16:30:19.869, 3, NVIDIA L40S, 81 %, 27821 MiB
2026/09/05 16:30:29.870, 0, NVIDIA L40S, 95 %, 27797 MiB
2026/09/05 16:30:29.870, 1, NVIDIA L40S, 94 %, 27885 MiB
2026/09/05 16:30:29.870, 2, NVIDIA L40S, 73 %, 27347 MiB
2026/09/05 16:30:29.870, 3, NVIDIA L40S, 74 %, 27821 MiB
2026/09/05 16:30:39.871, 0, NVIDIA L40S, 78 %, 27797 MiB
2026/09/05 16:30:39.871, 1, NVIDIA L40S, 84 %, 27885 MiB
2026/09/05 16:30:39.872, 2, NVIDIA L40S, 86 %, 27347 MiB
2026/09/05 16:30:39.872, 3, NVIDIA L40S, 85 %, 27821 MiB
2026/09/05 16:30:49.873, 0, NVIDIA L40S, 75 %, 27797 MiB
2026/09/05 16:30:49.873, 1, NVIDIA L40S, 85 %, 27885 MiB
2026/09/05 16:30:49.873, 2, NVIDIA L40S, 86 %, 27347 MiB
2026/09/05 16:30:49.873, 3, NVIDIA L40S, 94 %, 27821 MiB
2026/09/05 16:30:59.874, 0, NVIDIA L40S, 96 %, 27797 MiB
2026/09/05 16:30:59.874, 1, NVIDIA L40S, 82 %, 27885 MiB
2026/09/05 16:30:59.874, 2, NVIDIA L40S, 79 %, 27347 MiB
2026/09/05 16:30:59.874, 3, NVIDIA L40S, 84 %, 27821 MiB
2026/09/05 16:31:09.875, 0, NVIDIA L40S, 84 %, 27797 MiB
2026/09/05 16:31:09.876, 1, NVIDIA L40S, 78 %, 27885 MiB
2026/09/05 16:31:10.122, 2, NVIDIA L40S, 95 %, 27347 MiB
2026/09/05 16:31:10.122, 3, NVIDIA L40S, 79 %, 27821 MiB
2026/09/05 16:31:20.123, 0, NVIDIA L40S, 82 %, 27797 MiB
2026/09/05 16:31:20.123, 1, NVIDIA L40S, 94 %, 27885 MiB
2026/09/05 16:31:20.123, 2, NVIDIA L40S, 74 %, 27347 MiB
2026/09/05 16:31:20.123, 3, NVIDIA L40S, 86 %, 27821 MiB
2026/09/05 16:31:30.124, 0, NVIDIA L40S, 87 %, 27797 MiB
2026/09/05 16:31:30.124, 1, NVIDIA L40S, 76 %, 27885 MiB
2026/09/05 16:31:30.124, 2, NVIDIA L40S, 95 %, 27347 MiB
2026/09/05 16:31:30.124, 3, NVIDIA L40S, 78 %, 27821 MiB
2026/09/05 16:31:40.125, 0, NVIDIA L40S, 93 %, 27797 MiB
2026/09/05 16:31:40.126, 1, NVIDIA L40S, 74 %, 27885 MiB
2026/09/05 16:31:40.126, 2, NVIDIA L40S, 74 %, 27347 MiB
2026/09/05 16:31:40.126, 3, NVIDIA L40S, 86 %, 27821 MiB
2026/09/05 16:31:50.127, 0, NVIDIA L40S, 73 %, 27797 MiB
2026/09/05 16:31:50.127, 1, NVIDIA L40S, 83 %, 27885 MiB
2026/09/05 16:31:50.127, 2, NVIDIA L40S, 79 %, 27347 MiB
2026/09/05 16:31:50.127, 3, NVIDIA L40S, 95 %, 27821 MiB
2026/09/05 16:32:00.128, 0, NVIDIA L40S, 83 %, 27797 MiB
2026/09/05 16:32:00.128, 1, NVIDIA L40S, 94 %, 27885 MiB
2026/09/05 16:32:00.128, 2, NVIDIA L40S, 79 %, 27347 MiB
2026/09/05 16:32:00.128, 3, NVIDIA L40S, 86 %, 27821 MiB
2026/09/05 16:32:10.129, 0, NVIDIA L40S, 93 %, 27797 MiB
2026/09/05 16:32:10.130, 1, NVIDIA L40S, 94 %, 27885 MiB
2026/09/05 16:32:10.130, 2, NVIDIA L40S, 86 %, 27347 MiB
2026/09/05 16:32:10.130, 3, NVIDIA L40S, 95 %, 27821 MiB
2026/09/05 16:32:20.131, 0, NVIDIA L40S, 93 %, 27797 MiB
2026/09/05 16:32:20.131, 1, NVIDIA L40S, 95 %, 27885 MiB
2026/09/05 16:32:20.131, 2, NVIDIA L40S, 87 %, 27347 MiB
2026/09/05 16:32:20.131, 3, NVIDIA L40S, 95 %, 27821 MiB
2026/09/05 16:32:30.132, 0, NVIDIA L40S, 93 %, 27797 MiB
2026/09/05 16:32:30.132, 1, NVIDIA L40S, 95 %, 27885 MiB
2026/09/05 16:32:30.132, 2, NVIDIA L40S, 85 %, 27347 MiB
2026/09/05 16:32:30.133, 3, NVIDIA L40S, 94 %, 27821 MiB
2026/09/05 16:32:40.133, 0, NVIDIA L40S, 79 %, 27797 MiB
2026/09/05 16:32:40.134, 1, NVIDIA L40S, 88 %, 27885 MiB
2026/09/05 16:32:40.134, 2, NVIDIA L40S, 95 %, 27347 MiB
2026/09/05 16:32:40.134, 3, NVIDIA L40S, 85 %, 27821 MiB
2026/09/05 16:32:50.135, 0, NVIDIA L40S, 74 %, 27797 MiB
2026/09/05 16:32:50.135, 1, NVIDIA L40S, 93 %, 27885 MiB
2026/09/05 16:32:50.135, 2, NVIDIA L40S, 74 %, 27347 MiB
2026/09/05 16:32:50.135, 3, NVIDIA L40S, 81 %, 27821 MiB
2026/09/05 16:33:00.136, 0, NVIDIA L40S, 84 %, 27797 MiB
2026/09/05 16:33:00.136, 1, NVIDIA L40S, 74 %, 27885 MiB
2026/09/05 16:33:00.137, 2, NVIDIA L40S, 86 %, 27347 MiB
2026/09/05 16:33:00.137, 3, NVIDIA L40S, 96 %, 27821 MiB
2026/09/05 16:33:10.138, 0, NVIDIA L40S, 94 %, 27797 MiB
2026/09/05 16:33:10.138, 1, NVIDIA L40S, 72 %, 27885 MiB
2026/09/05 16:33:10.138, 2, NVIDIA L40S, 78 %, 27347 MiB
2026/09/05 16:33:10.138, 3, NVIDIA L40S, 96 %, 27821 MiB
2026/09/05 16:33:20.139, 0, NVIDIA L40S, 94 %, 27797 MiB
2026/09/05 16:33:20.139, 1, NVIDIA L40S, 83 %, 27885 MiB
2026/09/05 16:33:20.139, 2, NVIDIA L40S, 96 %, 27347 MiB
2026/09/05 16:33:20.139, 3, NVIDIA L40S, 75 %, 27821 MiB
2026/09/05 16:33:30.140, 0, NVIDIA L40S, 85 %, 27797 MiB
2026/09/05 16:33:30.140, 1, NVIDIA L40S, 93 %, 27885 MiB
2026/09/05 16:33:30.140, 2, NVIDIA L40S, 95 %, 27347 MiB
2026/09/05 16:33:30.140, 3, NVIDIA L40S, 95 %, 27821 MiB
2026/09/05 16:33:40.141, 0, NVIDIA L40S, 94 %, 27797 MiB
2026/09/05 16:33:40.142, 1, NVIDIA L40S, 83 %, 27885 MiB
2026/09/05 16:33:40.142, 2, NVIDIA L40S, 73 %, 27347 MiB
2026/09/05 16:33:40.142, 3, NVIDIA L40S, 84 %, 27821 MiB
2026/09/05 16:33:50.143, 0, NVIDIA L40S, 74 %, 27797 MiB
2026/09/05 16:33:50.143, 1, NVIDIA L40S, 93 %, 27885 MiB
2026/09/05 16:33:50.143, 2, NVIDIA L40S, 80 %, 27347 MiB
2026/09/05 16:33:50.143, 3, NVIDIA L40S, 84 %, 27821 MiB
2026/09/05 16:34:00.144, 0, NVIDIA L40S, 95 %, 27797 MiB
2026/09/05 16:34:00.144, 1, NVIDIA L40S, 94 %, 27885 MiB
2026/09/05 16:34:00.144, 2, NVIDIA L40S, 97 %, 27347 MiB
2026/09/05 16:34:00.144, 3, NVIDIA L40S, 93 %, 27821 MiB
2026/09/05 16:34:10.145, 0, NVIDIA L40S, 78 %, 27797 MiB
2026/09/05 16:34:10.145, 1, NVIDIA L40S, 94 %, 27885 MiB
2026/09/05 16:34:10.146, 2, NVIDIA L40S, 97 %, 27347 MiB
2026/09/05 16:34:10.146, 3, NVIDIA L40S, 95 %, 27821 MiB
2026/09/05 16:34:20.147, 0, NVIDIA L40S, 94 %, 27797 MiB
2026/09/05 16:34:20.147, 1, NVIDIA L40S, 84 %, 27885 MiB
2026/09/05 16:34:20.147, 2, NVIDIA L40S, 95 %, 27347 MiB
2026/09/05 16:34:20.147, 3, NVIDIA L40S, 81 %, 27821 MiB
2026/09/05 16:34:30.148, 0, NVIDIA L40S, 83 %, 27797 MiB
2026/09/05 16:34:30.148, 1, NVIDIA L40S, 82 %, 27885 MiB
2026/09/05 16:34:30.148, 2, NVIDIA L40S, 74 %, 27347 MiB
2026/09/05 16:34:30.148, 3, NVIDIA L40S, 95 %, 27821 MiB
2026/09/05 16:34:40.149, 0, NVIDIA L40S, 94 %, 27797 MiB
2026/09/05 16:34:40.150, 1, NVIDIA L40S, 84 %, 27885 MiB
2026/09/05 16:34:40.150, 2, NVIDIA L40S, 95 %, 27347 MiB
2026/09/05 16:34:40.150, 3, NVIDIA L40S, 96 %, 27821 MiB
2026/09/05 16:34:50.151, 0, NVIDIA L40S, 94 %, 27797 MiB
2026/09/05 16:34:50.151, 1, NVIDIA L40S, 94 %, 27885 MiB
2026/09/05 16:34:50.151, 2, NVIDIA L40S, 95 %, 27347 MiB
2026/09/05 16:34:50.151, 3, NVIDIA L40S, 75 %, 27821 MiB
2026/09/05 16:35:00.152, 0, NVIDIA L40S, 73 %, 27797 MiB
2026/09/05 16:35:00.152, 1, NVIDIA L40S, 94 %, 27885 MiB
2026/09/05 16:35:00.152, 2, NVIDIA L40S, 75 %, 27347 MiB
2026/09/05 16:35:00.152, 3, NVIDIA L40S, 76 %, 27821 MiB
2026/09/05 16:35:10.153, 0, NVIDIA L40S, 94 %, 27797 MiB
2026/09/05 16:35:10.154, 1, NVIDIA L40S, 94 %, 27885 MiB
2026/09/05 16:35:10.154, 2, NVIDIA L40S, 75 %, 27347 MiB
2026/09/05 16:35:10.154, 3, NVIDIA L40S, 85 %, 27821 MiB
2026/09/05 16:35:20.155, 0, NVIDIA L40S, 81 %, 27797 MiB
2026/09/05 16:35:20.155, 1, NVIDIA L40S, 75 %, 27885 MiB
2026/09/05 16:35:20.155, 2, NVIDIA L40S, 85 %, 27347 MiB
2026/09/05 16:35:20.155, 3, NVIDIA L40S, 84 %, 27821 MiB
2026/09/05 16:35:30.156, 0, NVIDIA L40S, 87 %, 27797 MiB
2026/09/05 16:35:30.156, 1, NVIDIA L40S, 71 %, 27885 MiB
2026/09/05 16:35:30.156, 2, NVIDIA L40S, 86 %, 27347 MiB
2026/09/05 16:35:30.156, 3, NVIDIA L40S, 86 %, 27821 MiB
2026/09/05 16:35:40.157, 0, NVIDIA L40S, 77 %, 27797 MiB
2026/09/05 16:35:40.157, 1, NVIDIA L40S, 78 %, 27885 MiB
2026/09/05 16:35:40.157, 2, NVIDIA L40S, 84 %, 27347 MiB
2026/09/05 16:35:40.158, 3, NVIDIA L40S, 86 %, 27821 MiB
2026/09/05 16:35:50.158, 0, NVIDIA L40S, 77 %, 27797 MiB
2026/09/05 16:35:50.159, 1, NVIDIA L40S, 78 %, 27885 MiB
2026/09/05 16:35:50.159, 2, NVIDIA L40S, 96 %, 27347 MiB
2026/09/05 16:35:50.159, 3, NVIDIA L40S, 84 %, 27821 MiB
2026/09/05 16:36:00.160, 0, NVIDIA L40S, 93 %, 27797 MiB
2026/09/05 16:36:00.160, 1, NVIDIA L40S, 84 %, 27885 MiB
2026/09/05 16:36:00.160, 2, NVIDIA L40S, 85 %, 27347 MiB
2026/09/05 16:36:00.160, 3, NVIDIA L40S, 84 %, 27821 MiB
2026/09/05 16:36:10.161, 0, NVIDIA L40S, 95 %, 27797 MiB
2026/09/05 16:36:10.161, 1, NVIDIA L40S, 86 %, 27885 MiB
2026/09/05 16:36:10.161, 2, NVIDIA L40S, 85 %, 27347 MiB
2026/09/05 16:36:10.161, 3, NVIDIA L40S, 79 %, 27821 MiB
2026/09/05 16:36:20.162, 0, NVIDIA L40S, 94 %, 27797 MiB
2026/09/05 16:36:20.162, 1, NVIDIA L40S, 85 %, 27885 MiB
2026/09/05 16:36:20.163, 2, NVIDIA L40S, 0 %, 27347 MiB
2026/09/05 16:36:20.163, 3, NVIDIA L40S, 86 %, 27821 MiB
2026/09/05 16:36:30.163, 0, NVIDIA L40S, 76 %, 27797 MiB
2026/09/05 16:36:30.164, 1, NVIDIA L40S, 90 %, 27885 MiB
2026/09/05 16:36:30.164, 2, NVIDIA L40S, 0 %, 27347 MiB
2026/09/05 16:36:30.164, 3, NVIDIA L40S, 87 %, 27821 MiB
2026/09/05 16:36:40.165, 0, NVIDIA L40S, 92 %, 27797 MiB
2026/09/05 16:36:40.165, 1, NVIDIA L40S, 93 %, 27885 MiB
2026/09/05 16:36:40.165, 2, NVIDIA L40S, 0 %, 27347 MiB
2026/09/05 16:36:40.165, 3, NVIDIA L40S, 83 %, 27821 MiB
2026/09/05 16:36:50.166, 0, NVIDIA L40S, 73 %, 27797 MiB
2026/09/05 16:36:50.166, 1, NVIDIA L40S, 93 %, 27885 MiB
2026/09/05 16:36:50.166, 2, NVIDIA L40S, 0 %, 27347 MiB
2026/09/05 16:36:50.166, 3, NVIDIA L40S, 83 %, 27821 MiB
2026/09/05 16:37:00.167, 0, NVIDIA L40S, 92 %, 27797 MiB
2026/09/05 16:37:00.168, 1, NVIDIA L40S, 84 %, 27885 MiB
2026/09/05 16:37:00.168, 2, NVIDIA L40S, 0 %, 27347 MiB
2026/09/05 16:37:00.168, 3, NVIDIA L40S, 83 %, 27821 MiB
2026/09/05 16:37:10.169, 0, NVIDIA L40S, 83 %, 27797 MiB
2026/09/05 16:37:10.169, 1, NVIDIA L40S, 85 %, 27885 MiB
2026/09/05 16:37:10.169, 2, NVIDIA L40S, 0 %, 27347 MiB
2026/09/05 16:37:10.169, 3, NVIDIA L40S, 69 %, 27821 MiB
2026/09/05 16:37:20.170, 0, NVIDIA L40S, 91 %, 27797 MiB
2026/09/05 16:37:20.170, 1, NVIDIA L40S, 92 %, 27885 MiB
2026/09/05 16:37:20.170, 2, NVIDIA L40S, 0 %, 27347 MiB
2026/09/05 16:37:20.171, 3, NVIDIA L40S, 68 %, 27821 MiB
2026/09/05 16:37:30.172, 0, NVIDIA L40S, 89 %, 27797 MiB
2026/09/05 16:37:30.172, 1, NVIDIA L40S, 82 %, 27885 MiB
2026/09/05 16:37:30.172, 2, NVIDIA L40S, 0 %, 27347 MiB
2026/09/05 16:37:30.172, 3, NVIDIA L40S, 79 %, 27821 MiB
2026/09/05 16:37:40.173, 0, NVIDIA L40S, 92 %, 27799 MiB
2026/09/05 16:37:40.173, 1, NVIDIA L40S, 83 %, 27885 MiB
2026/09/05 16:37:40.173, 2, NVIDIA L40S, 0 %, 27347 MiB
2026/09/05 16:37:40.173, 3, NVIDIA L40S, 81 %, 27821 MiB
2026/09/05 16:37:50.174, 0, NVIDIA L40S, 92 %, 27799 MiB
2026/09/05 16:37:50.174, 1, NVIDIA L40S, 77 %, 27885 MiB
2026/09/05 16:37:50.175, 2, NVIDIA L40S, 0 %, 27347 MiB
2026/09/05 16:37:50.175, 3, NVIDIA L40S, 84 %, 27821 MiB
2026/09/05 16:38:00.176, 0, NVIDIA L40S, 79 %, 27799 MiB
2026/09/05 16:38:00.176, 1, NVIDIA L40S, 75 %, 27885 MiB
2026/09/05 16:38:00.176, 2, NVIDIA L40S, 0 %, 27347 MiB
2026/09/05 16:38:00.176, 3, NVIDIA L40S, 85 %, 27821 MiB
2026/09/05 16:38:10.177, 0, NVIDIA L40S, 85 %, 27799 MiB
2026/09/05 16:38:10.177, 1, NVIDIA L40S, 74 %, 27885 MiB
2026/09/05 16:38:10.177, 2, NVIDIA L40S, 0 %, 27347 MiB
2026/09/05 16:38:10.177, 3, NVIDIA L40S, 92 %, 27821 MiB
2026/09/05 16:38:20.178, 0, NVIDIA L40S, 80 %, 27799 MiB
2026/09/05 16:38:20.178, 1, NVIDIA L40S, 81 %, 27885 MiB
2026/09/05 16:38:20.179, 2, NVIDIA L40S, 0 %, 27347 MiB
2026/09/05 16:38:20.179, 3, NVIDIA L40S, 93 %, 27821 MiB
2026/09/05 16:38:30.180, 0, NVIDIA L40S, 81 %, 27799 MiB
2026/09/05 16:38:30.180, 1, NVIDIA L40S, 82 %, 27885 MiB
2026/09/05 16:38:30.180, 2, NVIDIA L40S, 0 %, 27347 MiB
2026/09/05 16:38:30.180, 3, NVIDIA L40S, 86 %, 27821 MiB
2026/09/05 16:38:40.181, 0, NVIDIA L40S, 93 %, 27799 MiB
2026/09/05 16:38:40.181, 1, NVIDIA L40S, 73 %, 27885 MiB
2026/09/05 16:38:40.181, 2, NVIDIA L40S, 0 %, 27347 MiB
2026/09/05 16:38:40.181, 3, NVIDIA L40S, 87 %, 27821 MiB
2026/09/05 16:38:50.182, 0, NVIDIA L40S, 78 %, 27799 MiB
2026/09/05 16:38:50.182, 1, NVIDIA L40S, 67 %, 27885 MiB
2026/09/05 16:38:50.183, 2, NVIDIA L40S, 0 %, 27347 MiB
2026/09/05 16:38:50.183, 3, NVIDIA L40S, 93 %, 27821 MiB
2026/09/05 16:39:00.183, 0, NVIDIA L40S, 76 %, 27799 MiB
2026/09/05 16:39:00.184, 1, NVIDIA L40S, 91 %, 27885 MiB
2026/09/05 16:39:00.184, 2, NVIDIA L40S, 0 %, 27347 MiB
2026/09/05 16:39:00.184, 3, NVIDIA L40S, 82 %, 27821 MiB
2026/09/05 16:39:10.185, 0, NVIDIA L40S, 89 %, 27799 MiB
2026/09/05 16:39:10.185, 1, NVIDIA L40S, 80 %, 27885 MiB
2026/09/05 16:39:10.185, 2, NVIDIA L40S, 0 %, 27347 MiB
2026/09/05 16:39:10.185, 3, NVIDIA L40S, 83 %, 27821 MiB
2026/09/05 16:39:20.186, 0, NVIDIA L40S, 84 %, 27799 MiB
2026/09/05 16:39:20.186, 1, NVIDIA L40S, 73 %, 27885 MiB
2026/09/05 16:39:20.186, 2, NVIDIA L40S, 0 %, 27347 MiB
2026/09/05 16:39:20.187, 3, NVIDIA L40S, 72 %, 27821 MiB
2026/09/05 16:39:30.188, 0, NVIDIA L40S, 91 %, 27799 MiB
2026/09/05 16:39:30.188, 1, NVIDIA L40S, 92 %, 27885 MiB
2026/09/05 16:39:30.188, 2, NVIDIA L40S, 0 %, 27347 MiB
2026/09/05 16:39:30.188, 3, NVIDIA L40S, 91 %, 27821 MiB
2026/09/05 16:39:40.189, 0, NVIDIA L40S, 93 %, 27799 MiB
2026/09/05 16:39:40.189, 1, NVIDIA L40S, 92 %, 27885 MiB
2026/09/05 16:39:40.189, 2, NVIDIA L40S, 0 %, 27347 MiB
2026/09/05 16:39:40.189, 3, NVIDIA L40S, 82 %, 27821 MiB
2026/09/05 16:39:50.190, 0, NVIDIA L40S, 66 %, 27799 MiB
2026/09/05 16:39:50.191, 1, NVIDIA L40S, 80 %, 27885 MiB
2026/09/05 16:39:50.191, 2, NVIDIA L40S, 0 %, 27347 MiB
2026/09/05 16:39:50.191, 3, NVIDIA L40S, 71 %, 27821 MiB
2026/09/05 16:40:00.192, 0, NVIDIA L40S, 82 %, 27799 MiB
2026/09/05 16:40:00.192, 1, NVIDIA L40S, 83 %, 27885 MiB
2026/09/05 16:40:00.192, 2, NVIDIA L40S, 0 %, 27347 MiB
2026/09/05 16:40:00.192, 3, NVIDIA L40S, 92 %, 27821 MiB
2026/09/05 16:40:10.193, 0, NVIDIA L40S, 82 %, 27799 MiB
2026/09/05 16:40:10.194, 1, NVIDIA L40S, 77 %, 27885 MiB
2026/09/05 16:40:10.194, 2, NVIDIA L40S, 0 %, 27347 MiB
2026/09/05 16:40:10.194, 3, NVIDIA L40S, 92 %, 27821 MiB
2026/09/05 16:40:20.195, 0, NVIDIA L40S, 82 %, 27799 MiB
2026/09/05 16:40:20.195, 1, NVIDIA L40S, 80 %, 27885 MiB
2026/09/05 16:40:20.195, 2, NVIDIA L40S, 0 %, 27347 MiB
2026/09/05 16:40:20.195, 3, NVIDIA L40S, 69 %, 27821 MiB
2026/09/05 16:40:30.196, 0, NVIDIA L40S, 83 %, 27799 MiB
2026/09/05 16:40:30.196, 1, NVIDIA L40S, 90 %, 27885 MiB
2026/09/05 16:40:30.197, 2, NVIDIA L40S, 0 %, 27347 MiB
2026/09/05 16:40:30.197, 3, NVIDIA L40S, 91 %, 27821 MiB
2026/09/05 16:40:40.198, 0, NVIDIA L40S, 80 %, 27799 MiB
2026/09/05 16:40:40.198, 1, NVIDIA L40S, 75 %, 27885 MiB
2026/09/05 16:40:40.198, 2, NVIDIA L40S, 0 %, 27347 MiB
2026/09/05 16:40:40.198, 3, NVIDIA L40S, 0 %, 27821 MiB
2026/09/05 16:40:50.198, 0, NVIDIA L40S, 93 %, 27799 MiB
2026/09/05 16:40:50.199, 1, NVIDIA L40S, 80 %, 27885 MiB
2026/09/05 16:40:50.199, 2, NVIDIA L40S, 0 %, 27347 MiB
2026/09/05 16:40:50.199, 3, NVIDIA L40S, 0 %, 27821 MiB
2026/09/05 16:41:00.200, 0, NVIDIA L40S, 77 %, 27799 MiB
2026/09/05 16:41:00.200, 1, NVIDIA L40S, 90 %, 27885 MiB
2026/09/05 16:41:00.200, 2, NVIDIA L40S, 0 %, 27347 MiB
2026/09/05 16:41:00.200, 3, NVIDIA L40S, 0 %, 27821 MiB
2026/09/05 16:41:10.201, 0, NVIDIA L40S, 72 %, 27799 MiB
2026/09/05 16:41:10.201, 1, NVIDIA L40S, 90 %, 27885 MiB
2026/09/05 16:41:10.201, 2, NVIDIA L40S, 0 %, 27347 MiB
2026/09/05 16:41:10.201, 3, NVIDIA L40S, 0 %, 27821 MiB
2026/09/05 16:41:20.202, 0, NVIDIA L40S, 78 %, 27799 MiB
2026/09/05 16:41:20.203, 1, NVIDIA L40S, 80 %, 27885 MiB
2026/09/05 16:41:20.203, 2, NVIDIA L40S, 0 %, 27347 MiB
2026/09/05 16:41:20.203, 3, NVIDIA L40S, 0 %, 27821 MiB
2026/09/05 16:41:30.204, 0, NVIDIA L40S, 82 %, 27799 MiB
2026/09/05 16:41:30.204, 1, NVIDIA L40S, 79 %, 27885 MiB
2026/09/05 16:41:30.204, 2, NVIDIA L40S, 0 %, 27347 MiB
2026/09/05 16:41:30.204, 3, NVIDIA L40S, 0 %, 27821 MiB
2026/09/05 16:41:40.205, 0, NVIDIA L40S, 86 %, 27799 MiB
2026/09/05 16:41:40.205, 1, NVIDIA L40S, 90 %, 27885 MiB
2026/09/05 16:41:40.205, 2, NVIDIA L40S, 0 %, 27347 MiB
2026/09/05 16:41:40.205, 3, NVIDIA L40S, 0 %, 27821 MiB
2026/09/05 16:41:50.206, 0, NVIDIA L40S, 72 %, 27799 MiB
2026/09/05 16:41:50.207, 1, NVIDIA L40S, 90 %, 27885 MiB
2026/09/05 16:41:50.207, 2, NVIDIA L40S, 0 %, 27347 MiB
2026/09/05 16:41:50.207, 3, NVIDIA L40S, 0 %, 27821 MiB
2026/09/05 16:42:00.208, 0, NVIDIA L40S, 91 %, 27799 MiB
2026/09/05 16:42:00.208, 1, NVIDIA L40S, 90 %, 27885 MiB
2026/09/05 16:42:00.208, 2, NVIDIA L40S, 0 %, 27347 MiB
2026/09/05 16:42:00.208, 3, NVIDIA L40S, 0 %, 27821 MiB
2026/09/05 16:42:10.209, 0, NVIDIA L40S, 81 %, 27799 MiB
2026/09/05 16:42:10.209, 1, NVIDIA L40S, 0 %, 27885 MiB
2026/09/05 16:42:10.209, 2, NVIDIA L40S, 0 %, 27347 MiB
2026/09/05 16:42:10.209, 3, NVIDIA L40S, 0 %, 27821 MiB
2026/09/05 16:42:20.210, 0, NVIDIA L40S, 81 %, 27799 MiB
2026/09/05 16:42:20.210, 1, NVIDIA L40S, 0 %, 27885 MiB
2026/09/05 16:42:20.210, 2, NVIDIA L40S, 0 %, 27347 MiB
2026/09/05 16:42:20.210, 3, NVIDIA L40S, 0 %, 27821 MiB
2026/09/05 16:42:30.211, 0, NVIDIA L40S, 81 %, 27799 MiB
2026/09/05 16:42:30.212, 1, NVIDIA L40S, 0 %, 27885 MiB
2026/09/05 16:42:30.212, 2, NVIDIA L40S, 0 %, 27347 MiB
2026/09/05 16:42:30.212, 3, NVIDIA L40S, 0 %, 27821 MiB
2026/09/05 16:42:40.213, 0, NVIDIA L40S, 77 %, 27799 MiB
2026/09/05 16:42:40.213, 1, NVIDIA L40S, 0 %, 27885 MiB
2026/09/05 16:42:40.213, 2, NVIDIA L40S, 0 %, 27347 MiB
2026/09/05 16:42:40.213, 3, NVIDIA L40S, 0 %, 27821 MiB
2026/09/05 16:42:50.214, 0, NVIDIA L40S, 76 %, 27799 MiB
2026/09/05 16:42:50.214, 1, NVIDIA L40S, 0 %, 27885 MiB
2026/09/05 16:42:50.215, 2, NVIDIA L40S, 0 %, 27347 MiB
2026/09/05 16:42:50.215, 3, NVIDIA L40S, 0 %, 27821 MiB
2026/09/05 16:43:00.216, 0, NVIDIA L40S, 80 %, 27799 MiB
2026/09/05 16:43:00.216, 1, NVIDIA L40S, 0 %, 27885 MiB
2026/09/05 16:43:00.216, 2, NVIDIA L40S, 0 %, 27347 MiB
2026/09/05 16:43:00.216, 3, NVIDIA L40S, 0 %, 27821 MiB
2026/09/05 16:43:10.217, 0, NVIDIA L40S, 74 %, 27799 MiB
2026/09/05 16:43:10.217, 1, NVIDIA L40S, 0 %, 27885 MiB
2026/09/05 16:43:10.217, 2, NVIDIA L40S, 0 %, 27347 MiB
2026/09/05 16:43:10.217, 3, NVIDIA L40S, 0 %, 27821 MiB
2026/09/05 16:43:20.218, 0, NVIDIA L40S, 66 %, 27799 MiB
2026/09/05 16:43:20.219, 1, NVIDIA L40S, 0 %, 27885 MiB
2026/09/05 16:43:20.219, 2, NVIDIA L40S, 0 %, 27347 MiB
2026/09/05 16:43:20.219, 3, NVIDIA L40S, 0 %, 27821 MiB
2026/09/05 16:43:30.220, 0, NVIDIA L40S, 91 %, 27799 MiB
2026/09/05 16:43:30.220, 1, NVIDIA L40S, 0 %, 27885 MiB
2026/09/05 16:43:30.220, 2, NVIDIA L40S, 0 %, 27347 MiB
2026/09/05 16:43:30.220, 3, NVIDIA L40S, 0 %, 27821 MiB
2026/09/05 16:43:40.221, 0, NVIDIA L40S, 80 %, 27799 MiB
2026/09/05 16:43:40.221, 1, NVIDIA L40S, 0 %, 27885 MiB
2026/09/05 16:43:40.221, 2, NVIDIA L40S, 0 %, 27347 MiB
2026/09/05 16:43:40.222, 3, NVIDIA L40S, 0 %, 27821 MiB
2026/09/05 16:43:50.223, 0, NVIDIA L40S, 74 %, 27799 MiB
2026/09/05 16:43:50.223, 1, NVIDIA L40S, 0 %, 27885 MiB
2026/09/05 16:43:50.223, 2, NVIDIA L40S, 0 %, 27347 MiB
2026/09/05 16:43:50.223, 3, NVIDIA L40S, 0 %, 27821 MiB
2026/09/05 16:44:00.224, 0, NVIDIA L40S, 81 %, 27799 MiB
2026/09/05 16:44:00.224, 1, NVIDIA L40S, 0 %, 27885 MiB
2026/09/05 16:44:00.224, 2, NVIDIA L40S, 0 %, 27347 MiB
2026/09/05 16:44:00.224, 3, NVIDIA L40S, 0 %, 27821 MiB
2026/09/05 16:44:10.225, 0, NVIDIA L40S, 84 %, 27799 MiB
2026/09/05 16:44:10.226, 1, NVIDIA L40S, 0 %, 27885 MiB
2026/09/05 16:44:10.226, 2, NVIDIA L40S, 0 %, 27347 MiB
2026/09/05 16:44:10.226, 3, NVIDIA L40S, 0 %, 27821 MiB
2026/09/05 16:44:20.227, 0, NVIDIA L40S, 81 %, 27799 MiB
2026/09/05 16:44:20.227, 1, NVIDIA L40S, 0 %, 27885 MiB
2026/09/05 16:44:20.227, 2, NVIDIA L40S, 0 %, 27347 MiB
2026/09/05 16:44:20.227, 3, NVIDIA L40S, 0 %, 27821 MiB
2026/09/05 16:44:30.228, 0, NVIDIA L40S, 72 %, 27799 MiB
2026/09/05 16:44:30.229, 1, NVIDIA L40S, 0 %, 27885 MiB
2026/09/05 16:44:30.229, 2, NVIDIA L40S, 0 %, 27347 MiB
2026/09/05 16:44:30.229, 3, NVIDIA L40S, 0 %, 27821 MiB
2026/09/05 16:44:40.230, 0, NVIDIA L40S, 92 %, 27799 MiB
2026/09/05 16:44:40.230, 1, NVIDIA L40S, 0 %, 27885 MiB
2026/09/05 16:44:40.230, 2, NVIDIA L40S, 0 %, 27347 MiB
2026/09/05 16:44:40.230, 3, NVIDIA L40S, 0 %, 27821 MiB
2026/09/05 16:44:50.231, 0, NVIDIA L40S, 92 %, 27799 MiB
2026/09/05 16:44:50.231, 1, NVIDIA L40S, 0 %, 27885 MiB
2026/09/05 16:44:50.231, 2, NVIDIA L40S, 0 %, 27347 MiB
2026/09/05 16:44:50.231, 3, NVIDIA L40S, 0 %, 27821 MiB
2026/09/05 16:45:00.232, 0, NVIDIA L40S, 82 %, 27799 MiB
2026/09/05 16:45:00.233, 1, NVIDIA L40S, 0 %, 27885 MiB
2026/09/05 16:45:00.233, 2, NVIDIA L40S, 0 %, 27347 MiB
2026/09/05 16:45:00.233, 3, NVIDIA L40S, 0 %, 27821 MiB
2026/09/05 16:45:10.234, 0, NVIDIA L40S, 93 %, 27799 MiB
2026/09/05 16:45:10.234, 1, NVIDIA L40S, 0 %, 27885 MiB
2026/09/05 16:45:10.234, 2, NVIDIA L40S, 0 %, 27347 MiB
2026/09/05 16:45:10.234, 3, NVIDIA L40S, 0 %, 27821 MiB
2026/09/05 16:45:20.235, 0, NVIDIA L40S, 92 %, 27799 MiB
2026/09/05 16:45:20.235, 1, NVIDIA L40S, 0 %, 27885 MiB
2026/09/05 16:45:20.235, 2, NVIDIA L40S, 0 %, 27347 MiB
2026/09/05 16:45:20.235, 3, NVIDIA L40S, 0 %, 27821 MiB
2026/09/05 16:45:30.236, 0, NVIDIA L40S, 91 %, 27799 MiB
2026/09/05 16:45:30.236, 1, NVIDIA L40S, 0 %, 27885 MiB
2026/09/05 16:45:30.237, 2, NVIDIA L40S, 0 %, 27347 MiB
2026/09/05 16:45:30.237, 3, NVIDIA L40S, 0 %, 27821 MiB
2026/09/05 16:45:40.237, 0, NVIDIA L40S, 70 %, 27799 MiB
2026/09/05 16:45:40.238, 1, NVIDIA L40S, 0 %, 27885 MiB
2026/09/05 16:45:40.238, 2, NVIDIA L40S, 0 %, 27347 MiB
2026/09/05 16:45:40.238, 3, NVIDIA L40S, 0 %, 27821 MiB
2026/09/05 16:45:50.239, 0, NVIDIA L40S, 90 %, 27799 MiB
2026/09/05 16:45:50.239, 1, NVIDIA L40S, 0 %, 27885 MiB
2026/09/05 16:45:50.239, 2, NVIDIA L40S, 0 %, 27347 MiB
2026/09/05 16:45:50.239, 3, NVIDIA L40S, 0 %, 27821 MiB
2026/09/05 16:46:00.240, 0, NVIDIA L40S, 92 %, 27799 MiB
2026/09/05 16:46:00.240, 1, NVIDIA L40S, 0 %, 27885 MiB
2026/09/05 16:46:00.241, 2, NVIDIA L40S, 0 %, 27347 MiB
2026/09/05 16:46:00.241, 3, NVIDIA L40S, 0 %, 27821 MiB
2026/09/05 16:46:10.241, 0, NVIDIA L40S, 91 %, 27799 MiB
2026/09/05 16:46:10.242, 1, NVIDIA L40S, 0 %, 27885 MiB
2026/09/05 16:46:10.242, 2, NVIDIA L40S, 0 %, 27347 MiB
2026/09/05 16:46:10.242, 3, NVIDIA L40S, 0 %, 27821 MiB
2026/09/05 16:46:20.243, 0, NVIDIA L40S, 76 %, 27799 MiB
2026/09/05 16:46:20.243, 1, NVIDIA L40S, 0 %, 27885 MiB
2026/09/05 16:46:20.243, 2, NVIDIA L40S, 0 %, 27347 MiB
2026/09/05 16:46:20.243, 3, NVIDIA L40S, 0 %, 27821 MiB
2026/09/05 16:46:30.244, 0, NVIDIA L40S, 92 %, 27799 MiB
2026/09/05 16:46:30.244, 1, NVIDIA L40S, 0 %, 27885 MiB
2026/09/05 16:46:30.244, 2, NVIDIA L40S, 0 %, 27347 MiB
2026/09/05 16:46:30.244, 3, NVIDIA L40S, 0 %, 27821 MiB
2026/09/05 16:46:40.245, 0, NVIDIA L40S, 81 %, 27799 MiB
2026/09/05 16:46:40.246, 1, NVIDIA L40S, 0 %, 27885 MiB
2026/09/05 16:46:40.246, 2, NVIDIA L40S, 0 %, 27347 MiB
2026/09/05 16:46:40.246, 3, NVIDIA L40S, 0 %, 27821 MiB
2026/09/05 16:46:50.247, 0, NVIDIA L40S, 65 %, 27799 MiB
2026/09/05 16:46:50.247, 1, NVIDIA L40S, 0 %, 27885 MiB
2026/09/05 16:46:50.247, 2, NVIDIA L40S, 0 %, 27347 MiB
2026/09/05 16:46:50.247, 3, NVIDIA L40S, 0 %, 27821 MiB
2026/09/05 16:47:00.248, 0, NVIDIA L40S, 77 %, 27799 MiB
2026/09/05 16:47:00.248, 1, NVIDIA L40S, 0 %, 27885 MiB
2026/09/05 16:47:00.248, 2, NVIDIA L40S, 0 %, 27347 MiB
2026/09/05 16:47:00.249, 3, NVIDIA L40S, 0 %, 27821 MiB
2026/09/05 16:47:10.249, 0, NVIDIA L40S, 75 %, 27799 MiB
2026/09/05 16:47:10.250, 1, NVIDIA L40S, 0 %, 27885 MiB
2026/09/05 16:47:10.250, 2, NVIDIA L40S, 0 %, 27347 MiB
2026/09/05 16:47:10.250, 3, NVIDIA L40S, 0 %, 27821 MiB
2026/09/05 16:47:20.251, 0, NVIDIA L40S, 90 %, 27799 MiB
2026/09/05 16:47:20.251, 1, NVIDIA L40S, 0 %, 27885 MiB
2026/09/05 16:47:20.251, 2, NVIDIA L40S, 0 %, 27347 MiB
2026/09/05 16:47:20.251, 3, NVIDIA L40S, 0 %, 27821 MiB
2026/09/05 16:47:30.252, 0, NVIDIA L40S, 91 %, 27799 MiB
2026/09/05 16:47:30.252, 1, NVIDIA L40S, 0 %, 27885 MiB
2026/09/05 16:47:30.252, 2, NVIDIA L40S, 0 %, 27347 MiB
2026/09/05 16:47:30.253, 3, NVIDIA L40S, 0 %, 27821 MiB
2026/09/05 16:47:40.254, 0, NVIDIA L40S, 91 %, 27799 MiB
2026/09/05 16:47:40.254, 1, NVIDIA L40S, 0 %, 27885 MiB
2026/09/05 16:47:40.254, 2, NVIDIA L40S, 0 %, 27347 MiB
2026/09/05 16:47:40.254, 3, NVIDIA L40S, 0 %, 27821 MiB
2026/09/05 16:47:50.255, 0, NVIDIA L40S, 71 %, 27799 MiB
2026/09/05 16:47:50.255, 1, NVIDIA L40S, 0 %, 27885 MiB
2026/09/05 16:47:50.255, 2, NVIDIA L40S, 0 %, 27347 MiB
2026/09/05 16:47:50.255, 3, NVIDIA L40S, 0 %, 27821 MiB
2026/09/05 16:48:00.256, 0, NVIDIA L40S, 74 %, 27799 MiB
2026/09/05 16:48:00.256, 1, NVIDIA L40S, 0 %, 27885 MiB
2026/09/05 16:48:00.257, 2, NVIDIA L40S, 0 %, 27347 MiB
2026/09/05 16:48:00.257, 3, NVIDIA L40S, 0 %, 27821 MiB
2026/09/05 16:48:10.258, 0, NVIDIA L40S, 81 %, 27799 MiB
2026/09/05 16:48:10.258, 1, NVIDIA L40S, 0 %, 27885 MiB
2026/09/05 16:48:10.258, 2, NVIDIA L40S, 0 %, 27347 MiB
2026/09/05 16:48:10.258, 3, NVIDIA L40S, 0 %, 27821 MiB
2026/09/05 16:48:20.259, 0, NVIDIA L40S, 0 %, 27849 MiB
2026/09/05 16:48:20.259, 1, NVIDIA L40S, 0 %, 27935 MiB
2026/09/05 16:48:20.259, 2, NVIDIA L40S, 0 %, 27397 MiB
2026/09/05 16:48:20.259, 3, NVIDIA L40S, 0 %, 27871 MiB
