timestamp, index, name, utilization.gpu [%], memory.used [MiB], memory.total [MiB], power.draw [W], temperature.gpu
2026/08/28 05:08:14.590, 0, NVIDIA RTX 6000 Ada Generation, 0 %, 2 MiB, 49140 MiB, 82.68 W, 40
2026/08/28 05:08:14.591, 1, NVIDIA RTX 6000 Ada Generation, 0 %, 2 MiB, 49140 MiB, 88.47 W, 54
2026/08/28 05:08:14.592, 2, NVIDIA RTX 6000 Ada Generation, 0 %, 2 MiB, 49140 MiB, 90.96 W, 68
2026/08/28 05:08:14.593, 3, NVIDIA RTX 6000 Ada Generation, 0 %, 2 MiB, 49140 MiB, 58.27 W, 56
2026/08/28 05:08:24.595, 0, NVIDIA RTX 6000 Ada Generation, 14 %, 20402 MiB, 49140 MiB, 84.65 W, 40
2026/08/28 05:08:24.595, 1, NVIDIA RTX 6000 Ada Generation, 24 %, 20402 MiB, 49140 MiB, 90.20 W, 53
2026/08/28 05:08:24.595, 2, NVIDIA RTX 6000 Ada Generation, 17 %, 19552 MiB, 49140 MiB, 98.07 W, 63
2026/08/28 05:08:24.595, 3, NVIDIA RTX 6000 Ada Generation, 15 %, 20402 MiB, 49140 MiB, 94.37 W, 56
2026/08/28 05:08:34.596, 0, NVIDIA RTX 6000 Ada Generation, 98 %, 32880 MiB, 49140 MiB, 299.13 W, 50
2026/08/28 05:08:34.596, 1, NVIDIA RTX 6000 Ada Generation, 92 %, 33308 MiB, 49140 MiB, 285.92 W, 62
2026/08/28 05:08:34.596, 2, NVIDIA RTX 6000 Ada Generation, 99 %, 32948 MiB, 49140 MiB, 300.09 W, 68
2026/08/28 05:08:34.596, 3, NVIDIA RTX 6000 Ada Generation, 91 %, 33058 MiB, 49140 MiB, 293.57 W, 66
2026/08/28 05:08:44.597, 0, NVIDIA RTX 6000 Ada Generation, 98 %, 32912 MiB, 49140 MiB, 299.14 W, 55
2026/08/28 05:08:44.597, 1, NVIDIA RTX 6000 Ada Generation, 98 %, 33384 MiB, 49140 MiB, 299.06 W, 67
2026/08/28 05:08:44.597, 2, NVIDIA RTX 6000 Ada Generation, 98 %, 32948 MiB, 49140 MiB, 299.68 W, 70
2026/08/28 05:08:44.597, 3, NVIDIA RTX 6000 Ada Generation, 98 %, 33118 MiB, 49140 MiB, 299.66 W, 70
2026/08/28 05:08:54.598, 0, NVIDIA RTX 6000 Ada Generation, 98 %, 32952 MiB, 49140 MiB, 299.76 W, 60
2026/08/28 05:08:54.598, 1, NVIDIA RTX 6000 Ada Generation, 98 %, 33384 MiB, 49140 MiB, 299.49 W, 70
2026/08/28 05:08:54.598, 2, NVIDIA RTX 6000 Ada Generation, 94 %, 33138 MiB, 49140 MiB, 298.85 W, 72
2026/08/28 05:08:54.598, 3, NVIDIA RTX 6000 Ada Generation, 99 %, 33118 MiB, 49140 MiB, 299.16 W, 73
2026/08/28 05:09:04.599, 0, NVIDIA RTX 6000 Ada Generation, 98 %, 32992 MiB, 49140 MiB, 299.64 W, 63
2026/08/28 05:09:04.600, 1, NVIDIA RTX 6000 Ada Generation, 90 %, 33442 MiB, 49140 MiB, 296.98 W, 73
2026/08/28 05:09:04.600, 2, NVIDIA RTX 6000 Ada Generation, 98 %, 33158 MiB, 49140 MiB, 299.25 W, 73
2026/08/28 05:09:04.600, 3, NVIDIA RTX 6000 Ada Generation, 99 %, 33118 MiB, 49140 MiB, 299.90 W, 76
2026/08/28 05:09:14.601, 0, NVIDIA RTX 6000 Ada Generation, 99 %, 33052 MiB, 49140 MiB, 299.52 W, 65
2026/08/28 05:09:14.601, 1, NVIDIA RTX 6000 Ada Generation, 98 %, 33568 MiB, 49140 MiB, 299.29 W, 75
2026/08/28 05:09:14.601, 2, NVIDIA RTX 6000 Ada Generation, 98 %, 33158 MiB, 49140 MiB, 299.87 W, 74
2026/08/28 05:09:14.601, 3, NVIDIA RTX 6000 Ada Generation, 98 %, 33118 MiB, 49140 MiB, 299.71 W, 78
2026/08/28 05:09:24.602, 0, NVIDIA RTX 6000 Ada Generation, 98 %, 33092 MiB, 49140 MiB, 299.60 W, 68
2026/08/28 05:09:24.602, 1, NVIDIA RTX 6000 Ada Generation, 98 %, 33568 MiB, 49140 MiB, 299.26 W, 77
2026/08/28 05:09:24.602, 2, NVIDIA RTX 6000 Ada Generation, 98 %, 33158 MiB, 49140 MiB, 299.66 W, 75
2026/08/28 05:09:24.602, 3, NVIDIA RTX 6000 Ada Generation, 93 %, 33118 MiB, 49140 MiB, 298.63 W, 79
2026/08/28 05:09:34.603, 0, NVIDIA RTX 6000 Ada Generation, 93 %, 33194 MiB, 49140 MiB, 299.65 W, 69
2026/08/28 05:09:34.603, 1, NVIDIA RTX 6000 Ada Generation, 93 %, 33568 MiB, 49140 MiB, 299.04 W, 79
2026/08/28 05:09:34.603, 2, NVIDIA RTX 6000 Ada Generation, 98 %, 33158 MiB, 49140 MiB, 299.30 W, 75
2026/08/28 05:09:34.603, 3, NVIDIA RTX 6000 Ada Generation, 95 %, 33186 MiB, 49140 MiB, 296.90 W, 80
2026/08/28 05:09:44.604, 0, NVIDIA RTX 6000 Ada Generation, 99 %, 33326 MiB, 49140 MiB, 299.26 W, 71
2026/08/28 05:09:44.604, 1, NVIDIA RTX 6000 Ada Generation, 93 %, 33568 MiB, 49140 MiB, 299.33 W, 80
2026/08/28 05:09:44.604, 2, NVIDIA RTX 6000 Ada Generation, 92 %, 33158 MiB, 49140 MiB, 298.95 W, 75
2026/08/28 05:09:44.604, 3, NVIDIA RTX 6000 Ada Generation, 98 %, 33186 MiB, 49140 MiB, 299.14 W, 82
2026/08/28 05:09:54.605, 0, NVIDIA RTX 6000 Ada Generation, 98 %, 33326 MiB, 49140 MiB, 299.90 W, 72
2026/08/28 05:09:54.605, 1, NVIDIA RTX 6000 Ada Generation, 93 %, 33568 MiB, 49140 MiB, 299.61 W, 81
2026/08/28 05:09:54.606, 2, NVIDIA RTX 6000 Ada Generation, 91 %, 33194 MiB, 49140 MiB, 299.62 W, 76
2026/08/28 05:09:54.606, 3, NVIDIA RTX 6000 Ada Generation, 98 %, 33186 MiB, 49140 MiB, 299.05 W, 82
2026/08/28 05:10:04.606, 0, NVIDIA RTX 6000 Ada Generation, 98 %, 33326 MiB, 49140 MiB, 299.78 W, 73
2026/08/28 05:10:04.607, 1, NVIDIA RTX 6000 Ada Generation, 98 %, 33568 MiB, 49140 MiB, 299.72 W, 82
2026/08/28 05:10:04.607, 2, NVIDIA RTX 6000 Ada Generation, 98 %, 33236 MiB, 49140 MiB, 299.76 W, 76
2026/08/28 05:10:04.607, 3, NVIDIA RTX 6000 Ada Generation, 99 %, 33186 MiB, 49140 MiB, 299.49 W, 83
2026/08/28 05:10:14.608, 0, NVIDIA RTX 6000 Ada Generation, 98 %, 33326 MiB, 49140 MiB, 299.02 W, 74
2026/08/28 05:10:14.608, 1, NVIDIA RTX 6000 Ada Generation, 98 %, 33568 MiB, 49140 MiB, 299.82 W, 83
2026/08/28 05:10:14.608, 2, NVIDIA RTX 6000 Ada Generation, 92 %, 33236 MiB, 49140 MiB, 299.76 W, 77
2026/08/28 05:10:14.608, 3, NVIDIA RTX 6000 Ada Generation, 98 %, 33186 MiB, 49140 MiB, 299.46 W, 82
2026/08/28 05:10:24.609, 0, NVIDIA RTX 6000 Ada Generation, 92 %, 33366 MiB, 49140 MiB, 299.73 W, 75
2026/08/28 05:10:24.609, 1, NVIDIA RTX 6000 Ada Generation, 98 %, 33568 MiB, 49140 MiB, 299.59 W, 84
2026/08/28 05:10:24.609, 2, NVIDIA RTX 6000 Ada Generation, 98 %, 33248 MiB, 49140 MiB, 299.89 W, 77
2026/08/28 05:10:24.609, 3, NVIDIA RTX 6000 Ada Generation, 92 %, 33200 MiB, 49140 MiB, 271.44 W, 80
2026/08/28 05:10:34.610, 0, NVIDIA RTX 6000 Ada Generation, 98 %, 33366 MiB, 49140 MiB, 299.36 W, 76
2026/08/28 05:10:34.610, 1, NVIDIA RTX 6000 Ada Generation, 98 %, 33568 MiB, 49140 MiB, 299.52 W, 85
2026/08/28 05:10:34.610, 2, NVIDIA RTX 6000 Ada Generation, 98 %, 33248 MiB, 49140 MiB, 299.86 W, 78
2026/08/28 05:10:34.610, 3, NVIDIA RTX 6000 Ada Generation, 98 %, 33200 MiB, 49140 MiB, 274.64 W, 78
2026/08/28 05:10:44.611, 0, NVIDIA RTX 6000 Ada Generation, 99 %, 33366 MiB, 49140 MiB, 299.87 W, 76
2026/08/28 05:10:44.611, 1, NVIDIA RTX 6000 Ada Generation, 98 %, 33568 MiB, 49140 MiB, 299.46 W, 86
2026/08/28 05:10:44.611, 2, NVIDIA RTX 6000 Ada Generation, 98 %, 33266 MiB, 49140 MiB, 300.15 W, 78
2026/08/28 05:10:44.611, 3, NVIDIA RTX 6000 Ada Generation, 98 %, 33200 MiB, 49140 MiB, 276.16 W, 77
2026/08/28 05:10:54.612, 0, NVIDIA RTX 6000 Ada Generation, 98 %, 33366 MiB, 49140 MiB, 299.68 W, 77
2026/08/28 05:10:54.612, 1, NVIDIA RTX 6000 Ada Generation, 98 %, 33568 MiB, 49140 MiB, 299.61 W, 87
2026/08/28 05:10:54.612, 2, NVIDIA RTX 6000 Ada Generation, 98 %, 33266 MiB, 49140 MiB, 299.98 W, 79
2026/08/28 05:10:54.612, 3, NVIDIA RTX 6000 Ada Generation, 93 %, 33200 MiB, 49140 MiB, 278.89 W, 76
2026/08/28 05:11:04.613, 0, NVIDIA RTX 6000 Ada Generation, 98 %, 33366 MiB, 49140 MiB, 299.36 W, 77
2026/08/28 05:11:04.613, 1, NVIDIA RTX 6000 Ada Generation, 98 %, 33568 MiB, 49140 MiB, 299.28 W, 87
2026/08/28 05:11:04.614, 2, NVIDIA RTX 6000 Ada Generation, 98 %, 33266 MiB, 49140 MiB, 299.34 W, 79
2026/08/28 05:11:04.614, 3, NVIDIA RTX 6000 Ada Generation, 98 %, 33200 MiB, 49140 MiB, 300.07 W, 77
2026/08/28 05:11:14.614, 0, NVIDIA RTX 6000 Ada Generation, 98 %, 33366 MiB, 49140 MiB, 299.19 W, 78
2026/08/28 05:11:14.615, 1, NVIDIA RTX 6000 Ada Generation, 95 %, 33568 MiB, 49140 MiB, 298.92 W, 86
2026/08/28 05:11:14.615, 2, NVIDIA RTX 6000 Ada Generation, 99 %, 33266 MiB, 49140 MiB, 299.53 W, 79
2026/08/28 05:11:14.615, 3, NVIDIA RTX 6000 Ada Generation, 98 %, 33200 MiB, 49140 MiB, 299.81 W, 77
2026/08/28 05:11:24.615, 0, NVIDIA RTX 6000 Ada Generation, 98 %, 33366 MiB, 49140 MiB, 299.67 W, 78
2026/08/28 05:11:24.616, 1, NVIDIA RTX 6000 Ada Generation, 98 %, 33568 MiB, 49140 MiB, 300.26 W, 86
2026/08/28 05:11:24.616, 2, NVIDIA RTX 6000 Ada Generation, 98 %, 33266 MiB, 49140 MiB, 299.21 W, 79
2026/08/28 05:11:24.616, 3, NVIDIA RTX 6000 Ada Generation, 94 %, 33200 MiB, 49140 MiB, 299.96 W, 77
2026/08/28 05:11:34.617, 0, NVIDIA RTX 6000 Ada Generation, 99 %, 33366 MiB, 49140 MiB, 299.81 W, 78
2026/08/28 05:11:34.617, 1, NVIDIA RTX 6000 Ada Generation, 98 %, 33568 MiB, 49140 MiB, 299.25 W, 85
2026/08/28 05:11:34.617, 2, NVIDIA RTX 6000 Ada Generation, 98 %, 33266 MiB, 49140 MiB, 299.03 W, 79
2026/08/28 05:11:34.617, 3, NVIDIA RTX 6000 Ada Generation, 95 %, 33248 MiB, 49140 MiB, 299.65 W, 77
2026/08/28 05:11:44.618, 0, NVIDIA RTX 6000 Ada Generation, 98 %, 33366 MiB, 49140 MiB, 299.21 W, 79
2026/08/28 05:11:44.618, 1, NVIDIA RTX 6000 Ada Generation, 93 %, 33568 MiB, 49140 MiB, 293.25 W, 84
2026/08/28 05:11:44.618, 2, NVIDIA RTX 6000 Ada Generation, 99 %, 33266 MiB, 49140 MiB, 299.90 W, 79
2026/08/28 05:11:44.618, 3, NVIDIA RTX 6000 Ada Generation, 94 %, 33480 MiB, 49140 MiB, 299.52 W, 77
2026/08/28 05:11:54.619, 0, NVIDIA RTX 6000 Ada Generation, 91 %, 33366 MiB, 49140 MiB, 299.21 W, 79
2026/08/28 05:11:54.619, 1, NVIDIA RTX 6000 Ada Generation, 98 %, 33568 MiB, 49140 MiB, 299.65 W, 84
2026/08/28 05:11:54.619, 2, NVIDIA RTX 6000 Ada Generation, 91 %, 33326 MiB, 49140 MiB, 299.72 W, 80
2026/08/28 05:11:54.619, 3, NVIDIA RTX 6000 Ada Generation, 98 %, 33480 MiB, 49140 MiB, 299.96 W, 78
2026/08/28 05:12:04.620, 0, NVIDIA RTX 6000 Ada Generation, 96 %, 33366 MiB, 49140 MiB, 299.27 W, 79
2026/08/28 05:12:04.620, 1, NVIDIA RTX 6000 Ada Generation, 91 %, 33568 MiB, 49140 MiB, 299.01 W, 83
2026/08/28 05:12:04.620, 2, NVIDIA RTX 6000 Ada Generation, 92 %, 33392 MiB, 49140 MiB, 299.34 W, 80
2026/08/28 05:12:04.620, 3, NVIDIA RTX 6000 Ada Generation, 99 %, 33480 MiB, 49140 MiB, 299.89 W, 78
2026/08/28 05:12:14.621, 0, NVIDIA RTX 6000 Ada Generation, 98 %, 33432 MiB, 49140 MiB, 299.52 W, 79
2026/08/28 05:12:14.621, 1, NVIDIA RTX 6000 Ada Generation, 98 %, 33568 MiB, 49140 MiB, 299.89 W, 83
2026/08/28 05:12:14.622, 2, NVIDIA RTX 6000 Ada Generation, 98 %, 33514 MiB, 49140 MiB, 299.83 W, 80
2026/08/28 05:12:14.622, 3, NVIDIA RTX 6000 Ada Generation, 98 %, 33480 MiB, 49140 MiB, 299.92 W, 78
2026/08/28 05:12:24.622, 0, NVIDIA RTX 6000 Ada Generation, 98 %, 33432 MiB, 49140 MiB, 297.82 W, 79
2026/08/28 05:12:24.623, 1, NVIDIA RTX 6000 Ada Generation, 97 %, 33568 MiB, 49140 MiB, 300.01 W, 82
2026/08/28 05:12:24.623, 2, NVIDIA RTX 6000 Ada Generation, 93 %, 33514 MiB, 49140 MiB, 299.96 W, 80
2026/08/28 05:12:24.623, 3, NVIDIA RTX 6000 Ada Generation, 98 %, 33480 MiB, 49140 MiB, 299.64 W, 78
2026/08/28 05:12:34.624, 0, NVIDIA RTX 6000 Ada Generation, 98 %, 33432 MiB, 49140 MiB, 299.69 W, 79
2026/08/28 05:12:34.624, 1, NVIDIA RTX 6000 Ada Generation, 94 %, 33568 MiB, 49140 MiB, 299.68 W, 82
2026/08/28 05:12:34.624, 2, NVIDIA RTX 6000 Ada Generation, 91 %, 33514 MiB, 49140 MiB, 298.97 W, 79
2026/08/28 05:12:34.624, 3, NVIDIA RTX 6000 Ada Generation, 98 %, 33480 MiB, 49140 MiB, 299.66 W, 78
2026/08/28 05:12:44.625, 0, NVIDIA RTX 6000 Ada Generation, 98 %, 33432 MiB, 49140 MiB, 299.58 W, 80
2026/08/28 05:12:44.625, 1, NVIDIA RTX 6000 Ada Generation, 98 %, 33570 MiB, 49140 MiB, 299.52 W, 82
2026/08/28 05:12:44.625, 2, NVIDIA RTX 6000 Ada Generation, 99 %, 33514 MiB, 49140 MiB, 299.26 W, 80
2026/08/28 05:12:44.625, 3, NVIDIA RTX 6000 Ada Generation, 98 %, 33480 MiB, 49140 MiB, 300.05 W, 78
2026/08/28 05:12:54.626, 0, NVIDIA RTX 6000 Ada Generation, 98 %, 33432 MiB, 49140 MiB, 299.88 W, 80
2026/08/28 05:12:54.626, 1, NVIDIA RTX 6000 Ada Generation, 98 %, 33570 MiB, 49140 MiB, 300.06 W, 81
2026/08/28 05:12:54.626, 2, NVIDIA RTX 6000 Ada Generation, 99 %, 33514 MiB, 49140 MiB, 299.04 W, 79
2026/08/28 05:12:54.626, 3, NVIDIA RTX 6000 Ada Generation, 99 %, 33480 MiB, 49140 MiB, 299.58 W, 78
2026/08/28 05:13:04.627, 0, NVIDIA RTX 6000 Ada Generation, 93 %, 33432 MiB, 49140 MiB, 298.99 W, 80
2026/08/28 05:13:04.627, 1, NVIDIA RTX 6000 Ada Generation, 93 %, 33570 MiB, 49140 MiB, 299.62 W, 81
2026/08/28 05:13:04.627, 2, NVIDIA RTX 6000 Ada Generation, 98 %, 33514 MiB, 49140 MiB, 300.17 W, 80
2026/08/28 05:13:04.627, 3, NVIDIA RTX 6000 Ada Generation, 93 %, 33480 MiB, 49140 MiB, 295.85 W, 78
2026/08/28 05:13:14.628, 0, NVIDIA RTX 6000 Ada Generation, 98 %, 33432 MiB, 49140 MiB, 299.70 W, 80
2026/08/28 05:13:14.628, 1, NVIDIA RTX 6000 Ada Generation, 98 %, 33570 MiB, 49140 MiB, 299.66 W, 81
2026/08/28 05:13:14.628, 2, NVIDIA RTX 6000 Ada Generation, 98 %, 33514 MiB, 49140 MiB, 300.20 W, 80
2026/08/28 05:13:14.628, 3, NVIDIA RTX 6000 Ada Generation, 98 %, 33480 MiB, 49140 MiB, 299.25 W, 78
2026/08/28 05:13:24.629, 0, NVIDIA RTX 6000 Ada Generation, 99 %, 33432 MiB, 49140 MiB, 299.82 W, 80
2026/08/28 05:13:24.629, 1, NVIDIA RTX 6000 Ada Generation, 95 %, 33570 MiB, 49140 MiB, 299.65 W, 81
2026/08/28 05:13:24.629, 2, NVIDIA RTX 6000 Ada Generation, 98 %, 33514 MiB, 49140 MiB, 299.45 W, 79
2026/08/28 05:13:24.630, 3, NVIDIA RTX 6000 Ada Generation, 98 %, 33480 MiB, 49140 MiB, 299.86 W, 78
2026/08/28 05:13:34.630, 0, NVIDIA RTX 6000 Ada Generation, 98 %, 33432 MiB, 49140 MiB, 299.57 W, 80
2026/08/28 05:13:34.631, 1, NVIDIA RTX 6000 Ada Generation, 98 %, 33570 MiB, 49140 MiB, 299.82 W, 81
2026/08/28 05:13:34.631, 2, NVIDIA RTX 6000 Ada Generation, 98 %, 33514 MiB, 49140 MiB, 299.61 W, 80
2026/08/28 05:13:34.631, 3, NVIDIA RTX 6000 Ada Generation, 98 %, 33480 MiB, 49140 MiB, 299.88 W, 78
2026/08/28 05:13:44.631, 0, NVIDIA RTX 6000 Ada Generation, 99 %, 33432 MiB, 49140 MiB, 299.92 W, 80
2026/08/28 05:13:44.632, 1, NVIDIA RTX 6000 Ada Generation, 98 %, 33570 MiB, 49140 MiB, 299.95 W, 81
2026/08/28 05:13:44.632, 2, NVIDIA RTX 6000 Ada Generation, 91 %, 33514 MiB, 49140 MiB, 299.55 W, 80
2026/08/28 05:13:44.632, 3, NVIDIA RTX 6000 Ada Generation, 98 %, 33480 MiB, 49140 MiB, 297.98 W, 78
2026/08/28 05:13:54.633, 0, NVIDIA RTX 6000 Ada Generation, 93 %, 33438 MiB, 49140 MiB, 299.35 W, 80
2026/08/28 05:13:54.633, 1, NVIDIA RTX 6000 Ada Generation, 98 %, 33570 MiB, 49140 MiB, 301.48 W, 80
2026/08/28 05:13:54.633, 2, NVIDIA RTX 6000 Ada Generation, 95 %, 33514 MiB, 49140 MiB, 300.02 W, 80
2026/08/28 05:13:54.633, 3, NVIDIA RTX 6000 Ada Generation, 98 %, 33480 MiB, 49140 MiB, 300.04 W, 78
2026/08/28 05:14:04.634, 0, NVIDIA RTX 6000 Ada Generation, 92 %, 33438 MiB, 49140 MiB, 299.45 W, 80
2026/08/28 05:14:04.634, 1, NVIDIA RTX 6000 Ada Generation, 94 %, 33580 MiB, 49140 MiB, 299.51 W, 81
2026/08/28 05:14:04.634, 2, NVIDIA RTX 6000 Ada Generation, 98 %, 33514 MiB, 49140 MiB, 299.83 W, 80
2026/08/28 05:14:04.634, 3, NVIDIA RTX 6000 Ada Generation, 98 %, 33480 MiB, 49140 MiB, 298.82 W, 78
2026/08/28 05:14:14.635, 0, NVIDIA RTX 6000 Ada Generation, 99 %, 33438 MiB, 49140 MiB, 299.60 W, 80
2026/08/28 05:14:14.635, 1, NVIDIA RTX 6000 Ada Generation, 91 %, 33580 MiB, 49140 MiB, 298.88 W, 81
2026/08/28 05:14:14.635, 2, NVIDIA RTX 6000 Ada Generation, 94 %, 33514 MiB, 49140 MiB, 297.39 W, 79
2026/08/28 05:14:14.635, 3, NVIDIA RTX 6000 Ada Generation, 94 %, 33480 MiB, 49140 MiB, 299.93 W, 78
2026/08/28 05:14:24.636, 0, NVIDIA RTX 6000 Ada Generation, 98 %, 33438 MiB, 49140 MiB, 299.68 W, 80
2026/08/28 05:14:24.636, 1, NVIDIA RTX 6000 Ada Generation, 98 %, 33580 MiB, 49140 MiB, 299.31 W, 81
2026/08/28 05:14:24.636, 2, NVIDIA RTX 6000 Ada Generation, 98 %, 33514 MiB, 49140 MiB, 299.90 W, 80
2026/08/28 05:14:24.636, 3, NVIDIA RTX 6000 Ada Generation, 98 %, 33480 MiB, 49140 MiB, 299.85 W, 78
2026/08/28 05:14:34.637, 0, NVIDIA RTX 6000 Ada Generation, 94 %, 33438 MiB, 49140 MiB, 300.12 W, 80
2026/08/28 05:14:34.637, 1, NVIDIA RTX 6000 Ada Generation, 98 %, 33580 MiB, 49140 MiB, 299.49 W, 81
2026/08/28 05:14:34.637, 2, NVIDIA RTX 6000 Ada Generation, 98 %, 33520 MiB, 49140 MiB, 299.35 W, 80
2026/08/28 05:14:34.637, 3, NVIDIA RTX 6000 Ada Generation, 98 %, 33480 MiB, 49140 MiB, 300.02 W, 78
2026/08/28 05:14:44.638, 0, NVIDIA RTX 6000 Ada Generation, 94 %, 33438 MiB, 49140 MiB, 299.70 W, 80
2026/08/28 05:14:44.638, 1, NVIDIA RTX 6000 Ada Generation, 98 %, 33580 MiB, 49140 MiB, 299.86 W, 81
2026/08/28 05:14:44.638, 2, NVIDIA RTX 6000 Ada Generation, 98 %, 33520 MiB, 49140 MiB, 299.79 W, 79
2026/08/28 05:14:44.638, 3, NVIDIA RTX 6000 Ada Generation, 98 %, 33480 MiB, 49140 MiB, 299.20 W, 78
2026/08/28 05:14:54.639, 0, NVIDIA RTX 6000 Ada Generation, 95 %, 33438 MiB, 49140 MiB, 299.50 W, 80
2026/08/28 05:14:54.639, 1, NVIDIA RTX 6000 Ada Generation, 98 %, 33580 MiB, 49140 MiB, 299.28 W, 81
2026/08/28 05:14:54.639, 2, NVIDIA RTX 6000 Ada Generation, 98 %, 33520 MiB, 49140 MiB, 297.22 W, 79
2026/08/28 05:14:54.639, 3, NVIDIA RTX 6000 Ada Generation, 90 %, 33480 MiB, 49140 MiB, 299.23 W, 78
2026/08/28 05:15:04.640, 0, NVIDIA RTX 6000 Ada Generation, 98 %, 33572 MiB, 49140 MiB, 299.80 W, 80
2026/08/28 05:15:04.640, 1, NVIDIA RTX 6000 Ada Generation, 98 %, 33580 MiB, 49140 MiB, 299.80 W, 82
2026/08/28 05:15:04.641, 2, NVIDIA RTX 6000 Ada Generation, 98 %, 33520 MiB, 49140 MiB, 299.83 W, 80
2026/08/28 05:15:04.641, 3, NVIDIA RTX 6000 Ada Generation, 98 %, 33480 MiB, 49140 MiB, 299.13 W, 78
2026/08/28 05:15:14.641, 0, NVIDIA RTX 6000 Ada Generation, 99 %, 33572 MiB, 49140 MiB, 299.56 W, 80
2026/08/28 05:15:14.642, 1, NVIDIA RTX 6000 Ada Generation, 98 %, 33580 MiB, 49140 MiB, 299.94 W, 82
2026/08/28 05:15:14.642, 2, NVIDIA RTX 6000 Ada Generation, 98 %, 33520 MiB, 49140 MiB, 299.06 W, 79
2026/08/28 05:15:14.642, 3, NVIDIA RTX 6000 Ada Generation, 98 %, 33480 MiB, 49140 MiB, 300.12 W, 78
2026/08/28 05:15:24.643, 0, NVIDIA RTX 6000 Ada Generation, 98 %, 33572 MiB, 49140 MiB, 299.59 W, 80
2026/08/28 05:15:24.643, 1, NVIDIA RTX 6000 Ada Generation, 98 %, 33580 MiB, 49140 MiB, 299.41 W, 82
2026/08/28 05:15:24.643, 2, NVIDIA RTX 6000 Ada Generation, 98 %, 33520 MiB, 49140 MiB, 299.98 W, 79
2026/08/28 05:15:24.643, 3, NVIDIA RTX 6000 Ada Generation, 98 %, 33480 MiB, 49140 MiB, 298.91 W, 78
2026/08/28 05:15:34.644, 0, NVIDIA RTX 6000 Ada Generation, 98 %, 33572 MiB, 49140 MiB, 299.61 W, 80
2026/08/28 05:15:34.644, 1, NVIDIA RTX 6000 Ada Generation, 98 %, 33580 MiB, 49140 MiB, 299.38 W, 82
2026/08/28 05:15:34.644, 2, NVIDIA RTX 6000 Ada Generation, 98 %, 33520 MiB, 49140 MiB, 300.14 W, 79
2026/08/28 05:15:34.644, 3, NVIDIA RTX 6000 Ada Generation, 98 %, 33480 MiB, 49140 MiB, 299.72 W, 78
2026/08/28 05:15:44.645, 0, NVIDIA RTX 6000 Ada Generation, 98 %, 33572 MiB, 49140 MiB, 299.47 W, 80
2026/08/28 05:15:44.645, 1, NVIDIA RTX 6000 Ada Generation, 91 %, 33580 MiB, 49140 MiB, 298.08 W, 82
2026/08/28 05:15:44.645, 2, NVIDIA RTX 6000 Ada Generation, 92 %, 33520 MiB, 49140 MiB, 299.55 W, 80
2026/08/28 05:15:44.645, 3, NVIDIA RTX 6000 Ada Generation, 94 %, 33480 MiB, 49140 MiB, 299.64 W, 78
2026/08/28 05:15:54.646, 0, NVIDIA RTX 6000 Ada Generation, 99 %, 33572 MiB, 49140 MiB, 299.59 W, 80
2026/08/28 05:15:54.646, 1, NVIDIA RTX 6000 Ada Generation, 98 %, 33580 MiB, 49140 MiB, 299.44 W, 82
2026/08/28 05:15:54.646, 2, NVIDIA RTX 6000 Ada Generation, 94 %, 33520 MiB, 49140 MiB, 299.38 W, 79
2026/08/28 05:15:54.646, 3, NVIDIA RTX 6000 Ada Generation, 93 %, 33480 MiB, 49140 MiB, 299.54 W, 79
2026/08/28 05:16:04.647, 0, NVIDIA RTX 6000 Ada Generation, 98 %, 33572 MiB, 49140 MiB, 299.55 W, 80
2026/08/28 05:16:04.648, 1, NVIDIA RTX 6000 Ada Generation, 98 %, 33580 MiB, 49140 MiB, 299.41 W, 82
2026/08/28 05:16:04.648, 2, NVIDIA RTX 6000 Ada Generation, 99 %, 33520 MiB, 49140 MiB, 299.47 W, 79
2026/08/28 05:16:04.648, 3, NVIDIA RTX 6000 Ada Generation, 98 %, 33480 MiB, 49140 MiB, 299.83 W, 78
2026/08/28 05:16:14.649, 0, NVIDIA RTX 6000 Ada Generation, 98 %, 33572 MiB, 49140 MiB, 299.54 W, 79
2026/08/28 05:16:14.649, 1, NVIDIA RTX 6000 Ada Generation, 93 %, 33580 MiB, 49140 MiB, 299.69 W, 82
2026/08/28 05:16:14.649, 2, NVIDIA RTX 6000 Ada Generation, 99 %, 33520 MiB, 49140 MiB, 299.62 W, 79
2026/08/28 05:16:14.649, 3, NVIDIA RTX 6000 Ada Generation, 91 %, 33480 MiB, 49140 MiB, 300.14 W, 78
2026/08/28 05:16:24.650, 0, NVIDIA RTX 6000 Ada Generation, 92 %, 33572 MiB, 49140 MiB, 299.70 W, 79
2026/08/28 05:16:24.650, 1, NVIDIA RTX 6000 Ada Generation, 93 %, 33580 MiB, 49140 MiB, 299.76 W, 82
2026/08/28 05:16:24.650, 2, NVIDIA RTX 6000 Ada Generation, 98 %, 33520 MiB, 49140 MiB, 299.63 W, 79
2026/08/28 05:16:24.650, 3, NVIDIA RTX 6000 Ada Generation, 98 %, 33480 MiB, 49140 MiB, 298.84 W, 78
2026/08/28 05:16:34.651, 0, NVIDIA RTX 6000 Ada Generation, 98 %, 33572 MiB, 49140 MiB, 299.32 W, 80
2026/08/28 05:16:34.651, 1, NVIDIA RTX 6000 Ada Generation, 98 %, 33580 MiB, 49140 MiB, 300.17 W, 82
2026/08/28 05:16:34.651, 2, NVIDIA RTX 6000 Ada Generation, 98 %, 33520 MiB, 49140 MiB, 300.24 W, 79
2026/08/28 05:16:34.651, 3, NVIDIA RTX 6000 Ada Generation, 94 %, 33480 MiB, 49140 MiB, 299.65 W, 79
2026/08/28 05:16:44.652, 0, NVIDIA RTX 6000 Ada Generation, 93 %, 33572 MiB, 49140 MiB, 298.93 W, 79
2026/08/28 05:16:44.652, 1, NVIDIA RTX 6000 Ada Generation, 98 %, 33580 MiB, 49140 MiB, 299.78 W, 82
2026/08/28 05:16:44.652, 2, NVIDIA RTX 6000 Ada Generation, 99 %, 33520 MiB, 49140 MiB, 299.84 W, 79
2026/08/28 05:16:44.652, 3, NVIDIA RTX 6000 Ada Generation, 98 %, 33480 MiB, 49140 MiB, 299.60 W, 78
2026/08/28 05:16:54.653, 0, NVIDIA RTX 6000 Ada Generation, 98 %, 33572 MiB, 49140 MiB, 299.60 W, 79
2026/08/28 05:16:54.653, 1, NVIDIA RTX 6000 Ada Generation, 94 %, 33580 MiB, 49140 MiB, 299.47 W, 82
2026/08/28 05:16:54.653, 2, NVIDIA RTX 6000 Ada Generation, 98 %, 33520 MiB, 49140 MiB, 299.42 W, 79
2026/08/28 05:16:54.653, 3, NVIDIA RTX 6000 Ada Generation, 94 %, 33480 MiB, 49140 MiB, 299.44 W, 78
2026/08/28 05:17:04.654, 0, NVIDIA RTX 6000 Ada Generation, 98 %, 33572 MiB, 49140 MiB, 299.54 W, 79
2026/08/28 05:17:04.654, 1, NVIDIA RTX 6000 Ada Generation, 98 %, 33580 MiB, 49140 MiB, 299.21 W, 82
2026/08/28 05:17:04.654, 2, NVIDIA RTX 6000 Ada Generation, 98 %, 33520 MiB, 49140 MiB, 300.07 W, 79
2026/08/28 05:17:04.655, 3, NVIDIA RTX 6000 Ada Generation, 96 %, 33480 MiB, 49140 MiB, 299.23 W, 78
2026/08/28 05:17:14.655, 0, NVIDIA RTX 6000 Ada Generation, 98 %, 33572 MiB, 49140 MiB, 299.72 W, 80
2026/08/28 05:17:14.656, 1, NVIDIA RTX 6000 Ada Generation, 98 %, 33580 MiB, 49140 MiB, 299.82 W, 82
2026/08/28 05:17:14.656, 2, NVIDIA RTX 6000 Ada Generation, 97 %, 33520 MiB, 49140 MiB, 299.57 W, 79
2026/08/28 05:17:14.656, 3, NVIDIA RTX 6000 Ada Generation, 98 %, 33480 MiB, 49140 MiB, 298.88 W, 78
2026/08/28 05:17:24.657, 0, NVIDIA RTX 6000 Ada Generation, 91 %, 33572 MiB, 49140 MiB, 298.98 W, 79
2026/08/28 05:17:24.657, 1, NVIDIA RTX 6000 Ada Generation, 98 %, 33580 MiB, 49140 MiB, 299.62 W, 82
2026/08/28 05:17:24.657, 2, NVIDIA RTX 6000 Ada Generation, 98 %, 33520 MiB, 49140 MiB, 299.62 W, 79
2026/08/28 05:17:24.657, 3, NVIDIA RTX 6000 Ada Generation, 98 %, 33480 MiB, 49140 MiB, 300.08 W, 78
2026/08/28 05:17:34.658, 0, NVIDIA RTX 6000 Ada Generation, 95 %, 33572 MiB, 49140 MiB, 299.54 W, 80
2026/08/28 05:17:34.658, 1, NVIDIA RTX 6000 Ada Generation, 98 %, 33580 MiB, 49140 MiB, 299.66 W, 82
2026/08/28 05:17:34.658, 2, NVIDIA RTX 6000 Ada Generation, 99 %, 33520 MiB, 49140 MiB, 299.89 W, 79
2026/08/28 05:17:34.658, 3, NVIDIA RTX 6000 Ada Generation, 98 %, 33480 MiB, 49140 MiB, 299.61 W, 78
2026/08/28 05:17:44.659, 0, NVIDIA RTX 6000 Ada Generation, 98 %, 33572 MiB, 49140 MiB, 299.48 W, 79
2026/08/28 05:17:44.659, 1, NVIDIA RTX 6000 Ada Generation, 98 %, 33580 MiB, 49140 MiB, 299.80 W, 82
2026/08/28 05:17:44.659, 2, NVIDIA RTX 6000 Ada Generation, 98 %, 33520 MiB, 49140 MiB, 299.21 W, 79
2026/08/28 05:17:44.659, 3, NVIDIA RTX 6000 Ada Generation, 98 %, 33480 MiB, 49140 MiB, 299.03 W, 78
2026/08/28 05:17:54.660, 0, NVIDIA RTX 6000 Ada Generation, 98 %, 33572 MiB, 49140 MiB, 299.53 W, 80
2026/08/28 05:17:54.660, 1, NVIDIA RTX 6000 Ada Generation, 91 %, 33580 MiB, 49140 MiB, 294.93 W, 82
2026/08/28 05:17:54.660, 2, NVIDIA RTX 6000 Ada Generation, 98 %, 33520 MiB, 49140 MiB, 300.12 W, 79
2026/08/28 05:17:54.660, 3, NVIDIA RTX 6000 Ada Generation, 98 %, 33480 MiB, 49140 MiB, 300.08 W, 78
2026/08/28 05:18:04.661, 0, NVIDIA RTX 6000 Ada Generation, 98 %, 33572 MiB, 49140 MiB, 299.28 W, 80
2026/08/28 05:18:04.661, 1, NVIDIA RTX 6000 Ada Generation, 98 %, 33580 MiB, 49140 MiB, 299.46 W, 82
2026/08/28 05:18:04.661, 2, NVIDIA RTX 6000 Ada Generation, 95 %, 33520 MiB, 49140 MiB, 299.76 W, 80
2026/08/28 05:18:04.661, 3, NVIDIA RTX 6000 Ada Generation, 98 %, 33480 MiB, 49140 MiB, 298.91 W, 78
2026/08/28 05:18:14.662, 0, NVIDIA RTX 6000 Ada Generation, 99 %, 33572 MiB, 49140 MiB, 299.69 W, 80
2026/08/28 05:18:14.662, 1, NVIDIA RTX 6000 Ada Generation, 92 %, 33580 MiB, 49140 MiB, 299.55 W, 82
2026/08/28 05:18:14.662, 2, NVIDIA RTX 6000 Ada Generation, 91 %, 33520 MiB, 49140 MiB, 299.70 W, 79
2026/08/28 05:18:14.662, 3, NVIDIA RTX 6000 Ada Generation, 99 %, 33480 MiB, 49140 MiB, 299.76 W, 78
2026/08/28 05:18:24.663, 0, NVIDIA RTX 6000 Ada Generation, 99 %, 33572 MiB, 49140 MiB, 299.46 W, 79
2026/08/28 05:18:24.664, 1, NVIDIA RTX 6000 Ada Generation, 92 %, 33580 MiB, 49140 MiB, 299.20 W, 82
2026/08/28 05:18:24.664, 2, NVIDIA RTX 6000 Ada Generation, 98 %, 33520 MiB, 49140 MiB, 299.03 W, 79
2026/08/28 05:18:24.664, 3, NVIDIA RTX 6000 Ada Generation, 91 %, 33480 MiB, 49140 MiB, 299.45 W, 78
2026/08/28 05:18:34.664, 0, NVIDIA RTX 6000 Ada Generation, 99 %, 33572 MiB, 49140 MiB, 299.56 W, 80
2026/08/28 05:18:34.665, 1, NVIDIA RTX 6000 Ada Generation, 98 %, 33580 MiB, 49140 MiB, 299.25 W, 82
2026/08/28 05:18:34.665, 2, NVIDIA RTX 6000 Ada Generation, 99 %, 33520 MiB, 49140 MiB, 296.83 W, 80
2026/08/28 05:18:34.665, 3, NVIDIA RTX 6000 Ada Generation, 98 %, 33480 MiB, 49140 MiB, 299.95 W, 78
2026/08/28 05:18:44.666, 0, NVIDIA RTX 6000 Ada Generation, 98 %, 33572 MiB, 49140 MiB, 299.62 W, 80
2026/08/28 05:18:44.666, 1, NVIDIA RTX 6000 Ada Generation, 98 %, 33580 MiB, 49140 MiB, 299.77 W, 82
2026/08/28 05:18:44.666, 2, NVIDIA RTX 6000 Ada Generation, 98 %, 33520 MiB, 49140 MiB, 300.02 W, 79
2026/08/28 05:18:44.666, 3, NVIDIA RTX 6000 Ada Generation, 92 %, 33480 MiB, 49140 MiB, 299.36 W, 78
2026/08/28 05:18:54.667, 0, NVIDIA RTX 6000 Ada Generation, 99 %, 33572 MiB, 49140 MiB, 299.80 W, 80
2026/08/28 05:18:54.667, 1, NVIDIA RTX 6000 Ada Generation, 98 %, 33580 MiB, 49140 MiB, 299.76 W, 82
2026/08/28 05:18:54.667, 2, NVIDIA RTX 6000 Ada Generation, 98 %, 33520 MiB, 49140 MiB, 298.91 W, 79
2026/08/28 05:18:54.667, 3, NVIDIA RTX 6000 Ada Generation, 93 %, 33480 MiB, 49140 MiB, 299.40 W, 78
2026/08/28 05:19:04.668, 0, NVIDIA RTX 6000 Ada Generation, 98 %, 33572 MiB, 49140 MiB, 299.78 W, 80
2026/08/28 05:19:04.668, 1, NVIDIA RTX 6000 Ada Generation, 98 %, 33580 MiB, 49140 MiB, 299.71 W, 82
2026/08/28 05:19:04.668, 2, NVIDIA RTX 6000 Ada Generation, 98 %, 33520 MiB, 49140 MiB, 299.04 W, 79
2026/08/28 05:19:04.668, 3, NVIDIA RTX 6000 Ada Generation, 93 %, 33480 MiB, 49140 MiB, 299.07 W, 78
2026/08/28 05:19:14.669, 0, NVIDIA RTX 6000 Ada Generation, 99 %, 33572 MiB, 49140 MiB, 299.53 W, 79
2026/08/28 05:19:14.669, 1, NVIDIA RTX 6000 Ada Generation, 98 %, 33580 MiB, 49140 MiB, 299.88 W, 82
2026/08/28 05:19:14.669, 2, NVIDIA RTX 6000 Ada Generation, 99 %, 33520 MiB, 49140 MiB, 299.89 W, 79
2026/08/28 05:19:14.669, 3, NVIDIA RTX 6000 Ada Generation, 98 %, 33480 MiB, 49140 MiB, 299.60 W, 78
2026/08/28 05:19:24.670, 0, NVIDIA RTX 6000 Ada Generation, 91 %, 33572 MiB, 49140 MiB, 299.23 W, 79
2026/08/28 05:19:24.670, 1, NVIDIA RTX 6000 Ada Generation, 98 %, 33580 MiB, 49140 MiB, 299.42 W, 82
2026/08/28 05:19:24.670, 2, NVIDIA RTX 6000 Ada Generation, 98 %, 33520 MiB, 49140 MiB, 299.47 W, 79
2026/08/28 05:19:24.670, 3, NVIDIA RTX 6000 Ada Generation, 98 %, 33480 MiB, 49140 MiB, 299.69 W, 78
2026/08/28 05:19:34.671, 0, NVIDIA RTX 6000 Ada Generation, 96 %, 33572 MiB, 49140 MiB, 299.49 W, 80
2026/08/28 05:19:34.671, 1, NVIDIA RTX 6000 Ada Generation, 98 %, 33580 MiB, 49140 MiB, 299.80 W, 82
2026/08/28 05:19:34.672, 2, NVIDIA RTX 6000 Ada Generation, 98 %, 33520 MiB, 49140 MiB, 300.09 W, 79
2026/08/28 05:19:34.672, 3, NVIDIA RTX 6000 Ada Generation, 98 %, 33480 MiB, 49140 MiB, 299.99 W, 78
2026/08/28 05:19:44.672, 0, NVIDIA RTX 6000 Ada Generation, 93 %, 33572 MiB, 49140 MiB, 299.86 W, 80
2026/08/28 05:19:44.673, 1, NVIDIA RTX 6000 Ada Generation, 98 %, 33580 MiB, 49140 MiB, 299.72 W, 82
2026/08/28 05:19:44.673, 2, NVIDIA RTX 6000 Ada Generation, 94 %, 33520 MiB, 49140 MiB, 299.60 W, 79
2026/08/28 05:19:44.673, 3, NVIDIA RTX 6000 Ada Generation, 99 %, 33480 MiB, 49140 MiB, 298.94 W, 78
2026/08/28 05:19:54.674, 0, NVIDIA RTX 6000 Ada Generation, 98 %, 33572 MiB, 49140 MiB, 299.46 W, 80
2026/08/28 05:19:54.674, 1, NVIDIA RTX 6000 Ada Generation, 98 %, 33580 MiB, 49140 MiB, 299.93 W, 82
2026/08/28 05:19:54.674, 2, NVIDIA RTX 6000 Ada Generation, 98 %, 33520 MiB, 49140 MiB, 300.08 W, 79
2026/08/28 05:19:54.674, 3, NVIDIA RTX 6000 Ada Generation, 99 %, 33480 MiB, 49140 MiB, 300.17 W, 78
2026/08/28 05:20:04.675, 0, NVIDIA RTX 6000 Ada Generation, 98 %, 33572 MiB, 49140 MiB, 299.65 W, 80
2026/08/28 05:20:04.675, 1, NVIDIA RTX 6000 Ada Generation, 98 %, 33580 MiB, 49140 MiB, 299.60 W, 82
2026/08/28 05:20:04.675, 2, NVIDIA RTX 6000 Ada Generation, 99 %, 33520 MiB, 49140 MiB, 299.71 W, 79
2026/08/28 05:20:04.675, 3, NVIDIA RTX 6000 Ada Generation, 98 %, 33480 MiB, 49140 MiB, 298.98 W, 78
2026/08/28 05:20:14.676, 0, NVIDIA RTX 6000 Ada Generation, 98 %, 33572 MiB, 49140 MiB, 299.59 W, 80
2026/08/28 05:20:14.676, 1, NVIDIA RTX 6000 Ada Generation, 91 %, 33580 MiB, 49140 MiB, 299.29 W, 82
2026/08/28 05:20:14.676, 2, NVIDIA RTX 6000 Ada Generation, 93 %, 33542 MiB, 49140 MiB, 299.65 W, 80
2026/08/28 05:20:14.676, 3, NVIDIA RTX 6000 Ada Generation, 99 %, 33480 MiB, 49140 MiB, 299.75 W, 78
2026/08/28 05:20:24.677, 0, NVIDIA RTX 6000 Ada Generation, 99 %, 33572 MiB, 49140 MiB, 299.69 W, 80
2026/08/28 05:20:24.677, 1, NVIDIA RTX 6000 Ada Generation, 98 %, 33580 MiB, 49140 MiB, 299.20 W, 82
2026/08/28 05:20:24.677, 2, NVIDIA RTX 6000 Ada Generation, 98 %, 33542 MiB, 49140 MiB, 299.86 W, 79
2026/08/28 05:20:24.677, 3, NVIDIA RTX 6000 Ada Generation, 98 %, 33480 MiB, 49140 MiB, 299.96 W, 78
2026/08/28 05:20:34.678, 0, NVIDIA RTX 6000 Ada Generation, 94 %, 33572 MiB, 49140 MiB, 299.90 W, 80
2026/08/28 05:20:34.678, 1, NVIDIA RTX 6000 Ada Generation, 98 %, 33580 MiB, 49140 MiB, 299.88 W, 82
2026/08/28 05:20:34.678, 2, NVIDIA RTX 6000 Ada Generation, 99 %, 33542 MiB, 49140 MiB, 300.02 W, 79
2026/08/28 05:20:34.678, 3, NVIDIA RTX 6000 Ada Generation, 91 %, 33480 MiB, 49140 MiB, 299.91 W, 78
2026/08/28 05:20:44.679, 0, NVIDIA RTX 6000 Ada Generation, 98 %, 33574 MiB, 49140 MiB, 300.40 W, 80
2026/08/28 05:20:44.679, 1, NVIDIA RTX 6000 Ada Generation, 98 %, 33580 MiB, 49140 MiB, 299.71 W, 82
2026/08/28 05:20:44.679, 2, NVIDIA RTX 6000 Ada Generation, 93 %, 33542 MiB, 49140 MiB, 299.23 W, 79
2026/08/28 05:20:44.680, 3, NVIDIA RTX 6000 Ada Generation, 92 %, 33480 MiB, 49140 MiB, 299.60 W, 78
2026/08/28 05:20:54.680, 0, NVIDIA RTX 6000 Ada Generation, 98 %, 33574 MiB, 49140 MiB, 299.35 W, 80
2026/08/28 05:20:54.681, 1, NVIDIA RTX 6000 Ada Generation, 98 %, 33580 MiB, 49140 MiB, 299.66 W, 82
2026/08/28 05:20:54.681, 2, NVIDIA RTX 6000 Ada Generation, 98 %, 33542 MiB, 49140 MiB, 299.54 W, 79
2026/08/28 05:20:54.681, 3, NVIDIA RTX 6000 Ada Generation, 98 %, 33480 MiB, 49140 MiB, 298.86 W, 78
2026/08/28 05:21:04.682, 0, NVIDIA RTX 6000 Ada Generation, 98 %, 33574 MiB, 49140 MiB, 299.49 W, 79
2026/08/28 05:21:04.682, 1, NVIDIA RTX 6000 Ada Generation, 98 %, 33580 MiB, 49140 MiB, 299.80 W, 82
2026/08/28 05:21:04.682, 2, NVIDIA RTX 6000 Ada Generation, 98 %, 33542 MiB, 49140 MiB, 299.91 W, 79
2026/08/28 05:21:04.682, 3, NVIDIA RTX 6000 Ada Generation, 98 %, 33480 MiB, 49140 MiB, 300.06 W, 78
2026/08/28 05:21:14.683, 0, NVIDIA RTX 6000 Ada Generation, 98 %, 33574 MiB, 49140 MiB, 299.60 W, 79
2026/08/28 05:21:14.683, 1, NVIDIA RTX 6000 Ada Generation, 92 %, 33580 MiB, 49140 MiB, 299.95 W, 82
2026/08/28 05:21:14.683, 2, NVIDIA RTX 6000 Ada Generation, 98 %, 33542 MiB, 49140 MiB, 299.58 W, 79
2026/08/28 05:21:14.683, 3, NVIDIA RTX 6000 Ada Generation, 99 %, 33480 MiB, 49140 MiB, 298.96 W, 78
2026/08/28 05:21:24.684, 0, NVIDIA RTX 6000 Ada Generation, 98 %, 33574 MiB, 49140 MiB, 299.67 W, 79
2026/08/28 05:21:24.684, 1, NVIDIA RTX 6000 Ada Generation, 98 %, 33580 MiB, 49140 MiB, 298.38 W, 82
2026/08/28 05:21:24.684, 2, NVIDIA RTX 6000 Ada Generation, 98 %, 33542 MiB, 49140 MiB, 299.10 W, 79
2026/08/28 05:21:24.684, 3, NVIDIA RTX 6000 Ada Generation, 99 %, 33480 MiB, 49140 MiB, 300.09 W, 78
2026/08/28 05:21:34.685, 0, NVIDIA RTX 6000 Ada Generation, 99 %, 33574 MiB, 49140 MiB, 299.70 W, 79
2026/08/28 05:21:34.685, 1, NVIDIA RTX 6000 Ada Generation, 98 %, 33580 MiB, 49140 MiB, 299.73 W, 82
2026/08/28 05:21:34.685, 2, NVIDIA RTX 6000 Ada Generation, 98 %, 33542 MiB, 49140 MiB, 300.07 W, 79
2026/08/28 05:21:34.685, 3, NVIDIA RTX 6000 Ada Generation, 92 %, 33480 MiB, 49140 MiB, 294.19 W, 78
2026/08/28 05:21:44.686, 0, NVIDIA RTX 6000 Ada Generation, 98 %, 33574 MiB, 49140 MiB, 299.86 W, 80
2026/08/28 05:21:44.686, 1, NVIDIA RTX 6000 Ada Generation, 98 %, 33580 MiB, 49140 MiB, 299.85 W, 82
2026/08/28 05:21:44.686, 2, NVIDIA RTX 6000 Ada Generation, 98 %, 33542 MiB, 49140 MiB, 298.95 W, 79
2026/08/28 05:21:44.686, 3, NVIDIA RTX 6000 Ada Generation, 93 %, 33480 MiB, 49140 MiB, 299.38 W, 78
2026/08/28 05:21:54.687, 0, NVIDIA RTX 6000 Ada Generation, 99 %, 33574 MiB, 49140 MiB, 299.78 W, 80
2026/08/28 05:21:54.687, 1, NVIDIA RTX 6000 Ada Generation, 93 %, 33580 MiB, 49140 MiB, 298.74 W, 82
2026/08/28 05:21:54.687, 2, NVIDIA RTX 6000 Ada Generation, 98 %, 33542 MiB, 49140 MiB, 300.02 W, 80
2026/08/28 05:21:54.688, 3, NVIDIA RTX 6000 Ada Generation, 98 %, 33480 MiB, 49140 MiB, 299.37 W, 78
2026/08/28 05:22:04.688, 0, NVIDIA RTX 6000 Ada Generation, 94 %, 33574 MiB, 49140 MiB, 298.73 W, 79
2026/08/28 05:22:04.689, 1, NVIDIA RTX 6000 Ada Generation, 98 %, 33580 MiB, 49140 MiB, 300.19 W, 82
2026/08/28 05:22:04.689, 2, NVIDIA RTX 6000 Ada Generation, 98 %, 33542 MiB, 49140 MiB, 299.45 W, 79
2026/08/28 05:22:04.689, 3, NVIDIA RTX 6000 Ada Generation, 98 %, 33480 MiB, 49140 MiB, 299.86 W, 78
2026/08/28 05:22:14.690, 0, NVIDIA RTX 6000 Ada Generation, 93 %, 33574 MiB, 49140 MiB, 299.26 W, 80
2026/08/28 05:22:14.690, 1, NVIDIA RTX 6000 Ada Generation, 98 %, 33580 MiB, 49140 MiB, 299.59 W, 82
2026/08/28 05:22:14.690, 2, NVIDIA RTX 6000 Ada Generation, 93 %, 33542 MiB, 49140 MiB, 299.45 W, 79
2026/08/28 05:22:14.690, 3, NVIDIA RTX 6000 Ada Generation, 98 %, 33480 MiB, 49140 MiB, 300.02 W, 78
2026/08/28 05:22:24.691, 0, NVIDIA RTX 6000 Ada Generation, 98 %, 33574 MiB, 49140 MiB, 299.48 W, 80
2026/08/28 05:22:24.691, 1, NVIDIA RTX 6000 Ada Generation, 91 %, 33582 MiB, 49140 MiB, 299.42 W, 82
2026/08/28 05:22:24.691, 2, NVIDIA RTX 6000 Ada Generation, 95 %, 33542 MiB, 49140 MiB, 299.29 W, 79
2026/08/28 05:22:24.691, 3, NVIDIA RTX 6000 Ada Generation, 98 %, 33480 MiB, 49140 MiB, 299.39 W, 78
2026/08/28 05:22:34.692, 0, NVIDIA RTX 6000 Ada Generation, 98 %, 33574 MiB, 49140 MiB, 299.67 W, 80
2026/08/28 05:22:34.692, 1, NVIDIA RTX 6000 Ada Generation, 94 %, 33582 MiB, 49140 MiB, 299.15 W, 82
2026/08/28 05:22:34.692, 2, NVIDIA RTX 6000 Ada Generation, 93 %, 33542 MiB, 49140 MiB, 299.52 W, 80
2026/08/28 05:22:34.692, 3, NVIDIA RTX 6000 Ada Generation, 98 %, 33480 MiB, 49140 MiB, 299.88 W, 78
2026/08/28 05:22:44.693, 0, NVIDIA RTX 6000 Ada Generation, 91 %, 33574 MiB, 49140 MiB, 299.29 W, 79
2026/08/28 05:22:44.693, 1, NVIDIA RTX 6000 Ada Generation, 98 %, 33582 MiB, 49140 MiB, 299.34 W, 82
2026/08/28 05:22:44.693, 2, NVIDIA RTX 6000 Ada Generation, 98 %, 33542 MiB, 49140 MiB, 299.88 W, 79
2026/08/28 05:22:44.693, 3, NVIDIA RTX 6000 Ada Generation, 91 %, 33480 MiB, 49140 MiB, 299.09 W, 78
2026/08/28 05:22:54.694, 0, NVIDIA RTX 6000 Ada Generation, 98 %, 33574 MiB, 49140 MiB, 299.36 W, 80
2026/08/28 05:22:54.694, 1, NVIDIA RTX 6000 Ada Generation, 98 %, 33582 MiB, 49140 MiB, 299.80 W, 82
2026/08/28 05:22:54.694, 2, NVIDIA RTX 6000 Ada Generation, 98 %, 33542 MiB, 49140 MiB, 299.83 W, 79
2026/08/28 05:22:54.694, 3, NVIDIA RTX 6000 Ada Generation, 98 %, 33480 MiB, 49140 MiB, 298.87 W, 78
2026/08/28 05:23:04.695, 0, NVIDIA RTX 6000 Ada Generation, 99 %, 33574 MiB, 49140 MiB, 299.55 W, 80
2026/08/28 05:23:04.695, 1, NVIDIA RTX 6000 Ada Generation, 98 %, 33582 MiB, 49140 MiB, 299.73 W, 82
2026/08/28 05:23:04.695, 2, NVIDIA RTX 6000 Ada Generation, 99 %, 33542 MiB, 49140 MiB, 299.60 W, 79
2026/08/28 05:23:04.695, 3, NVIDIA RTX 6000 Ada Generation, 98 %, 33480 MiB, 49140 MiB, 299.91 W, 78
2026/08/28 05:23:14.696, 0, NVIDIA RTX 6000 Ada Generation, 98 %, 33574 MiB, 49140 MiB, 300.62 W, 80
2026/08/28 05:23:14.697, 1, NVIDIA RTX 6000 Ada Generation, 93 %, 33582 MiB, 49140 MiB, 298.93 W, 81
2026/08/28 05:23:14.697, 2, NVIDIA RTX 6000 Ada Generation, 98 %, 33542 MiB, 49140 MiB, 299.17 W, 79
2026/08/28 05:23:14.697, 3, NVIDIA RTX 6000 Ada Generation, 98 %, 33480 MiB, 49140 MiB, 299.19 W, 78
2026/08/28 05:23:24.698, 0, NVIDIA RTX 6000 Ada Generation, 98 %, 33574 MiB, 49140 MiB, 299.52 W, 80
2026/08/28 05:23:24.698, 1, NVIDIA RTX 6000 Ada Generation, 98 %, 33582 MiB, 49140 MiB, 298.95 W, 82
2026/08/28 05:23:24.698, 2, NVIDIA RTX 6000 Ada Generation, 93 %, 33542 MiB, 49140 MiB, 299.32 W, 79
2026/08/28 05:23:24.698, 3, NVIDIA RTX 6000 Ada Generation, 94 %, 33480 MiB, 49140 MiB, 299.67 W, 78
2026/08/28 05:23:34.699, 0, NVIDIA RTX 6000 Ada Generation, 99 %, 33574 MiB, 49140 MiB, 299.63 W, 80
2026/08/28 05:23:34.699, 1, NVIDIA RTX 6000 Ada Generation, 95 %, 33582 MiB, 49140 MiB, 298.79 W, 82
2026/08/28 05:23:34.699, 2, NVIDIA RTX 6000 Ada Generation, 94 %, 33542 MiB, 49140 MiB, 299.29 W, 79
2026/08/28 05:23:34.699, 3, NVIDIA RTX 6000 Ada Generation, 98 %, 33480 MiB, 49140 MiB, 299.81 W, 78
2026/08/28 05:23:44.700, 0, NVIDIA RTX 6000 Ada Generation, 98 %, 33574 MiB, 49140 MiB, 299.66 W, 79
2026/08/28 05:23:44.700, 1, NVIDIA RTX 6000 Ada Generation, 98 %, 33582 MiB, 49140 MiB, 298.76 W, 82
2026/08/28 05:23:44.700, 2, NVIDIA RTX 6000 Ada Generation, 98 %, 33542 MiB, 49140 MiB, 299.44 W, 79
2026/08/28 05:23:44.700, 3, NVIDIA RTX 6000 Ada Generation, 98 %, 33480 MiB, 49140 MiB, 298.97 W, 78
2026/08/28 05:23:54.701, 0, NVIDIA RTX 6000 Ada Generation, 91 %, 33574 MiB, 49140 MiB, 299.48 W, 79
2026/08/28 05:23:54.701, 1, NVIDIA RTX 6000 Ada Generation, 98 %, 33582 MiB, 49140 MiB, 299.67 W, 82
2026/08/28 05:23:54.701, 2, NVIDIA RTX 6000 Ada Generation, 95 %, 33542 MiB, 49140 MiB, 298.63 W, 79
2026/08/28 05:23:54.701, 3, NVIDIA RTX 6000 Ada Generation, 99 %, 33480 MiB, 49140 MiB, 299.84 W, 78
2026/08/28 05:24:04.702, 0, NVIDIA RTX 6000 Ada Generation, 98 %, 33574 MiB, 49140 MiB, 299.71 W, 80
2026/08/28 05:24:04.702, 1, NVIDIA RTX 6000 Ada Generation, 98 %, 33582 MiB, 49140 MiB, 299.38 W, 82
2026/08/28 05:24:04.702, 2, NVIDIA RTX 6000 Ada Generation, 98 %, 33542 MiB, 49140 MiB, 300.10 W, 79
2026/08/28 05:24:04.703, 3, NVIDIA RTX 6000 Ada Generation, 93 %, 33480 MiB, 49140 MiB, 299.66 W, 78
2026/08/28 05:24:14.703, 0, NVIDIA RTX 6000 Ada Generation, 99 %, 33574 MiB, 49140 MiB, 299.64 W, 80
2026/08/28 05:24:14.704, 1, NVIDIA RTX 6000 Ada Generation, 98 %, 33582 MiB, 49140 MiB, 299.89 W, 82
2026/08/28 05:24:14.704, 2, NVIDIA RTX 6000 Ada Generation, 98 %, 33542 MiB, 49140 MiB, 299.22 W, 79
2026/08/28 05:24:14.704, 3, NVIDIA RTX 6000 Ada Generation, 98 %, 33480 MiB, 49140 MiB, 298.98 W, 78
2026/08/28 05:24:24.705, 0, NVIDIA RTX 6000 Ada Generation, 99 %, 33574 MiB, 49140 MiB, 299.58 W, 80
2026/08/28 05:24:24.705, 1, NVIDIA RTX 6000 Ada Generation, 93 %, 33582 MiB, 49140 MiB, 299.76 W, 82
2026/08/28 05:24:24.705, 2, NVIDIA RTX 6000 Ada Generation, 99 %, 33542 MiB, 49140 MiB, 300.15 W, 79
2026/08/28 05:24:24.705, 3, NVIDIA RTX 6000 Ada Generation, 99 %, 33480 MiB, 49140 MiB, 300.04 W, 78
2026/08/28 05:24:34.706, 0, NVIDIA RTX 6000 Ada Generation, 98 %, 33574 MiB, 49140 MiB, 299.68 W, 80
2026/08/28 05:24:34.706, 1, NVIDIA RTX 6000 Ada Generation, 98 %, 33582 MiB, 49140 MiB, 299.60 W, 82
2026/08/28 05:24:34.706, 2, NVIDIA RTX 6000 Ada Generation, 99 %, 33542 MiB, 49140 MiB, 300.08 W, 79
2026/08/28 05:24:34.706, 3, NVIDIA RTX 6000 Ada Generation, 98 %, 33480 MiB, 49140 MiB, 299.92 W, 78
2026/08/28 05:24:44.707, 0, NVIDIA RTX 6000 Ada Generation, 98 %, 33574 MiB, 49140 MiB, 299.78 W, 80
2026/08/28 05:24:44.707, 1, NVIDIA RTX 6000 Ada Generation, 98 %, 33582 MiB, 49140 MiB, 299.78 W, 82
2026/08/28 05:24:44.707, 2, NVIDIA RTX 6000 Ada Generation, 98 %, 33542 MiB, 49140 MiB, 299.83 W, 79
2026/08/28 05:24:44.707, 3, NVIDIA RTX 6000 Ada Generation, 98 %, 33480 MiB, 49140 MiB, 299.85 W, 78
2026/08/28 05:24:54.708, 0, NVIDIA RTX 6000 Ada Generation, 98 %, 33574 MiB, 49140 MiB, 299.89 W, 79
2026/08/28 05:24:54.708, 1, NVIDIA RTX 6000 Ada Generation, 91 %, 33582 MiB, 49140 MiB, 299.32 W, 82
2026/08/28 05:24:54.708, 2, NVIDIA RTX 6000 Ada Generation, 94 %, 33542 MiB, 49140 MiB, 299.92 W, 79
2026/08/28 05:24:54.708, 3, NVIDIA RTX 6000 Ada Generation, 98 %, 33480 MiB, 49140 MiB, 299.65 W, 78
2026/08/28 05:25:04.709, 0, NVIDIA RTX 6000 Ada Generation, 92 %, 33574 MiB, 49140 MiB, 298.48 W, 80
2026/08/28 05:25:04.709, 1, NVIDIA RTX 6000 Ada Generation, 94 %, 33582 MiB, 49140 MiB, 299.42 W, 82
2026/08/28 05:25:04.709, 2, NVIDIA RTX 6000 Ada Generation, 98 %, 33542 MiB, 49140 MiB, 299.70 W, 79
2026/08/28 05:25:04.709, 3, NVIDIA RTX 6000 Ada Generation, 93 %, 33480 MiB, 49140 MiB, 299.41 W, 78
2026/08/28 05:25:14.710, 0, NVIDIA RTX 6000 Ada Generation, 94 %, 33574 MiB, 49140 MiB, 299.51 W, 80
2026/08/28 05:25:14.710, 1, NVIDIA RTX 6000 Ada Generation, 94 %, 33582 MiB, 49140 MiB, 299.08 W, 82
2026/08/28 05:25:14.710, 2, NVIDIA RTX 6000 Ada Generation, 99 %, 33542 MiB, 49140 MiB, 300.10 W, 79
2026/08/28 05:25:14.710, 3, NVIDIA RTX 6000 Ada Generation, 98 %, 33480 MiB, 49140 MiB, 300.54 W, 78
2026/08/28 05:25:24.711, 0, NVIDIA RTX 6000 Ada Generation, 91 %, 33574 MiB, 49140 MiB, 299.55 W, 80
2026/08/28 05:25:24.712, 1, NVIDIA RTX 6000 Ada Generation, 98 %, 33582 MiB, 49140 MiB, 299.14 W, 82
2026/08/28 05:25:24.712, 2, NVIDIA RTX 6000 Ada Generation, 98 %, 33542 MiB, 49140 MiB, 299.55 W, 79
2026/08/28 05:25:24.712, 3, NVIDIA RTX 6000 Ada Generation, 99 %, 33480 MiB, 49140 MiB, 299.71 W, 78
2026/08/28 05:25:34.713, 0, NVIDIA RTX 6000 Ada Generation, 98 %, 33574 MiB, 49140 MiB, 299.66 W, 80
2026/08/28 05:25:34.713, 1, NVIDIA RTX 6000 Ada Generation, 98 %, 33582 MiB, 49140 MiB, 300.03 W, 82
2026/08/28 05:25:34.713, 2, NVIDIA RTX 6000 Ada Generation, 98 %, 33542 MiB, 49140 MiB, 299.20 W, 79
2026/08/28 05:25:34.713, 3, NVIDIA RTX 6000 Ada Generation, 98 %, 33480 MiB, 49140 MiB, 299.31 W, 78
2026/08/28 05:25:44.714, 0, NVIDIA RTX 6000 Ada Generation, 98 %, 33574 MiB, 49140 MiB, 299.41 W, 80
2026/08/28 05:25:44.714, 1, NVIDIA RTX 6000 Ada Generation, 98 %, 33582 MiB, 49140 MiB, 300.05 W, 82
2026/08/28 05:25:44.714, 2, NVIDIA RTX 6000 Ada Generation, 94 %, 33542 MiB, 49140 MiB, 299.88 W, 79
2026/08/28 05:25:44.714, 3, NVIDIA RTX 6000 Ada Generation, 99 %, 33480 MiB, 49140 MiB, 300.11 W, 78
2026/08/28 05:25:54.715, 0, NVIDIA RTX 6000 Ada Generation, 98 %, 33574 MiB, 49140 MiB, 299.55 W, 80
2026/08/28 05:25:54.715, 1, NVIDIA RTX 6000 Ada Generation, 98 %, 33582 MiB, 49140 MiB, 299.84 W, 82
2026/08/28 05:25:54.715, 2, NVIDIA RTX 6000 Ada Generation, 95 %, 33542 MiB, 49140 MiB, 300.04 W, 79
2026/08/28 05:25:54.715, 3, NVIDIA RTX 6000 Ada Generation, 98 %, 33480 MiB, 49140 MiB, 299.22 W, 78
2026/08/28 05:26:04.716, 0, NVIDIA RTX 6000 Ada Generation, 98 %, 33574 MiB, 49140 MiB, 299.71 W, 79
2026/08/28 05:26:04.716, 1, NVIDIA RTX 6000 Ada Generation, 98 %, 33582 MiB, 49140 MiB, 299.35 W, 82
2026/08/28 05:26:04.716, 2, NVIDIA RTX 6000 Ada Generation, 98 %, 33542 MiB, 49140 MiB, 300.38 W, 80
2026/08/28 05:26:04.716, 3, NVIDIA RTX 6000 Ada Generation, 98 %, 33480 MiB, 49140 MiB, 299.79 W, 78
2026/08/28 05:26:14.717, 0, NVIDIA RTX 6000 Ada Generation, 94 %, 33574 MiB, 49140 MiB, 298.90 W, 79
2026/08/28 05:26:14.717, 1, NVIDIA RTX 6000 Ada Generation, 98 %, 33582 MiB, 49140 MiB, 299.83 W, 82
2026/08/28 05:26:14.717, 2, NVIDIA RTX 6000 Ada Generation, 98 %, 33542 MiB, 49140 MiB, 300.02 W, 79
2026/08/28 05:26:14.717, 3, NVIDIA RTX 6000 Ada Generation, 94 %, 33480 MiB, 49140 MiB, 299.45 W, 78
2026/08/28 05:26:24.718, 0, NVIDIA RTX 6000 Ada Generation, 98 %, 33574 MiB, 49140 MiB, 299.28 W, 80
2026/08/28 05:26:24.718, 1, NVIDIA RTX 6000 Ada Generation, 98 %, 33582 MiB, 49140 MiB, 299.71 W, 82
2026/08/28 05:26:24.719, 2, NVIDIA RTX 6000 Ada Generation, 99 %, 33542 MiB, 49140 MiB, 299.12 W, 79
2026/08/28 05:26:24.719, 3, NVIDIA RTX 6000 Ada Generation, 98 %, 33480 MiB, 49140 MiB, 299.68 W, 78
2026/08/28 05:26:34.719, 0, NVIDIA RTX 6000 Ada Generation, 91 %, 33574 MiB, 49140 MiB, 298.32 W, 79
2026/08/28 05:26:34.720, 1, NVIDIA RTX 6000 Ada Generation, 98 %, 33582 MiB, 49140 MiB, 299.82 W, 82
2026/08/28 05:26:34.720, 2, NVIDIA RTX 6000 Ada Generation, 98 %, 33542 MiB, 49140 MiB, 299.23 W, 79
2026/08/28 05:26:34.720, 3, NVIDIA RTX 6000 Ada Generation, 98 %, 33480 MiB, 49140 MiB, 299.08 W, 78
2026/08/28 05:26:44.721, 0, NVIDIA RTX 6000 Ada Generation, 98 %, 33574 MiB, 49140 MiB, 299.39 W, 80
2026/08/28 05:26:44.721, 1, NVIDIA RTX 6000 Ada Generation, 98 %, 33582 MiB, 49140 MiB, 299.54 W, 82
2026/08/28 05:26:44.721, 2, NVIDIA RTX 6000 Ada Generation, 99 %, 33542 MiB, 49140 MiB, 299.89 W, 79
2026/08/28 05:26:44.721, 3, NVIDIA RTX 6000 Ada Generation, 98 %, 33480 MiB, 49140 MiB, 300.06 W, 78
2026/08/28 05:26:54.722, 0, NVIDIA RTX 6000 Ada Generation, 98 %, 33574 MiB, 49140 MiB, 299.52 W, 80
2026/08/28 05:26:54.722, 1, NVIDIA RTX 6000 Ada Generation, 98 %, 33582 MiB, 49140 MiB, 299.28 W, 82
2026/08/28 05:26:54.722, 2, NVIDIA RTX 6000 Ada Generation, 91 %, 33542 MiB, 49140 MiB, 299.86 W, 79
2026/08/28 05:26:54.722, 3, NVIDIA RTX 6000 Ada Generation, 91 %, 33480 MiB, 49140 MiB, 297.80 W, 78
2026/08/28 05:27:04.723, 0, NVIDIA RTX 6000 Ada Generation, 98 %, 33574 MiB, 49140 MiB, 299.56 W, 80
2026/08/28 05:27:04.723, 1, NVIDIA RTX 6000 Ada Generation, 94 %, 33582 MiB, 49140 MiB, 300.19 W, 82
2026/08/28 05:27:04.723, 2, NVIDIA RTX 6000 Ada Generation, 92 %, 33542 MiB, 49140 MiB, 299.52 W, 80
2026/08/28 05:27:04.723, 3, NVIDIA RTX 6000 Ada Generation, 98 %, 33480 MiB, 49140 MiB, 299.95 W, 78
2026/08/28 05:27:14.724, 0, NVIDIA RTX 6000 Ada Generation, 92 %, 33574 MiB, 49140 MiB, 300.12 W, 80
2026/08/28 05:27:14.724, 1, NVIDIA RTX 6000 Ada Generation, 98 %, 33582 MiB, 49140 MiB, 300.32 W, 82
2026/08/28 05:27:14.724, 2, NVIDIA RTX 6000 Ada Generation, 98 %, 33542 MiB, 49140 MiB, 299.98 W, 79
2026/08/28 05:27:14.724, 3, NVIDIA RTX 6000 Ada Generation, 98 %, 33480 MiB, 49140 MiB, 299.59 W, 78
2026/08/28 05:27:24.725, 0, NVIDIA RTX 6000 Ada Generation, 98 %, 33574 MiB, 49140 MiB, 299.11 W, 80
2026/08/28 05:27:24.725, 1, NVIDIA RTX 6000 Ada Generation, 95 %, 33582 MiB, 49140 MiB, 295.23 W, 82
2026/08/28 05:27:24.725, 2, NVIDIA RTX 6000 Ada Generation, 99 %, 33542 MiB, 49140 MiB, 299.64 W, 79
2026/08/28 05:27:24.725, 3, NVIDIA RTX 6000 Ada Generation, 98 %, 33480 MiB, 49140 MiB, 299.82 W, 78
2026/08/28 05:27:34.726, 0, NVIDIA RTX 6000 Ada Generation, 98 %, 33574 MiB, 49140 MiB, 299.45 W, 80
2026/08/28 05:27:34.727, 1, NVIDIA RTX 6000 Ada Generation, 94 %, 33582 MiB, 49140 MiB, 299.57 W, 82
2026/08/28 05:27:34.727, 2, NVIDIA RTX 6000 Ada Generation, 98 %, 33542 MiB, 49140 MiB, 295.03 W, 79
2026/08/28 05:27:34.727, 3, NVIDIA RTX 6000 Ada Generation, 93 %, 33480 MiB, 49140 MiB, 299.77 W, 78
2026/08/28 05:27:44.727, 0, NVIDIA RTX 6000 Ada Generation, 98 %, 33574 MiB, 49140 MiB, 299.33 W, 80
2026/08/28 05:27:44.728, 1, NVIDIA RTX 6000 Ada Generation, 93 %, 33582 MiB, 49140 MiB, 299.38 W, 82
2026/08/28 05:27:44.728, 2, NVIDIA RTX 6000 Ada Generation, 99 %, 33542 MiB, 49140 MiB, 297.67 W, 79
2026/08/28 05:27:44.728, 3, NVIDIA RTX 6000 Ada Generation, 91 %, 33480 MiB, 49140 MiB, 299.25 W, 79
2026/08/28 05:27:54.729, 0, NVIDIA RTX 6000 Ada Generation, 99 %, 33574 MiB, 49140 MiB, 295.39 W, 78
2026/08/28 05:27:54.729, 1, NVIDIA RTX 6000 Ada Generation, 92 %, 33582 MiB, 49140 MiB, 294.28 W, 82
2026/08/28 05:27:54.729, 2, NVIDIA RTX 6000 Ada Generation, 98 %, 33542 MiB, 49140 MiB, 299.02 W, 79
2026/08/28 05:27:54.729, 3, NVIDIA RTX 6000 Ada Generation, 98 %, 33480 MiB, 49140 MiB, 300.03 W, 78
2026/08/28 05:28:04.730, 0, NVIDIA RTX 6000 Ada Generation, 98 %, 33574 MiB, 49140 MiB, 299.45 W, 80
2026/08/28 05:28:04.730, 1, NVIDIA RTX 6000 Ada Generation, 98 %, 33582 MiB, 49140 MiB, 300.09 W, 82
2026/08/28 05:28:04.730, 2, NVIDIA RTX 6000 Ada Generation, 98 %, 33542 MiB, 49140 MiB, 299.80 W, 79
2026/08/28 05:28:04.730, 3, NVIDIA RTX 6000 Ada Generation, 98 %, 33480 MiB, 49140 MiB, 299.61 W, 78
2026/08/28 05:28:14.731, 0, NVIDIA RTX 6000 Ada Generation, 98 %, 33574 MiB, 49140 MiB, 293.49 W, 80
2026/08/28 05:28:14.731, 1, NVIDIA RTX 6000 Ada Generation, 98 %, 33582 MiB, 49140 MiB, 300.05 W, 82
2026/08/28 05:28:14.731, 2, NVIDIA RTX 6000 Ada Generation, 93 %, 33542 MiB, 49140 MiB, 299.84 W, 80
2026/08/28 05:28:14.731, 3, NVIDIA RTX 6000 Ada Generation, 98 %, 33480 MiB, 49140 MiB, 299.92 W, 78
2026/08/28 05:28:24.732, 0, NVIDIA RTX 6000 Ada Generation, 98 %, 33574 MiB, 49140 MiB, 299.43 W, 80
2026/08/28 05:28:24.732, 1, NVIDIA RTX 6000 Ada Generation, 98 %, 33582 MiB, 49140 MiB, 299.59 W, 82
2026/08/28 05:28:24.732, 2, NVIDIA RTX 6000 Ada Generation, 98 %, 33542 MiB, 49140 MiB, 300.05 W, 79
2026/08/28 05:28:24.732, 3, NVIDIA RTX 6000 Ada Generation, 98 %, 33480 MiB, 49140 MiB, 299.68 W, 78
2026/08/28 05:28:34.733, 0, NVIDIA RTX 6000 Ada Generation, 98 %, 33574 MiB, 49140 MiB, 299.65 W, 80
2026/08/28 05:28:34.733, 1, NVIDIA RTX 6000 Ada Generation, 98 %, 33582 MiB, 49140 MiB, 299.39 W, 82
2026/08/28 05:28:34.733, 2, NVIDIA RTX 6000 Ada Generation, 98 %, 33542 MiB, 49140 MiB, 299.85 W, 79
2026/08/28 05:28:34.733, 3, NVIDIA RTX 6000 Ada Generation, 99 %, 33480 MiB, 49140 MiB, 299.71 W, 78
2026/08/28 05:28:44.734, 0, NVIDIA RTX 6000 Ada Generation, 98 %, 33574 MiB, 49140 MiB, 299.61 W, 80
2026/08/28 05:28:44.735, 1, NVIDIA RTX 6000 Ada Generation, 98 %, 33582 MiB, 49140 MiB, 299.86 W, 82
2026/08/28 05:28:44.735, 2, NVIDIA RTX 6000 Ada Generation, 98 %, 33542 MiB, 49140 MiB, 299.78 W, 79
2026/08/28 05:28:44.735, 3, NVIDIA RTX 6000 Ada Generation, 92 %, 33480 MiB, 49140 MiB, 299.39 W, 78
2026/08/28 05:28:54.735, 0, NVIDIA RTX 6000 Ada Generation, 98 %, 33574 MiB, 49140 MiB, 299.76 W, 80
2026/08/28 05:28:54.736, 1, NVIDIA RTX 6000 Ada Generation, 98 %, 33582 MiB, 49140 MiB, 299.20 W, 82
2026/08/28 05:28:54.736, 2, NVIDIA RTX 6000 Ada Generation, 98 %, 33542 MiB, 49140 MiB, 300.11 W, 80
2026/08/28 05:28:54.736, 3, NVIDIA RTX 6000 Ada Generation, 98 %, 33480 MiB, 49140 MiB, 299.92 W, 78
2026/08/28 05:29:04.737, 0, NVIDIA RTX 6000 Ada Generation, 98 %, 33574 MiB, 49140 MiB, 299.73 W, 80
2026/08/28 05:29:04.737, 1, NVIDIA RTX 6000 Ada Generation, 98 %, 33582 MiB, 49140 MiB, 299.67 W, 82
2026/08/28 05:29:04.737, 2, NVIDIA RTX 6000 Ada Generation, 98 %, 33542 MiB, 49140 MiB, 299.97 W, 80
2026/08/28 05:29:04.737, 3, NVIDIA RTX 6000 Ada Generation, 98 %, 33480 MiB, 49140 MiB, 299.69 W, 78
2026/08/28 05:29:14.738, 0, NVIDIA RTX 6000 Ada Generation, 93 %, 33574 MiB, 49140 MiB, 299.66 W, 80
2026/08/28 05:29:14.738, 1, NVIDIA RTX 6000 Ada Generation, 93 %, 33582 MiB, 49140 MiB, 298.70 W, 82
2026/08/28 05:29:14.738, 2, NVIDIA RTX 6000 Ada Generation, 98 %, 33542 MiB, 49140 MiB, 299.04 W, 79
2026/08/28 05:29:14.738, 3, NVIDIA RTX 6000 Ada Generation, 93 %, 33480 MiB, 49140 MiB, 299.58 W, 78
2026/08/28 05:29:24.739, 0, NVIDIA RTX 6000 Ada Generation, 93 %, 33574 MiB, 49140 MiB, 299.47 W, 80
2026/08/28 05:29:24.739, 1, NVIDIA RTX 6000 Ada Generation, 98 %, 33582 MiB, 49140 MiB, 300.10 W, 82
2026/08/28 05:29:24.739, 2, NVIDIA RTX 6000 Ada Generation, 98 %, 33542 MiB, 49140 MiB, 299.21 W, 80
2026/08/28 05:29:24.739, 3, NVIDIA RTX 6000 Ada Generation, 98 %, 33480 MiB, 49140 MiB, 299.79 W, 78
2026/08/28 05:29:34.740, 0, NVIDIA RTX 6000 Ada Generation, 98 %, 33574 MiB, 49140 MiB, 299.32 W, 80
2026/08/28 05:29:34.740, 1, NVIDIA RTX 6000 Ada Generation, 98 %, 33582 MiB, 49140 MiB, 299.65 W, 82
2026/08/28 05:29:34.740, 2, NVIDIA RTX 6000 Ada Generation, 99 %, 33542 MiB, 49140 MiB, 300.17 W, 80
2026/08/28 05:29:34.740, 3, NVIDIA RTX 6000 Ada Generation, 98 %, 33480 MiB, 49140 MiB, 299.64 W, 78
2026/08/28 05:29:44.741, 0, NVIDIA RTX 6000 Ada Generation, 94 %, 33574 MiB, 49140 MiB, 298.68 W, 79
2026/08/28 05:29:44.741, 1, NVIDIA RTX 6000 Ada Generation, 98 %, 33582 MiB, 49140 MiB, 299.58 W, 82
2026/08/28 05:29:44.741, 2, NVIDIA RTX 6000 Ada Generation, 91 %, 33542 MiB, 49140 MiB, 299.51 W, 79
2026/08/28 05:29:44.742, 3, NVIDIA RTX 6000 Ada Generation, 92 %, 33482 MiB, 49140 MiB, 299.18 W, 78
2026/08/28 05:29:54.742, 0, NVIDIA RTX 6000 Ada Generation, 98 %, 33574 MiB, 49140 MiB, 299.50 W, 80
2026/08/28 05:29:54.743, 1, NVIDIA RTX 6000 Ada Generation, 98 %, 33582 MiB, 49140 MiB, 299.41 W, 82
2026/08/28 05:29:54.743, 2, NVIDIA RTX 6000 Ada Generation, 95 %, 33542 MiB, 49140 MiB, 299.43 W, 79
2026/08/28 05:29:54.743, 3, NVIDIA RTX 6000 Ada Generation, 98 %, 33482 MiB, 49140 MiB, 300.13 W, 78
2026/08/28 05:30:04.744, 0, NVIDIA RTX 6000 Ada Generation, 99 %, 33574 MiB, 49140 MiB, 299.67 W, 80
2026/08/28 05:30:04.744, 1, NVIDIA RTX 6000 Ada Generation, 94 %, 33582 MiB, 49140 MiB, 299.23 W, 82
2026/08/28 05:30:04.744, 2, NVIDIA RTX 6000 Ada Generation, 99 %, 33542 MiB, 49140 MiB, 300.17 W, 80
2026/08/28 05:30:04.744, 3, NVIDIA RTX 6000 Ada Generation, 99 %, 33482 MiB, 49140 MiB, 299.73 W, 78
2026/08/28 05:30:14.745, 0, NVIDIA RTX 6000 Ada Generation, 98 %, 33574 MiB, 49140 MiB, 299.46 W, 80
2026/08/28 05:30:14.745, 1, NVIDIA RTX 6000 Ada Generation, 92 %, 33582 MiB, 49140 MiB, 292.28 W, 82
2026/08/28 05:30:14.745, 2, NVIDIA RTX 6000 Ada Generation, 98 %, 33542 MiB, 49140 MiB, 300.04 W, 80
2026/08/28 05:30:14.745, 3, NVIDIA RTX 6000 Ada Generation, 98 %, 33482 MiB, 49140 MiB, 299.54 W, 78
2026/08/28 05:30:24.746, 0, NVIDIA RTX 6000 Ada Generation, 93 %, 33574 MiB, 49140 MiB, 299.34 W, 80
2026/08/28 05:30:24.746, 1, NVIDIA RTX 6000 Ada Generation, 98 %, 33582 MiB, 49140 MiB, 300.00 W, 82
2026/08/28 05:30:24.746, 2, NVIDIA RTX 6000 Ada Generation, 99 %, 33542 MiB, 49140 MiB, 299.68 W, 79
2026/08/28 05:30:24.746, 3, NVIDIA RTX 6000 Ada Generation, 92 %, 33482 MiB, 49140 MiB, 299.87 W, 78
2026/08/28 05:30:34.747, 0, NVIDIA RTX 6000 Ada Generation, 98 %, 33574 MiB, 49140 MiB, 299.53 W, 80
2026/08/28 05:30:34.747, 1, NVIDIA RTX 6000 Ada Generation, 98 %, 33582 MiB, 49140 MiB, 299.84 W, 82
2026/08/28 05:30:34.747, 2, NVIDIA RTX 6000 Ada Generation, 99 %, 33542 MiB, 49140 MiB, 299.38 W, 79
2026/08/28 05:30:34.747, 3, NVIDIA RTX 6000 Ada Generation, 98 %, 33482 MiB, 49140 MiB, 299.75 W, 78
2026/08/28 05:30:44.748, 0, NVIDIA RTX 6000 Ada Generation, 92 %, 33574 MiB, 49140 MiB, 299.25 W, 80
2026/08/28 05:30:44.748, 1, NVIDIA RTX 6000 Ada Generation, 98 %, 33582 MiB, 49140 MiB, 299.73 W, 82
2026/08/28 05:30:44.748, 2, NVIDIA RTX 6000 Ada Generation, 92 %, 33542 MiB, 49140 MiB, 299.97 W, 79
2026/08/28 05:30:44.748, 3, NVIDIA RTX 6000 Ada Generation, 99 %, 33482 MiB, 49140 MiB, 298.37 W, 79
2026/08/28 05:30:54.749, 0, NVIDIA RTX 6000 Ada Generation, 98 %, 33574 MiB, 49140 MiB, 299.68 W, 80
2026/08/28 05:30:54.749, 1, NVIDIA RTX 6000 Ada Generation, 98 %, 33582 MiB, 49140 MiB, 299.68 W, 82
2026/08/28 05:30:54.749, 2, NVIDIA RTX 6000 Ada Generation, 91 %, 33542 MiB, 49140 MiB, 299.30 W, 79
2026/08/28 05:30:54.750, 3, NVIDIA RTX 6000 Ada Generation, 98 %, 33482 MiB, 49140 MiB, 299.43 W, 78
2026/08/28 05:31:04.750, 0, NVIDIA RTX 6000 Ada Generation, 98 %, 33574 MiB, 49140 MiB, 299.61 W, 80
2026/08/28 05:31:04.751, 1, NVIDIA RTX 6000 Ada Generation, 98 %, 33582 MiB, 49140 MiB, 299.99 W, 82
2026/08/28 05:31:04.751, 2, NVIDIA RTX 6000 Ada Generation, 98 %, 33542 MiB, 49140 MiB, 299.61 W, 80
2026/08/28 05:31:04.751, 3, NVIDIA RTX 6000 Ada Generation, 98 %, 33482 MiB, 49140 MiB, 299.83 W, 78
2026/08/28 05:31:14.751, 0, NVIDIA RTX 6000 Ada Generation, 97 %, 33574 MiB, 49140 MiB, 298.89 W, 79
2026/08/28 05:31:14.752, 1, NVIDIA RTX 6000 Ada Generation, 94 %, 33582 MiB, 49140 MiB, 299.45 W, 82
2026/08/28 05:31:14.752, 2, NVIDIA RTX 6000 Ada Generation, 98 %, 33542 MiB, 49140 MiB, 299.02 W, 79
2026/08/28 05:31:14.752, 3, NVIDIA RTX 6000 Ada Generation, 98 %, 33482 MiB, 49140 MiB, 299.80 W, 78
2026/08/28 05:31:24.753, 0, NVIDIA RTX 6000 Ada Generation, 98 %, 33574 MiB, 49140 MiB, 299.45 W, 80
2026/08/28 05:31:24.753, 1, NVIDIA RTX 6000 Ada Generation, 98 %, 33582 MiB, 49140 MiB, 299.58 W, 82
2026/08/28 05:31:24.753, 2, NVIDIA RTX 6000 Ada Generation, 99 %, 33542 MiB, 49140 MiB, 299.78 W, 79
2026/08/28 05:31:24.753, 3, NVIDIA RTX 6000 Ada Generation, 93 %, 33482 MiB, 49140 MiB, 299.54 W, 78
2026/08/28 05:31:34.754, 0, NVIDIA RTX 6000 Ada Generation, 98 %, 33574 MiB, 49140 MiB, 299.61 W, 80
2026/08/28 05:31:34.754, 1, NVIDIA RTX 6000 Ada Generation, 98 %, 33582 MiB, 49140 MiB, 299.45 W, 82
2026/08/28 05:31:34.754, 2, NVIDIA RTX 6000 Ada Generation, 98 %, 33542 MiB, 49140 MiB, 299.78 W, 79
2026/08/28 05:31:34.754, 3, NVIDIA RTX 6000 Ada Generation, 94 %, 33482 MiB, 49140 MiB, 299.19 W, 78
2026/08/28 05:31:44.755, 0, NVIDIA RTX 6000 Ada Generation, 94 %, 33574 MiB, 49140 MiB, 299.79 W, 80
2026/08/28 05:31:44.755, 1, NVIDIA RTX 6000 Ada Generation, 98 %, 33582 MiB, 49140 MiB, 299.80 W, 82
2026/08/28 05:31:44.755, 2, NVIDIA RTX 6000 Ada Generation, 93 %, 33542 MiB, 49140 MiB, 300.45 W, 79
2026/08/28 05:31:44.755, 3, NVIDIA RTX 6000 Ada Generation, 94 %, 33482 MiB, 49140 MiB, 299.56 W, 78
2026/08/28 05:31:54.756, 0, NVIDIA RTX 6000 Ada Generation, 98 %, 33574 MiB, 49140 MiB, 299.43 W, 80
2026/08/28 05:31:54.756, 1, NVIDIA RTX 6000 Ada Generation, 95 %, 33582 MiB, 49140 MiB, 299.53 W, 82
2026/08/28 05:31:54.756, 2, NVIDIA RTX 6000 Ada Generation, 95 %, 33542 MiB, 49140 MiB, 299.88 W, 79
2026/08/28 05:31:54.756, 3, NVIDIA RTX 6000 Ada Generation, 98 %, 33482 MiB, 49140 MiB, 298.86 W, 78
2026/08/28 05:32:04.757, 0, NVIDIA RTX 6000 Ada Generation, 91 %, 33574 MiB, 49140 MiB, 296.49 W, 79
2026/08/28 05:32:04.757, 1, NVIDIA RTX 6000 Ada Generation, 98 %, 33582 MiB, 49140 MiB, 299.55 W, 82
2026/08/28 05:32:04.757, 2, NVIDIA RTX 6000 Ada Generation, 98 %, 33542 MiB, 49140 MiB, 298.94 W, 79
2026/08/28 05:32:04.757, 3, NVIDIA RTX 6000 Ada Generation, 98 %, 33482 MiB, 49140 MiB, 299.69 W, 78
2026/08/28 05:32:14.758, 0, NVIDIA RTX 6000 Ada Generation, 98 %, 33574 MiB, 49140 MiB, 300.05 W, 80
2026/08/28 05:32:14.758, 1, NVIDIA RTX 6000 Ada Generation, 98 %, 33582 MiB, 49140 MiB, 299.79 W, 82
2026/08/28 05:32:14.758, 2, NVIDIA RTX 6000 Ada Generation, 98 %, 33542 MiB, 49140 MiB, 299.39 W, 79
2026/08/28 05:32:14.759, 3, NVIDIA RTX 6000 Ada Generation, 99 %, 33482 MiB, 49140 MiB, 299.78 W, 78
2026/08/28 05:32:24.759, 0, NVIDIA RTX 6000 Ada Generation, 99 %, 33574 MiB, 49140 MiB, 299.52 W, 80
2026/08/28 05:32:24.760, 1, NVIDIA RTX 6000 Ada Generation, 98 %, 33582 MiB, 49140 MiB, 299.80 W, 82
2026/08/28 05:32:24.760, 2, NVIDIA RTX 6000 Ada Generation, 98 %, 33542 MiB, 49140 MiB, 300.03 W, 79
2026/08/28 05:32:24.760, 3, NVIDIA RTX 6000 Ada Generation, 98 %, 33482 MiB, 49140 MiB, 299.79 W, 78
2026/08/28 05:32:34.761, 0, NVIDIA RTX 6000 Ada Generation, 98 %, 33574 MiB, 49140 MiB, 299.39 W, 80
2026/08/28 05:32:34.761, 1, NVIDIA RTX 6000 Ada Generation, 98 %, 33582 MiB, 49140 MiB, 299.43 W, 82
2026/08/28 05:32:34.761, 2, NVIDIA RTX 6000 Ada Generation, 99 %, 33542 MiB, 49140 MiB, 299.24 W, 79
2026/08/28 05:32:34.761, 3, NVIDIA RTX 6000 Ada Generation, 98 %, 33482 MiB, 49140 MiB, 299.76 W, 78
2026/08/28 05:32:44.762, 0, NVIDIA RTX 6000 Ada Generation, 93 %, 33574 MiB, 49140 MiB, 299.53 W, 80
2026/08/28 05:32:44.762, 1, NVIDIA RTX 6000 Ada Generation, 98 %, 33582 MiB, 49140 MiB, 299.69 W, 82
2026/08/28 05:32:44.762, 2, NVIDIA RTX 6000 Ada Generation, 92 %, 33542 MiB, 49140 MiB, 299.53 W, 79
2026/08/28 05:32:44.762, 3, NVIDIA RTX 6000 Ada Generation, 98 %, 33482 MiB, 49140 MiB, 299.39 W, 78
2026/08/28 05:32:54.763, 0, NVIDIA RTX 6000 Ada Generation, 98 %, 33574 MiB, 49140 MiB, 298.67 W, 79
2026/08/28 05:32:54.763, 1, NVIDIA RTX 6000 Ada Generation, 93 %, 33582 MiB, 49140 MiB, 299.55 W, 82
2026/08/28 05:32:54.763, 2, NVIDIA RTX 6000 Ada Generation, 98 %, 33542 MiB, 49140 MiB, 299.20 W, 79
2026/08/28 05:32:54.763, 3, NVIDIA RTX 6000 Ada Generation, 99 %, 33482 MiB, 49140 MiB, 299.88 W, 78
2026/08/28 05:33:04.764, 0, NVIDIA RTX 6000 Ada Generation, 98 %, 33574 MiB, 49140 MiB, 299.61 W, 80
2026/08/28 05:33:04.764, 1, NVIDIA RTX 6000 Ada Generation, 98 %, 33582 MiB, 49140 MiB, 299.19 W, 82
2026/08/28 05:33:04.764, 2, NVIDIA RTX 6000 Ada Generation, 98 %, 33542 MiB, 49140 MiB, 299.48 W, 79
2026/08/28 05:33:04.764, 3, NVIDIA RTX 6000 Ada Generation, 98 %, 33482 MiB, 49140 MiB, 299.81 W, 78
2026/08/28 05:33:14.765, 0, NVIDIA RTX 6000 Ada Generation, 91 %, 33574 MiB, 49140 MiB, 299.57 W, 80
2026/08/28 05:33:14.765, 1, NVIDIA RTX 6000 Ada Generation, 98 %, 33582 MiB, 49140 MiB, 299.60 W, 82
2026/08/28 05:33:14.765, 2, NVIDIA RTX 6000 Ada Generation, 92 %, 33542 MiB, 49140 MiB, 299.83 W, 80
2026/08/28 05:33:14.765, 3, NVIDIA RTX 6000 Ada Generation, 98 %, 33482 MiB, 49140 MiB, 299.62 W, 78
2026/08/28 05:33:24.766, 0, NVIDIA RTX 6000 Ada Generation, 98 %, 33574 MiB, 49140 MiB, 299.45 W, 80
2026/08/28 05:33:24.766, 1, NVIDIA RTX 6000 Ada Generation, 98 %, 33582 MiB, 49140 MiB, 299.81 W, 82
2026/08/28 05:33:24.766, 2, NVIDIA RTX 6000 Ada Generation, 98 %, 33542 MiB, 49140 MiB, 299.80 W, 79
2026/08/28 05:33:24.766, 3, NVIDIA RTX 6000 Ada Generation, 91 %, 33482 MiB, 49140 MiB, 299.42 W, 78
2026/08/28 05:33:34.767, 0, NVIDIA RTX 6000 Ada Generation, 98 %, 33574 MiB, 49140 MiB, 299.57 W, 80
2026/08/28 05:33:34.768, 1, NVIDIA RTX 6000 Ada Generation, 91 %, 33582 MiB, 49140 MiB, 298.98 W, 82
2026/08/28 05:33:34.768, 2, NVIDIA RTX 6000 Ada Generation, 98 %, 33542 MiB, 49140 MiB, 298.90 W, 79
2026/08/28 05:33:34.768, 3, NVIDIA RTX 6000 Ada Generation, 93 %, 33482 MiB, 49140 MiB, 299.25 W, 78
2026/08/28 05:33:44.768, 0, NVIDIA RTX 6000 Ada Generation, 98 %, 33574 MiB, 49140 MiB, 299.53 W, 80
2026/08/28 05:33:44.769, 1, NVIDIA RTX 6000 Ada Generation, 98 %, 33582 MiB, 49140 MiB, 298.94 W, 82
2026/08/28 05:33:44.769, 2, NVIDIA RTX 6000 Ada Generation, 98 %, 33542 MiB, 49140 MiB, 299.80 W, 79
2026/08/28 05:33:44.769, 3, NVIDIA RTX 6000 Ada Generation, 98 %, 33482 MiB, 49140 MiB, 300.11 W, 78
2026/08/28 05:33:54.770, 0, NVIDIA RTX 6000 Ada Generation, 98 %, 33574 MiB, 49140 MiB, 299.74 W, 80
2026/08/28 05:33:54.770, 1, NVIDIA RTX 6000 Ada Generation, 98 %, 33582 MiB, 49140 MiB, 299.30 W, 82
2026/08/28 05:33:54.770, 2, NVIDIA RTX 6000 Ada Generation, 92 %, 33542 MiB, 49140 MiB, 298.92 W, 80
2026/08/28 05:33:54.770, 3, NVIDIA RTX 6000 Ada Generation, 99 %, 33482 MiB, 49140 MiB, 299.75 W, 78
2026/08/28 05:34:04.771, 0, NVIDIA RTX 6000 Ada Generation, 98 %, 33574 MiB, 49140 MiB, 299.72 W, 80
2026/08/28 05:34:04.771, 1, NVIDIA RTX 6000 Ada Generation, 98 %, 33582 MiB, 49140 MiB, 299.67 W, 82
2026/08/28 05:34:04.771, 2, NVIDIA RTX 6000 Ada Generation, 98 %, 33542 MiB, 49140 MiB, 298.51 W, 79
2026/08/28 05:34:04.771, 3, NVIDIA RTX 6000 Ada Generation, 98 %, 33482 MiB, 49140 MiB, 299.72 W, 78
2026/08/28 05:34:14.772, 0, NVIDIA RTX 6000 Ada Generation, 98 %, 33574 MiB, 49140 MiB, 299.56 W, 80
2026/08/28 05:34:14.772, 1, NVIDIA RTX 6000 Ada Generation, 93 %, 33582 MiB, 49140 MiB, 298.97 W, 82
2026/08/28 05:34:14.772, 2, NVIDIA RTX 6000 Ada Generation, 98 %, 33542 MiB, 49140 MiB, 299.97 W, 79
2026/08/28 05:34:14.772, 3, NVIDIA RTX 6000 Ada Generation, 99 %, 33482 MiB, 49140 MiB, 299.81 W, 78
2026/08/28 05:34:24.773, 0, NVIDIA RTX 6000 Ada Generation, 98 %, 33574 MiB, 49140 MiB, 299.71 W, 80
2026/08/28 05:34:24.773, 1, NVIDIA RTX 6000 Ada Generation, 92 %, 33582 MiB, 49140 MiB, 298.89 W, 82
2026/08/28 05:34:24.773, 2, NVIDIA RTX 6000 Ada Generation, 98 %, 33542 MiB, 49140 MiB, 299.52 W, 80
2026/08/28 05:34:24.773, 3, NVIDIA RTX 6000 Ada Generation, 98 %, 33482 MiB, 49140 MiB, 299.09 W, 78
2026/08/28 05:34:34.774, 0, NVIDIA RTX 6000 Ada Generation, 98 %, 33574 MiB, 49140 MiB, 299.81 W, 80
2026/08/28 05:34:34.775, 1, NVIDIA RTX 6000 Ada Generation, 98 %, 33582 MiB, 49140 MiB, 298.84 W, 82
2026/08/28 05:34:34.775, 2, NVIDIA RTX 6000 Ada Generation, 98 %, 33542 MiB, 49140 MiB, 299.76 W, 79
2026/08/28 05:34:34.775, 3, NVIDIA RTX 6000 Ada Generation, 99 %, 33482 MiB, 49140 MiB, 299.84 W, 78
2026/08/28 05:34:44.776, 0, NVIDIA RTX 6000 Ada Generation, 92 %, 33574 MiB, 49140 MiB, 299.10 W, 80
2026/08/28 05:34:44.776, 1, NVIDIA RTX 6000 Ada Generation, 98 %, 33582 MiB, 49140 MiB, 299.57 W, 82
2026/08/28 05:34:44.776, 2, NVIDIA RTX 6000 Ada Generation, 98 %, 33542 MiB, 49140 MiB, 299.86 W, 79
2026/08/28 05:34:44.776, 3, NVIDIA RTX 6000 Ada Generation, 94 %, 33482 MiB, 49140 MiB, 299.73 W, 78
2026/08/28 05:34:54.777, 0, NVIDIA RTX 6000 Ada Generation, 93 %, 33574 MiB, 49140 MiB, 299.73 W, 80
2026/08/28 05:34:54.777, 1, NVIDIA RTX 6000 Ada Generation, 98 %, 33582 MiB, 49140 MiB, 299.71 W, 82
2026/08/28 05:34:54.777, 2, NVIDIA RTX 6000 Ada Generation, 91 %, 33542 MiB, 49140 MiB, 299.62 W, 79
2026/08/28 05:34:54.777, 3, NVIDIA RTX 6000 Ada Generation, 92 %, 33482 MiB, 49140 MiB, 299.63 W, 78
2026/08/28 05:35:04.778, 0, NVIDIA RTX 6000 Ada Generation, 94 %, 33574 MiB, 49140 MiB, 299.64 W, 80
2026/08/28 05:35:04.778, 1, NVIDIA RTX 6000 Ada Generation, 98 %, 33582 MiB, 49140 MiB, 299.74 W, 82
2026/08/28 05:35:04.778, 2, NVIDIA RTX 6000 Ada Generation, 98 %, 33542 MiB, 49140 MiB, 299.14 W, 79
2026/08/28 05:35:04.778, 3, NVIDIA RTX 6000 Ada Generation, 93 %, 33482 MiB, 49140 MiB, 299.62 W, 78
2026/08/28 05:35:14.779, 0, NVIDIA RTX 6000 Ada Generation, 98 %, 33574 MiB, 49140 MiB, 299.60 W, 80
2026/08/28 05:35:14.779, 1, NVIDIA RTX 6000 Ada Generation, 98 %, 33582 MiB, 49140 MiB, 299.69 W, 82
2026/08/28 05:35:14.779, 2, NVIDIA RTX 6000 Ada Generation, 98 %, 33542 MiB, 49140 MiB, 299.78 W, 79
2026/08/28 05:35:14.779, 3, NVIDIA RTX 6000 Ada Generation, 98 %, 33482 MiB, 49140 MiB, 298.95 W, 78
2026/08/28 05:35:24.780, 0, NVIDIA RTX 6000 Ada Generation, 93 %, 33574 MiB, 49140 MiB, 300.34 W, 80
2026/08/28 05:35:24.780, 1, NVIDIA RTX 6000 Ada Generation, 92 %, 33582 MiB, 49140 MiB, 299.30 W, 82
2026/08/28 05:35:24.780, 2, NVIDIA RTX 6000 Ada Generation, 99 %, 33542 MiB, 49140 MiB, 299.73 W, 79
2026/08/28 05:35:24.780, 3, NVIDIA RTX 6000 Ada Generation, 98 %, 33482 MiB, 49140 MiB, 299.14 W, 78
2026/08/28 05:35:34.781, 0, NVIDIA RTX 6000 Ada Generation, 98 %, 33574 MiB, 49140 MiB, 299.60 W, 80
2026/08/28 05:35:34.781, 1, NVIDIA RTX 6000 Ada Generation, 98 %, 33582 MiB, 49140 MiB, 299.84 W, 82
2026/08/28 05:35:34.781, 2, NVIDIA RTX 6000 Ada Generation, 98 %, 33542 MiB, 49140 MiB, 299.94 W, 79
2026/08/28 05:35:34.781, 3, NVIDIA RTX 6000 Ada Generation, 98 %, 33482 MiB, 49140 MiB, 299.90 W, 78
2026/08/28 05:35:44.782, 0, NVIDIA RTX 6000 Ada Generation, 98 %, 33574 MiB, 49140 MiB, 299.62 W, 80
2026/08/28 05:35:44.782, 1, NVIDIA RTX 6000 Ada Generation, 98 %, 33582 MiB, 49140 MiB, 299.97 W, 82
2026/08/28 05:35:44.783, 2, NVIDIA RTX 6000 Ada Generation, 98 %, 33542 MiB, 49140 MiB, 299.73 W, 79
2026/08/28 05:35:44.783, 3, NVIDIA RTX 6000 Ada Generation, 99 %, 33482 MiB, 49140 MiB, 299.69 W, 78
2026/08/28 05:35:54.784, 0, NVIDIA RTX 6000 Ada Generation, 98 %, 33574 MiB, 49140 MiB, 299.57 W, 79
2026/08/28 05:35:54.784, 1, NVIDIA RTX 6000 Ada Generation, 98 %, 33582 MiB, 49140 MiB, 299.86 W, 82
2026/08/28 05:35:54.784, 2, NVIDIA RTX 6000 Ada Generation, 98 %, 33542 MiB, 49140 MiB, 299.35 W, 79
2026/08/28 05:35:54.784, 3, NVIDIA RTX 6000 Ada Generation, 98 %, 33482 MiB, 49140 MiB, 299.27 W, 78
2026/08/28 05:36:04.785, 0, NVIDIA RTX 6000 Ada Generation, 98 %, 33574 MiB, 49140 MiB, 299.46 W, 80
2026/08/28 05:36:04.785, 1, NVIDIA RTX 6000 Ada Generation, 98 %, 33582 MiB, 49140 MiB, 300.13 W, 82
2026/08/28 05:36:04.785, 2, NVIDIA RTX 6000 Ada Generation, 99 %, 33542 MiB, 49140 MiB, 300.13 W, 80
2026/08/28 05:36:04.785, 3, NVIDIA RTX 6000 Ada Generation, 99 %, 33482 MiB, 49140 MiB, 300.02 W, 78
2026/08/28 05:36:14.786, 0, NVIDIA RTX 6000 Ada Generation, 94 %, 33574 MiB, 49140 MiB, 299.23 W, 80
2026/08/28 05:36:14.786, 1, NVIDIA RTX 6000 Ada Generation, 98 %, 33582 MiB, 49140 MiB, 295.09 W, 80
2026/08/28 05:36:14.786, 2, NVIDIA RTX 6000 Ada Generation, 96 %, 33542 MiB, 49140 MiB, 294.95 W, 78
2026/08/28 05:36:14.786, 3, NVIDIA RTX 6000 Ada Generation, 98 %, 33482 MiB, 49140 MiB, 298.85 W, 78
2026/08/28 05:36:24.787, 0, NVIDIA RTX 6000 Ada Generation, 98 %, 33574 MiB, 49140 MiB, 299.85 W, 80
2026/08/28 05:36:24.787, 1, NVIDIA RTX 6000 Ada Generation, 95 %, 33582 MiB, 49140 MiB, 299.34 W, 82
2026/08/28 05:36:24.787, 2, NVIDIA RTX 6000 Ada Generation, 95 %, 33542 MiB, 49140 MiB, 299.08 W, 79
2026/08/28 05:36:24.787, 3, NVIDIA RTX 6000 Ada Generation, 98 %, 33482 MiB, 49140 MiB, 299.81 W, 78
2026/08/28 05:36:34.788, 0, NVIDIA RTX 6000 Ada Generation, 98 %, 33574 MiB, 49140 MiB, 299.47 W, 80
2026/08/28 05:36:34.788, 1, NVIDIA RTX 6000 Ada Generation, 94 %, 33582 MiB, 49140 MiB, 299.18 W, 82
2026/08/28 05:36:34.788, 2, NVIDIA RTX 6000 Ada Generation, 93 %, 33542 MiB, 49140 MiB, 299.83 W, 80
2026/08/28 05:36:34.788, 3, NVIDIA RTX 6000 Ada Generation, 98 %, 33482 MiB, 49140 MiB, 299.77 W, 78
2026/08/28 05:36:44.789, 0, NVIDIA RTX 6000 Ada Generation, 98 %, 33574 MiB, 49140 MiB, 299.63 W, 80
2026/08/28 05:36:44.789, 1, NVIDIA RTX 6000 Ada Generation, 98 %, 33582 MiB, 49140 MiB, 300.94 W, 82
2026/08/28 05:36:44.789, 2, NVIDIA RTX 6000 Ada Generation, 98 %, 33564 MiB, 49140 MiB, 300.06 W, 80
2026/08/28 05:36:44.789, 3, NVIDIA RTX 6000 Ada Generation, 99 %, 33482 MiB, 49140 MiB, 299.74 W, 78
2026/08/28 05:36:54.790, 0, NVIDIA RTX 6000 Ada Generation, 99 %, 33574 MiB, 49140 MiB, 299.68 W, 80
2026/08/28 05:36:54.790, 1, NVIDIA RTX 6000 Ada Generation, 98 %, 33582 MiB, 49140 MiB, 300.07 W, 82
2026/08/28 05:36:54.790, 2, NVIDIA RTX 6000 Ada Generation, 98 %, 33564 MiB, 49140 MiB, 298.97 W, 79
2026/08/28 05:36:54.791, 3, NVIDIA RTX 6000 Ada Generation, 92 %, 33482 MiB, 49140 MiB, 299.63 W, 78
2026/08/28 05:37:04.791, 0, NVIDIA RTX 6000 Ada Generation, 98 %, 33574 MiB, 49140 MiB, 299.77 W, 80
2026/08/28 05:37:04.792, 1, NVIDIA RTX 6000 Ada Generation, 98 %, 33582 MiB, 49140 MiB, 299.96 W, 82
2026/08/28 05:37:04.792, 2, NVIDIA RTX 6000 Ada Generation, 98 %, 33564 MiB, 49140 MiB, 300.08 W, 79
2026/08/28 05:37:04.792, 3, NVIDIA RTX 6000 Ada Generation, 93 %, 33482 MiB, 49140 MiB, 299.43 W, 78
2026/08/28 05:37:14.792, 0, NVIDIA RTX 6000 Ada Generation, 98 %, 33574 MiB, 49140 MiB, 299.80 W, 80
2026/08/28 05:37:14.793, 1, NVIDIA RTX 6000 Ada Generation, 98 %, 33582 MiB, 49140 MiB, 299.21 W, 82
2026/08/28 05:37:14.793, 2, NVIDIA RTX 6000 Ada Generation, 98 %, 33564 MiB, 49140 MiB, 299.54 W, 79
2026/08/28 05:37:14.793, 3, NVIDIA RTX 6000 Ada Generation, 94 %, 33482 MiB, 49140 MiB, 299.91 W, 78
2026/08/28 05:37:24.793, 0, NVIDIA RTX 6000 Ada Generation, 94 %, 33574 MiB, 49140 MiB, 299.23 W, 79
2026/08/28 05:37:24.794, 1, NVIDIA RTX 6000 Ada Generation, 98 %, 33582 MiB, 49140 MiB, 299.61 W, 82
2026/08/28 05:37:24.794, 2, NVIDIA RTX 6000 Ada Generation, 98 %, 33564 MiB, 49140 MiB, 299.42 W, 79
2026/08/28 05:37:24.794, 3, NVIDIA RTX 6000 Ada Generation, 98 %, 33482 MiB, 49140 MiB, 300.00 W, 78
2026/08/28 05:37:34.795, 0, NVIDIA RTX 6000 Ada Generation, 92 %, 33574 MiB, 49140 MiB, 299.61 W, 80
2026/08/28 05:37:34.795, 1, NVIDIA RTX 6000 Ada Generation, 98 %, 33582 MiB, 49140 MiB, 300.00 W, 82
2026/08/28 05:37:34.795, 2, NVIDIA RTX 6000 Ada Generation, 94 %, 33564 MiB, 49140 MiB, 299.78 W, 79
2026/08/28 05:37:34.795, 3, NVIDIA RTX 6000 Ada Generation, 98 %, 33482 MiB, 49140 MiB, 299.82 W, 78
2026/08/28 05:37:44.796, 0, NVIDIA RTX 6000 Ada Generation, 98 %, 33574 MiB, 49140 MiB, 299.23 W, 80
2026/08/28 05:37:44.796, 1, NVIDIA RTX 6000 Ada Generation, 98 %, 33582 MiB, 49140 MiB, 299.43 W, 82
2026/08/28 05:37:44.796, 2, NVIDIA RTX 6000 Ada Generation, 99 %, 33564 MiB, 49140 MiB, 300.05 W, 79
2026/08/28 05:37:44.796, 3, NVIDIA RTX 6000 Ada Generation, 98 %, 33482 MiB, 49140 MiB, 299.83 W, 78
2026/08/28 05:37:54.797, 0, NVIDIA RTX 6000 Ada Generation, 98 %, 33574 MiB, 49140 MiB, 299.55 W, 79
2026/08/28 05:37:54.797, 1, NVIDIA RTX 6000 Ada Generation, 98 %, 33582 MiB, 49140 MiB, 299.98 W, 82
2026/08/28 05:37:54.797, 2, NVIDIA RTX 6000 Ada Generation, 98 %, 33564 MiB, 49140 MiB, 299.33 W, 79
2026/08/28 05:37:54.797, 3, NVIDIA RTX 6000 Ada Generation, 99 %, 33482 MiB, 49140 MiB, 299.50 W, 78
2026/08/28 05:38:04.798, 0, NVIDIA RTX 6000 Ada Generation, 98 %, 33574 MiB, 49140 MiB, 299.71 W, 79
2026/08/28 05:38:04.798, 1, NVIDIA RTX 6000 Ada Generation, 93 %, 33582 MiB, 49140 MiB, 299.39 W, 81
2026/08/28 05:38:04.798, 2, NVIDIA RTX 6000 Ada Generation, 98 %, 33564 MiB, 49140 MiB, 300.07 W, 79
2026/08/28 05:38:04.798, 3, NVIDIA RTX 6000 Ada Generation, 99 %, 33482 MiB, 49140 MiB, 299.85 W, 78
2026/08/28 05:38:14.799, 0, NVIDIA RTX 6000 Ada Generation, 98 %, 33574 MiB, 49140 MiB, 299.66 W, 79
2026/08/28 05:38:14.799, 1, NVIDIA RTX 6000 Ada Generation, 98 %, 33582 MiB, 49140 MiB, 299.69 W, 82
2026/08/28 05:38:14.799, 2, NVIDIA RTX 6000 Ada Generation, 93 %, 33564 MiB, 49140 MiB, 299.28 W, 79
2026/08/28 05:38:14.799, 3, NVIDIA RTX 6000 Ada Generation, 98 %, 33482 MiB, 49140 MiB, 298.95 W, 78
2026/08/28 05:38:24.800, 0, NVIDIA RTX 6000 Ada Generation, 99 %, 33574 MiB, 49140 MiB, 299.76 W, 79
2026/08/28 05:38:24.800, 1, NVIDIA RTX 6000 Ada Generation, 98 %, 33582 MiB, 49140 MiB, 299.24 W, 81
2026/08/28 05:38:24.801, 2, NVIDIA RTX 6000 Ada Generation, 99 %, 33564 MiB, 49140 MiB, 298.95 W, 79
2026/08/28 05:38:24.801, 3, NVIDIA RTX 6000 Ada Generation, 98 %, 33482 MiB, 49140 MiB, 299.83 W, 78
2026/08/28 05:38:34.801, 0, NVIDIA RTX 6000 Ada Generation, 99 %, 33574 MiB, 49140 MiB, 299.74 W, 79
2026/08/28 05:38:34.802, 1, NVIDIA RTX 6000 Ada Generation, 98 %, 33582 MiB, 49140 MiB, 299.67 W, 81
2026/08/28 05:38:34.802, 2, NVIDIA RTX 6000 Ada Generation, 93 %, 33564 MiB, 49140 MiB, 299.16 W, 79
2026/08/28 05:38:34.802, 3, NVIDIA RTX 6000 Ada Generation, 91 %, 33482 MiB, 49140 MiB, 296.54 W, 78
2026/08/28 05:38:44.803, 0, NVIDIA RTX 6000 Ada Generation, 98 %, 33574 MiB, 49140 MiB, 299.88 W, 79
2026/08/28 05:38:44.803, 1, NVIDIA RTX 6000 Ada Generation, 98 %, 33582 MiB, 49140 MiB, 299.57 W, 81
2026/08/28 05:38:44.803, 2, NVIDIA RTX 6000 Ada Generation, 99 %, 33564 MiB, 49140 MiB, 299.41 W, 79
2026/08/28 05:38:44.803, 3, NVIDIA RTX 6000 Ada Generation, 98 %, 33482 MiB, 49140 MiB, 300.07 W, 78
2026/08/28 05:38:54.804, 0, NVIDIA RTX 6000 Ada Generation, 98 %, 33574 MiB, 49140 MiB, 299.80 W, 79
2026/08/28 05:38:54.804, 1, NVIDIA RTX 6000 Ada Generation, 98 %, 33582 MiB, 49140 MiB, 299.59 W, 81
2026/08/28 05:38:54.804, 2, NVIDIA RTX 6000 Ada Generation, 98 %, 33564 MiB, 49140 MiB, 299.96 W, 79
2026/08/28 05:38:54.804, 3, NVIDIA RTX 6000 Ada Generation, 98 %, 33482 MiB, 49140 MiB, 299.77 W, 78
2026/08/28 05:39:04.805, 0, NVIDIA RTX 6000 Ada Generation, 91 %, 33574 MiB, 49140 MiB, 299.88 W, 79
2026/08/28 05:39:04.805, 1, NVIDIA RTX 6000 Ada Generation, 93 %, 33582 MiB, 49140 MiB, 299.45 W, 81
2026/08/28 05:39:04.805, 2, NVIDIA RTX 6000 Ada Generation, 98 %, 33564 MiB, 49140 MiB, 300.07 W, 79
2026/08/28 05:39:04.805, 3, NVIDIA RTX 6000 Ada Generation, 98 %, 33482 MiB, 49140 MiB, 299.73 W, 78
2026/08/28 05:39:14.806, 0, NVIDIA RTX 6000 Ada Generation, 95 %, 33574 MiB, 49140 MiB, 299.88 W, 79
2026/08/28 05:39:14.806, 1, NVIDIA RTX 6000 Ada Generation, 95 %, 33582 MiB, 49140 MiB, 299.93 W, 82
2026/08/28 05:39:14.806, 2, NVIDIA RTX 6000 Ada Generation, 98 %, 33564 MiB, 49140 MiB, 299.39 W, 79
2026/08/28 05:39:14.806, 3, NVIDIA RTX 6000 Ada Generation, 94 %, 33482 MiB, 49140 MiB, 299.25 W, 78
2026/08/28 05:39:24.807, 0, NVIDIA RTX 6000 Ada Generation, 98 %, 33574 MiB, 49140 MiB, 299.38 W, 79
2026/08/28 05:39:24.807, 1, NVIDIA RTX 6000 Ada Generation, 93 %, 33582 MiB, 49140 MiB, 299.82 W, 82
2026/08/28 05:39:24.807, 2, NVIDIA RTX 6000 Ada Generation, 96 %, 33564 MiB, 49140 MiB, 299.27 W, 79
2026/08/28 05:39:24.808, 3, NVIDIA RTX 6000 Ada Generation, 91 %, 33482 MiB, 49140 MiB, 299.51 W, 78
2026/08/28 05:39:34.808, 0, NVIDIA RTX 6000 Ada Generation, 98 %, 33574 MiB, 49140 MiB, 299.58 W, 79
2026/08/28 05:39:34.809, 1, NVIDIA RTX 6000 Ada Generation, 98 %, 33582 MiB, 49140 MiB, 299.92 W, 82
2026/08/28 05:39:34.809, 2, NVIDIA RTX 6000 Ada Generation, 98 %, 33564 MiB, 49140 MiB, 299.71 W, 79
2026/08/28 05:39:34.809, 3, NVIDIA RTX 6000 Ada Generation, 96 %, 33482 MiB, 49140 MiB, 299.54 W, 78
2026/08/28 05:39:44.809, 0, NVIDIA RTX 6000 Ada Generation, 98 %, 33574 MiB, 49140 MiB, 299.36 W, 79
2026/08/28 05:39:44.810, 1, NVIDIA RTX 6000 Ada Generation, 98 %, 33582 MiB, 49140 MiB, 299.99 W, 81
2026/08/28 05:39:44.810, 2, NVIDIA RTX 6000 Ada Generation, 98 %, 33564 MiB, 49140 MiB, 299.79 W, 79
2026/08/28 05:39:44.810, 3, NVIDIA RTX 6000 Ada Generation, 98 %, 33482 MiB, 49140 MiB, 300.35 W, 78
2026/08/28 05:39:55.128, 0, NVIDIA RTX 6000 Ada Generation, 91 %, 33574 MiB, 49140 MiB, 298.94 W, 79
2026/08/28 05:39:55.128, 1, NVIDIA RTX 6000 Ada Generation, 98 %, 33582 MiB, 49140 MiB, 299.84 W, 82
2026/08/28 05:39:55.128, 2, NVIDIA RTX 6000 Ada Generation, 99 %, 33564 MiB, 49140 MiB, 300.37 W, 79
2026/08/28 05:39:55.129, 3, NVIDIA RTX 6000 Ada Generation, 98 %, 33482 MiB, 49140 MiB, 299.73 W, 78
2026/08/28 05:40:05.129, 0, NVIDIA RTX 6000 Ada Generation, 98 %, 33574 MiB, 49140 MiB, 299.34 W, 79
2026/08/28 05:40:05.129, 1, NVIDIA RTX 6000 Ada Generation, 98 %, 33582 MiB, 49140 MiB, 299.62 W, 82
2026/08/28 05:40:05.130, 2, NVIDIA RTX 6000 Ada Generation, 99 %, 33564 MiB, 49140 MiB, 300.04 W, 79
2026/08/28 05:40:05.130, 3, NVIDIA RTX 6000 Ada Generation, 98 %, 33482 MiB, 49140 MiB, 299.74 W, 78
2026/08/28 05:40:15.131, 0, NVIDIA RTX 6000 Ada Generation, 93 %, 33574 MiB, 49140 MiB, 299.33 W, 79
2026/08/28 05:40:15.131, 1, NVIDIA RTX 6000 Ada Generation, 98 %, 33582 MiB, 49140 MiB, 299.45 W, 82
2026/08/28 05:40:15.131, 2, NVIDIA RTX 6000 Ada Generation, 98 %, 33564 MiB, 49140 MiB, 299.52 W, 79
2026/08/28 05:40:15.131, 3, NVIDIA RTX 6000 Ada Generation, 98 %, 33482 MiB, 49140 MiB, 300.05 W, 78
2026/08/28 05:40:25.132, 0, NVIDIA RTX 6000 Ada Generation, 98 %, 33574 MiB, 49140 MiB, 299.34 W, 79
2026/08/28 05:40:25.132, 1, NVIDIA RTX 6000 Ada Generation, 98 %, 33582 MiB, 49140 MiB, 299.14 W, 82
2026/08/28 05:40:25.132, 2, NVIDIA RTX 6000 Ada Generation, 93 %, 33564 MiB, 49140 MiB, 299.91 W, 79
2026/08/28 05:40:25.132, 3, NVIDIA RTX 6000 Ada Generation, 98 %, 33482 MiB, 49140 MiB, 299.86 W, 78
2026/08/28 05:40:35.133, 0, NVIDIA RTX 6000 Ada Generation, 92 %, 33574 MiB, 49140 MiB, 299.35 W, 79
2026/08/28 05:40:35.133, 1, NVIDIA RTX 6000 Ada Generation, 98 %, 33582 MiB, 49140 MiB, 299.38 W, 82
2026/08/28 05:40:35.133, 2, NVIDIA RTX 6000 Ada Generation, 98 %, 33564 MiB, 49140 MiB, 299.60 W, 79
2026/08/28 05:40:35.133, 3, NVIDIA RTX 6000 Ada Generation, 98 %, 33482 MiB, 49140 MiB, 299.73 W, 78
2026/08/28 05:40:45.134, 0, NVIDIA RTX 6000 Ada Generation, 99 %, 33574 MiB, 49140 MiB, 299.79 W, 79
2026/08/28 05:40:45.134, 1, NVIDIA RTX 6000 Ada Generation, 98 %, 33582 MiB, 49140 MiB, 297.57 W, 82
2026/08/28 05:40:45.134, 2, NVIDIA RTX 6000 Ada Generation, 98 %, 33564 MiB, 49140 MiB, 299.82 W, 79
2026/08/28 05:40:45.134, 3, NVIDIA RTX 6000 Ada Generation, 98 %, 33482 MiB, 49140 MiB, 299.34 W, 78
2026/08/28 05:40:55.135, 0, NVIDIA RTX 6000 Ada Generation, 99 %, 33574 MiB, 49140 MiB, 299.35 W, 79
2026/08/28 05:40:55.135, 1, NVIDIA RTX 6000 Ada Generation, 98 %, 33582 MiB, 49140 MiB, 299.69 W, 82
2026/08/28 05:40:55.135, 2, NVIDIA RTX 6000 Ada Generation, 99 %, 33564 MiB, 49140 MiB, 298.71 W, 79
2026/08/28 05:40:55.135, 3, NVIDIA RTX 6000 Ada Generation, 99 %, 33482 MiB, 49140 MiB, 298.80 W, 78
2026/08/28 05:41:05.136, 0, NVIDIA RTX 6000 Ada Generation, 99 %, 33574 MiB, 49140 MiB, 299.40 W, 79
2026/08/28 05:41:05.136, 1, NVIDIA RTX 6000 Ada Generation, 98 %, 33582 MiB, 49140 MiB, 299.60 W, 82
2026/08/28 05:41:05.136, 2, NVIDIA RTX 6000 Ada Generation, 98 %, 33564 MiB, 49140 MiB, 298.77 W, 79
2026/08/28 05:41:05.136, 3, NVIDIA RTX 6000 Ada Generation, 93 %, 33482 MiB, 49140 MiB, 299.15 W, 78
2026/08/28 05:41:15.137, 0, NVIDIA RTX 6000 Ada Generation, 97 %, 33574 MiB, 49140 MiB, 299.42 W, 79
2026/08/28 05:41:15.137, 1, NVIDIA RTX 6000 Ada Generation, 93 %, 33582 MiB, 49140 MiB, 299.92 W, 82
2026/08/28 05:41:15.138, 2, NVIDIA RTX 6000 Ada Generation, 99 %, 33564 MiB, 49140 MiB, 299.59 W, 79
2026/08/28 05:41:15.138, 3, NVIDIA RTX 6000 Ada Generation, 98 %, 33482 MiB, 49140 MiB, 299.80 W, 78
2026/08/28 05:41:25.138, 0, NVIDIA RTX 6000 Ada Generation, 98 %, 33574 MiB, 49140 MiB, 299.61 W, 79
2026/08/28 05:41:25.139, 1, NVIDIA RTX 6000 Ada Generation, 98 %, 33582 MiB, 49140 MiB, 299.85 W, 82
2026/08/28 05:41:25.139, 2, NVIDIA RTX 6000 Ada Generation, 98 %, 33564 MiB, 49140 MiB, 298.95 W, 79
2026/08/28 05:41:25.139, 3, NVIDIA RTX 6000 Ada Generation, 95 %, 33482 MiB, 49140 MiB, 299.44 W, 78
2026/08/28 05:41:35.139, 0, NVIDIA RTX 6000 Ada Generation, 94 %, 33574 MiB, 49140 MiB, 299.18 W, 79
2026/08/28 05:41:35.140, 1, NVIDIA RTX 6000 Ada Generation, 98 %, 33582 MiB, 49140 MiB, 299.62 W, 82
2026/08/28 05:41:35.140, 2, NVIDIA RTX 6000 Ada Generation, 98 %, 33564 MiB, 49140 MiB, 299.92 W, 79
2026/08/28 05:41:35.140, 3, NVIDIA RTX 6000 Ada Generation, 98 %, 33482 MiB, 49140 MiB, 299.69 W, 78
2026/08/28 05:41:45.141, 0, NVIDIA RTX 6000 Ada Generation, 99 %, 33574 MiB, 49140 MiB, 299.99 W, 79
2026/08/28 05:41:45.141, 1, NVIDIA RTX 6000 Ada Generation, 98 %, 33582 MiB, 49140 MiB, 299.46 W, 82
2026/08/28 05:41:45.141, 2, NVIDIA RTX 6000 Ada Generation, 98 %, 33564 MiB, 49140 MiB, 299.97 W, 79
2026/08/28 05:41:45.141, 3, NVIDIA RTX 6000 Ada Generation, 99 %, 33482 MiB, 49140 MiB, 299.82 W, 78
2026/08/28 05:41:55.142, 0, NVIDIA RTX 6000 Ada Generation, 98 %, 33574 MiB, 49140 MiB, 299.48 W, 79
2026/08/28 05:41:55.142, 1, NVIDIA RTX 6000 Ada Generation, 93 %, 33582 MiB, 49140 MiB, 299.64 W, 82
2026/08/28 05:41:55.142, 2, NVIDIA RTX 6000 Ada Generation, 94 %, 33564 MiB, 49140 MiB, 299.74 W, 79
2026/08/28 05:41:55.142, 3, NVIDIA RTX 6000 Ada Generation, 98 %, 33482 MiB, 49140 MiB, 298.35 W, 78
2026/08/28 05:42:05.143, 0, NVIDIA RTX 6000 Ada Generation, 99 %, 33574 MiB, 49140 MiB, 299.37 W, 79
2026/08/28 05:42:05.143, 1, NVIDIA RTX 6000 Ada Generation, 98 %, 33588 MiB, 49140 MiB, 299.64 W, 82
2026/08/28 05:42:05.143, 2, NVIDIA RTX 6000 Ada Generation, 99 %, 33564 MiB, 49140 MiB, 300.01 W, 79
2026/08/28 05:42:05.143, 3, NVIDIA RTX 6000 Ada Generation, 98 %, 33482 MiB, 49140 MiB, 299.74 W, 78
2026/08/28 05:42:15.144, 0, NVIDIA RTX 6000 Ada Generation, 98 %, 33574 MiB, 49140 MiB, 299.51 W, 79
2026/08/28 05:42:15.144, 1, NVIDIA RTX 6000 Ada Generation, 98 %, 33588 MiB, 49140 MiB, 299.96 W, 82
2026/08/28 05:42:15.144, 2, NVIDIA RTX 6000 Ada Generation, 98 %, 33564 MiB, 49140 MiB, 299.97 W, 79
2026/08/28 05:42:15.144, 3, NVIDIA RTX 6000 Ada Generation, 93 %, 33482 MiB, 49140 MiB, 299.34 W, 78
2026/08/28 05:42:25.145, 0, NVIDIA RTX 6000 Ada Generation, 99 %, 33574 MiB, 49140 MiB, 299.66 W, 79
2026/08/28 05:42:25.145, 1, NVIDIA RTX 6000 Ada Generation, 98 %, 33588 MiB, 49140 MiB, 300.05 W, 82
2026/08/28 05:42:25.145, 2, NVIDIA RTX 6000 Ada Generation, 98 %, 33564 MiB, 49140 MiB, 299.63 W, 79
2026/08/28 05:42:25.145, 3, NVIDIA RTX 6000 Ada Generation, 92 %, 33482 MiB, 49140 MiB, 299.72 W, 78
2026/08/28 05:42:35.146, 0, NVIDIA RTX 6000 Ada Generation, 98 %, 33574 MiB, 49140 MiB, 299.60 W, 79
2026/08/28 05:42:35.146, 1, NVIDIA RTX 6000 Ada Generation, 98 %, 33588 MiB, 49140 MiB, 299.73 W, 82
2026/08/28 05:42:35.146, 2, NVIDIA RTX 6000 Ada Generation, 93 %, 33564 MiB, 49140 MiB, 299.93 W, 79
2026/08/28 05:42:35.146, 3, NVIDIA RTX 6000 Ada Generation, 98 %, 33482 MiB, 49140 MiB, 296.11 W, 77
2026/08/28 05:42:45.147, 0, NVIDIA RTX 6000 Ada Generation, 92 %, 33574 MiB, 49140 MiB, 300.04 W, 79
2026/08/28 05:42:45.147, 1, NVIDIA RTX 6000 Ada Generation, 94 %, 33588 MiB, 49140 MiB, 299.81 W, 82
2026/08/28 05:42:45.147, 2, NVIDIA RTX 6000 Ada Generation, 98 %, 33564 MiB, 49140 MiB, 299.91 W, 79
2026/08/28 05:42:45.148, 3, NVIDIA RTX 6000 Ada Generation, 98 %, 33482 MiB, 49140 MiB, 299.66 W, 78
2026/08/28 05:42:55.148, 0, NVIDIA RTX 6000 Ada Generation, 93 %, 33574 MiB, 49140 MiB, 299.53 W, 79
2026/08/28 05:42:55.149, 1, NVIDIA RTX 6000 Ada Generation, 98 %, 33588 MiB, 49140 MiB, 299.53 W, 82
2026/08/28 05:42:55.149, 2, NVIDIA RTX 6000 Ada Generation, 99 %, 33564 MiB, 49140 MiB, 299.61 W, 79
2026/08/28 05:42:55.149, 3, NVIDIA RTX 6000 Ada Generation, 98 %, 33482 MiB, 49140 MiB, 299.66 W, 78
2026/08/28 05:43:05.149, 0, NVIDIA RTX 6000 Ada Generation, 98 %, 33574 MiB, 49140 MiB, 298.54 W, 79
2026/08/28 05:43:05.150, 1, NVIDIA RTX 6000 Ada Generation, 98 %, 33588 MiB, 49140 MiB, 300.06 W, 82
2026/08/28 05:43:05.150, 2, NVIDIA RTX 6000 Ada Generation, 95 %, 33564 MiB, 49140 MiB, 294.07 W, 79
2026/08/28 05:43:05.150, 3, NVIDIA RTX 6000 Ada Generation, 98 %, 33482 MiB, 49140 MiB, 299.76 W, 78
2026/08/28 05:43:15.151, 0, NVIDIA RTX 6000 Ada Generation, 98 %, 33574 MiB, 49140 MiB, 299.15 W, 79
2026/08/28 05:43:15.151, 1, NVIDIA RTX 6000 Ada Generation, 98 %, 33588 MiB, 49140 MiB, 300.11 W, 82
2026/08/28 05:43:15.151, 2, NVIDIA RTX 6000 Ada Generation, 98 %, 33564 MiB, 49140 MiB, 299.28 W, 79
2026/08/28 05:43:15.151, 3, NVIDIA RTX 6000 Ada Generation, 98 %, 33482 MiB, 49140 MiB, 299.66 W, 78
2026/08/28 05:43:25.152, 0, NVIDIA RTX 6000 Ada Generation, 94 %, 33574 MiB, 49140 MiB, 299.79 W, 79
2026/08/28 05:43:25.152, 1, NVIDIA RTX 6000 Ada Generation, 98 %, 33588 MiB, 49140 MiB, 299.50 W, 82
2026/08/28 05:43:25.152, 2, NVIDIA RTX 6000 Ada Generation, 99 %, 33564 MiB, 49140 MiB, 299.81 W, 78
2026/08/28 05:43:25.152, 3, NVIDIA RTX 6000 Ada Generation, 99 %, 33482 MiB, 49140 MiB, 299.86 W, 78
2026/08/28 05:43:35.153, 0, NVIDIA RTX 6000 Ada Generation, 98 %, 33574 MiB, 49140 MiB, 299.36 W, 79
2026/08/28 05:43:35.153, 1, NVIDIA RTX 6000 Ada Generation, 94 %, 33588 MiB, 49140 MiB, 298.24 W, 81
2026/08/28 05:43:35.153, 2, NVIDIA RTX 6000 Ada Generation, 99 %, 33564 MiB, 49140 MiB, 299.75 W, 79
2026/08/28 05:43:35.153, 3, NVIDIA RTX 6000 Ada Generation, 99 %, 33482 MiB, 49140 MiB, 299.21 W, 78
2026/08/28 05:43:45.154, 0, NVIDIA RTX 6000 Ada Generation, 98 %, 33574 MiB, 49140 MiB, 299.49 W, 79
2026/08/28 05:43:45.154, 1, NVIDIA RTX 6000 Ada Generation, 93 %, 33588 MiB, 49140 MiB, 299.27 W, 82
2026/08/28 05:43:45.154, 2, NVIDIA RTX 6000 Ada Generation, 98 %, 33564 MiB, 49140 MiB, 299.75 W, 79
2026/08/28 05:43:45.154, 3, NVIDIA RTX 6000 Ada Generation, 99 %, 33482 MiB, 49140 MiB, 299.79 W, 78
2026/08/28 05:43:55.155, 0, NVIDIA RTX 6000 Ada Generation, 99 %, 33574 MiB, 49140 MiB, 299.70 W, 79
2026/08/28 05:43:55.155, 1, NVIDIA RTX 6000 Ada Generation, 95 %, 33588 MiB, 49140 MiB, 298.71 W, 82
2026/08/28 05:43:55.155, 2, NVIDIA RTX 6000 Ada Generation, 93 %, 33564 MiB, 49140 MiB, 300.01 W, 79
2026/08/28 05:43:55.155, 3, NVIDIA RTX 6000 Ada Generation, 92 %, 33482 MiB, 49140 MiB, 298.97 W, 78
2026/08/28 05:44:05.156, 0, NVIDIA RTX 6000 Ada Generation, 93 %, 33574 MiB, 49140 MiB, 298.09 W, 79
2026/08/28 05:44:05.156, 1, NVIDIA RTX 6000 Ada Generation, 98 %, 33588 MiB, 49140 MiB, 299.79 W, 82
2026/08/28 05:44:05.156, 2, NVIDIA RTX 6000 Ada Generation, 98 %, 33636 MiB, 49140 MiB, 298.73 W, 78
2026/08/28 05:44:05.156, 3, NVIDIA RTX 6000 Ada Generation, 91 %, 33482 MiB, 49140 MiB, 299.53 W, 78
2026/08/28 05:44:15.157, 0, NVIDIA RTX 6000 Ada Generation, 96 %, 33578 MiB, 49140 MiB, 299.53 W, 79
2026/08/28 05:44:15.157, 1, NVIDIA RTX 6000 Ada Generation, 98 %, 33588 MiB, 49140 MiB, 299.76 W, 82
2026/08/28 05:44:15.158, 2, NVIDIA RTX 6000 Ada Generation, 98 %, 33636 MiB, 49140 MiB, 299.91 W, 78
2026/08/28 05:44:15.158, 3, NVIDIA RTX 6000 Ada Generation, 99 %, 33482 MiB, 49140 MiB, 299.86 W, 78
2026/08/28 05:44:25.158, 0, NVIDIA RTX 6000 Ada Generation, 98 %, 33578 MiB, 49140 MiB, 298.75 W, 79
2026/08/28 05:44:25.159, 1, NVIDIA RTX 6000 Ada Generation, 98 %, 33588 MiB, 49140 MiB, 299.67 W, 82
2026/08/28 05:44:25.159, 2, NVIDIA RTX 6000 Ada Generation, 99 %, 33636 MiB, 49140 MiB, 300.04 W, 78
2026/08/28 05:44:25.159, 3, NVIDIA RTX 6000 Ada Generation, 98 %, 33482 MiB, 49140 MiB, 299.58 W, 78
2026/08/28 05:44:35.159, 0, NVIDIA RTX 6000 Ada Generation, 99 %, 33578 MiB, 49140 MiB, 299.36 W, 79
2026/08/28 05:44:35.160, 1, NVIDIA RTX 6000 Ada Generation, 98 %, 33588 MiB, 49140 MiB, 300.04 W, 82
2026/08/28 05:44:35.160, 2, NVIDIA RTX 6000 Ada Generation, 99 %, 33636 MiB, 49140 MiB, 299.31 W, 78
2026/08/28 05:44:35.160, 3, NVIDIA RTX 6000 Ada Generation, 98 %, 33482 MiB, 49140 MiB, 299.71 W, 78
2026/08/28 05:44:45.161, 0, NVIDIA RTX 6000 Ada Generation, 98 %, 33578 MiB, 49140 MiB, 298.95 W, 79
2026/08/28 05:44:45.161, 1, NVIDIA RTX 6000 Ada Generation, 98 %, 33588 MiB, 49140 MiB, 299.36 W, 82
2026/08/28 05:44:45.161, 2, NVIDIA RTX 6000 Ada Generation, 98 %, 33636 MiB, 49140 MiB, 299.90 W, 78
2026/08/28 05:44:45.161, 3, NVIDIA RTX 6000 Ada Generation, 93 %, 33482 MiB, 49140 MiB, 299.64 W, 78
2026/08/28 05:44:55.162, 0, NVIDIA RTX 6000 Ada Generation, 98 %, 33578 MiB, 49140 MiB, 298.98 W, 79
2026/08/28 05:44:55.162, 1, NVIDIA RTX 6000 Ada Generation, 93 %, 33588 MiB, 49140 MiB, 300.05 W, 82
2026/08/28 05:44:55.162, 2, NVIDIA RTX 6000 Ada Generation, 95 %, 33670 MiB, 49140 MiB, 299.38 W, 78
2026/08/28 05:44:55.162, 3, NVIDIA RTX 6000 Ada Generation, 98 %, 33482 MiB, 49140 MiB, 300.28 W, 78
2026/08/28 05:45:05.163, 0, NVIDIA RTX 6000 Ada Generation, 98 %, 33578 MiB, 49140 MiB, 299.66 W, 79
2026/08/28 05:45:05.163, 1, NVIDIA RTX 6000 Ada Generation, 98 %, 33588 MiB, 49140 MiB, 300.01 W, 82
2026/08/28 05:45:05.163, 2, NVIDIA RTX 6000 Ada Generation, 94 %, 33670 MiB, 49140 MiB, 299.66 W, 79
2026/08/28 05:45:05.163, 3, NVIDIA RTX 6000 Ada Generation, 98 %, 33482 MiB, 49140 MiB, 299.73 W, 78
2026/08/28 05:45:15.164, 0, NVIDIA RTX 6000 Ada Generation, 98 %, 33578 MiB, 49140 MiB, 299.63 W, 79
2026/08/28 05:45:15.164, 1, NVIDIA RTX 6000 Ada Generation, 91 %, 33588 MiB, 49140 MiB, 299.36 W, 82
2026/08/28 05:45:15.164, 2, NVIDIA RTX 6000 Ada Generation, 93 %, 33778 MiB, 49140 MiB, 299.83 W, 78
2026/08/28 05:45:15.164, 3, NVIDIA RTX 6000 Ada Generation, 98 %, 33482 MiB, 49140 MiB, 299.60 W, 78
2026/08/28 05:45:25.165, 0, NVIDIA RTX 6000 Ada Generation, 98 %, 33578 MiB, 49140 MiB, 293.03 W, 78
2026/08/28 05:45:25.165, 1, NVIDIA RTX 6000 Ada Generation, 98 %, 33588 MiB, 49140 MiB, 299.75 W, 82
2026/08/28 05:45:25.165, 2, NVIDIA RTX 6000 Ada Generation, 98 %, 33884 MiB, 49140 MiB, 300.04 W, 78
2026/08/28 05:45:25.165, 3, NVIDIA RTX 6000 Ada Generation, 93 %, 33482 MiB, 49140 MiB, 299.52 W, 78
2026/08/28 05:45:35.166, 0, NVIDIA RTX 6000 Ada Generation, 98 %, 33578 MiB, 49140 MiB, 299.39 W, 79
2026/08/28 05:45:35.166, 1, NVIDIA RTX 6000 Ada Generation, 98 %, 33588 MiB, 49140 MiB, 299.36 W, 82
2026/08/28 05:45:35.166, 2, NVIDIA RTX 6000 Ada Generation, 98 %, 33884 MiB, 49140 MiB, 299.71 W, 78
2026/08/28 05:45:35.166, 3, NVIDIA RTX 6000 Ada Generation, 98 %, 33482 MiB, 49140 MiB, 300.12 W, 78
2026/08/28 05:45:45.167, 0, NVIDIA RTX 6000 Ada Generation, 98 %, 33578 MiB, 49140 MiB, 299.58 W, 79
2026/08/28 05:45:45.167, 1, NVIDIA RTX 6000 Ada Generation, 95 %, 33588 MiB, 49140 MiB, 299.27 W, 82
2026/08/28 05:45:45.167, 2, NVIDIA RTX 6000 Ada Generation, 98 %, 33884 MiB, 49140 MiB, 299.89 W, 78
2026/08/28 05:45:45.168, 3, NVIDIA RTX 6000 Ada Generation, 98 %, 33482 MiB, 49140 MiB, 299.49 W, 78
2026/08/28 05:45:55.168, 0, NVIDIA RTX 6000 Ada Generation, 98 %, 33578 MiB, 49140 MiB, 299.68 W, 79
2026/08/28 05:45:55.169, 1, NVIDIA RTX 6000 Ada Generation, 98 %, 33588 MiB, 49140 MiB, 300.02 W, 82
2026/08/28 05:45:55.169, 2, NVIDIA RTX 6000 Ada Generation, 98 %, 33884 MiB, 49140 MiB, 299.23 W, 78
2026/08/28 05:45:55.169, 3, NVIDIA RTX 6000 Ada Generation, 98 %, 33482 MiB, 49140 MiB, 299.75 W, 78
2026/08/28 05:46:05.170, 0, NVIDIA RTX 6000 Ada Generation, 98 %, 33578 MiB, 49140 MiB, 299.72 W, 79
2026/08/28 05:46:05.170, 1, NVIDIA RTX 6000 Ada Generation, 97 %, 33588 MiB, 49140 MiB, 299.48 W, 82
2026/08/28 05:46:05.170, 2, NVIDIA RTX 6000 Ada Generation, 99 %, 33884 MiB, 49140 MiB, 299.37 W, 78
2026/08/28 05:46:05.170, 3, NVIDIA RTX 6000 Ada Generation, 98 %, 33482 MiB, 49140 MiB, 299.74 W, 78
2026/08/28 05:46:15.171, 0, NVIDIA RTX 6000 Ada Generation, 99 %, 33578 MiB, 49140 MiB, 299.62 W, 79
2026/08/28 05:46:15.171, 1, NVIDIA RTX 6000 Ada Generation, 98 %, 33588 MiB, 49140 MiB, 299.37 W, 82
2026/08/28 05:46:15.171, 2, NVIDIA RTX 6000 Ada Generation, 98 %, 33884 MiB, 49140 MiB, 300.02 W, 78
2026/08/28 05:46:15.171, 3, NVIDIA RTX 6000 Ada Generation, 98 %, 33482 MiB, 49140 MiB, 299.68 W, 78
2026/08/28 05:46:25.172, 0, NVIDIA RTX 6000 Ada Generation, 98 %, 33578 MiB, 49140 MiB, 299.85 W, 79
2026/08/28 05:46:25.172, 1, NVIDIA RTX 6000 Ada Generation, 98 %, 33588 MiB, 49140 MiB, 299.75 W, 82
2026/08/28 05:46:25.172, 2, NVIDIA RTX 6000 Ada Generation, 91 %, 33884 MiB, 49140 MiB, 299.60 W, 78
2026/08/28 05:46:25.172, 3, NVIDIA RTX 6000 Ada Generation, 98 %, 33482 MiB, 49140 MiB, 299.79 W, 78
2026/08/28 05:46:35.173, 0, NVIDIA RTX 6000 Ada Generation, 98 %, 33578 MiB, 49140 MiB, 299.80 W, 79
2026/08/28 05:46:35.173, 1, NVIDIA RTX 6000 Ada Generation, 93 %, 33588 MiB, 49140 MiB, 298.96 W, 82
2026/08/28 05:46:35.173, 2, NVIDIA RTX 6000 Ada Generation, 94 %, 33884 MiB, 49140 MiB, 299.40 W, 79
2026/08/28 05:46:35.173, 3, NVIDIA RTX 6000 Ada Generation, 99 %, 33482 MiB, 49140 MiB, 299.86 W, 78
2026/08/28 05:46:45.174, 0, NVIDIA RTX 6000 Ada Generation, 93 %, 33578 MiB, 49140 MiB, 299.30 W, 79
2026/08/28 05:46:45.175, 1, NVIDIA RTX 6000 Ada Generation, 92 %, 33588 MiB, 49140 MiB, 299.26 W, 82
2026/08/28 05:46:45.175, 2, NVIDIA RTX 6000 Ada Generation, 98 %, 33884 MiB, 49140 MiB, 299.32 W, 78
2026/08/28 05:46:45.175, 3, NVIDIA RTX 6000 Ada Generation, 98 %, 33482 MiB, 49140 MiB, 299.93 W, 78
2026/08/28 05:46:55.176, 0, NVIDIA RTX 6000 Ada Generation, 94 %, 33578 MiB, 49140 MiB, 299.39 W, 79
2026/08/28 05:46:55.176, 1, NVIDIA RTX 6000 Ada Generation, 98 %, 33588 MiB, 49140 MiB, 300.06 W, 82
2026/08/28 05:46:55.176, 2, NVIDIA RTX 6000 Ada Generation, 98 %, 33884 MiB, 49140 MiB, 299.93 W, 79
2026/08/28 05:46:55.176, 3, NVIDIA RTX 6000 Ada Generation, 93 %, 33482 MiB, 49140 MiB, 298.70 W, 78
2026/08/28 05:47:05.177, 0, NVIDIA RTX 6000 Ada Generation, 91 %, 33578 MiB, 49140 MiB, 299.36 W, 79
2026/08/28 05:47:05.177, 1, NVIDIA RTX 6000 Ada Generation, 98 %, 33588 MiB, 49140 MiB, 299.71 W, 82
2026/08/28 05:47:05.177, 2, NVIDIA RTX 6000 Ada Generation, 98 %, 33884 MiB, 49140 MiB, 300.05 W, 79
2026/08/28 05:47:05.177, 3, NVIDIA RTX 6000 Ada Generation, 98 %, 33482 MiB, 49140 MiB, 299.62 W, 78
2026/08/28 05:47:15.178, 0, NVIDIA RTX 6000 Ada Generation, 98 %, 33578 MiB, 49140 MiB, 299.40 W, 79
2026/08/28 05:47:15.178, 1, NVIDIA RTX 6000 Ada Generation, 98 %, 33588 MiB, 49140 MiB, 299.21 W, 82
2026/08/28 05:47:15.178, 2, NVIDIA RTX 6000 Ada Generation, 98 %, 33884 MiB, 49140 MiB, 299.93 W, 79
2026/08/28 05:47:15.178, 3, NVIDIA RTX 6000 Ada Generation, 98 %, 33482 MiB, 49140 MiB, 299.61 W, 78
2026/08/28 05:47:25.179, 0, NVIDIA RTX 6000 Ada Generation, 98 %, 33578 MiB, 49140 MiB, 299.54 W, 79
2026/08/28 05:47:25.179, 1, NVIDIA RTX 6000 Ada Generation, 98 %, 33588 MiB, 49140 MiB, 299.73 W, 82
2026/08/28 05:47:25.179, 2, NVIDIA RTX 6000 Ada Generation, 99 %, 33884 MiB, 49140 MiB, 299.01 W, 78
2026/08/28 05:47:25.179, 3, NVIDIA RTX 6000 Ada Generation, 92 %, 33482 MiB, 49140 MiB, 299.57 W, 78
2026/08/28 05:47:35.180, 0, NVIDIA RTX 6000 Ada Generation, 93 %, 33578 MiB, 49140 MiB, 299.08 W, 79
2026/08/28 05:47:35.180, 1, NVIDIA RTX 6000 Ada Generation, 98 %, 33588 MiB, 49140 MiB, 299.64 W, 82
2026/08/28 05:47:35.181, 2, NVIDIA RTX 6000 Ada Generation, 99 %, 33884 MiB, 49140 MiB, 299.95 W, 79
2026/08/28 05:47:35.181, 3, NVIDIA RTX 6000 Ada Generation, 98 %, 33482 MiB, 49140 MiB, 299.92 W, 78
2026/08/28 05:47:45.181, 0, NVIDIA RTX 6000 Ada Generation, 98 %, 33578 MiB, 49140 MiB, 299.35 W, 79
2026/08/28 05:47:45.182, 1, NVIDIA RTX 6000 Ada Generation, 98 %, 33588 MiB, 49140 MiB, 299.64 W, 82
2026/08/28 05:47:45.182, 2, NVIDIA RTX 6000 Ada Generation, 98 %, 33884 MiB, 49140 MiB, 299.59 W, 79
2026/08/28 05:47:45.182, 3, NVIDIA RTX 6000 Ada Generation, 99 %, 33482 MiB, 49140 MiB, 299.69 W, 78
2026/08/28 05:47:55.183, 0, NVIDIA RTX 6000 Ada Generation, 98 %, 33578 MiB, 49140 MiB, 299.39 W, 79
2026/08/28 05:47:55.183, 1, NVIDIA RTX 6000 Ada Generation, 98 %, 33588 MiB, 49140 MiB, 299.55 W, 82
2026/08/28 05:47:55.183, 2, NVIDIA RTX 6000 Ada Generation, 98 %, 33884 MiB, 49140 MiB, 298.99 W, 79
2026/08/28 05:47:55.183, 3, NVIDIA RTX 6000 Ada Generation, 99 %, 33482 MiB, 49140 MiB, 299.89 W, 78
2026/08/28 05:48:05.184, 0, NVIDIA RTX 6000 Ada Generation, 99 %, 33578 MiB, 49140 MiB, 299.37 W, 79
2026/08/28 05:48:05.184, 1, NVIDIA RTX 6000 Ada Generation, 98 %, 33588 MiB, 49140 MiB, 299.44 W, 82
2026/08/28 05:48:05.184, 2, NVIDIA RTX 6000 Ada Generation, 93 %, 33884 MiB, 49140 MiB, 299.44 W, 79
2026/08/28 05:48:05.184, 3, NVIDIA RTX 6000 Ada Generation, 95 %, 33482 MiB, 49140 MiB, 298.98 W, 78
2026/08/28 05:48:15.185, 0, NVIDIA RTX 6000 Ada Generation, 94 %, 33578 MiB, 49140 MiB, 298.87 W, 79
2026/08/28 05:48:15.185, 1, NVIDIA RTX 6000 Ada Generation, 98 %, 33588 MiB, 49140 MiB, 299.87 W, 82
2026/08/28 05:48:15.185, 2, NVIDIA RTX 6000 Ada Generation, 92 %, 33884 MiB, 49140 MiB, 299.87 W, 79
2026/08/28 05:48:15.185, 3, NVIDIA RTX 6000 Ada Generation, 98 %, 33482 MiB, 49140 MiB, 299.64 W, 78
2026/08/28 05:48:25.186, 0, NVIDIA RTX 6000 Ada Generation, 99 %, 33578 MiB, 49140 MiB, 299.62 W, 79
2026/08/28 05:48:25.186, 1, NVIDIA RTX 6000 Ada Generation, 92 %, 33588 MiB, 49140 MiB, 299.64 W, 81
2026/08/28 05:48:25.186, 2, NVIDIA RTX 6000 Ada Generation, 94 %, 33884 MiB, 49140 MiB, 299.70 W, 79
2026/08/28 05:48:25.186, 3, NVIDIA RTX 6000 Ada Generation, 98 %, 33482 MiB, 49140 MiB, 299.77 W, 78
2026/08/28 05:48:35.187, 0, NVIDIA RTX 6000 Ada Generation, 98 %, 33578 MiB, 49140 MiB, 299.49 W, 79
2026/08/28 05:48:35.187, 1, NVIDIA RTX 6000 Ada Generation, 98 %, 33588 MiB, 49140 MiB, 297.62 W, 82
2026/08/28 05:48:35.187, 2, NVIDIA RTX 6000 Ada Generation, 98 %, 33884 MiB, 49140 MiB, 299.97 W, 79
2026/08/28 05:48:35.187, 3, NVIDIA RTX 6000 Ada Generation, 99 %, 33482 MiB, 49140 MiB, 299.72 W, 78
2026/08/28 05:48:45.188, 0, NVIDIA RTX 6000 Ada Generation, 94 %, 33578 MiB, 49140 MiB, 299.43 W, 79
2026/08/28 05:48:45.188, 1, NVIDIA RTX 6000 Ada Generation, 98 %, 33588 MiB, 49140 MiB, 299.83 W, 82
2026/08/28 05:48:45.188, 2, NVIDIA RTX 6000 Ada Generation, 98 %, 33884 MiB, 49140 MiB, 299.93 W, 79
2026/08/28 05:48:45.189, 3, NVIDIA RTX 6000 Ada Generation, 98 %, 33482 MiB, 49140 MiB, 299.80 W, 78
2026/08/28 05:48:55.189, 0, NVIDIA RTX 6000 Ada Generation, 99 %, 33578 MiB, 49140 MiB, 299.39 W, 79
2026/08/28 05:48:55.190, 1, NVIDIA RTX 6000 Ada Generation, 92 %, 33588 MiB, 49140 MiB, 299.77 W, 81
2026/08/28 05:48:55.190, 2, NVIDIA RTX 6000 Ada Generation, 98 %, 33884 MiB, 49140 MiB, 299.63 W, 79
2026/08/28 05:48:55.190, 3, NVIDIA RTX 6000 Ada Generation, 95 %, 33482 MiB, 49140 MiB, 299.68 W, 78
2026/08/28 05:49:05.191, 0, NVIDIA RTX 6000 Ada Generation, 98 %, 33578 MiB, 49140 MiB, 299.67 W, 79
2026/08/28 05:49:05.191, 1, NVIDIA RTX 6000 Ada Generation, 98 %, 33588 MiB, 49140 MiB, 300.14 W, 82
2026/08/28 05:49:05.191, 2, NVIDIA RTX 6000 Ada Generation, 98 %, 33884 MiB, 49140 MiB, 299.84 W, 79
2026/08/28 05:49:05.191, 3, NVIDIA RTX 6000 Ada Generation, 92 %, 33482 MiB, 49140 MiB, 299.62 W, 78
2026/08/28 05:49:15.192, 0, NVIDIA RTX 6000 Ada Generation, 98 %, 33578 MiB, 49140 MiB, 299.46 W, 79
2026/08/28 05:49:15.192, 1, NVIDIA RTX 6000 Ada Generation, 98 %, 33588 MiB, 49140 MiB, 299.90 W, 82
2026/08/28 05:49:15.192, 2, NVIDIA RTX 6000 Ada Generation, 95 %, 33884 MiB, 49140 MiB, 299.58 W, 79
2026/08/28 05:49:15.192, 3, NVIDIA RTX 6000 Ada Generation, 98 %, 33482 MiB, 49140 MiB, 299.25 W, 78
2026/08/28 05:49:25.193, 0, NVIDIA RTX 6000 Ada Generation, 98 %, 33578 MiB, 49140 MiB, 299.52 W, 79
2026/08/28 05:49:25.193, 1, NVIDIA RTX 6000 Ada Generation, 98 %, 33588 MiB, 49140 MiB, 299.59 W, 81
2026/08/28 05:49:25.193, 2, NVIDIA RTX 6000 Ada Generation, 92 %, 33884 MiB, 49140 MiB, 299.76 W, 79
2026/08/28 05:49:25.193, 3, NVIDIA RTX 6000 Ada Generation, 99 %, 33482 MiB, 49140 MiB, 298.96 W, 78
2026/08/28 05:49:35.194, 0, NVIDIA RTX 6000 Ada Generation, 98 %, 33578 MiB, 49140 MiB, 299.63 W, 79
2026/08/28 05:49:35.194, 1, NVIDIA RTX 6000 Ada Generation, 94 %, 33588 MiB, 49140 MiB, 299.74 W, 81
2026/08/28 05:49:35.194, 2, NVIDIA RTX 6000 Ada Generation, 99 %, 33884 MiB, 49140 MiB, 299.74 W, 79
2026/08/28 05:49:35.194, 3, NVIDIA RTX 6000 Ada Generation, 98 %, 33482 MiB, 49140 MiB, 299.86 W, 78
2026/08/28 05:49:45.195, 0, NVIDIA RTX 6000 Ada Generation, 98 %, 33578 MiB, 49140 MiB, 299.87 W, 79
2026/08/28 05:49:45.195, 1, NVIDIA RTX 6000 Ada Generation, 98 %, 33588 MiB, 49140 MiB, 298.94 W, 82
2026/08/28 05:49:45.195, 2, NVIDIA RTX 6000 Ada Generation, 98 %, 33884 MiB, 49140 MiB, 299.40 W, 79
2026/08/28 05:49:45.195, 3, NVIDIA RTX 6000 Ada Generation, 98 %, 33482 MiB, 49140 MiB, 299.90 W, 78
2026/08/28 05:49:55.196, 0, NVIDIA RTX 6000 Ada Generation, 96 %, 33578 MiB, 49140 MiB, 299.89 W, 79
2026/08/28 05:49:55.196, 1, NVIDIA RTX 6000 Ada Generation, 98 %, 33588 MiB, 49140 MiB, 299.23 W, 81
2026/08/28 05:49:55.196, 2, NVIDIA RTX 6000 Ada Generation, 93 %, 33884 MiB, 49140 MiB, 299.72 W, 78
2026/08/28 05:49:55.196, 3, NVIDIA RTX 6000 Ada Generation, 99 %, 33482 MiB, 49140 MiB, 299.80 W, 78
2026/08/28 05:50:05.197, 0, NVIDIA RTX 6000 Ada Generation, 98 %, 33578 MiB, 49140 MiB, 299.60 W, 79
2026/08/28 05:50:05.197, 1, NVIDIA RTX 6000 Ada Generation, 98 %, 33588 MiB, 49140 MiB, 299.89 W, 81
2026/08/28 05:50:05.197, 2, NVIDIA RTX 6000 Ada Generation, 98 %, 33884 MiB, 49140 MiB, 299.97 W, 79
2026/08/28 05:50:05.198, 3, NVIDIA RTX 6000 Ada Generation, 98 %, 33482 MiB, 49140 MiB, 299.47 W, 78
2026/08/28 05:50:15.198, 0, NVIDIA RTX 6000 Ada Generation, 98 %, 33578 MiB, 49140 MiB, 299.46 W, 79
2026/08/28 05:50:15.199, 1, NVIDIA RTX 6000 Ada Generation, 98 %, 33588 MiB, 49140 MiB, 299.79 W, 81
2026/08/28 05:50:15.199, 2, NVIDIA RTX 6000 Ada Generation, 98 %, 33884 MiB, 49140 MiB, 299.94 W, 79
2026/08/28 05:50:15.199, 3, NVIDIA RTX 6000 Ada Generation, 99 %, 33482 MiB, 49140 MiB, 299.73 W, 78
2026/08/28 05:50:25.199, 0, NVIDIA RTX 6000 Ada Generation, 98 %, 33578 MiB, 49140 MiB, 299.74 W, 79
2026/08/28 05:50:25.200, 1, NVIDIA RTX 6000 Ada Generation, 98 %, 33588 MiB, 49140 MiB, 299.70 W, 81
2026/08/28 05:50:25.200, 2, NVIDIA RTX 6000 Ada Generation, 98 %, 33884 MiB, 49140 MiB, 299.84 W, 79
2026/08/28 05:50:25.200, 3, NVIDIA RTX 6000 Ada Generation, 98 %, 33482 MiB, 49140 MiB, 298.62 W, 78
2026/08/28 05:50:35.201, 0, NVIDIA RTX 6000 Ada Generation, 93 %, 33578 MiB, 49140 MiB, 299.60 W, 79
2026/08/28 05:50:35.201, 1, NVIDIA RTX 6000 Ada Generation, 90 %, 33588 MiB, 49140 MiB, 299.06 W, 81
2026/08/28 05:50:35.201, 2, NVIDIA RTX 6000 Ada Generation, 98 %, 33884 MiB, 49140 MiB, 299.40 W, 78
2026/08/28 05:50:35.201, 3, NVIDIA RTX 6000 Ada Generation, 98 %, 33482 MiB, 49140 MiB, 299.13 W, 78
2026/08/28 05:50:45.202, 0, NVIDIA RTX 6000 Ada Generation, 98 %, 33578 MiB, 49140 MiB, 299.53 W, 79
2026/08/28 05:50:45.202, 1, NVIDIA RTX 6000 Ada Generation, 98 %, 33588 MiB, 49140 MiB, 299.78 W, 82
2026/08/28 05:50:45.202, 2, NVIDIA RTX 6000 Ada Generation, 99 %, 33884 MiB, 49140 MiB, 299.55 W, 80
2026/08/28 05:50:45.202, 3, NVIDIA RTX 6000 Ada Generation, 92 %, 33482 MiB, 49140 MiB, 299.01 W, 78
2026/08/28 05:50:55.203, 0, NVIDIA RTX 6000 Ada Generation, 98 %, 33578 MiB, 49140 MiB, 299.39 W, 79
2026/08/28 05:50:55.203, 1, NVIDIA RTX 6000 Ada Generation, 91 %, 33588 MiB, 49140 MiB, 299.55 W, 82
2026/08/28 05:50:55.203, 2, NVIDIA RTX 6000 Ada Generation, 92 %, 33884 MiB, 49140 MiB, 299.35 W, 78
2026/08/28 05:50:55.203, 3, NVIDIA RTX 6000 Ada Generation, 99 %, 33482 MiB, 49140 MiB, 295.75 W, 78
2026/08/28 05:51:05.204, 0, NVIDIA RTX 6000 Ada Generation, 98 %, 33578 MiB, 49140 MiB, 299.10 W, 79
2026/08/28 05:51:05.204, 1, NVIDIA RTX 6000 Ada Generation, 98 %, 33588 MiB, 49140 MiB, 300.49 W, 82
2026/08/28 05:51:05.204, 2, NVIDIA RTX 6000 Ada Generation, 98 %, 33884 MiB, 49140 MiB, 299.97 W, 78
2026/08/28 05:51:05.204, 3, NVIDIA RTX 6000 Ada Generation, 98 %, 33482 MiB, 49140 MiB, 299.61 W, 78
2026/08/28 05:51:15.205, 0, NVIDIA RTX 6000 Ada Generation, 95 %, 33578 MiB, 49140 MiB, 299.52 W, 79
2026/08/28 05:51:15.205, 1, NVIDIA RTX 6000 Ada Generation, 98 %, 33588 MiB, 49140 MiB, 299.70 W, 82
2026/08/28 05:51:15.205, 2, NVIDIA RTX 6000 Ada Generation, 98 %, 33884 MiB, 49140 MiB, 299.71 W, 78
2026/08/28 05:51:15.205, 3, NVIDIA RTX 6000 Ada Generation, 99 %, 33482 MiB, 49140 MiB, 299.73 W, 78
2026/08/28 05:51:25.206, 0, NVIDIA RTX 6000 Ada Generation, 98 %, 33578 MiB, 49140 MiB, 299.18 W, 79
2026/08/28 05:51:25.206, 1, NVIDIA RTX 6000 Ada Generation, 98 %, 33588 MiB, 49140 MiB, 299.38 W, 82
2026/08/28 05:51:25.206, 2, NVIDIA RTX 6000 Ada Generation, 98 %, 33884 MiB, 49140 MiB, 299.27 W, 78
2026/08/28 05:51:25.207, 3, NVIDIA RTX 6000 Ada Generation, 98 %, 33482 MiB, 49140 MiB, 299.67 W, 78
2026/08/28 05:51:35.207, 0, NVIDIA RTX 6000 Ada Generation, 98 %, 33578 MiB, 49140 MiB, 299.59 W, 79
2026/08/28 05:51:35.208, 1, NVIDIA RTX 6000 Ada Generation, 98 %, 33588 MiB, 49140 MiB, 299.95 W, 82
2026/08/28 05:51:35.208, 2, NVIDIA RTX 6000 Ada Generation, 98 %, 33884 MiB, 49140 MiB, 299.90 W, 79
2026/08/28 05:51:35.208, 3, NVIDIA RTX 6000 Ada Generation, 98 %, 33482 MiB, 49140 MiB, 299.74 W, 78
2026/08/28 05:51:45.209, 0, NVIDIA RTX 6000 Ada Generation, 98 %, 33578 MiB, 49140 MiB, 299.62 W, 79
2026/08/28 05:51:45.209, 1, NVIDIA RTX 6000 Ada Generation, 97 %, 33588 MiB, 49140 MiB, 295.16 W, 81
2026/08/28 05:51:45.209, 2, NVIDIA RTX 6000 Ada Generation, 98 %, 33884 MiB, 49140 MiB, 299.79 W, 78
2026/08/28 05:51:45.209, 3, NVIDIA RTX 6000 Ada Generation, 98 %, 33482 MiB, 49140 MiB, 299.64 W, 78
2026/08/28 05:51:55.210, 0, NVIDIA RTX 6000 Ada Generation, 99 %, 33578 MiB, 49140 MiB, 299.67 W, 79
2026/08/28 05:51:55.210, 1, NVIDIA RTX 6000 Ada Generation, 98 %, 33588 MiB, 49140 MiB, 299.19 W, 82
2026/08/28 05:51:55.210, 2, NVIDIA RTX 6000 Ada Generation, 92 %, 33884 MiB, 49140 MiB, 299.30 W, 78
2026/08/28 05:51:55.210, 3, NVIDIA RTX 6000 Ada Generation, 98 %, 33482 MiB, 49140 MiB, 299.54 W, 78
2026/08/28 05:52:05.211, 0, NVIDIA RTX 6000 Ada Generation, 99 %, 33578 MiB, 49140 MiB, 299.83 W, 79
2026/08/28 05:52:05.211, 1, NVIDIA RTX 6000 Ada Generation, 98 %, 33588 MiB, 49140 MiB, 299.58 W, 82
2026/08/28 05:52:05.211, 2, NVIDIA RTX 6000 Ada Generation, 98 %, 33884 MiB, 49140 MiB, 298.85 W, 78
2026/08/28 05:52:05.211, 3, NVIDIA RTX 6000 Ada Generation, 98 %, 33482 MiB, 49140 MiB, 299.79 W, 78
2026/08/28 05:52:15.212, 0, NVIDIA RTX 6000 Ada Generation, 94 %, 33578 MiB, 49140 MiB, 299.59 W, 79
2026/08/28 05:52:15.212, 1, NVIDIA RTX 6000 Ada Generation, 97 %, 33588 MiB, 49140 MiB, 299.68 W, 82
2026/08/28 05:52:15.212, 2, NVIDIA RTX 6000 Ada Generation, 97 %, 33884 MiB, 49140 MiB, 299.81 W, 78
2026/08/28 05:52:15.212, 3, NVIDIA RTX 6000 Ada Generation, 98 %, 33482 MiB, 49140 MiB, 299.65 W, 78
2026/08/28 05:52:25.213, 0, NVIDIA RTX 6000 Ada Generation, 91 %, 33578 MiB, 49140 MiB, 299.63 W, 79
2026/08/28 05:52:25.213, 1, NVIDIA RTX 6000 Ada Generation, 98 %, 33588 MiB, 49140 MiB, 299.42 W, 82
2026/08/28 05:52:25.213, 2, NVIDIA RTX 6000 Ada Generation, 98 %, 33884 MiB, 49140 MiB, 299.64 W, 78
2026/08/28 05:52:25.213, 3, NVIDIA RTX 6000 Ada Generation, 94 %, 33482 MiB, 49140 MiB, 299.38 W, 78
2026/08/28 05:52:35.214, 0, NVIDIA RTX 6000 Ada Generation, 98 %, 33578 MiB, 49140 MiB, 299.76 W, 79
2026/08/28 05:52:35.214, 1, NVIDIA RTX 6000 Ada Generation, 98 %, 33588 MiB, 49140 MiB, 299.69 W, 82
2026/08/28 05:52:35.214, 2, NVIDIA RTX 6000 Ada Generation, 98 %, 33884 MiB, 49140 MiB, 299.67 W, 78
2026/08/28 05:52:35.214, 3, NVIDIA RTX 6000 Ada Generation, 92 %, 33482 MiB, 49140 MiB, 299.60 W, 78
2026/08/28 05:52:45.215, 0, NVIDIA RTX 6000 Ada Generation, 93 %, 33578 MiB, 49140 MiB, 299.42 W, 79
2026/08/28 05:52:45.215, 1, NVIDIA RTX 6000 Ada Generation, 98 %, 33588 MiB, 49140 MiB, 299.61 W, 82
2026/08/28 05:52:45.215, 2, NVIDIA RTX 6000 Ada Generation, 92 %, 33884 MiB, 49140 MiB, 299.45 W, 78
2026/08/28 05:52:45.216, 3, NVIDIA RTX 6000 Ada Generation, 98 %, 33482 MiB, 49140 MiB, 300.12 W, 78
2026/08/28 05:52:55.216, 0, NVIDIA RTX 6000 Ada Generation, 98 %, 33578 MiB, 49140 MiB, 299.46 W, 79
2026/08/28 05:52:55.217, 1, NVIDIA RTX 6000 Ada Generation, 92 %, 33588 MiB, 49140 MiB, 299.95 W, 82
2026/08/28 05:52:55.217, 2, NVIDIA RTX 6000 Ada Generation, 98 %, 33884 MiB, 49140 MiB, 299.88 W, 78
2026/08/28 05:52:55.217, 3, NVIDIA RTX 6000 Ada Generation, 98 %, 33482 MiB, 49140 MiB, 299.70 W, 78
2026/08/28 05:53:05.217, 0, NVIDIA RTX 6000 Ada Generation, 99 %, 33578 MiB, 49140 MiB, 299.36 W, 79
2026/08/28 05:53:05.218, 1, NVIDIA RTX 6000 Ada Generation, 98 %, 33588 MiB, 49140 MiB, 297.20 W, 82
2026/08/28 05:53:05.218, 2, NVIDIA RTX 6000 Ada Generation, 99 %, 33884 MiB, 49140 MiB, 300.03 W, 78
2026/08/28 05:53:05.218, 3, NVIDIA RTX 6000 Ada Generation, 99 %, 33482 MiB, 49140 MiB, 299.86 W, 78
2026/08/28 05:53:15.219, 0, NVIDIA RTX 6000 Ada Generation, 98 %, 33578 MiB, 49140 MiB, 299.45 W, 79
2026/08/28 05:53:15.219, 1, NVIDIA RTX 6000 Ada Generation, 97 %, 33588 MiB, 49140 MiB, 299.80 W, 82
2026/08/28 05:53:15.219, 2, NVIDIA RTX 6000 Ada Generation, 98 %, 33884 MiB, 49140 MiB, 299.46 W, 78
2026/08/28 05:53:15.219, 3, NVIDIA RTX 6000 Ada Generation, 98 %, 33482 MiB, 49140 MiB, 299.67 W, 78
2026/08/28 05:53:25.220, 0, NVIDIA RTX 6000 Ada Generation, 92 %, 33578 MiB, 49140 MiB, 299.23 W, 78
2026/08/28 05:53:25.220, 1, NVIDIA RTX 6000 Ada Generation, 98 %, 33588 MiB, 49140 MiB, 299.81 W, 82
2026/08/28 05:53:25.220, 2, NVIDIA RTX 6000 Ada Generation, 91 %, 33884 MiB, 49140 MiB, 294.74 W, 78
2026/08/28 05:53:25.220, 3, NVIDIA RTX 6000 Ada Generation, 98 %, 33482 MiB, 49140 MiB, 299.80 W, 78
2026/08/28 05:53:35.221, 0, NVIDIA RTX 6000 Ada Generation, 98 %, 33578 MiB, 49140 MiB, 299.49 W, 79
2026/08/28 05:53:35.221, 1, NVIDIA RTX 6000 Ada Generation, 98 %, 33588 MiB, 49140 MiB, 298.90 W, 82
2026/08/28 05:53:35.221, 2, NVIDIA RTX 6000 Ada Generation, 99 %, 33884 MiB, 49140 MiB, 299.86 W, 78
2026/08/28 05:53:35.221, 3, NVIDIA RTX 6000 Ada Generation, 99 %, 33482 MiB, 49140 MiB, 300.01 W, 78
2026/08/28 05:53:45.222, 0, NVIDIA RTX 6000 Ada Generation, 98 %, 33578 MiB, 49140 MiB, 299.44 W, 79
2026/08/28 05:53:45.222, 1, NVIDIA RTX 6000 Ada Generation, 98 %, 33588 MiB, 49140 MiB, 299.89 W, 82
2026/08/28 05:53:45.222, 2, NVIDIA RTX 6000 Ada Generation, 98 %, 33884 MiB, 49140 MiB, 299.99 W, 78
2026/08/28 05:53:45.222, 3, NVIDIA RTX 6000 Ada Generation, 99 %, 33482 MiB, 49140 MiB, 299.85 W, 78
2026/08/28 05:53:55.223, 0, NVIDIA RTX 6000 Ada Generation, 98 %, 33578 MiB, 49140 MiB, 299.34 W, 79
2026/08/28 05:53:55.223, 1, NVIDIA RTX 6000 Ada Generation, 98 %, 33588 MiB, 49140 MiB, 299.50 W, 82
2026/08/28 05:53:55.223, 2, NVIDIA RTX 6000 Ada Generation, 93 %, 33884 MiB, 49140 MiB, 299.29 W, 79
2026/08/28 05:53:55.223, 3, NVIDIA RTX 6000 Ada Generation, 99 %, 33482 MiB, 49140 MiB, 299.19 W, 78
2026/08/28 05:54:05.224, 0, NVIDIA RTX 6000 Ada Generation, 99 %, 33578 MiB, 49140 MiB, 299.49 W, 79
2026/08/28 05:54:05.224, 1, NVIDIA RTX 6000 Ada Generation, 95 %, 33588 MiB, 49140 MiB, 298.90 W, 82
2026/08/28 05:54:05.225, 2, NVIDIA RTX 6000 Ada Generation, 98 %, 33884 MiB, 49140 MiB, 299.93 W, 79
2026/08/28 05:54:05.225, 3, NVIDIA RTX 6000 Ada Generation, 95 %, 33482 MiB, 49140 MiB, 299.65 W, 78
2026/08/28 05:54:15.225, 0, NVIDIA RTX 6000 Ada Generation, 98 %, 33578 MiB, 49140 MiB, 299.53 W, 79
2026/08/28 05:54:15.226, 1, NVIDIA RTX 6000 Ada Generation, 98 %, 33588 MiB, 49140 MiB, 299.81 W, 82
2026/08/28 05:54:15.226, 2, NVIDIA RTX 6000 Ada Generation, 98 %, 33884 MiB, 49140 MiB, 299.55 W, 78
2026/08/28 05:54:15.226, 3, NVIDIA RTX 6000 Ada Generation, 98 %, 33482 MiB, 49140 MiB, 300.09 W, 78
2026/08/28 05:54:25.227, 0, NVIDIA RTX 6000 Ada Generation, 98 %, 33578 MiB, 49140 MiB, 299.77 W, 79
2026/08/28 05:54:25.227, 1, NVIDIA RTX 6000 Ada Generation, 98 %, 33588 MiB, 49140 MiB, 299.51 W, 82
2026/08/28 05:54:25.227, 2, NVIDIA RTX 6000 Ada Generation, 93 %, 33884 MiB, 49140 MiB, 299.37 W, 78
2026/08/28 05:54:25.227, 3, NVIDIA RTX 6000 Ada Generation, 98 %, 33482 MiB, 49140 MiB, 299.65 W, 78
2026/08/28 05:54:35.228, 0, NVIDIA RTX 6000 Ada Generation, 98 %, 33578 MiB, 49140 MiB, 299.81 W, 79
2026/08/28 05:54:35.228, 1, NVIDIA RTX 6000 Ada Generation, 92 %, 33588 MiB, 49140 MiB, 300.07 W, 82
2026/08/28 05:54:35.228, 2, NVIDIA RTX 6000 Ada Generation, 99 %, 33884 MiB, 49140 MiB, 299.83 W, 79
2026/08/28 05:54:35.228, 3, NVIDIA RTX 6000 Ada Generation, 98 %, 33482 MiB, 49140 MiB, 299.64 W, 78
2026/08/28 05:54:45.229, 0, NVIDIA RTX 6000 Ada Generation, 98 %, 33578 MiB, 49140 MiB, 299.71 W, 79
2026/08/28 05:54:45.229, 1, NVIDIA RTX 6000 Ada Generation, 98 %, 33588 MiB, 49140 MiB, 298.54 W, 82
2026/08/28 05:54:45.229, 2, NVIDIA RTX 6000 Ada Generation, 98 %, 33884 MiB, 49140 MiB, 299.95 W, 79
2026/08/28 05:54:45.229, 3, NVIDIA RTX 6000 Ada Generation, 93 %, 33482 MiB, 49140 MiB, 299.52 W, 78
2026/08/28 05:54:55.230, 0, NVIDIA RTX 6000 Ada Generation, 99 %, 33578 MiB, 49140 MiB, 299.77 W, 79
2026/08/28 05:54:55.230, 1, NVIDIA RTX 6000 Ada Generation, 98 %, 33588 MiB, 49140 MiB, 299.42 W, 82
2026/08/28 05:54:55.230, 2, NVIDIA RTX 6000 Ada Generation, 96 %, 33884 MiB, 49140 MiB, 299.88 W, 79
2026/08/28 05:54:55.230, 3, NVIDIA RTX 6000 Ada Generation, 98 %, 33482 MiB, 49140 MiB, 299.73 W, 78
2026/08/28 05:55:05.231, 0, NVIDIA RTX 6000 Ada Generation, 98 %, 33578 MiB, 49140 MiB, 299.75 W, 79
2026/08/28 05:55:05.231, 1, NVIDIA RTX 6000 Ada Generation, 98 %, 33588 MiB, 49140 MiB, 299.71 W, 82
2026/08/28 05:55:05.231, 2, NVIDIA RTX 6000 Ada Generation, 99 %, 33884 MiB, 49140 MiB, 299.80 W, 79
2026/08/28 05:55:05.232, 3, NVIDIA RTX 6000 Ada Generation, 95 %, 33482 MiB, 49140 MiB, 299.59 W, 78
2026/08/28 05:55:15.232, 0, NVIDIA RTX 6000 Ada Generation, 91 %, 33578 MiB, 49140 MiB, 300.00 W, 79
2026/08/28 05:55:15.233, 1, NVIDIA RTX 6000 Ada Generation, 92 %, 33588 MiB, 49140 MiB, 299.28 W, 82
2026/08/28 05:55:15.233, 2, NVIDIA RTX 6000 Ada Generation, 98 %, 33884 MiB, 49140 MiB, 299.11 W, 78
2026/08/28 05:55:15.233, 3, NVIDIA RTX 6000 Ada Generation, 98 %, 33482 MiB, 49140 MiB, 299.65 W, 78
2026/08/28 05:55:25.233, 0, NVIDIA RTX 6000 Ada Generation, 95 %, 33578 MiB, 49140 MiB, 299.59 W, 79
2026/08/28 05:55:25.234, 1, NVIDIA RTX 6000 Ada Generation, 98 %, 33588 MiB, 49140 MiB, 299.97 W, 82
2026/08/28 05:55:25.234, 2, NVIDIA RTX 6000 Ada Generation, 94 %, 33884 MiB, 49140 MiB, 299.13 W, 78
2026/08/28 05:55:25.234, 3, NVIDIA RTX 6000 Ada Generation, 98 %, 33482 MiB, 49140 MiB, 299.72 W, 78
2026/08/28 05:55:35.234, 0, NVIDIA RTX 6000 Ada Generation, 98 %, 33578 MiB, 49140 MiB, 299.49 W, 79
2026/08/28 05:55:35.235, 1, NVIDIA RTX 6000 Ada Generation, 98 %, 33588 MiB, 49140 MiB, 299.53 W, 82
2026/08/28 05:55:35.235, 2, NVIDIA RTX 6000 Ada Generation, 99 %, 33884 MiB, 49140 MiB, 300.08 W, 79
2026/08/28 05:55:35.235, 3, NVIDIA RTX 6000 Ada Generation, 93 %, 33482 MiB, 49140 MiB, 299.22 W, 78
2026/08/28 05:55:45.236, 0, NVIDIA RTX 6000 Ada Generation, 99 %, 33578 MiB, 49140 MiB, 299.58 W, 79
2026/08/28 05:55:45.236, 1, NVIDIA RTX 6000 Ada Generation, 98 %, 33588 MiB, 49140 MiB, 299.77 W, 82
2026/08/28 05:55:45.236, 2, NVIDIA RTX 6000 Ada Generation, 99 %, 33884 MiB, 49140 MiB, 299.84 W, 79
2026/08/28 05:55:45.236, 3, NVIDIA RTX 6000 Ada Generation, 98 %, 33482 MiB, 49140 MiB, 299.20 W, 78
2026/08/28 05:55:55.237, 0, NVIDIA RTX 6000 Ada Generation, 98 %, 33578 MiB, 49140 MiB, 299.55 W, 79
2026/08/28 05:55:55.237, 1, NVIDIA RTX 6000 Ada Generation, 93 %, 33588 MiB, 49140 MiB, 299.44 W, 82
2026/08/28 05:55:55.237, 2, NVIDIA RTX 6000 Ada Generation, 98 %, 33884 MiB, 49140 MiB, 299.29 W, 78
2026/08/28 05:55:55.237, 3, NVIDIA RTX 6000 Ada Generation, 99 %, 33482 MiB, 49140 MiB, 300.02 W, 78
2026/08/28 05:56:05.238, 0, NVIDIA RTX 6000 Ada Generation, 98 %, 33578 MiB, 49140 MiB, 299.71 W, 79
2026/08/28 05:56:05.238, 1, NVIDIA RTX 6000 Ada Generation, 98 %, 33588 MiB, 49140 MiB, 299.88 W, 82
2026/08/28 05:56:05.238, 2, NVIDIA RTX 6000 Ada Generation, 98 %, 33884 MiB, 49140 MiB, 300.17 W, 79
2026/08/28 05:56:05.238, 3, NVIDIA RTX 6000 Ada Generation, 98 %, 33482 MiB, 49140 MiB, 299.75 W, 78
2026/08/28 05:56:15.239, 0, NVIDIA RTX 6000 Ada Generation, 98 %, 33578 MiB, 49140 MiB, 299.65 W, 79
2026/08/28 05:56:15.239, 1, NVIDIA RTX 6000 Ada Generation, 98 %, 33588 MiB, 49140 MiB, 299.15 W, 82
2026/08/28 05:56:15.239, 2, NVIDIA RTX 6000 Ada Generation, 92 %, 33884 MiB, 49140 MiB, 299.48 W, 78
2026/08/28 05:56:15.239, 3, NVIDIA RTX 6000 Ada Generation, 98 %, 33482 MiB, 49140 MiB, 299.53 W, 78
2026/08/28 05:56:25.240, 0, NVIDIA RTX 6000 Ada Generation, 98 %, 33578 MiB, 49140 MiB, 299.59 W, 79
2026/08/28 05:56:25.240, 1, NVIDIA RTX 6000 Ada Generation, 98 %, 33588 MiB, 49140 MiB, 299.20 W, 82
2026/08/28 05:56:25.240, 2, NVIDIA RTX 6000 Ada Generation, 98 %, 33884 MiB, 49140 MiB, 297.34 W, 78
2026/08/28 05:56:25.240, 3, NVIDIA RTX 6000 Ada Generation, 90 %, 33482 MiB, 49140 MiB, 299.58 W, 78
2026/08/28 05:56:35.241, 0, NVIDIA RTX 6000 Ada Generation, 98 %, 33578 MiB, 49140 MiB, 299.78 W, 79
2026/08/28 05:56:35.241, 1, NVIDIA RTX 6000 Ada Generation, 98 %, 33588 MiB, 49140 MiB, 300.05 W, 82
2026/08/28 05:56:35.241, 2, NVIDIA RTX 6000 Ada Generation, 98 %, 33884 MiB, 49140 MiB, 299.22 W, 78
2026/08/28 05:56:35.241, 3, NVIDIA RTX 6000 Ada Generation, 93 %, 33482 MiB, 49140 MiB, 299.30 W, 78
2026/08/28 05:56:45.242, 0, NVIDIA RTX 6000 Ada Generation, 98 %, 33578 MiB, 49140 MiB, 299.87 W, 79
2026/08/28 05:56:45.242, 1, NVIDIA RTX 6000 Ada Generation, 98 %, 33588 MiB, 49140 MiB, 299.29 W, 82
2026/08/28 05:56:45.243, 2, NVIDIA RTX 6000 Ada Generation, 98 %, 33884 MiB, 49140 MiB, 299.78 W, 79
2026/08/28 05:56:45.243, 3, NVIDIA RTX 6000 Ada Generation, 93 %, 33482 MiB, 49140 MiB, 299.03 W, 78
2026/08/28 05:56:55.243, 0, NVIDIA RTX 6000 Ada Generation, 92 %, 33578 MiB, 49140 MiB, 299.46 W, 79
2026/08/28 05:56:55.244, 1, NVIDIA RTX 6000 Ada Generation, 98 %, 33588 MiB, 49140 MiB, 299.79 W, 82
2026/08/28 05:56:55.244, 2, NVIDIA RTX 6000 Ada Generation, 97 %, 33884 MiB, 49140 MiB, 298.96 W, 78
2026/08/28 05:56:55.244, 3, NVIDIA RTX 6000 Ada Generation, 99 %, 33482 MiB, 49140 MiB, 300.06 W, 78
2026/08/28 05:57:05.245, 0, NVIDIA RTX 6000 Ada Generation, 93 %, 33578 MiB, 49140 MiB, 299.15 W, 79
2026/08/28 05:57:05.245, 1, NVIDIA RTX 6000 Ada Generation, 98 %, 33588 MiB, 49140 MiB, 299.17 W, 82
2026/08/28 05:57:05.245, 2, NVIDIA RTX 6000 Ada Generation, 94 %, 33884 MiB, 49140 MiB, 299.15 W, 78
2026/08/28 05:57:05.245, 3, NVIDIA RTX 6000 Ada Generation, 98 %, 33482 MiB, 49140 MiB, 299.76 W, 78
2026/08/28 05:57:15.246, 0, NVIDIA RTX 6000 Ada Generation, 98 %, 33578 MiB, 49140 MiB, 296.77 W, 79
2026/08/28 05:57:15.246, 1, NVIDIA RTX 6000 Ada Generation, 98 %, 33588 MiB, 49140 MiB, 299.80 W, 82
2026/08/28 05:57:15.246, 2, NVIDIA RTX 6000 Ada Generation, 98 %, 33884 MiB, 49140 MiB, 299.54 W, 78
2026/08/28 05:57:15.246, 3, NVIDIA RTX 6000 Ada Generation, 98 %, 33482 MiB, 49140 MiB, 299.68 W, 78
2026/08/28 05:57:25.247, 0, NVIDIA RTX 6000 Ada Generation, 98 %, 33578 MiB, 49140 MiB, 299.29 W, 79
2026/08/28 05:57:25.247, 1, NVIDIA RTX 6000 Ada Generation, 92 %, 33588 MiB, 49140 MiB, 299.45 W, 82
2026/08/28 05:57:25.247, 2, NVIDIA RTX 6000 Ada Generation, 94 %, 33884 MiB, 49140 MiB, 299.36 W, 78
2026/08/28 05:57:25.247, 3, NVIDIA RTX 6000 Ada Generation, 98 %, 33482 MiB, 49140 MiB, 299.80 W, 78
2026/08/28 05:57:35.248, 0, NVIDIA RTX 6000 Ada Generation, 93 %, 33578 MiB, 49140 MiB, 299.27 W, 79
2026/08/28 05:57:35.248, 1, NVIDIA RTX 6000 Ada Generation, 91 %, 33588 MiB, 49140 MiB, 299.46 W, 82
2026/08/28 05:57:35.248, 2, NVIDIA RTX 6000 Ada Generation, 98 %, 33884 MiB, 49140 MiB, 299.86 W, 78
2026/08/28 05:57:35.248, 3, NVIDIA RTX 6000 Ada Generation, 98 %, 33482 MiB, 49140 MiB, 299.63 W, 78
2026/08/28 05:57:45.249, 0, NVIDIA RTX 6000 Ada Generation, 98 %, 33578 MiB, 49140 MiB, 299.50 W, 79
2026/08/28 05:57:45.249, 1, NVIDIA RTX 6000 Ada Generation, 92 %, 33588 MiB, 49140 MiB, 299.67 W, 82
2026/08/28 05:57:45.249, 2, NVIDIA RTX 6000 Ada Generation, 94 %, 33884 MiB, 49140 MiB, 299.31 W, 79
2026/08/28 05:57:45.249, 3, NVIDIA RTX 6000 Ada Generation, 98 %, 33482 MiB, 49140 MiB, 299.90 W, 78
2026/08/28 05:57:55.250, 0, NVIDIA RTX 6000 Ada Generation, 98 %, 33578 MiB, 49140 MiB, 299.62 W, 79
2026/08/28 05:57:55.250, 1, NVIDIA RTX 6000 Ada Generation, 98 %, 33588 MiB, 49140 MiB, 299.02 W, 82
2026/08/28 05:57:55.250, 2, NVIDIA RTX 6000 Ada Generation, 98 %, 33884 MiB, 49140 MiB, 299.84 W, 78
2026/08/28 05:57:55.251, 3, NVIDIA RTX 6000 Ada Generation, 93 %, 33482 MiB, 49140 MiB, 296.71 W, 78
2026/08/28 05:58:05.251, 0, NVIDIA RTX 6000 Ada Generation, 92 %, 33578 MiB, 49140 MiB, 299.32 W, 78
2026/08/28 05:58:05.251, 1, NVIDIA RTX 6000 Ada Generation, 98 %, 33588 MiB, 49140 MiB, 299.31 W, 82
2026/08/28 05:58:05.252, 2, NVIDIA RTX 6000 Ada Generation, 99 %, 33884 MiB, 49140 MiB, 300.03 W, 78
2026/08/28 05:58:05.252, 3, NVIDIA RTX 6000 Ada Generation, 99 %, 33482 MiB, 49140 MiB, 300.27 W, 78
2026/08/28 05:58:15.252, 0, NVIDIA RTX 6000 Ada Generation, 98 %, 33578 MiB, 49140 MiB, 299.41 W, 78
2026/08/28 05:58:15.253, 1, NVIDIA RTX 6000 Ada Generation, 98 %, 33588 MiB, 49140 MiB, 299.90 W, 82
2026/08/28 05:58:15.253, 2, NVIDIA RTX 6000 Ada Generation, 98 %, 33884 MiB, 49140 MiB, 299.90 W, 78
2026/08/28 05:58:15.253, 3, NVIDIA RTX 6000 Ada Generation, 98 %, 33482 MiB, 49140 MiB, 299.45 W, 78
2026/08/28 05:58:25.254, 0, NVIDIA RTX 6000 Ada Generation, 98 %, 33578 MiB, 49140 MiB, 299.24 W, 79
2026/08/28 05:58:25.254, 1, NVIDIA RTX 6000 Ada Generation, 98 %, 33588 MiB, 49140 MiB, 299.66 W, 82
2026/08/28 05:58:25.254, 2, NVIDIA RTX 6000 Ada Generation, 99 %, 33884 MiB, 49140 MiB, 299.60 W, 78
2026/08/28 05:58:25.254, 3, NVIDIA RTX 6000 Ada Generation, 98 %, 33482 MiB, 49140 MiB, 299.54 W, 78
2026/08/28 05:58:35.255, 0, NVIDIA RTX 6000 Ada Generation, 98 %, 33578 MiB, 49140 MiB, 299.56 W, 79
2026/08/28 05:58:35.255, 1, NVIDIA RTX 6000 Ada Generation, 98 %, 33588 MiB, 49140 MiB, 299.47 W, 82
2026/08/28 05:58:35.255, 2, NVIDIA RTX 6000 Ada Generation, 98 %, 33884 MiB, 49140 MiB, 300.05 W, 78
2026/08/28 05:58:35.255, 3, NVIDIA RTX 6000 Ada Generation, 98 %, 33482 MiB, 49140 MiB, 299.67 W, 78
2026/08/28 05:58:45.256, 0, NVIDIA RTX 6000 Ada Generation, 93 %, 33578 MiB, 49140 MiB, 299.14 W, 79
2026/08/28 05:58:45.256, 1, NVIDIA RTX 6000 Ada Generation, 93 %, 33588 MiB, 49140 MiB, 299.35 W, 82
2026/08/28 05:58:45.256, 2, NVIDIA RTX 6000 Ada Generation, 95 %, 33884 MiB, 49140 MiB, 300.05 W, 78
2026/08/28 05:58:45.256, 3, NVIDIA RTX 6000 Ada Generation, 93 %, 33482 MiB, 49140 MiB, 299.35 W, 78
2026/08/28 05:58:55.257, 0, NVIDIA RTX 6000 Ada Generation, 98 %, 33578 MiB, 49140 MiB, 295.75 W, 78
2026/08/28 05:58:55.257, 1, NVIDIA RTX 6000 Ada Generation, 98 %, 33588 MiB, 49140 MiB, 299.69 W, 82
2026/08/28 05:58:55.257, 2, NVIDIA RTX 6000 Ada Generation, 93 %, 33884 MiB, 49140 MiB, 299.64 W, 78
2026/08/28 05:58:55.257, 3, NVIDIA RTX 6000 Ada Generation, 98 %, 33482 MiB, 49140 MiB, 300.13 W, 78
2026/08/28 05:59:05.258, 0, NVIDIA RTX 6000 Ada Generation, 98 %, 33578 MiB, 49140 MiB, 299.14 W, 78
2026/08/28 05:59:05.258, 1, NVIDIA RTX 6000 Ada Generation, 98 %, 33588 MiB, 49140 MiB, 299.69 W, 82
2026/08/28 05:59:05.258, 2, NVIDIA RTX 6000 Ada Generation, 99 %, 33884 MiB, 49140 MiB, 294.81 W, 78
2026/08/28 05:59:05.258, 3, NVIDIA RTX 6000 Ada Generation, 98 %, 33482 MiB, 49140 MiB, 299.75 W, 78
2026/08/28 05:59:15.259, 0, NVIDIA RTX 6000 Ada Generation, 99 %, 33578 MiB, 49140 MiB, 299.56 W, 78
2026/08/28 05:59:15.259, 1, NVIDIA RTX 6000 Ada Generation, 98 %, 33588 MiB, 49140 MiB, 298.60 W, 81
2026/08/28 05:59:15.259, 2, NVIDIA RTX 6000 Ada Generation, 98 %, 33884 MiB, 49140 MiB, 300.04 W, 78
2026/08/28 05:59:15.259, 3, NVIDIA RTX 6000 Ada Generation, 98 %, 33482 MiB, 49140 MiB, 299.70 W, 78
2026/08/28 05:59:25.260, 0, NVIDIA RTX 6000 Ada Generation, 98 %, 33578 MiB, 49140 MiB, 299.33 W, 78
2026/08/28 05:59:25.261, 1, NVIDIA RTX 6000 Ada Generation, 98 %, 33588 MiB, 49140 MiB, 299.57 W, 82
2026/08/28 05:59:25.261, 2, NVIDIA RTX 6000 Ada Generation, 98 %, 33884 MiB, 49140 MiB, 299.93 W, 78
2026/08/28 05:59:25.261, 3, NVIDIA RTX 6000 Ada Generation, 93 %, 33482 MiB, 49140 MiB, 299.42 W, 78
2026/08/28 05:59:35.262, 0, NVIDIA RTX 6000 Ada Generation, 98 %, 33578 MiB, 49140 MiB, 299.08 W, 78
2026/08/28 05:59:35.262, 1, NVIDIA RTX 6000 Ada Generation, 95 %, 33588 MiB, 49140 MiB, 299.39 W, 82
2026/08/28 05:59:35.262, 2, NVIDIA RTX 6000 Ada Generation, 99 %, 33884 MiB, 49140 MiB, 299.28 W, 78
2026/08/28 05:59:35.262, 3, NVIDIA RTX 6000 Ada Generation, 94 %, 33482 MiB, 49140 MiB, 299.39 W, 78
2026/08/28 05:59:45.263, 0, NVIDIA RTX 6000 Ada Generation, 98 %, 33578 MiB, 49140 MiB, 298.59 W, 78
2026/08/28 05:59:45.263, 1, NVIDIA RTX 6000 Ada Generation, 98 %, 33588 MiB, 49140 MiB, 299.98 W, 82
2026/08/28 05:59:45.263, 2, NVIDIA RTX 6000 Ada Generation, 98 %, 33884 MiB, 49140 MiB, 299.95 W, 78
2026/08/28 05:59:45.263, 3, NVIDIA RTX 6000 Ada Generation, 99 %, 33482 MiB, 49140 MiB, 300.02 W, 78
2026/08/28 05:59:55.264, 0, NVIDIA RTX 6000 Ada Generation, 98 %, 33578 MiB, 49140 MiB, 299.11 W, 78
2026/08/28 05:59:55.264, 1, NVIDIA RTX 6000 Ada Generation, 97 %, 33588 MiB, 49140 MiB, 299.21 W, 82
2026/08/28 05:59:55.264, 2, NVIDIA RTX 6000 Ada Generation, 94 %, 33884 MiB, 49140 MiB, 299.33 W, 78
2026/08/28 05:59:55.264, 3, NVIDIA RTX 6000 Ada Generation, 98 %, 33482 MiB, 49140 MiB, 299.74 W, 78
2026/08/28 06:00:05.265, 0, NVIDIA RTX 6000 Ada Generation, 93 %, 33578 MiB, 49140 MiB, 299.45 W, 79
2026/08/28 06:00:05.265, 1, NVIDIA RTX 6000 Ada Generation, 98 %, 33588 MiB, 49140 MiB, 300.10 W, 82
2026/08/28 06:00:05.265, 2, NVIDIA RTX 6000 Ada Generation, 98 %, 33884 MiB, 49140 MiB, 297.74 W, 78
2026/08/28 06:00:05.266, 3, NVIDIA RTX 6000 Ada Generation, 98 %, 33482 MiB, 49140 MiB, 299.76 W, 78
2026/08/28 06:00:15.266, 0, NVIDIA RTX 6000 Ada Generation, 99 %, 33578 MiB, 49140 MiB, 299.33 W, 78
2026/08/28 06:00:15.267, 1, NVIDIA RTX 6000 Ada Generation, 93 %, 33588 MiB, 49140 MiB, 298.31 W, 82
2026/08/28 06:00:15.267, 2, NVIDIA RTX 6000 Ada Generation, 98 %, 33884 MiB, 49140 MiB, 299.59 W, 78
2026/08/28 06:00:15.267, 3, NVIDIA RTX 6000 Ada Generation, 99 %, 33482 MiB, 49140 MiB, 299.76 W, 78
2026/08/28 06:00:25.268, 0, NVIDIA RTX 6000 Ada Generation, 98 %, 33578 MiB, 49140 MiB, 299.14 W, 78
2026/08/28 06:00:25.268, 1, NVIDIA RTX 6000 Ada Generation, 92 %, 33588 MiB, 49140 MiB, 299.49 W, 82
2026/08/28 06:00:25.268, 2, NVIDIA RTX 6000 Ada Generation, 98 %, 33912 MiB, 49140 MiB, 298.82 W, 78
2026/08/28 06:00:25.268, 3, NVIDIA RTX 6000 Ada Generation, 99 %, 33482 MiB, 49140 MiB, 298.86 W, 78
2026/08/28 06:00:35.269, 0, NVIDIA RTX 6000 Ada Generation, 98 %, 33578 MiB, 49140 MiB, 299.60 W, 78
2026/08/28 06:00:35.269, 1, NVIDIA RTX 6000 Ada Generation, 98 %, 33588 MiB, 49140 MiB, 299.70 W, 82
2026/08/28 06:00:35.269, 2, NVIDIA RTX 6000 Ada Generation, 98 %, 33912 MiB, 49140 MiB, 299.70 W, 78
2026/08/28 06:00:35.269, 3, NVIDIA RTX 6000 Ada Generation, 98 %, 33482 MiB, 49140 MiB, 299.67 W, 78
2026/08/28 06:00:45.270, 0, NVIDIA RTX 6000 Ada Generation, 96 %, 33578 MiB, 49140 MiB, 300.61 W, 78
2026/08/28 06:00:45.270, 1, NVIDIA RTX 6000 Ada Generation, 98 %, 33588 MiB, 49140 MiB, 300.01 W, 82
2026/08/28 06:00:45.270, 2, NVIDIA RTX 6000 Ada Generation, 94 %, 33952 MiB, 49140 MiB, 299.45 W, 78
2026/08/28 06:00:45.270, 3, NVIDIA RTX 6000 Ada Generation, 98 %, 33482 MiB, 49140 MiB, 299.95 W, 78
2026/08/28 06:00:55.271, 0, NVIDIA RTX 6000 Ada Generation, 99 %, 33578 MiB, 49140 MiB, 295.96 W, 78
2026/08/28 06:00:55.271, 1, NVIDIA RTX 6000 Ada Generation, 98 %, 33588 MiB, 49140 MiB, 299.58 W, 82
2026/08/28 06:00:55.271, 2, NVIDIA RTX 6000 Ada Generation, 99 %, 33952 MiB, 49140 MiB, 299.79 W, 78
2026/08/28 06:00:55.271, 3, NVIDIA RTX 6000 Ada Generation, 98 %, 33482 MiB, 49140 MiB, 299.24 W, 78
2026/08/28 06:01:05.272, 0, NVIDIA RTX 6000 Ada Generation, 98 %, 33578 MiB, 49140 MiB, 299.41 W, 78
2026/08/28 06:01:05.272, 1, NVIDIA RTX 6000 Ada Generation, 98 %, 33588 MiB, 49140 MiB, 299.83 W, 82
2026/08/28 06:01:05.272, 2, NVIDIA RTX 6000 Ada Generation, 94 %, 33952 MiB, 49140 MiB, 297.16 W, 78
2026/08/28 06:01:05.272, 3, NVIDIA RTX 6000 Ada Generation, 98 %, 33482 MiB, 49140 MiB, 299.68 W, 78
2026/08/28 06:01:15.273, 0, NVIDIA RTX 6000 Ada Generation, 98 %, 33578 MiB, 49140 MiB, 299.49 W, 78
2026/08/28 06:01:15.273, 1, NVIDIA RTX 6000 Ada Generation, 98 %, 33588 MiB, 49140 MiB, 299.60 W, 82
2026/08/28 06:01:15.273, 2, NVIDIA RTX 6000 Ada Generation, 99 %, 33952 MiB, 49140 MiB, 299.29 W, 78
2026/08/28 06:01:15.273, 3, NVIDIA RTX 6000 Ada Generation, 95 %, 33482 MiB, 49140 MiB, 299.68 W, 78
2026/08/28 06:01:25.274, 0, NVIDIA RTX 6000 Ada Generation, 98 %, 33578 MiB, 49140 MiB, 299.65 W, 78
2026/08/28 06:01:25.274, 1, NVIDIA RTX 6000 Ada Generation, 91 %, 33588 MiB, 49140 MiB, 299.58 W, 82
2026/08/28 06:01:25.275, 2, NVIDIA RTX 6000 Ada Generation, 99 %, 33952 MiB, 49140 MiB, 299.85 W, 78
2026/08/28 06:01:25.275, 3, NVIDIA RTX 6000 Ada Generation, 98 %, 33482 MiB, 49140 MiB, 299.76 W, 78
2026/08/28 06:01:35.275, 0, NVIDIA RTX 6000 Ada Generation, 98 %, 33578 MiB, 49140 MiB, 299.65 W, 78
2026/08/28 06:01:35.276, 1, NVIDIA RTX 6000 Ada Generation, 98 %, 33588 MiB, 49140 MiB, 299.49 W, 82
2026/08/28 06:01:35.276, 2, NVIDIA RTX 6000 Ada Generation, 95 %, 33952 MiB, 49140 MiB, 297.90 W, 78
2026/08/28 06:01:35.276, 3, NVIDIA RTX 6000 Ada Generation, 93 %, 33482 MiB, 49140 MiB, 299.20 W, 78
2026/08/28 06:01:45.277, 0, NVIDIA RTX 6000 Ada Generation, 98 %, 33578 MiB, 49140 MiB, 299.57 W, 78
2026/08/28 06:01:45.277, 1, NVIDIA RTX 6000 Ada Generation, 98 %, 33588 MiB, 49140 MiB, 300.07 W, 82
2026/08/28 06:01:45.277, 2, NVIDIA RTX 6000 Ada Generation, 99 %, 33952 MiB, 49140 MiB, 299.67 W, 78
2026/08/28 06:01:45.277, 3, NVIDIA RTX 6000 Ada Generation, 93 %, 33482 MiB, 49140 MiB, 299.22 W, 78
2026/08/28 06:01:55.278, 0, NVIDIA RTX 6000 Ada Generation, 98 %, 33578 MiB, 49140 MiB, 299.68 W, 78
2026/08/28 06:01:55.278, 1, NVIDIA RTX 6000 Ada Generation, 98 %, 33588 MiB, 49140 MiB, 299.45 W, 82
2026/08/28 06:01:55.278, 2, NVIDIA RTX 6000 Ada Generation, 98 %, 33952 MiB, 49140 MiB, 299.92 W, 78
2026/08/28 06:01:55.278, 3, NVIDIA RTX 6000 Ada Generation, 99 %, 33482 MiB, 49140 MiB, 298.58 W, 78
2026/08/28 06:02:05.279, 0, NVIDIA RTX 6000 Ada Generation, 98 %, 33578 MiB, 49140 MiB, 299.73 W, 78
2026/08/28 06:02:05.279, 1, NVIDIA RTX 6000 Ada Generation, 98 %, 33588 MiB, 49140 MiB, 300.12 W, 82
2026/08/28 06:02:05.279, 2, NVIDIA RTX 6000 Ada Generation, 98 %, 33952 MiB, 49140 MiB, 299.03 W, 78
2026/08/28 06:02:05.279, 3, NVIDIA RTX 6000 Ada Generation, 98 %, 33482 MiB, 49140 MiB, 299.47 W, 78
2026/08/28 06:02:15.280, 0, NVIDIA RTX 6000 Ada Generation, 92 %, 33578 MiB, 49140 MiB, 299.95 W, 78
2026/08/28 06:02:15.280, 1, NVIDIA RTX 6000 Ada Generation, 98 %, 33588 MiB, 49140 MiB, 299.36 W, 82
2026/08/28 06:02:15.280, 2, NVIDIA RTX 6000 Ada Generation, 90 %, 33952 MiB, 49140 MiB, 298.82 W, 78
2026/08/28 06:02:15.280, 3, NVIDIA RTX 6000 Ada Generation, 98 %, 33482 MiB, 49140 MiB, 299.80 W, 78
2026/08/28 06:02:25.281, 0, NVIDIA RTX 6000 Ada Generation, 94 %, 33578 MiB, 49140 MiB, 299.29 W, 79
2026/08/28 06:02:25.281, 1, NVIDIA RTX 6000 Ada Generation, 94 %, 33588 MiB, 49140 MiB, 299.86 W, 82
2026/08/28 06:02:25.281, 2, NVIDIA RTX 6000 Ada Generation, 98 %, 33952 MiB, 49140 MiB, 299.63 W, 78
2026/08/28 06:02:25.281, 3, NVIDIA RTX 6000 Ada Generation, 98 %, 33482 MiB, 49140 MiB, 299.64 W, 78
2026/08/28 06:02:35.282, 0, NVIDIA RTX 6000 Ada Generation, 98 %, 33578 MiB, 49140 MiB, 299.23 W, 79
2026/08/28 06:02:35.283, 1, NVIDIA RTX 6000 Ada Generation, 98 %, 33588 MiB, 49140 MiB, 298.96 W, 82
2026/08/28 06:02:35.283, 2, NVIDIA RTX 6000 Ada Generation, 98 %, 33952 MiB, 49140 MiB, 299.91 W, 78
2026/08/28 06:02:35.283, 3, NVIDIA RTX 6000 Ada Generation, 98 %, 33482 MiB, 49140 MiB, 299.37 W, 78
2026/08/28 06:02:45.283, 0, NVIDIA RTX 6000 Ada Generation, 98 %, 33578 MiB, 49140 MiB, 299.45 W, 78
2026/08/28 06:02:45.284, 1, NVIDIA RTX 6000 Ada Generation, 98 %, 33588 MiB, 49140 MiB, 298.76 W, 82
2026/08/28 06:02:45.284, 2, NVIDIA RTX 6000 Ada Generation, 95 %, 33952 MiB, 49140 MiB, 299.48 W, 78
2026/08/28 06:02:45.284, 3, NVIDIA RTX 6000 Ada Generation, 98 %, 33482 MiB, 49140 MiB, 299.87 W, 78
2026/08/28 06:02:55.285, 0, NVIDIA RTX 6000 Ada Generation, 98 %, 33578 MiB, 49140 MiB, 299.27 W, 79
2026/08/28 06:02:55.285, 1, NVIDIA RTX 6000 Ada Generation, 94 %, 33588 MiB, 49140 MiB, 299.83 W, 82
2026/08/28 06:02:55.285, 2, NVIDIA RTX 6000 Ada Generation, 98 %, 33952 MiB, 49140 MiB, 300.23 W, 78
2026/08/28 06:02:55.285, 3, NVIDIA RTX 6000 Ada Generation, 98 %, 33482 MiB, 49140 MiB, 298.93 W, 78
2026/08/28 06:03:05.286, 0, NVIDIA RTX 6000 Ada Generation, 98 %, 33578 MiB, 49140 MiB, 299.15 W, 79
2026/08/28 06:03:05.286, 1, NVIDIA RTX 6000 Ada Generation, 93 %, 33588 MiB, 49140 MiB, 299.53 W, 82
2026/08/28 06:03:05.286, 2, NVIDIA RTX 6000 Ada Generation, 98 %, 33952 MiB, 49140 MiB, 299.93 W, 78
2026/08/28 06:03:05.286, 3, NVIDIA RTX 6000 Ada Generation, 98 %, 33482 MiB, 49140 MiB, 299.70 W, 78
2026/08/28 06:03:15.287, 0, NVIDIA RTX 6000 Ada Generation, 99 %, 33578 MiB, 49140 MiB, 299.60 W, 79
2026/08/28 06:03:15.287, 1, NVIDIA RTX 6000 Ada Generation, 98 %, 33588 MiB, 49140 MiB, 299.83 W, 82
2026/08/28 06:03:15.287, 2, NVIDIA RTX 6000 Ada Generation, 98 %, 33952 MiB, 49140 MiB, 299.58 W, 78
2026/08/28 06:03:15.287, 3, NVIDIA RTX 6000 Ada Generation, 91 %, 33482 MiB, 49140 MiB, 299.18 W, 78
2026/08/28 06:03:25.288, 0, NVIDIA RTX 6000 Ada Generation, 94 %, 33578 MiB, 49140 MiB, 299.30 W, 79
2026/08/28 06:03:25.288, 1, NVIDIA RTX 6000 Ada Generation, 98 %, 33588 MiB, 49140 MiB, 299.73 W, 82
2026/08/28 06:03:25.288, 2, NVIDIA RTX 6000 Ada Generation, 98 %, 33952 MiB, 49140 MiB, 299.18 W, 78
2026/08/28 06:03:25.288, 3, NVIDIA RTX 6000 Ada Generation, 98 %, 33482 MiB, 49140 MiB, 299.65 W, 78
2026/08/28 06:03:35.289, 0, NVIDIA RTX 6000 Ada Generation, 98 %, 33578 MiB, 49140 MiB, 299.33 W, 79
2026/08/28 06:03:35.289, 1, NVIDIA RTX 6000 Ada Generation, 98 %, 33588 MiB, 49140 MiB, 299.55 W, 82
2026/08/28 06:03:35.289, 2, NVIDIA RTX 6000 Ada Generation, 99 %, 33952 MiB, 49140 MiB, 299.72 W, 79
2026/08/28 06:03:35.289, 3, NVIDIA RTX 6000 Ada Generation, 91 %, 33482 MiB, 49140 MiB, 299.51 W, 78
2026/08/28 06:03:45.290, 0, NVIDIA RTX 6000 Ada Generation, 98 %, 33578 MiB, 49140 MiB, 296.97 W, 78
2026/08/28 06:03:45.290, 1, NVIDIA RTX 6000 Ada Generation, 92 %, 33588 MiB, 49140 MiB, 300.81 W, 81
2026/08/28 06:03:45.290, 2, NVIDIA RTX 6000 Ada Generation, 98 %, 33952 MiB, 49140 MiB, 299.85 W, 79
2026/08/28 06:03:45.291, 3, NVIDIA RTX 6000 Ada Generation, 98 %, 33482 MiB, 49140 MiB, 299.73 W, 78
2026/08/28 06:03:55.291, 0, NVIDIA RTX 6000 Ada Generation, 98 %, 33578 MiB, 49140 MiB, 299.37 W, 79
2026/08/28 06:03:55.292, 1, NVIDIA RTX 6000 Ada Generation, 98 %, 33588 MiB, 49140 MiB, 299.34 W, 82
2026/08/28 06:03:55.292, 2, NVIDIA RTX 6000 Ada Generation, 98 %, 33952 MiB, 49140 MiB, 299.88 W, 78
2026/08/28 06:03:55.292, 3, NVIDIA RTX 6000 Ada Generation, 95 %, 33482 MiB, 49140 MiB, 297.29 W, 78
2026/08/28 06:04:05.293, 0, NVIDIA RTX 6000 Ada Generation, 98 %, 33578 MiB, 49140 MiB, 299.61 W, 79
2026/08/28 06:04:05.293, 1, NVIDIA RTX 6000 Ada Generation, 98 %, 33588 MiB, 49140 MiB, 299.71 W, 82
2026/08/28 06:04:05.293, 2, NVIDIA RTX 6000 Ada Generation, 99 %, 33952 MiB, 49140 MiB, 300.16 W, 78
2026/08/28 06:04:05.293, 3, NVIDIA RTX 6000 Ada Generation, 98 %, 33482 MiB, 49140 MiB, 299.48 W, 78
2026/08/28 06:04:15.294, 0, NVIDIA RTX 6000 Ada Generation, 98 %, 33578 MiB, 49140 MiB, 299.75 W, 79
2026/08/28 06:04:15.294, 1, NVIDIA RTX 6000 Ada Generation, 98 %, 33588 MiB, 49140 MiB, 299.87 W, 82
2026/08/28 06:04:15.294, 2, NVIDIA RTX 6000 Ada Generation, 92 %, 33952 MiB, 49140 MiB, 299.86 W, 78
2026/08/28 06:04:15.294, 3, NVIDIA RTX 6000 Ada Generation, 98 %, 33482 MiB, 49140 MiB, 299.44 W, 77
2026/08/28 06:04:25.295, 0, NVIDIA RTX 6000 Ada Generation, 98 %, 33578 MiB, 49140 MiB, 299.68 W, 79
2026/08/28 06:04:25.295, 1, NVIDIA RTX 6000 Ada Generation, 94 %, 33588 MiB, 49140 MiB, 299.09 W, 82
2026/08/28 06:04:25.295, 2, NVIDIA RTX 6000 Ada Generation, 93 %, 33952 MiB, 49140 MiB, 299.74 W, 79
2026/08/28 06:04:25.295, 3, NVIDIA RTX 6000 Ada Generation, 93 %, 33482 MiB, 49140 MiB, 299.30 W, 78
2026/08/28 06:04:35.296, 0, NVIDIA RTX 6000 Ada Generation, 98 %, 33578 MiB, 49140 MiB, 299.81 W, 79
2026/08/28 06:04:35.296, 1, NVIDIA RTX 6000 Ada Generation, 98 %, 33588 MiB, 49140 MiB, 299.38 W, 82
2026/08/28 06:04:35.296, 2, NVIDIA RTX 6000 Ada Generation, 92 %, 33952 MiB, 49140 MiB, 299.99 W, 79
2026/08/28 06:04:35.296, 3, NVIDIA RTX 6000 Ada Generation, 98 %, 33482 MiB, 49140 MiB, 299.62 W, 78
2026/08/28 06:04:45.297, 0, NVIDIA RTX 6000 Ada Generation, 93 %, 33578 MiB, 49140 MiB, 299.86 W, 79
2026/08/28 06:04:45.297, 1, NVIDIA RTX 6000 Ada Generation, 98 %, 33588 MiB, 49140 MiB, 297.99 W, 82
2026/08/28 06:04:45.297, 2, NVIDIA RTX 6000 Ada Generation, 98 %, 33952 MiB, 49140 MiB, 299.82 W, 78
2026/08/28 06:04:45.297, 3, NVIDIA RTX 6000 Ada Generation, 98 %, 33482 MiB, 49140 MiB, 299.67 W, 78
2026/08/28 06:04:55.298, 0, NVIDIA RTX 6000 Ada Generation, 92 %, 33578 MiB, 49140 MiB, 299.44 W, 78
2026/08/28 06:04:55.298, 1, NVIDIA RTX 6000 Ada Generation, 98 %, 33588 MiB, 49140 MiB, 299.68 W, 82
2026/08/28 06:04:55.298, 2, NVIDIA RTX 6000 Ada Generation, 98 %, 33952 MiB, 49140 MiB, 299.66 W, 78
2026/08/28 06:04:55.299, 3, NVIDIA RTX 6000 Ada Generation, 93 %, 33482 MiB, 49140 MiB, 297.07 W, 78
2026/08/28 06:05:05.299, 0, NVIDIA RTX 6000 Ada Generation, 99 %, 33578 MiB, 49140 MiB, 299.11 W, 79
2026/08/28 06:05:05.300, 1, NVIDIA RTX 6000 Ada Generation, 92 %, 33588 MiB, 49140 MiB, 299.44 W, 82
2026/08/28 06:05:05.300, 2, NVIDIA RTX 6000 Ada Generation, 98 %, 33952 MiB, 49140 MiB, 299.83 W, 78
2026/08/28 06:05:05.300, 3, NVIDIA RTX 6000 Ada Generation, 92 %, 33482 MiB, 49140 MiB, 299.68 W, 78
2026/08/28 06:05:15.300, 0, NVIDIA RTX 6000 Ada Generation, 98 %, 33578 MiB, 49140 MiB, 299.60 W, 79
2026/08/28 06:05:15.301, 1, NVIDIA RTX 6000 Ada Generation, 90 %, 33588 MiB, 49140 MiB, 299.86 W, 82
2026/08/28 06:05:15.301, 2, NVIDIA RTX 6000 Ada Generation, 98 %, 33952 MiB, 49140 MiB, 299.72 W, 78
2026/08/28 06:05:15.301, 3, NVIDIA RTX 6000 Ada Generation, 98 %, 33482 MiB, 49140 MiB, 299.29 W, 78
2026/08/28 06:05:25.301, 0, NVIDIA RTX 6000 Ada Generation, 98 %, 33578 MiB, 49140 MiB, 299.52 W, 79
2026/08/28 06:05:25.302, 1, NVIDIA RTX 6000 Ada Generation, 98 %, 33588 MiB, 49140 MiB, 299.86 W, 82
2026/08/28 06:05:25.302, 2, NVIDIA RTX 6000 Ada Generation, 98 %, 33952 MiB, 49140 MiB, 299.69 W, 78
2026/08/28 06:05:25.302, 3, NVIDIA RTX 6000 Ada Generation, 98 %, 33482 MiB, 49140 MiB, 299.69 W, 78
2026/08/28 06:05:35.302, 0, NVIDIA RTX 6000 Ada Generation, 91 %, 33578 MiB, 49140 MiB, 299.99 W, 78
2026/08/28 06:05:35.303, 1, NVIDIA RTX 6000 Ada Generation, 98 %, 33588 MiB, 49140 MiB, 299.49 W, 82
2026/08/28 06:05:35.303, 2, NVIDIA RTX 6000 Ada Generation, 94 %, 33952 MiB, 49140 MiB, 295.43 W, 78
2026/08/28 06:05:35.303, 3, NVIDIA RTX 6000 Ada Generation, 98 %, 33482 MiB, 49140 MiB, 299.77 W, 78
2026/08/28 06:05:45.304, 0, NVIDIA RTX 6000 Ada Generation, 99 %, 33578 MiB, 49140 MiB, 299.23 W, 78
2026/08/28 06:05:45.304, 1, NVIDIA RTX 6000 Ada Generation, 98 %, 33588 MiB, 49140 MiB, 299.23 W, 82
2026/08/28 06:05:45.304, 2, NVIDIA RTX 6000 Ada Generation, 92 %, 33952 MiB, 49140 MiB, 299.66 W, 78
2026/08/28 06:05:45.304, 3, NVIDIA RTX 6000 Ada Generation, 98 %, 33482 MiB, 49140 MiB, 299.67 W, 78
2026/08/28 06:05:55.305, 0, NVIDIA RTX 6000 Ada Generation, 99 %, 33578 MiB, 49140 MiB, 299.16 W, 78
2026/08/28 06:05:55.305, 1, NVIDIA RTX 6000 Ada Generation, 98 %, 33588 MiB, 49140 MiB, 299.35 W, 82
2026/08/28 06:05:55.305, 2, NVIDIA RTX 6000 Ada Generation, 93 %, 33952 MiB, 49140 MiB, 299.35 W, 78
2026/08/28 06:05:55.305, 3, NVIDIA RTX 6000 Ada Generation, 98 %, 33482 MiB, 49140 MiB, 299.50 W, 78
2026/08/28 06:06:05.306, 0, NVIDIA RTX 6000 Ada Generation, 94 %, 33578 MiB, 49140 MiB, 299.05 W, 78
2026/08/28 06:06:05.306, 1, NVIDIA RTX 6000 Ada Generation, 98 %, 33588 MiB, 49140 MiB, 299.96 W, 82
2026/08/28 06:06:05.306, 2, NVIDIA RTX 6000 Ada Generation, 99 %, 33952 MiB, 49140 MiB, 299.93 W, 78
2026/08/28 06:06:05.306, 3, NVIDIA RTX 6000 Ada Generation, 98 %, 33482 MiB, 49140 MiB, 299.94 W, 78
2026/08/28 06:06:15.307, 0, NVIDIA RTX 6000 Ada Generation, 98 %, 33578 MiB, 49140 MiB, 299.30 W, 78
2026/08/28 06:06:15.307, 1, NVIDIA RTX 6000 Ada Generation, 98 %, 33588 MiB, 49140 MiB, 299.97 W, 82
2026/08/28 06:06:15.307, 2, NVIDIA RTX 6000 Ada Generation, 98 %, 33952 MiB, 49140 MiB, 299.79 W, 78
2026/08/28 06:06:15.307, 3, NVIDIA RTX 6000 Ada Generation, 94 %, 33482 MiB, 49140 MiB, 299.37 W, 78
2026/08/28 06:06:25.308, 0, NVIDIA RTX 6000 Ada Generation, 95 %, 33578 MiB, 49140 MiB, 299.32 W, 78
2026/08/28 06:06:25.308, 1, NVIDIA RTX 6000 Ada Generation, 98 %, 33588 MiB, 49140 MiB, 299.53 W, 82
2026/08/28 06:06:25.308, 2, NVIDIA RTX 6000 Ada Generation, 98 %, 33952 MiB, 49140 MiB, 300.08 W, 78
2026/08/28 06:06:25.308, 3, NVIDIA RTX 6000 Ada Generation, 93 %, 33482 MiB, 49140 MiB, 299.54 W, 78
2026/08/28 06:06:35.309, 0, NVIDIA RTX 6000 Ada Generation, 99 %, 33578 MiB, 49140 MiB, 299.07 W, 78
2026/08/28 06:06:35.309, 1, NVIDIA RTX 6000 Ada Generation, 98 %, 33588 MiB, 49140 MiB, 299.54 W, 82
2026/08/28 06:06:35.309, 2, NVIDIA RTX 6000 Ada Generation, 93 %, 33952 MiB, 49140 MiB, 299.64 W, 78
2026/08/28 06:06:35.309, 3, NVIDIA RTX 6000 Ada Generation, 96 %, 33482 MiB, 49140 MiB, 299.44 W, 78
2026/08/28 06:06:45.310, 0, NVIDIA RTX 6000 Ada Generation, 99 %, 33578 MiB, 49140 MiB, 299.44 W, 78
2026/08/28 06:06:45.310, 1, NVIDIA RTX 6000 Ada Generation, 94 %, 33588 MiB, 49140 MiB, 299.35 W, 82
2026/08/28 06:06:45.310, 2, NVIDIA RTX 6000 Ada Generation, 98 %, 33952 MiB, 49140 MiB, 300.07 W, 78
2026/08/28 06:06:45.310, 3, NVIDIA RTX 6000 Ada Generation, 98 %, 33482 MiB, 49140 MiB, 299.62 W, 78
2026/08/28 06:06:55.311, 0, NVIDIA RTX 6000 Ada Generation, 92 %, 33578 MiB, 49140 MiB, 299.19 W, 78
2026/08/28 06:06:55.311, 1, NVIDIA RTX 6000 Ada Generation, 96 %, 33588 MiB, 49140 MiB, 299.37 W, 82
2026/08/28 06:06:55.311, 2, NVIDIA RTX 6000 Ada Generation, 98 %, 33952 MiB, 49140 MiB, 299.75 W, 78
2026/08/28 06:06:55.312, 3, NVIDIA RTX 6000 Ada Generation, 98 %, 33482 MiB, 49140 MiB, 299.66 W, 78
2026/08/28 06:07:05.312, 0, NVIDIA RTX 6000 Ada Generation, 98 %, 33578 MiB, 49140 MiB, 299.34 W, 78
2026/08/28 06:07:05.312, 1, NVIDIA RTX 6000 Ada Generation, 94 %, 33634 MiB, 49140 MiB, 299.80 W, 82
2026/08/28 06:07:05.313, 2, NVIDIA RTX 6000 Ada Generation, 98 %, 33952 MiB, 49140 MiB, 299.77 W, 78
2026/08/28 06:07:05.313, 3, NVIDIA RTX 6000 Ada Generation, 99 %, 33482 MiB, 49140 MiB, 299.87 W, 78
2026/08/28 06:07:15.313, 0, NVIDIA RTX 6000 Ada Generation, 95 %, 33578 MiB, 49140 MiB, 299.39 W, 78
2026/08/28 06:07:15.314, 1, NVIDIA RTX 6000 Ada Generation, 98 %, 33634 MiB, 49140 MiB, 299.36 W, 82
2026/08/28 06:07:15.314, 2, NVIDIA RTX 6000 Ada Generation, 93 %, 33952 MiB, 49140 MiB, 300.61 W, 78
2026/08/28 06:07:15.314, 3, NVIDIA RTX 6000 Ada Generation, 98 %, 33482 MiB, 49140 MiB, 299.87 W, 78
2026/08/28 06:07:25.315, 0, NVIDIA RTX 6000 Ada Generation, 98 %, 33578 MiB, 49140 MiB, 299.30 W, 78
2026/08/28 06:07:25.315, 1, NVIDIA RTX 6000 Ada Generation, 98 %, 33634 MiB, 49140 MiB, 299.29 W, 82
2026/08/28 06:07:25.315, 2, NVIDIA RTX 6000 Ada Generation, 98 %, 33952 MiB, 49140 MiB, 299.63 W, 78
2026/08/28 06:07:25.315, 3, NVIDIA RTX 6000 Ada Generation, 98 %, 33482 MiB, 49140 MiB, 299.71 W, 78
2026/08/28 06:07:35.316, 0, NVIDIA RTX 6000 Ada Generation, 94 %, 33578 MiB, 49140 MiB, 299.10 W, 78
2026/08/28 06:07:35.316, 1, NVIDIA RTX 6000 Ada Generation, 98 %, 33634 MiB, 49140 MiB, 299.23 W, 82
2026/08/28 06:07:35.316, 2, NVIDIA RTX 6000 Ada Generation, 98 %, 33952 MiB, 49140 MiB, 299.89 W, 78
2026/08/28 06:07:35.316, 3, NVIDIA RTX 6000 Ada Generation, 98 %, 33482 MiB, 49140 MiB, 299.70 W, 78
2026/08/28 06:07:45.317, 0, NVIDIA RTX 6000 Ada Generation, 98 %, 33578 MiB, 49140 MiB, 299.14 W, 78
2026/08/28 06:07:45.317, 1, NVIDIA RTX 6000 Ada Generation, 98 %, 33634 MiB, 49140 MiB, 299.66 W, 82
2026/08/28 06:07:45.317, 2, NVIDIA RTX 6000 Ada Generation, 99 %, 33952 MiB, 49140 MiB, 299.86 W, 78
2026/08/28 06:07:45.317, 3, NVIDIA RTX 6000 Ada Generation, 98 %, 33482 MiB, 49140 MiB, 299.77 W, 78
2026/08/28 06:07:55.318, 0, NVIDIA RTX 6000 Ada Generation, 98 %, 33578 MiB, 49140 MiB, 299.52 W, 79
2026/08/28 06:07:55.318, 1, NVIDIA RTX 6000 Ada Generation, 98 %, 33634 MiB, 49140 MiB, 299.70 W, 82
2026/08/28 06:07:55.318, 2, NVIDIA RTX 6000 Ada Generation, 98 %, 33952 MiB, 49140 MiB, 299.38 W, 78
2026/08/28 06:07:55.318, 3, NVIDIA RTX 6000 Ada Generation, 92 %, 33482 MiB, 49140 MiB, 295.29 W, 78
2026/08/28 06:08:05.319, 0, NVIDIA RTX 6000 Ada Generation, 98 %, 33578 MiB, 49140 MiB, 299.31 W, 78
2026/08/28 06:08:05.319, 1, NVIDIA RTX 6000 Ada Generation, 98 %, 33634 MiB, 49140 MiB, 299.51 W, 82
2026/08/28 06:08:05.319, 2, NVIDIA RTX 6000 Ada Generation, 98 %, 33952 MiB, 49140 MiB, 299.78 W, 78
2026/08/28 06:08:05.320, 3, NVIDIA RTX 6000 Ada Generation, 98 %, 33482 MiB, 49140 MiB, 299.78 W, 78
2026/08/28 06:08:15.320, 0, NVIDIA RTX 6000 Ada Generation, 98 %, 33578 MiB, 49140 MiB, 296.30 W, 77
2026/08/28 06:08:15.321, 1, NVIDIA RTX 6000 Ada Generation, 98 %, 33634 MiB, 49140 MiB, 299.24 W, 82
2026/08/28 06:08:15.321, 2, NVIDIA RTX 6000 Ada Generation, 98 %, 33952 MiB, 49140 MiB, 299.18 W, 78
2026/08/28 06:08:15.321, 3, NVIDIA RTX 6000 Ada Generation, 98 %, 33482 MiB, 49140 MiB, 299.74 W, 78
2026/08/28 06:08:25.322, 0, NVIDIA RTX 6000 Ada Generation, 98 %, 33578 MiB, 49140 MiB, 299.22 W, 79
2026/08/28 06:08:25.322, 1, NVIDIA RTX 6000 Ada Generation, 93 %, 33634 MiB, 49140 MiB, 299.51 W, 82
2026/08/28 06:08:25.322, 2, NVIDIA RTX 6000 Ada Generation, 98 %, 33952 MiB, 49140 MiB, 299.54 W, 78
2026/08/28 06:08:25.322, 3, NVIDIA RTX 6000 Ada Generation, 94 %, 33482 MiB, 49140 MiB, 299.49 W, 78
2026/08/28 06:08:35.323, 0, NVIDIA RTX 6000 Ada Generation, 98 %, 33578 MiB, 49140 MiB, 295.93 W, 78
2026/08/28 06:08:35.323, 1, NVIDIA RTX 6000 Ada Generation, 98 %, 33634 MiB, 49140 MiB, 300.20 W, 82
2026/08/28 06:08:35.323, 2, NVIDIA RTX 6000 Ada Generation, 92 %, 33952 MiB, 49140 MiB, 299.27 W, 78
2026/08/28 06:08:35.323, 3, NVIDIA RTX 6000 Ada Generation, 98 %, 33482 MiB, 49140 MiB, 297.09 W, 78
2026/08/28 06:08:45.324, 0, NVIDIA RTX 6000 Ada Generation, 99 %, 33578 MiB, 49140 MiB, 299.53 W, 79
2026/08/28 06:08:45.324, 1, NVIDIA RTX 6000 Ada Generation, 98 %, 33634 MiB, 49140 MiB, 299.37 W, 82
2026/08/28 06:08:45.324, 2, NVIDIA RTX 6000 Ada Generation, 94 %, 33952 MiB, 49140 MiB, 299.75 W, 79
2026/08/28 06:08:45.324, 3, NVIDIA RTX 6000 Ada Generation, 98 %, 33482 MiB, 49140 MiB, 299.60 W, 78
2026/08/28 06:08:55.325, 0, NVIDIA RTX 6000 Ada Generation, 99 %, 33578 MiB, 49140 MiB, 299.68 W, 79
2026/08/28 06:08:55.325, 1, NVIDIA RTX 6000 Ada Generation, 95 %, 33634 MiB, 49140 MiB, 298.84 W, 82
2026/08/28 06:08:55.325, 2, NVIDIA RTX 6000 Ada Generation, 91 %, 33952 MiB, 49140 MiB, 299.20 W, 79
2026/08/28 06:08:55.325, 3, NVIDIA RTX 6000 Ada Generation, 98 %, 33482 MiB, 49140 MiB, 299.70 W, 78
2026/08/28 06:09:05.326, 0, NVIDIA RTX 6000 Ada Generation, 94 %, 33578 MiB, 49140 MiB, 299.10 W, 79
2026/08/28 06:09:05.326, 1, NVIDIA RTX 6000 Ada Generation, 98 %, 33634 MiB, 49140 MiB, 299.51 W, 82
2026/08/28 06:09:05.326, 2, NVIDIA RTX 6000 Ada Generation, 98 %, 33952 MiB, 49140 MiB, 298.56 W, 78
2026/08/28 06:09:05.326, 3, NVIDIA RTX 6000 Ada Generation, 98 %, 33482 MiB, 49140 MiB, 299.09 W, 78
2026/08/28 06:09:15.327, 0, NVIDIA RTX 6000 Ada Generation, 98 %, 33578 MiB, 49140 MiB, 299.14 W, 79
2026/08/28 06:09:15.327, 1, NVIDIA RTX 6000 Ada Generation, 98 %, 33634 MiB, 49140 MiB, 299.43 W, 82
2026/08/28 06:09:15.328, 2, NVIDIA RTX 6000 Ada Generation, 98 %, 33952 MiB, 49140 MiB, 299.55 W, 79
2026/08/28 06:09:15.328, 3, NVIDIA RTX 6000 Ada Generation, 93 %, 33482 MiB, 49140 MiB, 299.62 W, 78
2026/08/28 06:09:25.328, 0, NVIDIA RTX 6000 Ada Generation, 99 %, 33578 MiB, 49140 MiB, 299.55 W, 79
2026/08/28 06:09:25.329, 1, NVIDIA RTX 6000 Ada Generation, 98 %, 33634 MiB, 49140 MiB, 299.21 W, 82
2026/08/28 06:09:25.329, 2, NVIDIA RTX 6000 Ada Generation, 98 %, 33952 MiB, 49140 MiB, 300.00 W, 79
2026/08/28 06:09:25.329, 3, NVIDIA RTX 6000 Ada Generation, 98 %, 33482 MiB, 49140 MiB, 298.83 W, 78
2026/08/28 06:09:35.330, 0, NVIDIA RTX 6000 Ada Generation, 98 %, 33578 MiB, 49140 MiB, 299.46 W, 79
2026/08/28 06:09:35.330, 1, NVIDIA RTX 6000 Ada Generation, 97 %, 33634 MiB, 49140 MiB, 299.36 W, 82
2026/08/28 06:09:35.330, 2, NVIDIA RTX 6000 Ada Generation, 98 %, 33952 MiB, 49140 MiB, 299.93 W, 79
2026/08/28 06:09:35.330, 3, NVIDIA RTX 6000 Ada Generation, 98 %, 33482 MiB, 49140 MiB, 299.79 W, 78
2026/08/28 06:09:45.331, 0, NVIDIA RTX 6000 Ada Generation, 98 %, 33578 MiB, 49140 MiB, 299.29 W, 79
2026/08/28 06:09:45.331, 1, NVIDIA RTX 6000 Ada Generation, 93 %, 33634 MiB, 49140 MiB, 299.52 W, 82
2026/08/28 06:09:45.331, 2, NVIDIA RTX 6000 Ada Generation, 98 %, 33952 MiB, 49140 MiB, 299.74 W, 79
2026/08/28 06:09:45.331, 3, NVIDIA RTX 6000 Ada Generation, 98 %, 33482 MiB, 49140 MiB, 299.77 W, 78
2026/08/28 06:09:55.332, 0, NVIDIA RTX 6000 Ada Generation, 98 %, 33578 MiB, 49140 MiB, 299.68 W, 79
2026/08/28 06:09:55.332, 1, NVIDIA RTX 6000 Ada Generation, 98 %, 33634 MiB, 49140 MiB, 300.09 W, 82
2026/08/28 06:09:55.332, 2, NVIDIA RTX 6000 Ada Generation, 99 %, 33952 MiB, 49140 MiB, 299.62 W, 79
2026/08/28 06:09:55.332, 3, NVIDIA RTX 6000 Ada Generation, 98 %, 33482 MiB, 49140 MiB, 299.47 W, 78
2026/08/28 06:10:05.333, 0, NVIDIA RTX 6000 Ada Generation, 93 %, 33578 MiB, 49140 MiB, 299.26 W, 79
2026/08/28 06:10:05.333, 1, NVIDIA RTX 6000 Ada Generation, 98 %, 33634 MiB, 49140 MiB, 296.66 W, 81
2026/08/28 06:10:05.333, 2, NVIDIA RTX 6000 Ada Generation, 98 %, 33952 MiB, 49140 MiB, 298.98 W, 79
2026/08/28 06:10:05.333, 3, NVIDIA RTX 6000 Ada Generation, 98 %, 33482 MiB, 49140 MiB, 299.95 W, 78
2026/08/28 06:10:15.334, 0, NVIDIA RTX 6000 Ada Generation, 98 %, 33578 MiB, 49140 MiB, 299.68 W, 79
2026/08/28 06:10:15.334, 1, NVIDIA RTX 6000 Ada Generation, 98 %, 33634 MiB, 49140 MiB, 299.47 W, 82
2026/08/28 06:10:15.334, 2, NVIDIA RTX 6000 Ada Generation, 97 %, 33952 MiB, 49140 MiB, 299.65 W, 79
2026/08/28 06:10:15.334, 3, NVIDIA RTX 6000 Ada Generation, 95 %, 33482 MiB, 49140 MiB, 299.77 W, 79
2026/08/28 06:10:25.335, 0, NVIDIA RTX 6000 Ada Generation, 98 %, 33578 MiB, 49140 MiB, 299.77 W, 79
2026/08/28 06:10:25.335, 1, NVIDIA RTX 6000 Ada Generation, 91 %, 33634 MiB, 49140 MiB, 299.80 W, 82
2026/08/28 06:10:25.335, 2, NVIDIA RTX 6000 Ada Generation, 92 %, 33952 MiB, 49140 MiB, 299.02 W, 79
2026/08/28 06:10:25.335, 3, NVIDIA RTX 6000 Ada Generation, 94 %, 33482 MiB, 49140 MiB, 299.68 W, 79
2026/08/28 06:10:35.336, 0, NVIDIA RTX 6000 Ada Generation, 93 %, 33578 MiB, 49140 MiB, 297.86 W, 79
2026/08/28 06:10:35.336, 1, NVIDIA RTX 6000 Ada Generation, 98 %, 33634 MiB, 49140 MiB, 300.32 W, 82
2026/08/28 06:10:35.336, 2, NVIDIA RTX 6000 Ada Generation, 93 %, 33952 MiB, 49140 MiB, 299.40 W, 79
2026/08/28 06:10:35.336, 3, NVIDIA RTX 6000 Ada Generation, 95 %, 33482 MiB, 49140 MiB, 299.44 W, 78
2026/08/28 06:10:45.337, 0, NVIDIA RTX 6000 Ada Generation, 98 %, 33578 MiB, 49140 MiB, 299.75 W, 79
2026/08/28 06:10:45.337, 1, NVIDIA RTX 6000 Ada Generation, 98 %, 33634 MiB, 49140 MiB, 299.71 W, 82
2026/08/28 06:10:45.337, 2, NVIDIA RTX 6000 Ada Generation, 93 %, 33952 MiB, 49140 MiB, 299.39 W, 79
2026/08/28 06:10:45.337, 3, NVIDIA RTX 6000 Ada Generation, 98 %, 33482 MiB, 49140 MiB, 299.66 W, 79
2026/08/28 06:10:55.338, 0, NVIDIA RTX 6000 Ada Generation, 95 %, 33578 MiB, 49140 MiB, 296.88 W, 79
2026/08/28 06:10:55.338, 1, NVIDIA RTX 6000 Ada Generation, 98 %, 33634 MiB, 49140 MiB, 299.57 W, 82
2026/08/28 06:10:55.338, 2, NVIDIA RTX 6000 Ada Generation, 99 %, 33952 MiB, 49140 MiB, 299.13 W, 79
2026/08/28 06:10:55.338, 3, NVIDIA RTX 6000 Ada Generation, 98 %, 33482 MiB, 49140 MiB, 299.79 W, 79
2026/08/28 06:11:05.339, 0, NVIDIA RTX 6000 Ada Generation, 98 %, 33578 MiB, 49140 MiB, 299.68 W, 79
2026/08/28 06:11:05.339, 1, NVIDIA RTX 6000 Ada Generation, 91 %, 33634 MiB, 49140 MiB, 300.08 W, 82
2026/08/28 06:11:05.339, 2, NVIDIA RTX 6000 Ada Generation, 98 %, 33952 MiB, 49140 MiB, 299.75 W, 79
2026/08/28 06:11:05.339, 3, NVIDIA RTX 6000 Ada Generation, 98 %, 33482 MiB, 49140 MiB, 299.87 W, 78
2026/08/28 06:11:15.340, 0, NVIDIA RTX 6000 Ada Generation, 98 %, 33578 MiB, 49140 MiB, 299.69 W, 79
2026/08/28 06:11:15.340, 1, NVIDIA RTX 6000 Ada Generation, 98 %, 33634 MiB, 49140 MiB, 299.92 W, 82
2026/08/28 06:11:15.340, 2, NVIDIA RTX 6000 Ada Generation, 95 %, 33952 MiB, 49140 MiB, 298.11 W, 79
2026/08/28 06:11:15.341, 3, NVIDIA RTX 6000 Ada Generation, 98 %, 33482 MiB, 49140 MiB, 299.78 W, 78
2026/08/28 06:11:25.341, 0, NVIDIA RTX 6000 Ada Generation, 98 %, 33578 MiB, 49140 MiB, 299.81 W, 79
2026/08/28 06:11:25.341, 1, NVIDIA RTX 6000 Ada Generation, 98 %, 33634 MiB, 49140 MiB, 299.59 W, 82
2026/08/28 06:11:25.341, 2, NVIDIA RTX 6000 Ada Generation, 95 %, 33952 MiB, 49140 MiB, 299.16 W, 79
2026/08/28 06:11:25.342, 3, NVIDIA RTX 6000 Ada Generation, 98 %, 33482 MiB, 49140 MiB, 299.21 W, 78
2026/08/28 06:11:35.342, 0, NVIDIA RTX 6000 Ada Generation, 98 %, 33578 MiB, 49140 MiB, 299.87 W, 79
2026/08/28 06:11:35.342, 1, NVIDIA RTX 6000 Ada Generation, 94 %, 33634 MiB, 49140 MiB, 299.37 W, 82
2026/08/28 06:11:35.343, 2, NVIDIA RTX 6000 Ada Generation, 98 %, 33952 MiB, 49140 MiB, 299.75 W, 79
2026/08/28 06:11:35.343, 3, NVIDIA RTX 6000 Ada Generation, 98 %, 33482 MiB, 49140 MiB, 299.42 W, 78
2026/08/28 06:11:45.343, 0, NVIDIA RTX 6000 Ada Generation, 93 %, 33578 MiB, 49140 MiB, 299.15 W, 79
2026/08/28 06:11:45.344, 1, NVIDIA RTX 6000 Ada Generation, 94 %, 33634 MiB, 49140 MiB, 299.41 W, 82
2026/08/28 06:11:45.344, 2, NVIDIA RTX 6000 Ada Generation, 98 %, 33952 MiB, 49140 MiB, 299.41 W, 79
2026/08/28 06:11:45.344, 3, NVIDIA RTX 6000 Ada Generation, 98 %, 33482 MiB, 49140 MiB, 299.92 W, 78
2026/08/28 06:11:55.344, 0, NVIDIA RTX 6000 Ada Generation, 98 %, 33578 MiB, 49140 MiB, 299.60 W, 79
2026/08/28 06:11:55.345, 1, NVIDIA RTX 6000 Ada Generation, 98 %, 33634 MiB, 49140 MiB, 299.29 W, 82
2026/08/28 06:11:55.345, 2, NVIDIA RTX 6000 Ada Generation, 98 %, 33952 MiB, 49140 MiB, 300.05 W, 79
2026/08/28 06:11:55.345, 3, NVIDIA RTX 6000 Ada Generation, 98 %, 33482 MiB, 49140 MiB, 299.79 W, 78
2026/08/28 06:12:05.345, 0, NVIDIA RTX 6000 Ada Generation, 98 %, 33578 MiB, 49140 MiB, 299.70 W, 79
2026/08/28 06:12:05.346, 1, NVIDIA RTX 6000 Ada Generation, 98 %, 33634 MiB, 49140 MiB, 299.64 W, 82
2026/08/28 06:12:05.346, 2, NVIDIA RTX 6000 Ada Generation, 98 %, 33952 MiB, 49140 MiB, 299.66 W, 79
2026/08/28 06:12:05.346, 3, NVIDIA RTX 6000 Ada Generation, 98 %, 33482 MiB, 49140 MiB, 300.39 W, 78
2026/08/28 06:12:15.347, 0, NVIDIA RTX 6000 Ada Generation, 98 %, 33578 MiB, 49140 MiB, 299.85 W, 79
2026/08/28 06:12:15.347, 1, NVIDIA RTX 6000 Ada Generation, 98 %, 33634 MiB, 49140 MiB, 299.51 W, 82
2026/08/28 06:12:15.347, 2, NVIDIA RTX 6000 Ada Generation, 98 %, 33952 MiB, 49140 MiB, 299.71 W, 79
2026/08/28 06:12:15.347, 3, NVIDIA RTX 6000 Ada Generation, 99 %, 33482 MiB, 49140 MiB, 299.43 W, 78
2026/08/28 06:12:25.348, 0, NVIDIA RTX 6000 Ada Generation, 98 %, 33578 MiB, 49140 MiB, 299.86 W, 79
2026/08/28 06:12:25.348, 1, NVIDIA RTX 6000 Ada Generation, 98 %, 33634 MiB, 49140 MiB, 299.60 W, 82
2026/08/28 06:12:25.348, 2, NVIDIA RTX 6000 Ada Generation, 95 %, 33952 MiB, 49140 MiB, 299.89 W, 79
2026/08/28 06:12:25.348, 3, NVIDIA RTX 6000 Ada Generation, 91 %, 33482 MiB, 49140 MiB, 299.88 W, 78
2026/08/28 06:12:35.349, 0, NVIDIA RTX 6000 Ada Generation, 98 %, 33578 MiB, 49140 MiB, 299.79 W, 79
2026/08/28 06:12:35.349, 1, NVIDIA RTX 6000 Ada Generation, 98 %, 33634 MiB, 49140 MiB, 299.51 W, 82
2026/08/28 06:12:35.349, 2, NVIDIA RTX 6000 Ada Generation, 98 %, 33952 MiB, 49140 MiB, 300.16 W, 79
2026/08/28 06:12:35.349, 3, NVIDIA RTX 6000 Ada Generation, 98 %, 33482 MiB, 49140 MiB, 298.92 W, 78
2026/08/28 06:12:45.350, 0, NVIDIA RTX 6000 Ada Generation, 91 %, 33578 MiB, 49140 MiB, 299.35 W, 79
2026/08/28 06:12:45.350, 1, NVIDIA RTX 6000 Ada Generation, 98 %, 33634 MiB, 49140 MiB, 299.89 W, 82
2026/08/28 06:12:45.350, 2, NVIDIA RTX 6000 Ada Generation, 98 %, 33952 MiB, 49140 MiB, 300.00 W, 79
2026/08/28 06:12:45.350, 3, NVIDIA RTX 6000 Ada Generation, 98 %, 33482 MiB, 49140 MiB, 299.76 W, 78
2026/08/28 06:12:55.351, 0, NVIDIA RTX 6000 Ada Generation, 99 %, 33578 MiB, 49140 MiB, 299.70 W, 79
2026/08/28 06:12:55.351, 1, NVIDIA RTX 6000 Ada Generation, 98 %, 33634 MiB, 49140 MiB, 299.64 W, 82
2026/08/28 06:12:55.351, 2, NVIDIA RTX 6000 Ada Generation, 98 %, 33952 MiB, 49140 MiB, 299.25 W, 79
2026/08/28 06:12:55.351, 3, NVIDIA RTX 6000 Ada Generation, 94 %, 33482 MiB, 49140 MiB, 299.19 W, 78
2026/08/28 06:13:05.352, 0, NVIDIA RTX 6000 Ada Generation, 98 %, 33578 MiB, 49140 MiB, 299.71 W, 79
2026/08/28 06:13:05.352, 1, NVIDIA RTX 6000 Ada Generation, 92 %, 33634 MiB, 49140 MiB, 300.00 W, 81
2026/08/28 06:13:05.352, 2, NVIDIA RTX 6000 Ada Generation, 98 %, 33952 MiB, 49140 MiB, 298.96 W, 79
2026/08/28 06:13:05.352, 3, NVIDIA RTX 6000 Ada Generation, 98 %, 33482 MiB, 49140 MiB, 300.34 W, 78
2026/08/28 06:13:15.353, 0, NVIDIA RTX 6000 Ada Generation, 98 %, 33578 MiB, 49140 MiB, 299.89 W, 79
2026/08/28 06:13:15.353, 1, NVIDIA RTX 6000 Ada Generation, 94 %, 33634 MiB, 49140 MiB, 299.40 W, 81
2026/08/28 06:13:15.353, 2, NVIDIA RTX 6000 Ada Generation, 98 %, 33952 MiB, 49140 MiB, 300.18 W, 79
2026/08/28 06:13:15.353, 3, NVIDIA RTX 6000 Ada Generation, 99 %, 33482 MiB, 49140 MiB, 299.71 W, 78
2026/08/28 06:13:25.354, 0, NVIDIA RTX 6000 Ada Generation, 93 %, 33578 MiB, 49140 MiB, 299.53 W, 80
2026/08/28 06:13:25.354, 1, NVIDIA RTX 6000 Ada Generation, 98 %, 33634 MiB, 49140 MiB, 299.66 W, 82
2026/08/28 06:13:25.355, 2, NVIDIA RTX 6000 Ada Generation, 98 %, 33952 MiB, 49140 MiB, 299.73 W, 79
2026/08/28 06:13:25.355, 3, NVIDIA RTX 6000 Ada Generation, 98 %, 33482 MiB, 49140 MiB, 299.65 W, 78
2026/08/28 06:13:35.355, 0, NVIDIA RTX 6000 Ada Generation, 98 %, 33578 MiB, 49140 MiB, 299.59 W, 79
2026/08/28 06:13:35.356, 1, NVIDIA RTX 6000 Ada Generation, 98 %, 33634 MiB, 49140 MiB, 299.90 W, 82
2026/08/28 06:13:35.356, 2, NVIDIA RTX 6000 Ada Generation, 92 %, 33952 MiB, 49140 MiB, 296.07 W, 79
2026/08/28 06:13:35.356, 3, NVIDIA RTX 6000 Ada Generation, 93 %, 33482 MiB, 49140 MiB, 299.61 W, 78
2026/08/28 06:13:45.357, 0, NVIDIA RTX 6000 Ada Generation, 91 %, 33578 MiB, 49140 MiB, 298.20 W, 79
2026/08/28 06:13:45.357, 1, NVIDIA RTX 6000 Ada Generation, 98 %, 33634 MiB, 49140 MiB, 300.02 W, 82
2026/08/28 06:13:45.357, 2, NVIDIA RTX 6000 Ada Generation, 93 %, 33952 MiB, 49140 MiB, 300.01 W, 79
2026/08/28 06:13:45.357, 3, NVIDIA RTX 6000 Ada Generation, 99 %, 33482 MiB, 49140 MiB, 299.61 W, 78
2026/08/28 06:13:55.358, 0, NVIDIA RTX 6000 Ada Generation, 98 %, 33578 MiB, 49140 MiB, 299.54 W, 79
2026/08/28 06:13:55.358, 1, NVIDIA RTX 6000 Ada Generation, 98 %, 33634 MiB, 49140 MiB, 299.77 W, 82
2026/08/28 06:13:55.358, 2, NVIDIA RTX 6000 Ada Generation, 98 %, 33952 MiB, 49140 MiB, 299.88 W, 79
2026/08/28 06:13:55.358, 3, NVIDIA RTX 6000 Ada Generation, 98 %, 33482 MiB, 49140 MiB, 299.74 W, 78
2026/08/28 06:14:05.359, 0, NVIDIA RTX 6000 Ada Generation, 99 %, 33578 MiB, 49140 MiB, 299.71 W, 79
2026/08/28 06:14:05.359, 1, NVIDIA RTX 6000 Ada Generation, 94 %, 33634 MiB, 49140 MiB, 299.42 W, 82
2026/08/28 06:14:05.359, 2, NVIDIA RTX 6000 Ada Generation, 98 %, 33952 MiB, 49140 MiB, 299.73 W, 79
2026/08/28 06:14:05.359, 3, NVIDIA RTX 6000 Ada Generation, 92 %, 33482 MiB, 49140 MiB, 299.99 W, 78
2026/08/28 06:14:15.360, 0, NVIDIA RTX 6000 Ada Generation, 98 %, 33578 MiB, 49140 MiB, 299.64 W, 79
2026/08/28 06:14:15.360, 1, NVIDIA RTX 6000 Ada Generation, 93 %, 33634 MiB, 49140 MiB, 299.74 W, 82
2026/08/28 06:14:15.360, 2, NVIDIA RTX 6000 Ada Generation, 98 %, 33952 MiB, 49140 MiB, 299.12 W, 79
2026/08/28 06:14:15.360, 3, NVIDIA RTX 6000 Ada Generation, 98 %, 33482 MiB, 49140 MiB, 299.62 W, 78
2026/08/28 06:14:25.361, 0, NVIDIA RTX 6000 Ada Generation, 98 %, 33578 MiB, 49140 MiB, 299.86 W, 79
2026/08/28 06:14:25.361, 1, NVIDIA RTX 6000 Ada Generation, 98 %, 33634 MiB, 49140 MiB, 299.67 W, 82
2026/08/28 06:14:25.361, 2, NVIDIA RTX 6000 Ada Generation, 98 %, 33952 MiB, 49140 MiB, 297.54 W, 79
2026/08/28 06:14:25.361, 3, NVIDIA RTX 6000 Ada Generation, 98 %, 33482 MiB, 49140 MiB, 299.67 W, 78
2026/08/28 06:14:35.362, 0, NVIDIA RTX 6000 Ada Generation, 94 %, 33578 MiB, 49140 MiB, 299.70 W, 80
2026/08/28 06:14:35.362, 1, NVIDIA RTX 6000 Ada Generation, 98 %, 33634 MiB, 49140 MiB, 299.59 W, 82
2026/08/28 06:14:35.363, 2, NVIDIA RTX 6000 Ada Generation, 93 %, 33952 MiB, 49140 MiB, 298.89 W, 79
2026/08/28 06:14:35.363, 3, NVIDIA RTX 6000 Ada Generation, 98 %, 33482 MiB, 49140 MiB, 299.13 W, 78
2026/08/28 06:14:45.363, 0, NVIDIA RTX 6000 Ada Generation, 98 %, 33578 MiB, 49140 MiB, 299.71 W, 79
2026/08/28 06:14:45.364, 1, NVIDIA RTX 6000 Ada Generation, 98 %, 33634 MiB, 49140 MiB, 299.85 W, 82
2026/08/28 06:14:45.364, 2, NVIDIA RTX 6000 Ada Generation, 98 %, 33952 MiB, 49140 MiB, 298.88 W, 79
2026/08/28 06:14:45.364, 3, NVIDIA RTX 6000 Ada Generation, 98 %, 33482 MiB, 49140 MiB, 299.55 W, 78
2026/08/28 06:14:55.365, 0, NVIDIA RTX 6000 Ada Generation, 98 %, 33578 MiB, 49140 MiB, 299.80 W, 79
2026/08/28 06:14:55.365, 1, NVIDIA RTX 6000 Ada Generation, 92 %, 33634 MiB, 49140 MiB, 298.59 W, 82
2026/08/28 06:14:55.365, 2, NVIDIA RTX 6000 Ada Generation, 98 %, 33952 MiB, 49140 MiB, 299.86 W, 79
2026/08/28 06:14:55.365, 3, NVIDIA RTX 6000 Ada Generation, 98 %, 33482 MiB, 49140 MiB, 298.45 W, 78
2026/08/28 06:15:05.366, 0, NVIDIA RTX 6000 Ada Generation, 98 %, 33578 MiB, 49140 MiB, 299.69 W, 79
2026/08/28 06:15:05.366, 1, NVIDIA RTX 6000 Ada Generation, 98 %, 33634 MiB, 49140 MiB, 299.61 W, 82
2026/08/28 06:15:05.366, 2, NVIDIA RTX 6000 Ada Generation, 98 %, 33952 MiB, 49140 MiB, 299.90 W, 79
2026/08/28 06:15:05.366, 3, NVIDIA RTX 6000 Ada Generation, 98 %, 33482 MiB, 49140 MiB, 299.78 W, 78
2026/08/28 06:15:15.367, 0, NVIDIA RTX 6000 Ada Generation, 98 %, 33578 MiB, 49140 MiB, 299.89 W, 79
2026/08/28 06:15:15.367, 1, NVIDIA RTX 6000 Ada Generation, 92 %, 33634 MiB, 49140 MiB, 296.47 W, 82
2026/08/28 06:15:15.367, 2, NVIDIA RTX 6000 Ada Generation, 98 %, 33952 MiB, 49140 MiB, 298.89 W, 79
2026/08/28 06:15:15.367, 3, NVIDIA RTX 6000 Ada Generation, 98 %, 33482 MiB, 49140 MiB, 299.72 W, 78
2026/08/28 06:15:25.368, 0, NVIDIA RTX 6000 Ada Generation, 98 %, 33578 MiB, 49140 MiB, 299.93 W, 79
2026/08/28 06:15:25.368, 1, NVIDIA RTX 6000 Ada Generation, 98 %, 33634 MiB, 49140 MiB, 298.68 W, 82
2026/08/28 06:15:25.368, 2, NVIDIA RTX 6000 Ada Generation, 98 %, 33952 MiB, 49140 MiB, 299.68 W, 79
2026/08/28 06:15:25.368, 3, NVIDIA RTX 6000 Ada Generation, 98 %, 33482 MiB, 49140 MiB, 299.93 W, 78
2026/08/28 06:15:35.369, 0, NVIDIA RTX 6000 Ada Generation, 94 %, 33578 MiB, 49140 MiB, 299.36 W, 80
2026/08/28 06:15:35.370, 1, NVIDIA RTX 6000 Ada Generation, 98 %, 33634 MiB, 49140 MiB, 299.16 W, 82
2026/08/28 06:15:35.370, 2, NVIDIA RTX 6000 Ada Generation, 99 %, 33952 MiB, 49140 MiB, 299.97 W, 79
2026/08/28 06:15:35.370, 3, NVIDIA RTX 6000 Ada Generation, 99 %, 33482 MiB, 49140 MiB, 299.77 W, 78
2026/08/28 06:15:45.371, 0, NVIDIA RTX 6000 Ada Generation, 98 %, 33578 MiB, 49140 MiB, 298.71 W, 79
2026/08/28 06:15:45.371, 1, NVIDIA RTX 6000 Ada Generation, 98 %, 33634 MiB, 49140 MiB, 299.78 W, 82
2026/08/28 06:15:45.371, 2, NVIDIA RTX 6000 Ada Generation, 98 %, 33952 MiB, 49140 MiB, 299.97 W, 79
2026/08/28 06:15:45.371, 3, NVIDIA RTX 6000 Ada Generation, 91 %, 33482 MiB, 49140 MiB, 299.66 W, 78
2026/08/28 06:15:55.372, 0, NVIDIA RTX 6000 Ada Generation, 98 %, 33578 MiB, 49140 MiB, 299.70 W, 79
2026/08/28 06:15:55.372, 1, NVIDIA RTX 6000 Ada Generation, 98 %, 33634 MiB, 49140 MiB, 299.23 W, 82
2026/08/28 06:15:55.372, 2, NVIDIA RTX 6000 Ada Generation, 91 %, 33952 MiB, 49140 MiB, 298.04 W, 79
2026/08/28 06:15:55.372, 3, NVIDIA RTX 6000 Ada Generation, 99 %, 33482 MiB, 49140 MiB, 299.71 W, 78
2026/08/28 06:16:05.373, 0, NVIDIA RTX 6000 Ada Generation, 98 %, 33578 MiB, 49140 MiB, 297.41 W, 79
2026/08/28 06:16:05.373, 1, NVIDIA RTX 6000 Ada Generation, 93 %, 33634 MiB, 49140 MiB, 299.19 W, 82
2026/08/28 06:16:05.373, 2, NVIDIA RTX 6000 Ada Generation, 93 %, 33952 MiB, 49140 MiB, 299.83 W, 79
2026/08/28 06:16:05.373, 3, NVIDIA RTX 6000 Ada Generation, 98 %, 33482 MiB, 49140 MiB, 299.65 W, 78
2026/08/28 06:16:15.374, 0, NVIDIA RTX 6000 Ada Generation, 98 %, 33578 MiB, 49140 MiB, 299.54 W, 79
2026/08/28 06:16:15.374, 1, NVIDIA RTX 6000 Ada Generation, 98 %, 33634 MiB, 49140 MiB, 299.78 W, 82
2026/08/28 06:16:15.374, 2, NVIDIA RTX 6000 Ada Generation, 94 %, 33952 MiB, 49140 MiB, 299.63 W, 79
2026/08/28 06:16:15.374, 3, NVIDIA RTX 6000 Ada Generation, 94 %, 33482 MiB, 49140 MiB, 299.87 W, 78
2026/08/28 06:16:25.375, 0, NVIDIA RTX 6000 Ada Generation, 98 %, 33578 MiB, 49140 MiB, 299.76 W, 79
2026/08/28 06:16:25.375, 1, NVIDIA RTX 6000 Ada Generation, 98 %, 33634 MiB, 49140 MiB, 299.34 W, 82
2026/08/28 06:16:25.375, 2, NVIDIA RTX 6000 Ada Generation, 98 %, 33952 MiB, 49140 MiB, 297.29 W, 78
2026/08/28 06:16:25.375, 3, NVIDIA RTX 6000 Ada Generation, 93 %, 33484 MiB, 49140 MiB, 299.65 W, 78
2026/08/28 06:16:35.376, 0, NVIDIA RTX 6000 Ada Generation, 98 %, 33578 MiB, 49140 MiB, 299.82 W, 79
2026/08/28 06:16:35.376, 1, NVIDIA RTX 6000 Ada Generation, 94 %, 33634 MiB, 49140 MiB, 300.06 W, 82
2026/08/28 06:16:35.377, 2, NVIDIA RTX 6000 Ada Generation, 98 %, 33952 MiB, 49140 MiB, 299.92 W, 79
2026/08/28 06:16:35.377, 3, NVIDIA RTX 6000 Ada Generation, 95 %, 33484 MiB, 49140 MiB, 299.57 W, 78
2026/08/28 06:16:45.377, 0, NVIDIA RTX 6000 Ada Generation, 98 %, 33578 MiB, 49140 MiB, 299.93 W, 79
2026/08/28 06:16:45.378, 1, NVIDIA RTX 6000 Ada Generation, 98 %, 33634 MiB, 49140 MiB, 300.07 W, 82
2026/08/28 06:16:45.378, 2, NVIDIA RTX 6000 Ada Generation, 98 %, 33952 MiB, 49140 MiB, 299.95 W, 79
2026/08/28 06:16:45.378, 3, NVIDIA RTX 6000 Ada Generation, 98 %, 33484 MiB, 49140 MiB, 300.26 W, 79
2026/08/28 06:16:55.786, 0, NVIDIA RTX 6000 Ada Generation, 98 %, 33578 MiB, 49140 MiB, 299.95 W, 79
2026/08/28 06:16:55.786, 1, NVIDIA RTX 6000 Ada Generation, 98 %, 33634 MiB, 49140 MiB, 299.74 W, 82
2026/08/28 06:16:55.786, 2, NVIDIA RTX 6000 Ada Generation, 98 %, 33952 MiB, 49140 MiB, 299.69 W, 79
2026/08/28 06:16:55.786, 3, NVIDIA RTX 6000 Ada Generation, 98 %, 33484 MiB, 49140 MiB, 300.00 W, 78
2026/08/28 06:17:05.787, 0, NVIDIA RTX 6000 Ada Generation, 98 %, 33578 MiB, 49140 MiB, 297.46 W, 79
2026/08/28 06:17:05.787, 1, NVIDIA RTX 6000 Ada Generation, 98 %, 33634 MiB, 49140 MiB, 299.38 W, 81
2026/08/28 06:17:05.787, 2, NVIDIA RTX 6000 Ada Generation, 98 %, 33952 MiB, 49140 MiB, 299.85 W, 79
2026/08/28 06:17:05.787, 3, NVIDIA RTX 6000 Ada Generation, 98 %, 33484 MiB, 49140 MiB, 299.88 W, 78
2026/08/28 06:17:15.788, 0, NVIDIA RTX 6000 Ada Generation, 93 %, 33578 MiB, 49140 MiB, 299.42 W, 80
2026/08/28 06:17:15.788, 1, NVIDIA RTX 6000 Ada Generation, 92 %, 33634 MiB, 49140 MiB, 299.78 W, 82
2026/08/28 06:17:15.789, 2, NVIDIA RTX 6000 Ada Generation, 91 %, 33952 MiB, 49140 MiB, 298.79 W, 79
2026/08/28 06:17:15.789, 3, NVIDIA RTX 6000 Ada Generation, 98 %, 33484 MiB, 49140 MiB, 299.98 W, 78
2026/08/28 06:17:25.789, 0, NVIDIA RTX 6000 Ada Generation, 99 %, 33578 MiB, 49140 MiB, 296.76 W, 79
2026/08/28 06:17:25.790, 1, NVIDIA RTX 6000 Ada Generation, 98 %, 33634 MiB, 49140 MiB, 300.06 W, 82
2026/08/28 06:17:25.790, 2, NVIDIA RTX 6000 Ada Generation, 98 %, 33952 MiB, 49140 MiB, 300.02 W, 79
2026/08/28 06:17:25.790, 3, NVIDIA RTX 6000 Ada Generation, 99 %, 33484 MiB, 49140 MiB, 299.76 W, 78
2026/08/28 06:17:35.791, 0, NVIDIA RTX 6000 Ada Generation, 98 %, 33578 MiB, 49140 MiB, 299.57 W, 79
2026/08/28 06:17:35.791, 1, NVIDIA RTX 6000 Ada Generation, 94 %, 33634 MiB, 49140 MiB, 299.04 W, 81
2026/08/28 06:17:35.791, 2, NVIDIA RTX 6000 Ada Generation, 99 %, 33952 MiB, 49140 MiB, 299.59 W, 79
2026/08/28 06:17:35.791, 3, NVIDIA RTX 6000 Ada Generation, 98 %, 33484 MiB, 49140 MiB, 299.70 W, 78
2026/08/28 06:17:45.792, 0, NVIDIA RTX 6000 Ada Generation, 93 %, 33578 MiB, 49140 MiB, 300.00 W, 79
2026/08/28 06:17:45.792, 1, NVIDIA RTX 6000 Ada Generation, 98 %, 33634 MiB, 49140 MiB, 299.23 W, 81
2026/08/28 06:17:45.792, 2, NVIDIA RTX 6000 Ada Generation, 98 %, 33952 MiB, 49140 MiB, 299.73 W, 79
2026/08/28 06:17:45.792, 3, NVIDIA RTX 6000 Ada Generation, 98 %, 33484 MiB, 49140 MiB, 298.89 W, 78
2026/08/28 06:17:55.793, 0, NVIDIA RTX 6000 Ada Generation, 98 %, 33578 MiB, 49140 MiB, 299.65 W, 79
2026/08/28 06:17:55.793, 1, NVIDIA RTX 6000 Ada Generation, 98 %, 33634 MiB, 49140 MiB, 299.81 W, 82
2026/08/28 06:17:55.793, 2, NVIDIA RTX 6000 Ada Generation, 98 %, 33952 MiB, 49140 MiB, 299.90 W, 79
2026/08/28 06:17:55.793, 3, NVIDIA RTX 6000 Ada Generation, 98 %, 33484 MiB, 49140 MiB, 299.21 W, 78
2026/08/28 06:18:05.794, 0, NVIDIA RTX 6000 Ada Generation, 99 %, 33578 MiB, 49140 MiB, 299.78 W, 79
2026/08/28 06:18:05.794, 1, NVIDIA RTX 6000 Ada Generation, 98 %, 33634 MiB, 49140 MiB, 299.89 W, 82
2026/08/28 06:18:05.794, 2, NVIDIA RTX 6000 Ada Generation, 98 %, 33952 MiB, 49140 MiB, 299.07 W, 79
2026/08/28 06:18:05.794, 3, NVIDIA RTX 6000 Ada Generation, 91 %, 33484 MiB, 49140 MiB, 299.26 W, 78
2026/08/28 06:18:15.795, 0, NVIDIA RTX 6000 Ada Generation, 98 %, 33578 MiB, 49140 MiB, 299.81 W, 79
2026/08/28 06:18:15.795, 1, NVIDIA RTX 6000 Ada Generation, 95 %, 33634 MiB, 49140 MiB, 298.78 W, 82
2026/08/28 06:18:15.795, 2, NVIDIA RTX 6000 Ada Generation, 98 %, 33952 MiB, 49140 MiB, 299.73 W, 79
2026/08/28 06:18:15.795, 3, NVIDIA RTX 6000 Ada Generation, 92 %, 33484 MiB, 49140 MiB, 299.62 W, 78
2026/08/28 06:18:25.796, 0, NVIDIA RTX 6000 Ada Generation, 98 %, 33578 MiB, 49140 MiB, 299.72 W, 79
2026/08/28 06:18:25.796, 1, NVIDIA RTX 6000 Ada Generation, 98 %, 33634 MiB, 49140 MiB, 299.86 W, 82
2026/08/28 06:18:25.796, 2, NVIDIA RTX 6000 Ada Generation, 98 %, 33952 MiB, 49140 MiB, 299.12 W, 79
2026/08/28 06:18:25.796, 3, NVIDIA RTX 6000 Ada Generation, 95 %, 33484 MiB, 49140 MiB, 299.48 W, 78
2026/08/28 06:18:35.797, 0, NVIDIA RTX 6000 Ada Generation, 98 %, 33578 MiB, 49140 MiB, 300.00 W, 79
2026/08/28 06:18:35.797, 1, NVIDIA RTX 6000 Ada Generation, 98 %, 33634 MiB, 49140 MiB, 299.83 W, 82
2026/08/28 06:18:35.798, 2, NVIDIA RTX 6000 Ada Generation, 93 %, 33952 MiB, 49140 MiB, 299.83 W, 79
2026/08/28 06:18:35.798, 3, NVIDIA RTX 6000 Ada Generation, 98 %, 33484 MiB, 49140 MiB, 299.83 W, 78
2026/08/28 06:18:45.798, 0, NVIDIA RTX 6000 Ada Generation, 98 %, 33578 MiB, 49140 MiB, 299.87 W, 79
2026/08/28 06:18:45.799, 1, NVIDIA RTX 6000 Ada Generation, 98 %, 33634 MiB, 49140 MiB, 299.24 W, 82
2026/08/28 06:18:45.799, 2, NVIDIA RTX 6000 Ada Generation, 93 %, 33952 MiB, 49140 MiB, 299.42 W, 79
2026/08/28 06:18:45.799, 3, NVIDIA RTX 6000 Ada Generation, 98 %, 33484 MiB, 49140 MiB, 299.74 W, 78
2026/08/28 06:18:55.800, 0, NVIDIA RTX 6000 Ada Generation, 98 %, 33578 MiB, 49140 MiB, 299.91 W, 79
2026/08/28 06:18:55.800, 1, NVIDIA RTX 6000 Ada Generation, 98 %, 33634 MiB, 49140 MiB, 299.62 W, 82
2026/08/28 06:18:55.800, 2, NVIDIA RTX 6000 Ada Generation, 98 %, 33952 MiB, 49140 MiB, 300.05 W, 79
2026/08/28 06:18:55.800, 3, NVIDIA RTX 6000 Ada Generation, 98 %, 33484 MiB, 49140 MiB, 299.83 W, 78
2026/08/28 06:19:05.801, 0, NVIDIA RTX 6000 Ada Generation, 92 %, 33578 MiB, 49140 MiB, 300.62 W, 79
2026/08/28 06:19:05.801, 1, NVIDIA RTX 6000 Ada Generation, 98 %, 33634 MiB, 49140 MiB, 294.35 W, 82
2026/08/28 06:19:05.801, 2, NVIDIA RTX 6000 Ada Generation, 95 %, 33952 MiB, 49140 MiB, 296.01 W, 79
2026/08/28 06:19:05.801, 3, NVIDIA RTX 6000 Ada Generation, 99 %, 33484 MiB, 49140 MiB, 299.95 W, 78
2026/08/28 06:19:15.802, 0, NVIDIA RTX 6000 Ada Generation, 92 %, 33578 MiB, 49140 MiB, 299.57 W, 79
2026/08/28 06:19:15.802, 1, NVIDIA RTX 6000 Ada Generation, 98 %, 33634 MiB, 49140 MiB, 299.68 W, 82
2026/08/28 06:19:15.802, 2, NVIDIA RTX 6000 Ada Generation, 98 %, 33952 MiB, 49140 MiB, 299.79 W, 79
2026/08/28 06:19:15.802, 3, NVIDIA RTX 6000 Ada Generation, 98 %, 33484 MiB, 49140 MiB, 299.24 W, 78
2026/08/28 06:19:25.803, 0, NVIDIA RTX 6000 Ada Generation, 99 %, 33578 MiB, 49140 MiB, 299.39 W, 79
2026/08/28 06:19:25.803, 1, NVIDIA RTX 6000 Ada Generation, 98 %, 33634 MiB, 49140 MiB, 299.86 W, 82
2026/08/28 06:19:25.803, 2, NVIDIA RTX 6000 Ada Generation, 98 %, 33952 MiB, 49140 MiB, 299.88 W, 79
2026/08/28 06:19:25.803, 3, NVIDIA RTX 6000 Ada Generation, 98 %, 33484 MiB, 49140 MiB, 299.79 W, 78
2026/08/28 06:19:35.804, 0, NVIDIA RTX 6000 Ada Generation, 98 %, 33578 MiB, 49140 MiB, 299.13 W, 79
2026/08/28 06:19:35.804, 1, NVIDIA RTX 6000 Ada Generation, 91 %, 33634 MiB, 49140 MiB, 299.48 W, 82
2026/08/28 06:19:35.804, 2, NVIDIA RTX 6000 Ada Generation, 98 %, 33952 MiB, 49140 MiB, 299.89 W, 79
2026/08/28 06:19:35.804, 3, NVIDIA RTX 6000 Ada Generation, 99 %, 33484 MiB, 49140 MiB, 299.81 W, 78
2026/08/28 06:19:45.805, 0, NVIDIA RTX 6000 Ada Generation, 98 %, 33578 MiB, 49140 MiB, 299.68 W, 79
2026/08/28 06:19:45.805, 1, NVIDIA RTX 6000 Ada Generation, 98 %, 33634 MiB, 49140 MiB, 299.02 W, 82
2026/08/28 06:19:45.805, 2, NVIDIA RTX 6000 Ada Generation, 98 %, 33952 MiB, 49140 MiB, 299.63 W, 79
2026/08/28 06:19:45.805, 3, NVIDIA RTX 6000 Ada Generation, 98 %, 33484 MiB, 49140 MiB, 299.49 W, 78
2026/08/28 06:19:55.806, 0, NVIDIA RTX 6000 Ada Generation, 98 %, 33578 MiB, 49140 MiB, 299.90 W, 79
2026/08/28 06:19:55.806, 1, NVIDIA RTX 6000 Ada Generation, 98 %, 33634 MiB, 49140 MiB, 299.27 W, 82
2026/08/28 06:19:55.806, 2, NVIDIA RTX 6000 Ada Generation, 92 %, 33952 MiB, 49140 MiB, 299.62 W, 79
2026/08/28 06:19:55.807, 3, NVIDIA RTX 6000 Ada Generation, 99 %, 33484 MiB, 49140 MiB, 299.59 W, 78
2026/08/28 06:20:05.807, 0, NVIDIA RTX 6000 Ada Generation, 98 %, 33578 MiB, 49140 MiB, 299.79 W, 79
2026/08/28 06:20:05.808, 1, NVIDIA RTX 6000 Ada Generation, 91 %, 33634 MiB, 49140 MiB, 299.26 W, 82
2026/08/28 06:20:05.808, 2, NVIDIA RTX 6000 Ada Generation, 98 %, 33952 MiB, 49140 MiB, 300.37 W, 79
2026/08/28 06:20:05.808, 3, NVIDIA RTX 6000 Ada Generation, 93 %, 33484 MiB, 49140 MiB, 299.61 W, 78
2026/08/28 06:20:15.808, 0, NVIDIA RTX 6000 Ada Generation, 98 %, 33578 MiB, 49140 MiB, 299.94 W, 79
2026/08/28 06:20:15.809, 1, NVIDIA RTX 6000 Ada Generation, 95 %, 33634 MiB, 49140 MiB, 298.87 W, 82
2026/08/28 06:20:15.809, 2, NVIDIA RTX 6000 Ada Generation, 98 %, 33952 MiB, 49140 MiB, 300.03 W, 79
2026/08/28 06:20:15.809, 3, NVIDIA RTX 6000 Ada Generation, 98 %, 33484 MiB, 49140 MiB, 299.65 W, 78
2026/08/28 06:20:25.810, 0, NVIDIA RTX 6000 Ada Generation, 98 %, 33578 MiB, 49140 MiB, 299.85 W, 79
2026/08/28 06:20:25.810, 1, NVIDIA RTX 6000 Ada Generation, 98 %, 33634 MiB, 49140 MiB, 300.20 W, 82
2026/08/28 06:20:25.810, 2, NVIDIA RTX 6000 Ada Generation, 99 %, 33952 MiB, 49140 MiB, 299.01 W, 79
2026/08/28 06:20:25.810, 3, NVIDIA RTX 6000 Ada Generation, 94 %, 33484 MiB, 49140 MiB, 299.69 W, 78
2026/08/28 06:20:35.811, 0, NVIDIA RTX 6000 Ada Generation, 98 %, 33578 MiB, 49140 MiB, 299.60 W, 79
2026/08/28 06:20:35.811, 1, NVIDIA RTX 6000 Ada Generation, 98 %, 33634 MiB, 49140 MiB, 299.90 W, 82
2026/08/28 06:20:35.811, 2, NVIDIA RTX 6000 Ada Generation, 98 %, 33952 MiB, 49140 MiB, 299.85 W, 79
2026/08/28 06:20:35.811, 3, NVIDIA RTX 6000 Ada Generation, 98 %, 33484 MiB, 49140 MiB, 299.62 W, 78
2026/08/28 06:20:45.812, 0, NVIDIA RTX 6000 Ada Generation, 98 %, 33578 MiB, 49140 MiB, 299.76 W, 79
2026/08/28 06:20:45.812, 1, NVIDIA RTX 6000 Ada Generation, 98 %, 33634 MiB, 49140 MiB, 299.73 W, 82
2026/08/28 06:20:45.812, 2, NVIDIA RTX 6000 Ada Generation, 98 %, 33952 MiB, 49140 MiB, 299.83 W, 79
2026/08/28 06:20:45.812, 3, NVIDIA RTX 6000 Ada Generation, 98 %, 33484 MiB, 49140 MiB, 299.81 W, 78
2026/08/28 06:20:55.813, 0, NVIDIA RTX 6000 Ada Generation, 92 %, 33578 MiB, 49140 MiB, 298.88 W, 79
2026/08/28 06:20:55.813, 1, NVIDIA RTX 6000 Ada Generation, 98 %, 33634 MiB, 49140 MiB, 299.70 W, 82
2026/08/28 06:20:55.813, 2, NVIDIA RTX 6000 Ada Generation, 99 %, 33952 MiB, 49140 MiB, 298.86 W, 79
2026/08/28 06:20:55.813, 3, NVIDIA RTX 6000 Ada Generation, 98 %, 33484 MiB, 49140 MiB, 299.87 W, 78
2026/08/28 06:21:05.814, 0, NVIDIA RTX 6000 Ada Generation, 96 %, 33578 MiB, 49140 MiB, 299.90 W, 80
2026/08/28 06:21:05.814, 1, NVIDIA RTX 6000 Ada Generation, 98 %, 33634 MiB, 49140 MiB, 299.32 W, 82
2026/08/28 06:21:05.814, 2, NVIDIA RTX 6000 Ada Generation, 98 %, 33952 MiB, 49140 MiB, 299.41 W, 79
2026/08/28 06:21:05.814, 3, NVIDIA RTX 6000 Ada Generation, 98 %, 33484 MiB, 49140 MiB, 299.69 W, 78
2026/08/28 06:21:15.815, 0, NVIDIA RTX 6000 Ada Generation, 94 %, 33578 MiB, 49140 MiB, 299.56 W, 79
2026/08/28 06:21:15.816, 1, NVIDIA RTX 6000 Ada Generation, 98 %, 33634 MiB, 49140 MiB, 299.48 W, 82
2026/08/28 06:21:15.816, 2, NVIDIA RTX 6000 Ada Generation, 98 %, 33952 MiB, 49140 MiB, 299.26 W, 79
2026/08/28 06:21:15.816, 3, NVIDIA RTX 6000 Ada Generation, 98 %, 33484 MiB, 49140 MiB, 299.72 W, 78
2026/08/28 06:21:25.816, 0, NVIDIA RTX 6000 Ada Generation, 98 %, 33578 MiB, 49140 MiB, 299.63 W, 79
2026/08/28 06:21:25.817, 1, NVIDIA RTX 6000 Ada Generation, 98 %, 33634 MiB, 49140 MiB, 299.42 W, 82
2026/08/28 06:21:25.817, 2, NVIDIA RTX 6000 Ada Generation, 93 %, 33952 MiB, 49140 MiB, 299.23 W, 79
2026/08/28 06:21:25.817, 3, NVIDIA RTX 6000 Ada Generation, 93 %, 33484 MiB, 49140 MiB, 299.51 W, 78
2026/08/28 06:21:35.818, 0, NVIDIA RTX 6000 Ada Generation, 98 %, 33578 MiB, 49140 MiB, 299.79 W, 79
2026/08/28 06:21:35.818, 1, NVIDIA RTX 6000 Ada Generation, 98 %, 33634 MiB, 49140 MiB, 299.53 W, 82
2026/08/28 06:21:35.818, 2, NVIDIA RTX 6000 Ada Generation, 95 %, 33952 MiB, 49140 MiB, 299.28 W, 79
2026/08/28 06:21:35.818, 3, NVIDIA RTX 6000 Ada Generation, 99 %, 33484 MiB, 49140 MiB, 295.67 W, 78
2026/08/28 06:21:45.819, 0, NVIDIA RTX 6000 Ada Generation, 92 %, 33578 MiB, 49140 MiB, 299.75 W, 79
2026/08/28 06:21:45.819, 1, NVIDIA RTX 6000 Ada Generation, 98 %, 33634 MiB, 49140 MiB, 300.05 W, 82
2026/08/28 06:21:45.819, 2, NVIDIA RTX 6000 Ada Generation, 93 %, 33952 MiB, 49140 MiB, 299.39 W, 79
2026/08/28 06:21:45.819, 3, NVIDIA RTX 6000 Ada Generation, 98 %, 33484 MiB, 49140 MiB, 299.52 W, 78
2026/08/28 06:21:55.820, 0, NVIDIA RTX 6000 Ada Generation, 99 %, 33578 MiB, 49140 MiB, 299.66 W, 79
2026/08/28 06:21:55.820, 1, NVIDIA RTX 6000 Ada Generation, 98 %, 33634 MiB, 49140 MiB, 299.59 W, 82
2026/08/28 06:21:55.820, 2, NVIDIA RTX 6000 Ada Generation, 98 %, 33952 MiB, 49140 MiB, 299.95 W, 79
2026/08/28 06:21:55.820, 3, NVIDIA RTX 6000 Ada Generation, 98 %, 33484 MiB, 49140 MiB, 299.77 W, 78
2026/08/28 06:22:05.821, 0, NVIDIA RTX 6000 Ada Generation, 98 %, 33578 MiB, 49140 MiB, 298.56 W, 79
2026/08/28 06:22:05.821, 1, NVIDIA RTX 6000 Ada Generation, 92 %, 33634 MiB, 49140 MiB, 299.73 W, 82
2026/08/28 06:22:05.821, 2, NVIDIA RTX 6000 Ada Generation, 98 %, 33952 MiB, 49140 MiB, 299.71 W, 79
2026/08/28 06:22:05.821, 3, NVIDIA RTX 6000 Ada Generation, 99 %, 33484 MiB, 49140 MiB, 299.47 W, 78
2026/08/28 06:22:15.822, 0, NVIDIA RTX 6000 Ada Generation, 98 %, 33578 MiB, 49140 MiB, 299.63 W, 79
2026/08/28 06:22:15.822, 1, NVIDIA RTX 6000 Ada Generation, 98 %, 33634 MiB, 49140 MiB, 299.66 W, 82
2026/08/28 06:22:15.822, 2, NVIDIA RTX 6000 Ada Generation, 98 %, 33952 MiB, 49140 MiB, 299.61 W, 79
2026/08/28 06:22:15.822, 3, NVIDIA RTX 6000 Ada Generation, 90 %, 33484 MiB, 49140 MiB, 298.55 W, 78
2026/08/28 06:22:25.823, 0, NVIDIA RTX 6000 Ada Generation, 98 %, 33578 MiB, 49140 MiB, 299.49 W, 79
2026/08/28 06:22:25.823, 1, NVIDIA RTX 6000 Ada Generation, 95 %, 33634 MiB, 49140 MiB, 299.02 W, 82
2026/08/28 06:22:25.823, 2, NVIDIA RTX 6000 Ada Generation, 95 %, 33952 MiB, 49140 MiB, 300.03 W, 79
2026/08/28 06:22:25.823, 3, NVIDIA RTX 6000 Ada Generation, 98 %, 33484 MiB, 49140 MiB, 299.80 W, 78
2026/08/28 06:22:35.824, 0, NVIDIA RTX 6000 Ada Generation, 98 %, 33578 MiB, 49140 MiB, 299.56 W, 79
2026/08/28 06:22:35.824, 1, NVIDIA RTX 6000 Ada Generation, 98 %, 33634 MiB, 49140 MiB, 299.58 W, 82
2026/08/28 06:22:35.825, 2, NVIDIA RTX 6000 Ada Generation, 98 %, 33952 MiB, 49140 MiB, 299.79 W, 79
2026/08/28 06:22:35.825, 3, NVIDIA RTX 6000 Ada Generation, 92 %, 33484 MiB, 49140 MiB, 299.16 W, 78
2026/08/28 06:22:45.825, 0, NVIDIA RTX 6000 Ada Generation, 98 %, 33578 MiB, 49140 MiB, 299.48 W, 79
2026/08/28 06:22:45.826, 1, NVIDIA RTX 6000 Ada Generation, 98 %, 33634 MiB, 49140 MiB, 299.04 W, 82
2026/08/28 06:22:45.826, 2, NVIDIA RTX 6000 Ada Generation, 99 %, 33952 MiB, 49140 MiB, 298.77 W, 79
2026/08/28 06:22:45.826, 3, NVIDIA RTX 6000 Ada Generation, 98 %, 33484 MiB, 49140 MiB, 299.67 W, 78
2026/08/28 06:22:55.827, 0, NVIDIA RTX 6000 Ada Generation, 98 %, 33578 MiB, 49140 MiB, 299.28 W, 79
2026/08/28 06:22:55.827, 1, NVIDIA RTX 6000 Ada Generation, 98 %, 33634 MiB, 49140 MiB, 295.33 W, 82
2026/08/28 06:22:55.827, 2, NVIDIA RTX 6000 Ada Generation, 99 %, 33952 MiB, 49140 MiB, 299.79 W, 79
2026/08/28 06:22:55.827, 3, NVIDIA RTX 6000 Ada Generation, 90 %, 33484 MiB, 49140 MiB, 299.51 W, 78
2026/08/28 06:23:05.828, 0, NVIDIA RTX 6000 Ada Generation, 93 %, 33578 MiB, 49140 MiB, 295.92 W, 79
2026/08/28 06:23:05.828, 1, NVIDIA RTX 6000 Ada Generation, 98 %, 33634 MiB, 49140 MiB, 300.10 W, 82
2026/08/28 06:23:05.828, 2, NVIDIA RTX 6000 Ada Generation, 99 %, 33952 MiB, 49140 MiB, 299.85 W, 79
2026/08/28 06:23:05.828, 3, NVIDIA RTX 6000 Ada Generation, 98 %, 33484 MiB, 49140 MiB, 299.90 W, 78
2026/08/28 06:23:15.829, 0, NVIDIA RTX 6000 Ada Generation, 98 %, 33578 MiB, 49140 MiB, 299.50 W, 79
2026/08/28 06:23:15.829, 1, NVIDIA RTX 6000 Ada Generation, 92 %, 33634 MiB, 49140 MiB, 299.12 W, 81
2026/08/28 06:23:15.829, 2, NVIDIA RTX 6000 Ada Generation, 99 %, 33952 MiB, 49140 MiB, 299.20 W, 79
2026/08/28 06:23:15.829, 3, NVIDIA RTX 6000 Ada Generation, 94 %, 33484 MiB, 49140 MiB, 298.98 W, 78
2026/08/28 06:23:25.830, 0, NVIDIA RTX 6000 Ada Generation, 99 %, 33578 MiB, 49140 MiB, 299.63 W, 79
2026/08/28 06:23:25.830, 1, NVIDIA RTX 6000 Ada Generation, 98 %, 33634 MiB, 49140 MiB, 299.52 W, 82
2026/08/28 06:23:25.830, 2, NVIDIA RTX 6000 Ada Generation, 98 %, 33952 MiB, 49140 MiB, 299.74 W, 79
2026/08/28 06:23:25.830, 3, NVIDIA RTX 6000 Ada Generation, 98 %, 33484 MiB, 49140 MiB, 300.03 W, 78
2026/08/28 06:23:35.831, 0, NVIDIA RTX 6000 Ada Generation, 99 %, 33578 MiB, 49140 MiB, 299.70 W, 79
2026/08/28 06:23:35.831, 1, NVIDIA RTX 6000 Ada Generation, 98 %, 33634 MiB, 49140 MiB, 300.08 W, 82
2026/08/28 06:23:35.831, 2, NVIDIA RTX 6000 Ada Generation, 92 %, 33952 MiB, 49140 MiB, 298.97 W, 79
2026/08/28 06:23:35.831, 3, NVIDIA RTX 6000 Ada Generation, 98 %, 33484 MiB, 49140 MiB, 299.75 W, 78
2026/08/28 06:23:45.832, 0, NVIDIA RTX 6000 Ada Generation, 94 %, 33578 MiB, 49140 MiB, 299.89 W, 79
2026/08/28 06:23:45.832, 1, NVIDIA RTX 6000 Ada Generation, 95 %, 33634 MiB, 49140 MiB, 298.51 W, 81
2026/08/28 06:23:45.832, 2, NVIDIA RTX 6000 Ada Generation, 92 %, 33952 MiB, 49140 MiB, 299.41 W, 79
2026/08/28 06:23:45.832, 3, NVIDIA RTX 6000 Ada Generation, 98 %, 33484 MiB, 49140 MiB, 299.76 W, 78
2026/08/28 06:23:55.833, 0, NVIDIA RTX 6000 Ada Generation, 98 %, 33578 MiB, 49140 MiB, 299.65 W, 79
2026/08/28 06:23:55.833, 1, NVIDIA RTX 6000 Ada Generation, 98 %, 33634 MiB, 49140 MiB, 299.84 W, 82
2026/08/28 06:23:55.833, 2, NVIDIA RTX 6000 Ada Generation, 93 %, 33952 MiB, 49140 MiB, 299.62 W, 79
2026/08/28 06:23:55.833, 3, NVIDIA RTX 6000 Ada Generation, 99 %, 33484 MiB, 49140 MiB, 299.80 W, 78
2026/08/28 06:24:05.834, 0, NVIDIA RTX 6000 Ada Generation, 98 %, 33578 MiB, 49140 MiB, 299.70 W, 79
2026/08/28 06:24:05.834, 1, NVIDIA RTX 6000 Ada Generation, 98 %, 33634 MiB, 49140 MiB, 299.98 W, 82
2026/08/28 06:24:05.834, 2, NVIDIA RTX 6000 Ada Generation, 98 %, 33952 MiB, 49140 MiB, 299.22 W, 79
2026/08/28 06:24:05.834, 3, NVIDIA RTX 6000 Ada Generation, 98 %, 33484 MiB, 49140 MiB, 299.36 W, 78
2026/08/28 06:24:15.835, 0, NVIDIA RTX 6000 Ada Generation, 99 %, 33578 MiB, 49140 MiB, 299.62 W, 79
2026/08/28 06:24:15.835, 1, NVIDIA RTX 6000 Ada Generation, 98 %, 33634 MiB, 49140 MiB, 300.09 W, 82
2026/08/28 06:24:15.835, 2, NVIDIA RTX 6000 Ada Generation, 98 %, 33952 MiB, 49140 MiB, 299.75 W, 79
2026/08/28 06:24:15.835, 3, NVIDIA RTX 6000 Ada Generation, 98 %, 33484 MiB, 49140 MiB, 298.80 W, 78
2026/08/28 06:24:25.836, 0, NVIDIA RTX 6000 Ada Generation, 98 %, 33578 MiB, 49140 MiB, 299.75 W, 79
2026/08/28 06:24:25.836, 1, NVIDIA RTX 6000 Ada Generation, 98 %, 33634 MiB, 49140 MiB, 299.92 W, 82
2026/08/28 06:24:25.836, 2, NVIDIA RTX 6000 Ada Generation, 98 %, 33952 MiB, 49140 MiB, 299.76 W, 79
2026/08/28 06:24:25.836, 3, NVIDIA RTX 6000 Ada Generation, 99 %, 33484 MiB, 49140 MiB, 299.76 W, 78
2026/08/28 06:24:35.837, 0, NVIDIA RTX 6000 Ada Generation, 95 %, 33578 MiB, 49140 MiB, 299.63 W, 79
2026/08/28 06:24:35.837, 1, NVIDIA RTX 6000 Ada Generation, 91 %, 33634 MiB, 49140 MiB, 299.62 W, 82
2026/08/28 06:24:35.837, 2, NVIDIA RTX 6000 Ada Generation, 98 %, 33952 MiB, 49140 MiB, 299.53 W, 79
2026/08/28 06:24:35.838, 3, NVIDIA RTX 6000 Ada Generation, 91 %, 33484 MiB, 49140 MiB, 299.68 W, 78
2026/08/28 06:24:45.838, 0, NVIDIA RTX 6000 Ada Generation, 94 %, 33578 MiB, 49140 MiB, 299.59 W, 79
2026/08/28 06:24:45.838, 1, NVIDIA RTX 6000 Ada Generation, 92 %, 33634 MiB, 49140 MiB, 299.19 W, 82
2026/08/28 06:24:45.839, 2, NVIDIA RTX 6000 Ada Generation, 94 %, 33952 MiB, 49140 MiB, 299.36 W, 79
2026/08/28 06:24:45.839, 3, NVIDIA RTX 6000 Ada Generation, 98 %, 33484 MiB, 49140 MiB, 299.71 W, 78
2026/08/28 06:24:55.839, 0, NVIDIA RTX 6000 Ada Generation, 0 %, 33586 MiB, 49140 MiB, 154.61 W, 75
2026/08/28 06:24:55.840, 1, NVIDIA RTX 6000 Ada Generation, 95 %, 33634 MiB, 49140 MiB, 299.28 W, 82
2026/08/28 06:24:55.840, 2, NVIDIA RTX 6000 Ada Generation, 98 %, 33952 MiB, 49140 MiB, 299.80 W, 79
2026/08/28 06:24:55.840, 3, NVIDIA RTX 6000 Ada Generation, 93 %, 33484 MiB, 49140 MiB, 298.94 W, 78
2026/08/28 06:25:05.841, 0, NVIDIA RTX 6000 Ada Generation, 0 %, 33586 MiB, 49140 MiB, 107.07 W, 69
2026/08/28 06:25:05.841, 1, NVIDIA RTX 6000 Ada Generation, 98 %, 33634 MiB, 49140 MiB, 299.39 W, 82
2026/08/28 06:25:05.841, 2, NVIDIA RTX 6000 Ada Generation, 98 %, 33952 MiB, 49140 MiB, 298.77 W, 79
2026/08/28 06:25:05.841, 3, NVIDIA RTX 6000 Ada Generation, 99 %, 33484 MiB, 49140 MiB, 299.67 W, 78
2026/08/28 06:25:15.842, 0, NVIDIA RTX 6000 Ada Generation, 0 %, 33586 MiB, 49140 MiB, 42.51 W, 63
2026/08/28 06:25:15.842, 1, NVIDIA RTX 6000 Ada Generation, 98 %, 33634 MiB, 49140 MiB, 299.87 W, 82
2026/08/28 06:25:15.842, 2, NVIDIA RTX 6000 Ada Generation, 98 %, 33952 MiB, 49140 MiB, 299.68 W, 79
2026/08/28 06:25:15.842, 3, NVIDIA RTX 6000 Ada Generation, 98 %, 33484 MiB, 49140 MiB, 299.85 W, 78
2026/08/28 06:25:25.843, 0, NVIDIA RTX 6000 Ada Generation, 0 %, 33586 MiB, 49140 MiB, 39.17 W, 58
2026/08/28 06:25:25.843, 1, NVIDIA RTX 6000 Ada Generation, 98 %, 33634 MiB, 49140 MiB, 299.45 W, 82
2026/08/28 06:25:25.843, 2, NVIDIA RTX 6000 Ada Generation, 98 %, 33952 MiB, 49140 MiB, 299.66 W, 79
2026/08/28 06:25:25.844, 3, NVIDIA RTX 6000 Ada Generation, 94 %, 33484 MiB, 49140 MiB, 299.35 W, 78
2026/08/28 06:25:35.845, 0, NVIDIA RTX 6000 Ada Generation, 0 %, 33586 MiB, 49140 MiB, 37.25 W, 55
2026/08/28 06:25:35.845, 1, NVIDIA RTX 6000 Ada Generation, 98 %, 33634 MiB, 49140 MiB, 299.50 W, 82
2026/08/28 06:25:35.845, 2, NVIDIA RTX 6000 Ada Generation, 98 %, 33952 MiB, 49140 MiB, 299.72 W, 79
2026/08/28 06:25:35.845, 3, NVIDIA RTX 6000 Ada Generation, 99 %, 33484 MiB, 49140 MiB, 299.35 W, 78
2026/08/28 06:25:45.846, 0, NVIDIA RTX 6000 Ada Generation, 0 %, 33586 MiB, 49140 MiB, 35.90 W, 53
2026/08/28 06:25:45.846, 1, NVIDIA RTX 6000 Ada Generation, 98 %, 33634 MiB, 49140 MiB, 299.22 W, 81
2026/08/28 06:25:45.846, 2, NVIDIA RTX 6000 Ada Generation, 98 %, 33952 MiB, 49140 MiB, 300.08 W, 79
2026/08/28 06:25:45.846, 3, NVIDIA RTX 6000 Ada Generation, 99 %, 33484 MiB, 49140 MiB, 299.76 W, 78
2026/08/28 06:25:55.847, 0, NVIDIA RTX 6000 Ada Generation, 0 %, 33586 MiB, 49140 MiB, 34.76 W, 51
2026/08/28 06:25:55.847, 1, NVIDIA RTX 6000 Ada Generation, 98 %, 33634 MiB, 49140 MiB, 299.88 W, 81
2026/08/28 06:25:55.847, 2, NVIDIA RTX 6000 Ada Generation, 92 %, 33952 MiB, 49140 MiB, 299.35 W, 79
2026/08/28 06:25:55.847, 3, NVIDIA RTX 6000 Ada Generation, 98 %, 33484 MiB, 49140 MiB, 299.60 W, 78
2026/08/28 06:26:05.848, 0, NVIDIA RTX 6000 Ada Generation, 0 %, 33586 MiB, 49140 MiB, 33.45 W, 49
2026/08/28 06:26:05.848, 1, NVIDIA RTX 6000 Ada Generation, 98 %, 33634 MiB, 49140 MiB, 299.88 W, 81
2026/08/28 06:26:05.849, 2, NVIDIA RTX 6000 Ada Generation, 98 %, 33952 MiB, 49140 MiB, 300.04 W, 79
2026/08/28 06:26:05.849, 3, NVIDIA RTX 6000 Ada Generation, 98 %, 33484 MiB, 49140 MiB, 299.60 W, 78
2026/08/28 06:26:15.849, 0, NVIDIA RTX 6000 Ada Generation, 0 %, 33586 MiB, 49140 MiB, 32.69 W, 47
2026/08/28 06:26:15.850, 1, NVIDIA RTX 6000 Ada Generation, 92 %, 33634 MiB, 49140 MiB, 299.70 W, 81
2026/08/28 06:26:15.850, 2, NVIDIA RTX 6000 Ada Generation, 98 %, 33952 MiB, 49140 MiB, 299.88 W, 79
2026/08/28 06:26:15.850, 3, NVIDIA RTX 6000 Ada Generation, 98 %, 33484 MiB, 49140 MiB, 299.71 W, 78
2026/08/28 06:26:25.851, 0, NVIDIA RTX 6000 Ada Generation, 0 %, 33586 MiB, 49140 MiB, 32.37 W, 46
2026/08/28 06:26:25.851, 1, NVIDIA RTX 6000 Ada Generation, 98 %, 33634 MiB, 49140 MiB, 300.18 W, 81
2026/08/28 06:26:25.851, 2, NVIDIA RTX 6000 Ada Generation, 98 %, 33952 MiB, 49140 MiB, 299.75 W, 79
2026/08/28 06:26:25.851, 3, NVIDIA RTX 6000 Ada Generation, 94 %, 33484 MiB, 49140 MiB, 299.53 W, 78
2026/08/28 06:26:35.852, 0, NVIDIA RTX 6000 Ada Generation, 0 %, 33586 MiB, 49140 MiB, 31.74 W, 45
2026/08/28 06:26:35.852, 1, NVIDIA RTX 6000 Ada Generation, 98 %, 33634 MiB, 49140 MiB, 299.63 W, 80
2026/08/28 06:26:35.852, 2, NVIDIA RTX 6000 Ada Generation, 91 %, 33952 MiB, 49140 MiB, 299.85 W, 79
2026/08/28 06:26:35.852, 3, NVIDIA RTX 6000 Ada Generation, 99 %, 33484 MiB, 49140 MiB, 300.00 W, 78
2026/08/28 06:26:45.853, 0, NVIDIA RTX 6000 Ada Generation, 0 %, 33586 MiB, 49140 MiB, 31.00 W, 43
2026/08/28 06:26:45.853, 1, NVIDIA RTX 6000 Ada Generation, 0 %, 33674 MiB, 49140 MiB, 101.76 W, 72
2026/08/28 06:26:45.853, 2, NVIDIA RTX 6000 Ada Generation, 98 %, 33952 MiB, 49140 MiB, 299.79 W, 79
2026/08/28 06:26:45.854, 3, NVIDIA RTX 6000 Ada Generation, 93 %, 33484 MiB, 49140 MiB, 299.17 W, 78
2026/08/28 06:26:55.855, 0, NVIDIA RTX 6000 Ada Generation, 0 %, 33586 MiB, 49140 MiB, 30.72 W, 42
2026/08/28 06:26:55.855, 1, NVIDIA RTX 6000 Ada Generation, 0 %, 33674 MiB, 49140 MiB, 37.79 W, 66
2026/08/28 06:26:55.855, 2, NVIDIA RTX 6000 Ada Generation, 98 %, 33952 MiB, 49140 MiB, 299.64 W, 79
2026/08/28 06:26:55.855, 3, NVIDIA RTX 6000 Ada Generation, 98 %, 33484 MiB, 49140 MiB, 299.42 W, 78
2026/08/28 06:27:05.856, 0, NVIDIA RTX 6000 Ada Generation, 0 %, 33586 MiB, 49140 MiB, 30.38 W, 41
2026/08/28 06:27:05.856, 1, NVIDIA RTX 6000 Ada Generation, 0 %, 33674 MiB, 49140 MiB, 33.61 W, 63
2026/08/28 06:27:05.856, 2, NVIDIA RTX 6000 Ada Generation, 93 %, 33952 MiB, 49140 MiB, 300.05 W, 80
2026/08/28 06:27:05.857, 3, NVIDIA RTX 6000 Ada Generation, 90 %, 33484 MiB, 49140 MiB, 299.36 W, 78
2026/08/28 06:27:15.858, 0, NVIDIA RTX 6000 Ada Generation, 0 %, 33586 MiB, 49140 MiB, 29.86 W, 41
2026/08/28 06:27:15.858, 1, NVIDIA RTX 6000 Ada Generation, 0 %, 33674 MiB, 49140 MiB, 31.82 W, 60
2026/08/28 06:27:15.858, 2, NVIDIA RTX 6000 Ada Generation, 98 %, 33952 MiB, 49140 MiB, 299.92 W, 78
2026/08/28 06:27:15.858, 3, NVIDIA RTX 6000 Ada Generation, 98 %, 33484 MiB, 49140 MiB, 299.70 W, 78
2026/08/28 06:27:25.859, 0, NVIDIA RTX 6000 Ada Generation, 0 %, 33586 MiB, 49140 MiB, 29.57 W, 40
2026/08/28 06:27:25.859, 1, NVIDIA RTX 6000 Ada Generation, 0 %, 33674 MiB, 49140 MiB, 31.04 W, 58
2026/08/28 06:27:25.860, 2, NVIDIA RTX 6000 Ada Generation, 98 %, 33952 MiB, 49140 MiB, 299.80 W, 78
2026/08/28 06:27:25.860, 3, NVIDIA RTX 6000 Ada Generation, 98 %, 33484 MiB, 49140 MiB, 299.76 W, 77
2026/08/28 06:27:35.861, 0, NVIDIA RTX 6000 Ada Generation, 0 %, 33586 MiB, 49140 MiB, 29.52 W, 39
2026/08/28 06:27:35.861, 1, NVIDIA RTX 6000 Ada Generation, 0 %, 33674 MiB, 49140 MiB, 30.11 W, 56
2026/08/28 06:27:35.861, 2, NVIDIA RTX 6000 Ada Generation, 98 %, 33952 MiB, 49140 MiB, 299.79 W, 78
2026/08/28 06:27:35.861, 3, NVIDIA RTX 6000 Ada Generation, 97 %, 33484 MiB, 49140 MiB, 299.41 W, 77
2026/08/28 06:27:45.862, 0, NVIDIA RTX 6000 Ada Generation, 0 %, 33586 MiB, 49140 MiB, 29.28 W, 38
2026/08/28 06:27:45.863, 1, NVIDIA RTX 6000 Ada Generation, 0 %, 33674 MiB, 49140 MiB, 28.88 W, 55
2026/08/28 06:27:45.863, 2, NVIDIA RTX 6000 Ada Generation, 98 %, 33952 MiB, 49140 MiB, 299.40 W, 78
2026/08/28 06:27:45.863, 3, NVIDIA RTX 6000 Ada Generation, 94 %, 33484 MiB, 49140 MiB, 299.27 W, 77
2026/08/28 06:27:55.864, 0, NVIDIA RTX 6000 Ada Generation, 0 %, 33586 MiB, 49140 MiB, 28.94 W, 38
2026/08/28 06:27:55.864, 1, NVIDIA RTX 6000 Ada Generation, 0 %, 33674 MiB, 49140 MiB, 57.28 W, 54
2026/08/28 06:27:55.864, 2, NVIDIA RTX 6000 Ada Generation, 98 %, 33952 MiB, 49140 MiB, 299.75 W, 78
2026/08/28 06:27:55.865, 3, NVIDIA RTX 6000 Ada Generation, 98 %, 33484 MiB, 49140 MiB, 299.61 W, 77
2026/08/28 06:28:05.866, 0, NVIDIA RTX 6000 Ada Generation, 0 %, 33586 MiB, 49140 MiB, 28.87 W, 37
2026/08/28 06:28:05.866, 1, NVIDIA RTX 6000 Ada Generation, 0 %, 33674 MiB, 49140 MiB, 27.91 W, 52
2026/08/28 06:28:05.866, 2, NVIDIA RTX 6000 Ada Generation, 98 %, 33952 MiB, 49140 MiB, 299.58 W, 78
2026/08/28 06:28:05.866, 3, NVIDIA RTX 6000 Ada Generation, 92 %, 33484 MiB, 49140 MiB, 299.44 W, 77
2026/08/28 06:28:15.867, 0, NVIDIA RTX 6000 Ada Generation, 0 %, 33586 MiB, 49140 MiB, 28.87 W, 37
2026/08/28 06:28:15.868, 1, NVIDIA RTX 6000 Ada Generation, 0 %, 33674 MiB, 49140 MiB, 27.71 W, 51
2026/08/28 06:28:15.868, 2, NVIDIA RTX 6000 Ada Generation, 98 %, 33952 MiB, 49140 MiB, 299.91 W, 78
2026/08/28 06:28:15.868, 3, NVIDIA RTX 6000 Ada Generation, 98 %, 33484 MiB, 49140 MiB, 299.78 W, 77
2026/08/28 06:28:25.869, 0, NVIDIA RTX 6000 Ada Generation, 0 %, 33586 MiB, 49140 MiB, 56.43 W, 38
2026/08/28 06:28:25.869, 1, NVIDIA RTX 6000 Ada Generation, 0 %, 33674 MiB, 49140 MiB, 27.27 W, 50
2026/08/28 06:28:25.869, 2, NVIDIA RTX 6000 Ada Generation, 93 %, 33952 MiB, 49140 MiB, 300.03 W, 78
2026/08/28 06:28:25.869, 3, NVIDIA RTX 6000 Ada Generation, 0 %, 33524 MiB, 49140 MiB, 197.03 W, 73
2026/08/28 06:28:35.871, 0, NVIDIA RTX 6000 Ada Generation, 0 %, 33586 MiB, 49140 MiB, 81.51 W, 40
2026/08/28 06:28:35.871, 1, NVIDIA RTX 6000 Ada Generation, 0 %, 33674 MiB, 49140 MiB, 26.89 W, 49
2026/08/28 06:28:35.871, 2, NVIDIA RTX 6000 Ada Generation, 95 %, 33952 MiB, 49140 MiB, 302.52 W, 79
2026/08/28 06:28:35.871, 3, NVIDIA RTX 6000 Ada Generation, 0 %, 33524 MiB, 49140 MiB, 101.62 W, 67
2026/08/28 06:28:45.872, 0, NVIDIA RTX 6000 Ada Generation, 0 %, 33586 MiB, 49140 MiB, 29.00 W, 38
2026/08/28 06:28:45.873, 1, NVIDIA RTX 6000 Ada Generation, 0 %, 33674 MiB, 49140 MiB, 26.30 W, 48
2026/08/28 06:28:45.873, 2, NVIDIA RTX 6000 Ada Generation, 98 %, 33952 MiB, 49140 MiB, 299.85 W, 77
2026/08/28 06:28:45.873, 3, NVIDIA RTX 6000 Ada Generation, 0 %, 33524 MiB, 49140 MiB, 36.21 W, 62
2026/08/28 06:28:55.874, 0, NVIDIA RTX 6000 Ada Generation, 0 %, 33586 MiB, 49140 MiB, 28.86 W, 37
2026/08/28 06:28:55.874, 1, NVIDIA RTX 6000 Ada Generation, 0 %, 33674 MiB, 49140 MiB, 26.10 W, 47
2026/08/28 06:28:55.874, 2, NVIDIA RTX 6000 Ada Generation, 98 %, 33952 MiB, 49140 MiB, 299.78 W, 77
2026/08/28 06:28:55.874, 3, NVIDIA RTX 6000 Ada Generation, 0 %, 33524 MiB, 49140 MiB, 32.08 W, 59
2026/08/28 06:29:05.876, 0, NVIDIA RTX 6000 Ada Generation, 0 %, 33586 MiB, 49140 MiB, 28.67 W, 37
2026/08/28 06:29:05.876, 1, NVIDIA RTX 6000 Ada Generation, 0 %, 33674 MiB, 49140 MiB, 25.47 W, 46
2026/08/28 06:29:05.876, 2, NVIDIA RTX 6000 Ada Generation, 98 %, 33952 MiB, 49140 MiB, 299.75 W, 77
2026/08/28 06:29:05.876, 3, NVIDIA RTX 6000 Ada Generation, 0 %, 33524 MiB, 49140 MiB, 30.07 W, 56
2026/08/28 06:29:15.877, 0, NVIDIA RTX 6000 Ada Generation, 0 %, 33586 MiB, 49140 MiB, 28.61 W, 36
2026/08/28 06:29:15.878, 1, NVIDIA RTX 6000 Ada Generation, 0 %, 33674 MiB, 49140 MiB, 25.48 W, 45
2026/08/28 06:29:15.878, 2, NVIDIA RTX 6000 Ada Generation, 98 %, 33952 MiB, 49140 MiB, 299.59 W, 77
2026/08/28 06:29:15.878, 3, NVIDIA RTX 6000 Ada Generation, 0 %, 33524 MiB, 49140 MiB, 29.10 W, 54
2026/08/28 06:29:25.879, 0, NVIDIA RTX 6000 Ada Generation, 0 %, 33586 MiB, 49140 MiB, 28.51 W, 36
2026/08/28 06:29:25.879, 1, NVIDIA RTX 6000 Ada Generation, 0 %, 33674 MiB, 49140 MiB, 25.51 W, 45
2026/08/28 06:29:25.879, 2, NVIDIA RTX 6000 Ada Generation, 98 %, 33952 MiB, 49140 MiB, 299.86 W, 76
2026/08/28 06:29:25.879, 3, NVIDIA RTX 6000 Ada Generation, 0 %, 33524 MiB, 49140 MiB, 28.50 W, 52
2026/08/28 06:29:35.881, 0, NVIDIA RTX 6000 Ada Generation, 0 %, 33586 MiB, 49140 MiB, 28.50 W, 35
2026/08/28 06:29:35.881, 1, NVIDIA RTX 6000 Ada Generation, 0 %, 33674 MiB, 49140 MiB, 25.12 W, 44
2026/08/28 06:29:35.881, 2, NVIDIA RTX 6000 Ada Generation, 98 %, 33952 MiB, 49140 MiB, 299.83 W, 76
2026/08/28 06:29:35.881, 3, NVIDIA RTX 6000 Ada Generation, 0 %, 33524 MiB, 49140 MiB, 27.68 W, 51
2026/08/28 06:29:45.882, 0, NVIDIA RTX 6000 Ada Generation, 0 %, 33586 MiB, 49140 MiB, 28.46 W, 35
2026/08/28 06:29:45.883, 1, NVIDIA RTX 6000 Ada Generation, 0 %, 33674 MiB, 49140 MiB, 25.12 W, 43
2026/08/28 06:29:45.883, 2, NVIDIA RTX 6000 Ada Generation, 98 %, 33952 MiB, 49140 MiB, 299.73 W, 76
2026/08/28 06:29:45.883, 3, NVIDIA RTX 6000 Ada Generation, 0 %, 33524 MiB, 49140 MiB, 27.65 W, 50
2026/08/28 06:29:55.884, 0, NVIDIA RTX 6000 Ada Generation, 0 %, 33586 MiB, 49140 MiB, 28.46 W, 35
2026/08/28 06:29:55.884, 1, NVIDIA RTX 6000 Ada Generation, 0 %, 33674 MiB, 49140 MiB, 24.71 W, 43
2026/08/28 06:29:55.884, 2, NVIDIA RTX 6000 Ada Generation, 94 %, 33952 MiB, 49140 MiB, 300.01 W, 76
2026/08/28 06:29:55.884, 3, NVIDIA RTX 6000 Ada Generation, 0 %, 33524 MiB, 49140 MiB, 27.34 W, 49
2026/08/28 06:30:05.886, 0, NVIDIA RTX 6000 Ada Generation, 0 %, 33586 MiB, 49140 MiB, 28.28 W, 35
2026/08/28 06:30:05.886, 1, NVIDIA RTX 6000 Ada Generation, 0 %, 33674 MiB, 49140 MiB, 24.61 W, 42
2026/08/28 06:30:05.886, 2, NVIDIA RTX 6000 Ada Generation, 93 %, 33952 MiB, 49140 MiB, 299.27 W, 76
2026/08/28 06:30:05.886, 3, NVIDIA RTX 6000 Ada Generation, 0 %, 33524 MiB, 49140 MiB, 26.99 W, 48
2026/08/28 06:30:15.887, 0, NVIDIA RTX 6000 Ada Generation, 0 %, 33586 MiB, 49140 MiB, 28.24 W, 35
2026/08/28 06:30:15.887, 1, NVIDIA RTX 6000 Ada Generation, 0 %, 33674 MiB, 49140 MiB, 24.48 W, 42
2026/08/28 06:30:15.888, 2, NVIDIA RTX 6000 Ada Generation, 95 %, 33952 MiB, 49140 MiB, 299.03 W, 76
2026/08/28 06:30:15.888, 3, NVIDIA RTX 6000 Ada Generation, 0 %, 33524 MiB, 49140 MiB, 26.86 W, 47
2026/08/28 06:30:25.889, 0, NVIDIA RTX 6000 Ada Generation, 0 %, 33586 MiB, 49140 MiB, 28.19 W, 34
2026/08/28 06:30:25.889, 1, NVIDIA RTX 6000 Ada Generation, 0 %, 33674 MiB, 49140 MiB, 26.97 W, 42
2026/08/28 06:30:25.889, 2, NVIDIA RTX 6000 Ada Generation, 98 %, 33952 MiB, 49140 MiB, 299.18 W, 76
2026/08/28 06:30:25.889, 3, NVIDIA RTX 6000 Ada Generation, 0 %, 33524 MiB, 49140 MiB, 26.39 W, 46
2026/08/28 06:30:35.891, 0, NVIDIA RTX 6000 Ada Generation, 0 %, 33586 MiB, 49140 MiB, 28.24 W, 34
2026/08/28 06:30:35.891, 1, NVIDIA RTX 6000 Ada Generation, 0 %, 33674 MiB, 49140 MiB, 24.44 W, 41
2026/08/28 06:30:35.891, 2, NVIDIA RTX 6000 Ada Generation, 98 %, 33952 MiB, 49140 MiB, 299.32 W, 76
2026/08/28 06:30:35.891, 3, NVIDIA RTX 6000 Ada Generation, 0 %, 33524 MiB, 49140 MiB, 26.40 W, 45
2026/08/28 06:30:45.892, 0, NVIDIA RTX 6000 Ada Generation, 0 %, 33586 MiB, 49140 MiB, 28.33 W, 34
2026/08/28 06:30:45.892, 1, NVIDIA RTX 6000 Ada Generation, 0 %, 33674 MiB, 49140 MiB, 24.28 W, 41
2026/08/28 06:30:45.893, 2, NVIDIA RTX 6000 Ada Generation, 98 %, 33952 MiB, 49140 MiB, 299.27 W, 76
2026/08/28 06:30:45.893, 3, NVIDIA RTX 6000 Ada Generation, 0 %, 33524 MiB, 49140 MiB, 26.34 W, 45
2026/08/28 06:30:55.894, 0, NVIDIA RTX 6000 Ada Generation, 0 %, 33586 MiB, 49140 MiB, 28.15 W, 34
2026/08/28 06:30:55.894, 1, NVIDIA RTX 6000 Ada Generation, 0 %, 33674 MiB, 49140 MiB, 24.58 W, 41
2026/08/28 06:30:55.894, 2, NVIDIA RTX 6000 Ada Generation, 98 %, 33952 MiB, 49140 MiB, 299.59 W, 76
2026/08/28 06:30:55.894, 3, NVIDIA RTX 6000 Ada Generation, 0 %, 33524 MiB, 49140 MiB, 26.34 W, 44
2026/08/28 06:31:05.896, 0, NVIDIA RTX 6000 Ada Generation, 0 %, 33586 MiB, 49140 MiB, 28.14 W, 34
2026/08/28 06:31:05.896, 1, NVIDIA RTX 6000 Ada Generation, 0 %, 33674 MiB, 49140 MiB, 24.47 W, 40
2026/08/28 06:31:05.896, 2, NVIDIA RTX 6000 Ada Generation, 98 %, 33952 MiB, 49140 MiB, 299.18 W, 76
2026/08/28 06:31:05.896, 3, NVIDIA RTX 6000 Ada Generation, 0 %, 33524 MiB, 49140 MiB, 26.05 W, 44
2026/08/28 06:31:15.897, 0, NVIDIA RTX 6000 Ada Generation, 0 %, 33586 MiB, 49140 MiB, 28.33 W, 34
2026/08/28 06:31:15.897, 1, NVIDIA RTX 6000 Ada Generation, 0 %, 33674 MiB, 49140 MiB, 24.07 W, 40
2026/08/28 06:31:15.898, 2, NVIDIA RTX 6000 Ada Generation, 93 %, 33952 MiB, 49140 MiB, 299.84 W, 76
2026/08/28 06:31:15.898, 3, NVIDIA RTX 6000 Ada Generation, 0 %, 33524 MiB, 49140 MiB, 25.91 W, 43
2026/08/28 06:31:25.899, 0, NVIDIA RTX 6000 Ada Generation, 0 %, 33586 MiB, 49140 MiB, 28.30 W, 34
2026/08/28 06:31:25.899, 1, NVIDIA RTX 6000 Ada Generation, 0 %, 33674 MiB, 49140 MiB, 24.46 W, 40
2026/08/28 06:31:25.899, 2, NVIDIA RTX 6000 Ada Generation, 91 %, 33952 MiB, 49140 MiB, 299.65 W, 76
2026/08/28 06:31:25.899, 3, NVIDIA RTX 6000 Ada Generation, 0 %, 33524 MiB, 49140 MiB, 25.76 W, 43
2026/08/28 06:31:35.900, 0, NVIDIA RTX 6000 Ada Generation, 0 %, 33586 MiB, 49140 MiB, 28.18 W, 34
2026/08/28 06:31:35.901, 1, NVIDIA RTX 6000 Ada Generation, 0 %, 33674 MiB, 49140 MiB, 24.32 W, 40
2026/08/28 06:31:35.901, 2, NVIDIA RTX 6000 Ada Generation, 98 %, 33952 MiB, 49140 MiB, 299.37 W, 76
2026/08/28 06:31:35.901, 3, NVIDIA RTX 6000 Ada Generation, 0 %, 33524 MiB, 49140 MiB, 25.70 W, 42
2026/08/28 06:31:45.902, 0, NVIDIA RTX 6000 Ada Generation, 0 %, 33586 MiB, 49140 MiB, 28.35 W, 34
2026/08/28 06:31:45.902, 1, NVIDIA RTX 6000 Ada Generation, 0 %, 33674 MiB, 49140 MiB, 24.44 W, 40
2026/08/28 06:31:45.902, 2, NVIDIA RTX 6000 Ada Generation, 98 %, 33952 MiB, 49140 MiB, 299.75 W, 76
2026/08/28 06:31:45.903, 3, NVIDIA RTX 6000 Ada Generation, 0 %, 33524 MiB, 49140 MiB, 25.56 W, 42
2026/08/28 06:31:55.904, 0, NVIDIA RTX 6000 Ada Generation, 0 %, 33586 MiB, 49140 MiB, 28.35 W, 34
2026/08/28 06:31:55.904, 1, NVIDIA RTX 6000 Ada Generation, 0 %, 33674 MiB, 49140 MiB, 24.17 W, 40
2026/08/28 06:31:55.904, 2, NVIDIA RTX 6000 Ada Generation, 98 %, 33952 MiB, 49140 MiB, 299.32 W, 76
2026/08/28 06:31:55.904, 3, NVIDIA RTX 6000 Ada Generation, 0 %, 33524 MiB, 49140 MiB, 25.53 W, 42
2026/08/28 06:32:05.905, 0, NVIDIA RTX 6000 Ada Generation, 0 %, 33586 MiB, 49140 MiB, 28.35 W, 34
2026/08/28 06:32:05.906, 1, NVIDIA RTX 6000 Ada Generation, 0 %, 33674 MiB, 49140 MiB, 24.16 W, 39
2026/08/28 06:32:05.906, 2, NVIDIA RTX 6000 Ada Generation, 98 %, 33952 MiB, 49140 MiB, 299.19 W, 76
2026/08/28 06:32:05.906, 3, NVIDIA RTX 6000 Ada Generation, 0 %, 33524 MiB, 49140 MiB, 25.58 W, 41
2026/08/28 06:32:15.907, 0, NVIDIA RTX 6000 Ada Generation, 0 %, 33586 MiB, 49140 MiB, 28.40 W, 34
2026/08/28 06:32:15.907, 1, NVIDIA RTX 6000 Ada Generation, 0 %, 33674 MiB, 49140 MiB, 23.98 W, 39
2026/08/28 06:32:15.907, 2, NVIDIA RTX 6000 Ada Generation, 99 %, 33952 MiB, 49140 MiB, 299.70 W, 76
2026/08/28 06:32:15.908, 3, NVIDIA RTX 6000 Ada Generation, 0 %, 33524 MiB, 49140 MiB, 25.41 W, 41
2026/08/28 06:32:25.909, 0, NVIDIA RTX 6000 Ada Generation, 0 %, 33586 MiB, 49140 MiB, 28.41 W, 34
2026/08/28 06:32:25.909, 1, NVIDIA RTX 6000 Ada Generation, 0 %, 33674 MiB, 49140 MiB, 24.06 W, 39
2026/08/28 06:32:25.909, 2, NVIDIA RTX 6000 Ada Generation, 99 %, 33952 MiB, 49140 MiB, 297.70 W, 76
2026/08/28 06:32:25.909, 3, NVIDIA RTX 6000 Ada Generation, 0 %, 33524 MiB, 49140 MiB, 25.65 W, 41
2026/08/28 06:32:35.910, 0, NVIDIA RTX 6000 Ada Generation, 0 %, 33586 MiB, 49140 MiB, 28.30 W, 34
2026/08/28 06:32:35.911, 1, NVIDIA RTX 6000 Ada Generation, 0 %, 33674 MiB, 49140 MiB, 23.95 W, 39
2026/08/28 06:32:35.911, 2, NVIDIA RTX 6000 Ada Generation, 98 %, 33952 MiB, 49140 MiB, 299.58 W, 76
2026/08/28 06:32:35.911, 3, NVIDIA RTX 6000 Ada Generation, 0 %, 33524 MiB, 49140 MiB, 25.41 W, 41
2026/08/28 06:32:45.912, 0, NVIDIA RTX 6000 Ada Generation, 0 %, 33636 MiB, 49140 MiB, 37.60 W, 35
2026/08/28 06:32:45.913, 1, NVIDIA RTX 6000 Ada Generation, 0 %, 33724 MiB, 49140 MiB, 31.80 W, 40
2026/08/28 06:32:45.913, 2, NVIDIA RTX 6000 Ada Generation, 93 %, 34010 MiB, 49140 MiB, 239.32 W, 73
2026/08/28 06:32:45.913, 3, NVIDIA RTX 6000 Ada Generation, 0 %, 33574 MiB, 49140 MiB, 25.52 W, 41
