timestamp, index, name, utilization.gpu [%], memory.used [MiB], memory.total [MiB], power.draw [W], temperature.gpu
2026/08/27 22:21:21.554, 0, NVIDIA RTX 6000 Ada Generation, 0 %, 2 MiB, 49140 MiB, 82.51 W, 41
2026/08/27 22:21:21.555, 1, NVIDIA RTX 6000 Ada Generation, 0 %, 2 MiB, 49140 MiB, 65.31 W, 49
2026/08/27 22:21:21.556, 2, NVIDIA RTX 6000 Ada Generation, 0 %, 2 MiB, 49140 MiB, 69.14 W, 40
2026/08/27 22:21:21.557, 3, NVIDIA RTX 6000 Ada Generation, 0 %, 2 MiB, 49140 MiB, 69.51 W, 48
2026/08/27 22:21:31.559, 0, NVIDIA RTX 6000 Ada Generation, 26 %, 19364 MiB, 49140 MiB, 84.68 W, 42
2026/08/27 22:21:31.559, 1, NVIDIA RTX 6000 Ada Generation, 0 %, 19364 MiB, 49140 MiB, 89.49 W, 50
2026/08/27 22:21:31.559, 2, NVIDIA RTX 6000 Ada Generation, 31 %, 21692 MiB, 49140 MiB, 79.68 W, 41
2026/08/27 22:21:31.559, 3, NVIDIA RTX 6000 Ada Generation, 29 %, 17972 MiB, 49140 MiB, 90.06 W, 48
2026/08/27 22:21:41.560, 0, NVIDIA RTX 6000 Ada Generation, 97 %, 27370 MiB, 49140 MiB, 283.99 W, 52
2026/08/27 22:21:41.560, 1, NVIDIA RTX 6000 Ada Generation, 98 %, 27642 MiB, 49140 MiB, 273.27 W, 59
2026/08/27 22:21:41.560, 2, NVIDIA RTX 6000 Ada Generation, 90 %, 27644 MiB, 49140 MiB, 258.17 W, 52
2026/08/27 22:21:41.560, 3, NVIDIA RTX 6000 Ada Generation, 97 %, 27498 MiB, 49140 MiB, 286.22 W, 59
2026/08/27 22:21:51.562, 0, NVIDIA RTX 6000 Ada Generation, 97 %, 27372 MiB, 49140 MiB, 289.30 W, 57
2026/08/27 22:21:51.562, 1, NVIDIA RTX 6000 Ada Generation, 93 %, 27848 MiB, 49140 MiB, 257.83 W, 63
2026/08/27 22:21:51.562, 2, NVIDIA RTX 6000 Ada Generation, 97 %, 27644 MiB, 49140 MiB, 296.87 W, 56
2026/08/27 22:21:51.562, 3, NVIDIA RTX 6000 Ada Generation, 97 %, 27498 MiB, 49140 MiB, 283.14 W, 64
2026/08/27 22:22:01.563, 0, NVIDIA RTX 6000 Ada Generation, 97 %, 27452 MiB, 49140 MiB, 295.16 W, 61
2026/08/27 22:22:01.563, 1, NVIDIA RTX 6000 Ada Generation, 97 %, 28250 MiB, 49140 MiB, 272.24 W, 67
2026/08/27 22:22:01.563, 2, NVIDIA RTX 6000 Ada Generation, 98 %, 27644 MiB, 49140 MiB, 287.69 W, 60
2026/08/27 22:22:01.563, 3, NVIDIA RTX 6000 Ada Generation, 97 %, 27538 MiB, 49140 MiB, 297.10 W, 68
2026/08/27 22:22:11.565, 0, NVIDIA RTX 6000 Ada Generation, 89 %, 27660 MiB, 49140 MiB, 259.37 W, 63
2026/08/27 22:22:11.565, 1, NVIDIA RTX 6000 Ada Generation, 96 %, 28250 MiB, 49140 MiB, 280.60 W, 70
2026/08/27 22:22:11.565, 2, NVIDIA RTX 6000 Ada Generation, 92 %, 27838 MiB, 49140 MiB, 274.24 W, 63
2026/08/27 22:22:11.565, 3, NVIDIA RTX 6000 Ada Generation, 97 %, 27538 MiB, 49140 MiB, 289.07 W, 72
2026/08/27 22:22:21.566, 0, NVIDIA RTX 6000 Ada Generation, 97 %, 27914 MiB, 49140 MiB, 288.77 W, 67
2026/08/27 22:22:21.566, 1, NVIDIA RTX 6000 Ada Generation, 97 %, 28250 MiB, 49140 MiB, 299.37 W, 74
2026/08/27 22:22:21.566, 2, NVIDIA RTX 6000 Ada Generation, 96 %, 28012 MiB, 49140 MiB, 290.63 W, 66
2026/08/27 22:22:21.566, 3, NVIDIA RTX 6000 Ada Generation, 97 %, 27538 MiB, 49140 MiB, 299.81 W, 75
2026/08/27 22:22:31.568, 0, NVIDIA RTX 6000 Ada Generation, 97 %, 27914 MiB, 49140 MiB, 299.43 W, 69
2026/08/27 22:22:31.568, 1, NVIDIA RTX 6000 Ada Generation, 97 %, 28250 MiB, 49140 MiB, 299.55 W, 76
2026/08/27 22:22:31.568, 2, NVIDIA RTX 6000 Ada Generation, 97 %, 28012 MiB, 49140 MiB, 299.74 W, 69
2026/08/27 22:22:31.568, 3, NVIDIA RTX 6000 Ada Generation, 97 %, 27538 MiB, 49140 MiB, 299.47 W, 77
2026/08/27 22:22:41.569, 0, NVIDIA RTX 6000 Ada Generation, 97 %, 27914 MiB, 49140 MiB, 299.65 W, 71
2026/08/27 22:22:41.569, 1, NVIDIA RTX 6000 Ada Generation, 97 %, 28250 MiB, 49140 MiB, 299.19 W, 79
2026/08/27 22:22:41.569, 2, NVIDIA RTX 6000 Ada Generation, 97 %, 28012 MiB, 49140 MiB, 299.87 W, 71
2026/08/27 22:22:41.569, 3, NVIDIA RTX 6000 Ada Generation, 85 %, 27558 MiB, 49140 MiB, 283.26 W, 78
2026/08/27 22:22:51.571, 0, NVIDIA RTX 6000 Ada Generation, 97 %, 27934 MiB, 49140 MiB, 294.46 W, 73
2026/08/27 22:22:51.571, 1, NVIDIA RTX 6000 Ada Generation, 97 %, 28250 MiB, 49140 MiB, 300.01 W, 80
2026/08/27 22:22:51.571, 2, NVIDIA RTX 6000 Ada Generation, 97 %, 28012 MiB, 49140 MiB, 299.45 W, 72
2026/08/27 22:22:51.571, 3, NVIDIA RTX 6000 Ada Generation, 95 %, 27666 MiB, 49140 MiB, 293.42 W, 81
2026/08/27 22:23:01.572, 0, NVIDIA RTX 6000 Ada Generation, 97 %, 27934 MiB, 49140 MiB, 299.63 W, 74
2026/08/27 22:23:01.572, 1, NVIDIA RTX 6000 Ada Generation, 86 %, 28392 MiB, 49140 MiB, 268.55 W, 81
2026/08/27 22:23:01.572, 2, NVIDIA RTX 6000 Ada Generation, 98 %, 28012 MiB, 49140 MiB, 299.12 W, 74
2026/08/27 22:23:01.573, 3, NVIDIA RTX 6000 Ada Generation, 97 %, 27666 MiB, 49140 MiB, 299.31 W, 82
2026/08/27 22:23:11.574, 0, NVIDIA RTX 6000 Ada Generation, 97 %, 27934 MiB, 49140 MiB, 300.09 W, 76
2026/08/27 22:23:11.574, 1, NVIDIA RTX 6000 Ada Generation, 97 %, 28420 MiB, 49140 MiB, 299.99 W, 83
2026/08/27 22:23:11.574, 2, NVIDIA RTX 6000 Ada Generation, 97 %, 28012 MiB, 49140 MiB, 299.62 W, 75
2026/08/27 22:23:11.574, 3, NVIDIA RTX 6000 Ada Generation, 89 %, 27666 MiB, 49140 MiB, 279.10 W, 83
2026/08/27 22:23:21.575, 0, NVIDIA RTX 6000 Ada Generation, 97 %, 27934 MiB, 49140 MiB, 299.66 W, 76
2026/08/27 22:23:21.575, 1, NVIDIA RTX 6000 Ada Generation, 98 %, 28420 MiB, 49140 MiB, 299.04 W, 84
2026/08/27 22:23:21.575, 2, NVIDIA RTX 6000 Ada Generation, 94 %, 28012 MiB, 49140 MiB, 293.24 W, 75
2026/08/27 22:23:21.576, 3, NVIDIA RTX 6000 Ada Generation, 97 %, 27666 MiB, 49140 MiB, 299.16 W, 84
2026/08/27 22:23:31.577, 0, NVIDIA RTX 6000 Ada Generation, 97 %, 27934 MiB, 49140 MiB, 299.61 W, 77
2026/08/27 22:23:31.577, 1, NVIDIA RTX 6000 Ada Generation, 93 %, 28420 MiB, 49140 MiB, 285.83 W, 84
2026/08/27 22:23:31.577, 2, NVIDIA RTX 6000 Ada Generation, 97 %, 28012 MiB, 49140 MiB, 299.52 W, 76
2026/08/27 22:23:31.577, 3, NVIDIA RTX 6000 Ada Generation, 85 %, 27666 MiB, 49140 MiB, 280.32 W, 84
2026/08/27 22:23:41.578, 0, NVIDIA RTX 6000 Ada Generation, 98 %, 27934 MiB, 49140 MiB, 299.79 W, 78
2026/08/27 22:23:41.578, 1, NVIDIA RTX 6000 Ada Generation, 95 %, 28430 MiB, 49140 MiB, 296.81 W, 85
2026/08/27 22:23:41.578, 2, NVIDIA RTX 6000 Ada Generation, 90 %, 28012 MiB, 49140 MiB, 291.61 W, 77
2026/08/27 22:23:41.579, 3, NVIDIA RTX 6000 Ada Generation, 97 %, 27716 MiB, 49140 MiB, 293.23 W, 85
2026/08/27 22:23:51.580, 0, NVIDIA RTX 6000 Ada Generation, 89 %, 27970 MiB, 49140 MiB, 283.03 W, 78
2026/08/27 22:23:51.580, 1, NVIDIA RTX 6000 Ada Generation, 97 %, 28430 MiB, 49140 MiB, 294.92 W, 86
2026/08/27 22:23:51.580, 2, NVIDIA RTX 6000 Ada Generation, 95 %, 28296 MiB, 49140 MiB, 298.82 W, 78
2026/08/27 22:23:51.580, 3, NVIDIA RTX 6000 Ada Generation, 97 %, 27748 MiB, 49140 MiB, 287.82 W, 84
2026/08/27 22:24:01.581, 0, NVIDIA RTX 6000 Ada Generation, 96 %, 28032 MiB, 49140 MiB, 288.68 W, 79
2026/08/27 22:24:01.581, 1, NVIDIA RTX 6000 Ada Generation, 97 %, 28430 MiB, 49140 MiB, 297.65 W, 88
2026/08/27 22:24:01.582, 2, NVIDIA RTX 6000 Ada Generation, 97 %, 28296 MiB, 49140 MiB, 299.13 W, 78
2026/08/27 22:24:01.582, 3, NVIDIA RTX 6000 Ada Generation, 97 %, 27748 MiB, 49140 MiB, 237.26 W, 79
2026/08/27 22:24:11.583, 0, NVIDIA RTX 6000 Ada Generation, 96 %, 28310 MiB, 49140 MiB, 294.32 W, 79
2026/08/27 22:24:11.583, 1, NVIDIA RTX 6000 Ada Generation, 97 %, 28430 MiB, 49140 MiB, 299.05 W, 89
2026/08/27 22:24:11.583, 2, NVIDIA RTX 6000 Ada Generation, 97 %, 28296 MiB, 49140 MiB, 299.17 W, 79
2026/08/27 22:24:11.583, 3, NVIDIA RTX 6000 Ada Generation, 97 %, 27748 MiB, 49140 MiB, 249.08 W, 77
2026/08/27 22:24:21.584, 0, NVIDIA RTX 6000 Ada Generation, 97 %, 28310 MiB, 49140 MiB, 299.66 W, 80
2026/08/27 22:24:21.585, 1, NVIDIA RTX 6000 Ada Generation, 97 %, 28430 MiB, 49140 MiB, 297.12 W, 88
2026/08/27 22:24:21.585, 2, NVIDIA RTX 6000 Ada Generation, 96 %, 28296 MiB, 49140 MiB, 298.83 W, 80
2026/08/27 22:24:21.585, 3, NVIDIA RTX 6000 Ada Generation, 97 %, 27748 MiB, 49140 MiB, 298.26 W, 78
2026/08/27 22:24:31.586, 0, NVIDIA RTX 6000 Ada Generation, 97 %, 28310 MiB, 49140 MiB, 299.00 W, 80
2026/08/27 22:24:31.586, 1, NVIDIA RTX 6000 Ada Generation, 97 %, 28430 MiB, 49140 MiB, 297.44 W, 88
2026/08/27 22:24:31.586, 2, NVIDIA RTX 6000 Ada Generation, 97 %, 28296 MiB, 49140 MiB, 299.62 W, 81
2026/08/27 22:24:31.586, 3, NVIDIA RTX 6000 Ada Generation, 98 %, 27868 MiB, 49140 MiB, 299.77 W, 79
2026/08/27 22:24:41.587, 0, NVIDIA RTX 6000 Ada Generation, 97 %, 28310 MiB, 49140 MiB, 299.86 W, 81
2026/08/27 22:24:41.587, 1, NVIDIA RTX 6000 Ada Generation, 97 %, 28430 MiB, 49140 MiB, 297.36 W, 87
2026/08/27 22:24:41.587, 2, NVIDIA RTX 6000 Ada Generation, 96 %, 28296 MiB, 49140 MiB, 299.30 W, 81
2026/08/27 22:24:41.588, 3, NVIDIA RTX 6000 Ada Generation, 86 %, 27868 MiB, 49140 MiB, 276.00 W, 78
2026/08/27 22:24:51.589, 0, NVIDIA RTX 6000 Ada Generation, 98 %, 28310 MiB, 49140 MiB, 299.56 W, 82
2026/08/27 22:24:51.589, 1, NVIDIA RTX 6000 Ada Generation, 98 %, 28430 MiB, 49140 MiB, 296.99 W, 86
2026/08/27 22:24:51.589, 2, NVIDIA RTX 6000 Ada Generation, 86 %, 28296 MiB, 49140 MiB, 293.91 W, 82
2026/08/27 22:24:51.589, 3, NVIDIA RTX 6000 Ada Generation, 95 %, 28062 MiB, 49140 MiB, 295.05 W, 80
2026/08/27 22:25:01.590, 0, NVIDIA RTX 6000 Ada Generation, 95 %, 28310 MiB, 49140 MiB, 299.47 W, 82
2026/08/27 22:25:01.590, 1, NVIDIA RTX 6000 Ada Generation, 95 %, 28430 MiB, 49140 MiB, 297.20 W, 85
2026/08/27 22:25:01.590, 2, NVIDIA RTX 6000 Ada Generation, 97 %, 28296 MiB, 49140 MiB, 299.40 W, 82
2026/08/27 22:25:01.591, 3, NVIDIA RTX 6000 Ada Generation, 98 %, 28062 MiB, 49140 MiB, 295.69 W, 78
2026/08/27 22:25:11.592, 0, NVIDIA RTX 6000 Ada Generation, 97 %, 28310 MiB, 49140 MiB, 299.62 W, 82
2026/08/27 22:25:11.592, 1, NVIDIA RTX 6000 Ada Generation, 97 %, 28430 MiB, 49140 MiB, 299.40 W, 85
2026/08/27 22:25:11.592, 2, NVIDIA RTX 6000 Ada Generation, 88 %, 28296 MiB, 49140 MiB, 294.01 W, 82
2026/08/27 22:25:11.592, 3, NVIDIA RTX 6000 Ada Generation, 98 %, 28062 MiB, 49140 MiB, 297.55 W, 79
2026/08/27 22:25:21.593, 0, NVIDIA RTX 6000 Ada Generation, 97 %, 28310 MiB, 49140 MiB, 299.79 W, 83
2026/08/27 22:25:21.593, 1, NVIDIA RTX 6000 Ada Generation, 91 %, 28430 MiB, 49140 MiB, 282.67 W, 84
2026/08/27 22:25:21.593, 2, NVIDIA RTX 6000 Ada Generation, 95 %, 28296 MiB, 49140 MiB, 299.25 W, 82
2026/08/27 22:25:21.594, 3, NVIDIA RTX 6000 Ada Generation, 97 %, 28062 MiB, 49140 MiB, 299.86 W, 79
2026/08/27 22:25:31.595, 0, NVIDIA RTX 6000 Ada Generation, 97 %, 28310 MiB, 49140 MiB, 299.87 W, 83
2026/08/27 22:25:31.595, 1, NVIDIA RTX 6000 Ada Generation, 97 %, 28430 MiB, 49140 MiB, 299.86 W, 84
2026/08/27 22:25:31.595, 2, NVIDIA RTX 6000 Ada Generation, 97 %, 28296 MiB, 49140 MiB, 299.07 W, 82
2026/08/27 22:25:31.595, 3, NVIDIA RTX 6000 Ada Generation, 96 %, 28062 MiB, 49140 MiB, 296.68 W, 79
2026/08/27 22:25:41.596, 0, NVIDIA RTX 6000 Ada Generation, 97 %, 28310 MiB, 49140 MiB, 299.47 W, 83
2026/08/27 22:25:41.596, 1, NVIDIA RTX 6000 Ada Generation, 86 %, 28430 MiB, 49140 MiB, 282.38 W, 83
2026/08/27 22:25:41.596, 2, NVIDIA RTX 6000 Ada Generation, 97 %, 28296 MiB, 49140 MiB, 299.58 W, 82
2026/08/27 22:25:41.596, 3, NVIDIA RTX 6000 Ada Generation, 97 %, 28062 MiB, 49140 MiB, 299.52 W, 80
2026/08/27 22:25:51.598, 0, NVIDIA RTX 6000 Ada Generation, 98 %, 28310 MiB, 49140 MiB, 300.08 W, 83
2026/08/27 22:25:51.598, 1, NVIDIA RTX 6000 Ada Generation, 97 %, 28438 MiB, 49140 MiB, 300.17 W, 83
2026/08/27 22:25:51.598, 2, NVIDIA RTX 6000 Ada Generation, 97 %, 28296 MiB, 49140 MiB, 299.79 W, 82
2026/08/27 22:25:51.598, 3, NVIDIA RTX 6000 Ada Generation, 97 %, 28062 MiB, 49140 MiB, 299.67 W, 80
2026/08/27 22:26:01.599, 0, NVIDIA RTX 6000 Ada Generation, 87 %, 28310 MiB, 49140 MiB, 282.85 W, 83
2026/08/27 22:26:01.599, 1, NVIDIA RTX 6000 Ada Generation, 97 %, 28438 MiB, 49140 MiB, 299.51 W, 83
2026/08/27 22:26:01.599, 2, NVIDIA RTX 6000 Ada Generation, 97 %, 28296 MiB, 49140 MiB, 299.77 W, 82
2026/08/27 22:26:01.599, 3, NVIDIA RTX 6000 Ada Generation, 85 %, 28062 MiB, 49140 MiB, 272.55 W, 79
2026/08/27 22:26:11.600, 0, NVIDIA RTX 6000 Ada Generation, 96 %, 28310 MiB, 49140 MiB, 291.48 W, 83
2026/08/27 22:26:11.600, 1, NVIDIA RTX 6000 Ada Generation, 97 %, 28438 MiB, 49140 MiB, 299.64 W, 82
2026/08/27 22:26:11.601, 2, NVIDIA RTX 6000 Ada Generation, 97 %, 28296 MiB, 49140 MiB, 299.56 W, 82
2026/08/27 22:26:11.601, 3, NVIDIA RTX 6000 Ada Generation, 94 %, 28062 MiB, 49140 MiB, 297.99 W, 80
2026/08/27 22:26:21.601, 0, NVIDIA RTX 6000 Ada Generation, 96 %, 28310 MiB, 49140 MiB, 295.56 W, 83
2026/08/27 22:26:21.602, 1, NVIDIA RTX 6000 Ada Generation, 85 %, 28438 MiB, 49140 MiB, 282.40 W, 82
2026/08/27 22:26:21.602, 2, NVIDIA RTX 6000 Ada Generation, 98 %, 28296 MiB, 49140 MiB, 295.49 W, 83
2026/08/27 22:26:21.602, 3, NVIDIA RTX 6000 Ada Generation, 97 %, 28062 MiB, 49140 MiB, 299.56 W, 81
2026/08/27 22:26:31.603, 0, NVIDIA RTX 6000 Ada Generation, 97 %, 28310 MiB, 49140 MiB, 300.10 W, 83
2026/08/27 22:26:31.603, 1, NVIDIA RTX 6000 Ada Generation, 97 %, 28438 MiB, 49140 MiB, 298.85 W, 82
2026/08/27 22:26:31.603, 2, NVIDIA RTX 6000 Ada Generation, 97 %, 28296 MiB, 49140 MiB, 298.95 W, 82
2026/08/27 22:26:31.603, 3, NVIDIA RTX 6000 Ada Generation, 85 %, 28062 MiB, 49140 MiB, 281.36 W, 80
2026/08/27 22:26:41.604, 0, NVIDIA RTX 6000 Ada Generation, 97 %, 28310 MiB, 49140 MiB, 299.70 W, 83
2026/08/27 22:26:41.604, 1, NVIDIA RTX 6000 Ada Generation, 97 %, 28438 MiB, 49140 MiB, 299.74 W, 82
2026/08/27 22:26:41.604, 2, NVIDIA RTX 6000 Ada Generation, 97 %, 28296 MiB, 49140 MiB, 299.19 W, 82
2026/08/27 22:26:41.604, 3, NVIDIA RTX 6000 Ada Generation, 97 %, 28062 MiB, 49140 MiB, 299.33 W, 81
2026/08/27 22:26:51.605, 0, NVIDIA RTX 6000 Ada Generation, 90 %, 28310 MiB, 49140 MiB, 286.38 W, 83
2026/08/27 22:26:51.605, 1, NVIDIA RTX 6000 Ada Generation, 86 %, 28438 MiB, 49140 MiB, 272.20 W, 82
2026/08/27 22:26:51.606, 2, NVIDIA RTX 6000 Ada Generation, 95 %, 28296 MiB, 49140 MiB, 299.04 W, 82
2026/08/27 22:26:51.606, 3, NVIDIA RTX 6000 Ada Generation, 97 %, 28062 MiB, 49140 MiB, 299.55 W, 81
2026/08/27 22:27:01.606, 0, NVIDIA RTX 6000 Ada Generation, 97 %, 28310 MiB, 49140 MiB, 299.80 W, 83
2026/08/27 22:27:01.607, 1, NVIDIA RTX 6000 Ada Generation, 97 %, 28438 MiB, 49140 MiB, 299.01 W, 82
2026/08/27 22:27:01.607, 2, NVIDIA RTX 6000 Ada Generation, 97 %, 28296 MiB, 49140 MiB, 300.35 W, 83
2026/08/27 22:27:01.607, 3, NVIDIA RTX 6000 Ada Generation, 85 %, 28062 MiB, 49140 MiB, 280.24 W, 80
2026/08/27 22:27:11.608, 0, NVIDIA RTX 6000 Ada Generation, 86 %, 28310 MiB, 49140 MiB, 281.68 W, 83
2026/08/27 22:27:11.608, 1, NVIDIA RTX 6000 Ada Generation, 97 %, 28438 MiB, 49140 MiB, 299.54 W, 82
2026/08/27 22:27:11.608, 2, NVIDIA RTX 6000 Ada Generation, 87 %, 28296 MiB, 49140 MiB, 293.55 W, 83
2026/08/27 22:27:11.608, 3, NVIDIA RTX 6000 Ada Generation, 98 %, 28062 MiB, 49140 MiB, 296.20 W, 81
2026/08/27 22:27:21.609, 0, NVIDIA RTX 6000 Ada Generation, 97 %, 28310 MiB, 49140 MiB, 300.17 W, 83
2026/08/27 22:27:21.610, 1, NVIDIA RTX 6000 Ada Generation, 97 %, 28438 MiB, 49140 MiB, 299.97 W, 83
2026/08/27 22:27:21.610, 2, NVIDIA RTX 6000 Ada Generation, 96 %, 28296 MiB, 49140 MiB, 299.36 W, 82
2026/08/27 22:27:21.610, 3, NVIDIA RTX 6000 Ada Generation, 97 %, 28062 MiB, 49140 MiB, 298.80 W, 81
2026/08/27 22:27:31.611, 0, NVIDIA RTX 6000 Ada Generation, 97 %, 28310 MiB, 49140 MiB, 300.07 W, 83
2026/08/27 22:27:31.611, 1, NVIDIA RTX 6000 Ada Generation, 97 %, 28438 MiB, 49140 MiB, 299.74 W, 83
2026/08/27 22:27:31.611, 2, NVIDIA RTX 6000 Ada Generation, 96 %, 28296 MiB, 49140 MiB, 299.62 W, 82
2026/08/27 22:27:31.611, 3, NVIDIA RTX 6000 Ada Generation, 85 %, 28062 MiB, 49140 MiB, 273.64 W, 81
2026/08/27 22:27:41.612, 0, NVIDIA RTX 6000 Ada Generation, 95 %, 28310 MiB, 49140 MiB, 298.23 W, 83
2026/08/27 22:27:41.613, 1, NVIDIA RTX 6000 Ada Generation, 89 %, 28438 MiB, 49140 MiB, 276.04 W, 83
2026/08/27 22:27:41.613, 2, NVIDIA RTX 6000 Ada Generation, 97 %, 28296 MiB, 49140 MiB, 299.52 W, 82
2026/08/27 22:27:41.613, 3, NVIDIA RTX 6000 Ada Generation, 84 %, 28062 MiB, 49140 MiB, 291.03 W, 81
2026/08/27 22:27:51.614, 0, NVIDIA RTX 6000 Ada Generation, 97 %, 28310 MiB, 49140 MiB, 299.59 W, 83
2026/08/27 22:27:51.614, 1, NVIDIA RTX 6000 Ada Generation, 97 %, 28438 MiB, 49140 MiB, 299.94 W, 83
2026/08/27 22:27:51.614, 2, NVIDIA RTX 6000 Ada Generation, 97 %, 28296 MiB, 49140 MiB, 299.69 W, 82
2026/08/27 22:27:51.614, 3, NVIDIA RTX 6000 Ada Generation, 97 %, 28062 MiB, 49140 MiB, 297.83 W, 81
2026/08/27 22:28:01.615, 0, NVIDIA RTX 6000 Ada Generation, 97 %, 28310 MiB, 49140 MiB, 299.49 W, 83
2026/08/27 22:28:01.616, 1, NVIDIA RTX 6000 Ada Generation, 97 %, 28438 MiB, 49140 MiB, 299.71 W, 83
2026/08/27 22:28:01.616, 2, NVIDIA RTX 6000 Ada Generation, 86 %, 28296 MiB, 49140 MiB, 291.96 W, 82
2026/08/27 22:28:01.616, 3, NVIDIA RTX 6000 Ada Generation, 97 %, 28062 MiB, 49140 MiB, 299.11 W, 81
2026/08/27 22:28:11.617, 0, NVIDIA RTX 6000 Ada Generation, 97 %, 28310 MiB, 49140 MiB, 299.21 W, 83
2026/08/27 22:28:11.617, 1, NVIDIA RTX 6000 Ada Generation, 97 %, 28438 MiB, 49140 MiB, 300.02 W, 84
2026/08/27 22:28:11.617, 2, NVIDIA RTX 6000 Ada Generation, 97 %, 28296 MiB, 49140 MiB, 299.60 W, 82
2026/08/27 22:28:11.617, 3, NVIDIA RTX 6000 Ada Generation, 95 %, 28062 MiB, 49140 MiB, 298.82 W, 81
2026/08/27 22:28:21.618, 0, NVIDIA RTX 6000 Ada Generation, 97 %, 28310 MiB, 49140 MiB, 300.20 W, 83
2026/08/27 22:28:21.618, 1, NVIDIA RTX 6000 Ada Generation, 97 %, 28438 MiB, 49140 MiB, 299.48 W, 84
2026/08/27 22:28:21.618, 2, NVIDIA RTX 6000 Ada Generation, 97 %, 28296 MiB, 49140 MiB, 299.59 W, 82
2026/08/27 22:28:21.619, 3, NVIDIA RTX 6000 Ada Generation, 98 %, 28062 MiB, 49140 MiB, 281.65 W, 80
2026/08/27 22:28:31.620, 0, NVIDIA RTX 6000 Ada Generation, 97 %, 28310 MiB, 49140 MiB, 299.30 W, 83
2026/08/27 22:28:31.620, 1, NVIDIA RTX 6000 Ada Generation, 98 %, 28438 MiB, 49140 MiB, 298.00 W, 84
2026/08/27 22:28:31.620, 2, NVIDIA RTX 6000 Ada Generation, 88 %, 28296 MiB, 49140 MiB, 295.33 W, 82
2026/08/27 22:28:31.620, 3, NVIDIA RTX 6000 Ada Generation, 96 %, 28062 MiB, 49140 MiB, 298.57 W, 81
2026/08/27 22:28:41.621, 0, NVIDIA RTX 6000 Ada Generation, 98 %, 28310 MiB, 49140 MiB, 299.14 W, 83
2026/08/27 22:28:41.621, 1, NVIDIA RTX 6000 Ada Generation, 94 %, 28438 MiB, 49140 MiB, 289.71 W, 84
2026/08/27 22:28:41.621, 2, NVIDIA RTX 6000 Ada Generation, 94 %, 28296 MiB, 49140 MiB, 299.84 W, 82
2026/08/27 22:28:41.621, 3, NVIDIA RTX 6000 Ada Generation, 97 %, 28062 MiB, 49140 MiB, 298.97 W, 81
2026/08/27 22:28:51.622, 0, NVIDIA RTX 6000 Ada Generation, 91 %, 28310 MiB, 49140 MiB, 285.31 W, 83
2026/08/27 22:28:51.623, 1, NVIDIA RTX 6000 Ada Generation, 97 %, 28438 MiB, 49140 MiB, 298.84 W, 84
2026/08/27 22:28:51.623, 2, NVIDIA RTX 6000 Ada Generation, 97 %, 28296 MiB, 49140 MiB, 298.98 W, 82
2026/08/27 22:28:51.623, 3, NVIDIA RTX 6000 Ada Generation, 97 %, 28062 MiB, 49140 MiB, 299.17 W, 81
2026/08/27 22:29:01.624, 0, NVIDIA RTX 6000 Ada Generation, 95 %, 28310 MiB, 49140 MiB, 299.33 W, 83
2026/08/27 22:29:01.624, 1, NVIDIA RTX 6000 Ada Generation, 97 %, 28438 MiB, 49140 MiB, 298.85 W, 84
2026/08/27 22:29:01.624, 2, NVIDIA RTX 6000 Ada Generation, 97 %, 28296 MiB, 49140 MiB, 298.93 W, 82
2026/08/27 22:29:01.624, 3, NVIDIA RTX 6000 Ada Generation, 86 %, 28062 MiB, 49140 MiB, 276.83 W, 80
2026/08/27 22:29:11.625, 0, NVIDIA RTX 6000 Ada Generation, 97 %, 28310 MiB, 49140 MiB, 299.87 W, 83
2026/08/27 22:29:11.625, 1, NVIDIA RTX 6000 Ada Generation, 97 %, 28438 MiB, 49140 MiB, 299.33 W, 84
2026/08/27 22:29:11.626, 2, NVIDIA RTX 6000 Ada Generation, 98 %, 28296 MiB, 49140 MiB, 299.58 W, 82
2026/08/27 22:29:11.626, 3, NVIDIA RTX 6000 Ada Generation, 97 %, 28062 MiB, 49140 MiB, 299.47 W, 81
2026/08/27 22:29:21.627, 0, NVIDIA RTX 6000 Ada Generation, 84 %, 28310 MiB, 49140 MiB, 293.92 W, 83
2026/08/27 22:29:21.627, 1, NVIDIA RTX 6000 Ada Generation, 95 %, 28438 MiB, 49140 MiB, 298.29 W, 84
2026/08/27 22:29:21.627, 2, NVIDIA RTX 6000 Ada Generation, 97 %, 28296 MiB, 49140 MiB, 299.56 W, 82
2026/08/27 22:29:21.627, 3, NVIDIA RTX 6000 Ada Generation, 98 %, 28062 MiB, 49140 MiB, 299.22 W, 81
2026/08/27 22:29:31.628, 0, NVIDIA RTX 6000 Ada Generation, 97 %, 28310 MiB, 49140 MiB, 300.30 W, 83
2026/08/27 22:29:31.628, 1, NVIDIA RTX 6000 Ada Generation, 94 %, 28438 MiB, 49140 MiB, 299.02 W, 84
2026/08/27 22:29:31.628, 2, NVIDIA RTX 6000 Ada Generation, 97 %, 28296 MiB, 49140 MiB, 300.01 W, 82
2026/08/27 22:29:31.629, 3, NVIDIA RTX 6000 Ada Generation, 97 %, 28062 MiB, 49140 MiB, 299.31 W, 81
2026/08/27 22:29:41.630, 0, NVIDIA RTX 6000 Ada Generation, 88 %, 28310 MiB, 49140 MiB, 284.10 W, 83
2026/08/27 22:29:41.630, 1, NVIDIA RTX 6000 Ada Generation, 96 %, 28438 MiB, 49140 MiB, 298.63 W, 84
2026/08/27 22:29:41.630, 2, NVIDIA RTX 6000 Ada Generation, 88 %, 28296 MiB, 49140 MiB, 287.68 W, 82
2026/08/27 22:29:41.630, 3, NVIDIA RTX 6000 Ada Generation, 97 %, 28062 MiB, 49140 MiB, 299.11 W, 81
2026/08/27 22:29:51.631, 0, NVIDIA RTX 6000 Ada Generation, 97 %, 28310 MiB, 49140 MiB, 299.37 W, 83
2026/08/27 22:29:51.631, 1, NVIDIA RTX 6000 Ada Generation, 97 %, 28438 MiB, 49140 MiB, 299.46 W, 84
2026/08/27 22:29:51.631, 2, NVIDIA RTX 6000 Ada Generation, 97 %, 28296 MiB, 49140 MiB, 299.27 W, 82
2026/08/27 22:29:51.632, 3, NVIDIA RTX 6000 Ada Generation, 96 %, 28062 MiB, 49140 MiB, 298.59 W, 81
2026/08/27 22:30:01.633, 0, NVIDIA RTX 6000 Ada Generation, 97 %, 28310 MiB, 49140 MiB, 299.58 W, 83
2026/08/27 22:30:01.633, 1, NVIDIA RTX 6000 Ada Generation, 97 %, 28438 MiB, 49140 MiB, 300.25 W, 84
2026/08/27 22:30:01.633, 2, NVIDIA RTX 6000 Ada Generation, 95 %, 28296 MiB, 49140 MiB, 291.76 W, 82
2026/08/27 22:30:01.633, 3, NVIDIA RTX 6000 Ada Generation, 85 %, 28062 MiB, 49140 MiB, 273.41 W, 80
2026/08/27 22:30:11.634, 0, NVIDIA RTX 6000 Ada Generation, 97 %, 28310 MiB, 49140 MiB, 299.44 W, 83
2026/08/27 22:30:11.634, 1, NVIDIA RTX 6000 Ada Generation, 98 %, 28438 MiB, 49140 MiB, 299.48 W, 84
2026/08/27 22:30:11.634, 2, NVIDIA RTX 6000 Ada Generation, 97 %, 28296 MiB, 49140 MiB, 299.27 W, 82
2026/08/27 22:30:11.634, 3, NVIDIA RTX 6000 Ada Generation, 97 %, 28062 MiB, 49140 MiB, 297.47 W, 81
2026/08/27 22:30:21.635, 0, NVIDIA RTX 6000 Ada Generation, 97 %, 28310 MiB, 49140 MiB, 299.10 W, 83
2026/08/27 22:30:21.636, 1, NVIDIA RTX 6000 Ada Generation, 98 %, 28438 MiB, 49140 MiB, 298.57 W, 83
2026/08/27 22:30:21.636, 2, NVIDIA RTX 6000 Ada Generation, 96 %, 28296 MiB, 49140 MiB, 296.49 W, 82
2026/08/27 22:30:21.636, 3, NVIDIA RTX 6000 Ada Generation, 86 %, 28062 MiB, 49140 MiB, 274.51 W, 80
2026/08/27 22:30:31.637, 0, NVIDIA RTX 6000 Ada Generation, 98 %, 28310 MiB, 49140 MiB, 299.24 W, 83
2026/08/27 22:30:31.637, 1, NVIDIA RTX 6000 Ada Generation, 98 %, 28438 MiB, 49140 MiB, 299.44 W, 84
2026/08/27 22:30:31.637, 2, NVIDIA RTX 6000 Ada Generation, 97 %, 28296 MiB, 49140 MiB, 299.45 W, 83
2026/08/27 22:30:31.637, 3, NVIDIA RTX 6000 Ada Generation, 97 %, 28062 MiB, 49140 MiB, 300.73 W, 81
2026/08/27 22:30:41.638, 0, NVIDIA RTX 6000 Ada Generation, 87 %, 28310 MiB, 49140 MiB, 283.70 W, 83
2026/08/27 22:30:41.639, 1, NVIDIA RTX 6000 Ada Generation, 97 %, 28438 MiB, 49140 MiB, 298.19 W, 84
2026/08/27 22:30:41.639, 2, NVIDIA RTX 6000 Ada Generation, 97 %, 28296 MiB, 49140 MiB, 299.95 W, 82
2026/08/27 22:30:41.639, 3, NVIDIA RTX 6000 Ada Generation, 97 %, 28062 MiB, 49140 MiB, 300.17 W, 81
2026/08/27 22:30:51.640, 0, NVIDIA RTX 6000 Ada Generation, 96 %, 28310 MiB, 49140 MiB, 291.67 W, 83
2026/08/27 22:30:51.640, 1, NVIDIA RTX 6000 Ada Generation, 97 %, 28438 MiB, 49140 MiB, 299.37 W, 83
2026/08/27 22:30:51.640, 2, NVIDIA RTX 6000 Ada Generation, 97 %, 28296 MiB, 49140 MiB, 299.39 W, 82
2026/08/27 22:30:51.640, 3, NVIDIA RTX 6000 Ada Generation, 97 %, 28062 MiB, 49140 MiB, 299.02 W, 81
2026/08/27 22:31:01.641, 0, NVIDIA RTX 6000 Ada Generation, 96 %, 28310 MiB, 49140 MiB, 290.19 W, 83
2026/08/27 22:31:01.642, 1, NVIDIA RTX 6000 Ada Generation, 97 %, 28438 MiB, 49140 MiB, 299.39 W, 84
2026/08/27 22:31:01.642, 2, NVIDIA RTX 6000 Ada Generation, 88 %, 28296 MiB, 49140 MiB, 288.26 W, 83
2026/08/27 22:31:01.642, 3, NVIDIA RTX 6000 Ada Generation, 97 %, 28062 MiB, 49140 MiB, 289.47 W, 80
2026/08/27 22:31:11.643, 0, NVIDIA RTX 6000 Ada Generation, 97 %, 28310 MiB, 49140 MiB, 300.03 W, 83
2026/08/27 22:31:11.643, 1, NVIDIA RTX 6000 Ada Generation, 97 %, 28438 MiB, 49140 MiB, 299.37 W, 83
2026/08/27 22:31:11.643, 2, NVIDIA RTX 6000 Ada Generation, 97 %, 28296 MiB, 49140 MiB, 299.27 W, 82
2026/08/27 22:31:11.643, 3, NVIDIA RTX 6000 Ada Generation, 84 %, 28062 MiB, 49140 MiB, 268.79 W, 80
2026/08/27 22:31:21.644, 0, NVIDIA RTX 6000 Ada Generation, 97 %, 28310 MiB, 49140 MiB, 299.11 W, 83
2026/08/27 22:31:21.645, 1, NVIDIA RTX 6000 Ada Generation, 97 %, 28438 MiB, 49140 MiB, 299.23 W, 83
2026/08/27 22:31:21.645, 2, NVIDIA RTX 6000 Ada Generation, 97 %, 28296 MiB, 49140 MiB, 299.25 W, 82
2026/08/27 22:31:21.645, 3, NVIDIA RTX 6000 Ada Generation, 95 %, 28062 MiB, 49140 MiB, 298.37 W, 80
2026/08/27 22:31:31.646, 0, NVIDIA RTX 6000 Ada Generation, 90 %, 28310 MiB, 49140 MiB, 285.23 W, 84
2026/08/27 22:31:31.646, 1, NVIDIA RTX 6000 Ada Generation, 97 %, 28438 MiB, 49140 MiB, 299.74 W, 83
2026/08/27 22:31:31.646, 2, NVIDIA RTX 6000 Ada Generation, 93 %, 28296 MiB, 49140 MiB, 290.71 W, 83
2026/08/27 22:31:31.646, 3, NVIDIA RTX 6000 Ada Generation, 97 %, 28062 MiB, 49140 MiB, 299.54 W, 81
2026/08/27 22:31:41.647, 0, NVIDIA RTX 6000 Ada Generation, 97 %, 28310 MiB, 49140 MiB, 299.95 W, 84
2026/08/27 22:31:41.647, 1, NVIDIA RTX 6000 Ada Generation, 94 %, 28438 MiB, 49140 MiB, 281.25 W, 83
2026/08/27 22:31:41.647, 2, NVIDIA RTX 6000 Ada Generation, 95 %, 28314 MiB, 49140 MiB, 299.74 W, 83
2026/08/27 22:31:41.647, 3, NVIDIA RTX 6000 Ada Generation, 97 %, 28062 MiB, 49140 MiB, 299.90 W, 81
2026/08/27 22:31:51.648, 0, NVIDIA RTX 6000 Ada Generation, 97 %, 28310 MiB, 49140 MiB, 299.36 W, 84
2026/08/27 22:31:51.648, 1, NVIDIA RTX 6000 Ada Generation, 97 %, 28438 MiB, 49140 MiB, 299.89 W, 83
2026/08/27 22:31:51.648, 2, NVIDIA RTX 6000 Ada Generation, 97 %, 28314 MiB, 49140 MiB, 299.43 W, 83
2026/08/27 22:31:51.648, 3, NVIDIA RTX 6000 Ada Generation, 98 %, 28062 MiB, 49140 MiB, 298.00 W, 81
2026/08/27 22:32:01.649, 0, NVIDIA RTX 6000 Ada Generation, 97 %, 28310 MiB, 49140 MiB, 299.68 W, 84
2026/08/27 22:32:01.649, 1, NVIDIA RTX 6000 Ada Generation, 98 %, 28438 MiB, 49140 MiB, 298.55 W, 83
2026/08/27 22:32:01.649, 2, NVIDIA RTX 6000 Ada Generation, 97 %, 28314 MiB, 49140 MiB, 299.77 W, 83
2026/08/27 22:32:01.650, 3, NVIDIA RTX 6000 Ada Generation, 93 %, 28062 MiB, 49140 MiB, 298.55 W, 81
2026/08/27 22:32:11.650, 0, NVIDIA RTX 6000 Ada Generation, 97 %, 28310 MiB, 49140 MiB, 299.81 W, 84
2026/08/27 22:32:11.651, 1, NVIDIA RTX 6000 Ada Generation, 94 %, 28438 MiB, 49140 MiB, 287.80 W, 83
2026/08/27 22:32:11.651, 2, NVIDIA RTX 6000 Ada Generation, 97 %, 28314 MiB, 49140 MiB, 299.76 W, 83
2026/08/27 22:32:11.651, 3, NVIDIA RTX 6000 Ada Generation, 97 %, 28062 MiB, 49140 MiB, 299.65 W, 81
2026/08/27 22:32:21.652, 0, NVIDIA RTX 6000 Ada Generation, 97 %, 28310 MiB, 49140 MiB, 300.16 W, 84
2026/08/27 22:32:21.652, 1, NVIDIA RTX 6000 Ada Generation, 96 %, 28438 MiB, 49140 MiB, 298.59 W, 83
2026/08/27 22:32:21.652, 2, NVIDIA RTX 6000 Ada Generation, 97 %, 28314 MiB, 49140 MiB, 299.88 W, 83
2026/08/27 22:32:21.652, 3, NVIDIA RTX 6000 Ada Generation, 98 %, 28062 MiB, 49140 MiB, 298.83 W, 81
2026/08/27 22:32:31.653, 0, NVIDIA RTX 6000 Ada Generation, 87 %, 28310 MiB, 49140 MiB, 283.59 W, 84
2026/08/27 22:32:31.653, 1, NVIDIA RTX 6000 Ada Generation, 97 %, 28438 MiB, 49140 MiB, 299.87 W, 83
2026/08/27 22:32:31.653, 2, NVIDIA RTX 6000 Ada Generation, 97 %, 28314 MiB, 49140 MiB, 299.81 W, 83
2026/08/27 22:32:31.653, 3, NVIDIA RTX 6000 Ada Generation, 95 %, 28062 MiB, 49140 MiB, 294.13 W, 81
2026/08/27 22:32:41.654, 0, NVIDIA RTX 6000 Ada Generation, 96 %, 28310 MiB, 49140 MiB, 292.87 W, 84
2026/08/27 22:32:41.654, 1, NVIDIA RTX 6000 Ada Generation, 97 %, 28438 MiB, 49140 MiB, 300.11 W, 84
2026/08/27 22:32:41.654, 2, NVIDIA RTX 6000 Ada Generation, 86 %, 28314 MiB, 49140 MiB, 287.00 W, 83
2026/08/27 22:32:41.654, 3, NVIDIA RTX 6000 Ada Generation, 97 %, 28062 MiB, 49140 MiB, 299.45 W, 81
2026/08/27 22:32:51.655, 0, NVIDIA RTX 6000 Ada Generation, 97 %, 28310 MiB, 49140 MiB, 299.43 W, 84
2026/08/27 22:32:51.655, 1, NVIDIA RTX 6000 Ada Generation, 97 %, 28438 MiB, 49140 MiB, 299.43 W, 84
2026/08/27 22:32:51.655, 2, NVIDIA RTX 6000 Ada Generation, 96 %, 28314 MiB, 49140 MiB, 296.40 W, 83
2026/08/27 22:32:51.655, 3, NVIDIA RTX 6000 Ada Generation, 97 %, 28062 MiB, 49140 MiB, 299.56 W, 81
2026/08/27 22:33:01.656, 0, NVIDIA RTX 6000 Ada Generation, 92 %, 28310 MiB, 49140 MiB, 284.52 W, 85
2026/08/27 22:33:01.656, 1, NVIDIA RTX 6000 Ada Generation, 95 %, 28438 MiB, 49140 MiB, 297.23 W, 83
2026/08/27 22:33:01.656, 2, NVIDIA RTX 6000 Ada Generation, 97 %, 28314 MiB, 49140 MiB, 299.41 W, 83
2026/08/27 22:33:01.656, 3, NVIDIA RTX 6000 Ada Generation, 87 %, 28062 MiB, 49140 MiB, 278.46 W, 80
2026/08/27 22:33:11.657, 0, NVIDIA RTX 6000 Ada Generation, 97 %, 28310 MiB, 49140 MiB, 299.88 W, 84
2026/08/27 22:33:11.657, 1, NVIDIA RTX 6000 Ada Generation, 97 %, 28438 MiB, 49140 MiB, 299.46 W, 84
2026/08/27 22:33:11.657, 2, NVIDIA RTX 6000 Ada Generation, 97 %, 28314 MiB, 49140 MiB, 299.59 W, 83
2026/08/27 22:33:11.658, 3, NVIDIA RTX 6000 Ada Generation, 97 %, 28062 MiB, 49140 MiB, 299.59 W, 81
2026/08/27 22:33:21.979, 0, NVIDIA RTX 6000 Ada Generation, 94 %, 28310 MiB, 49140 MiB, 289.98 W, 83
2026/08/27 22:33:21.979, 1, NVIDIA RTX 6000 Ada Generation, 96 %, 28438 MiB, 49140 MiB, 283.76 W, 83
2026/08/27 22:33:21.979, 2, NVIDIA RTX 6000 Ada Generation, 98 %, 28314 MiB, 49140 MiB, 299.94 W, 83
2026/08/27 22:33:21.979, 3, NVIDIA RTX 6000 Ada Generation, 97 %, 28062 MiB, 49140 MiB, 297.05 W, 80
2026/08/27 22:33:31.980, 0, NVIDIA RTX 6000 Ada Generation, 97 %, 28310 MiB, 49140 MiB, 299.25 W, 83
2026/08/27 22:33:31.980, 1, NVIDIA RTX 6000 Ada Generation, 97 %, 28438 MiB, 49140 MiB, 299.33 W, 84
2026/08/27 22:33:31.980, 2, NVIDIA RTX 6000 Ada Generation, 97 %, 28314 MiB, 49140 MiB, 300.26 W, 83
2026/08/27 22:33:31.980, 3, NVIDIA RTX 6000 Ada Generation, 97 %, 28062 MiB, 49140 MiB, 299.88 W, 81
2026/08/27 22:33:41.981, 0, NVIDIA RTX 6000 Ada Generation, 97 %, 28310 MiB, 49140 MiB, 299.81 W, 84
2026/08/27 22:33:41.981, 1, NVIDIA RTX 6000 Ada Generation, 94 %, 28438 MiB, 49140 MiB, 299.36 W, 84
2026/08/27 22:33:41.981, 2, NVIDIA RTX 6000 Ada Generation, 95 %, 28314 MiB, 49140 MiB, 295.47 W, 83
2026/08/27 22:33:41.981, 3, NVIDIA RTX 6000 Ada Generation, 97 %, 28062 MiB, 49140 MiB, 298.36 W, 81
2026/08/27 22:33:51.982, 0, NVIDIA RTX 6000 Ada Generation, 91 %, 28310 MiB, 49140 MiB, 284.32 W, 82
2026/08/27 22:33:51.982, 1, NVIDIA RTX 6000 Ada Generation, 97 %, 28438 MiB, 49140 MiB, 299.07 W, 84
2026/08/27 22:33:51.982, 2, NVIDIA RTX 6000 Ada Generation, 97 %, 28314 MiB, 49140 MiB, 299.35 W, 83
2026/08/27 22:33:51.982, 3, NVIDIA RTX 6000 Ada Generation, 90 %, 28062 MiB, 49140 MiB, 282.89 W, 80
2026/08/27 22:34:01.983, 0, NVIDIA RTX 6000 Ada Generation, 97 %, 28310 MiB, 49140 MiB, 298.68 W, 83
2026/08/27 22:34:01.983, 1, NVIDIA RTX 6000 Ada Generation, 97 %, 28438 MiB, 49140 MiB, 295.88 W, 84
2026/08/27 22:34:01.984, 2, NVIDIA RTX 6000 Ada Generation, 95 %, 28314 MiB, 49140 MiB, 295.45 W, 82
2026/08/27 22:34:01.984, 3, NVIDIA RTX 6000 Ada Generation, 97 %, 28062 MiB, 49140 MiB, 299.28 W, 81
2026/08/27 22:34:11.985, 0, NVIDIA RTX 6000 Ada Generation, 97 %, 28310 MiB, 49140 MiB, 299.86 W, 84
2026/08/27 22:34:11.985, 1, NVIDIA RTX 6000 Ada Generation, 98 %, 28438 MiB, 49140 MiB, 299.03 W, 84
2026/08/27 22:34:11.985, 2, NVIDIA RTX 6000 Ada Generation, 98 %, 28314 MiB, 49140 MiB, 295.95 W, 83
2026/08/27 22:34:11.985, 3, NVIDIA RTX 6000 Ada Generation, 94 %, 28062 MiB, 49140 MiB, 298.88 W, 81
2026/08/27 22:34:21.986, 0, NVIDIA RTX 6000 Ada Generation, 87 %, 28310 MiB, 49140 MiB, 282.52 W, 83
2026/08/27 22:34:21.986, 1, NVIDIA RTX 6000 Ada Generation, 91 %, 28438 MiB, 49140 MiB, 282.80 W, 84
2026/08/27 22:34:21.986, 2, NVIDIA RTX 6000 Ada Generation, 98 %, 28314 MiB, 49140 MiB, 296.34 W, 82
2026/08/27 22:34:21.986, 3, NVIDIA RTX 6000 Ada Generation, 97 %, 28062 MiB, 49140 MiB, 299.86 W, 81
2026/08/27 22:34:31.987, 0, NVIDIA RTX 6000 Ada Generation, 97 %, 28310 MiB, 49140 MiB, 299.68 W, 84
2026/08/27 22:34:31.987, 1, NVIDIA RTX 6000 Ada Generation, 96 %, 28438 MiB, 49140 MiB, 298.11 W, 84
2026/08/27 22:34:31.987, 2, NVIDIA RTX 6000 Ada Generation, 95 %, 28314 MiB, 49140 MiB, 293.62 W, 83
2026/08/27 22:34:31.987, 3, NVIDIA RTX 6000 Ada Generation, 97 %, 28062 MiB, 49140 MiB, 293.58 W, 81
2026/08/27 22:34:41.988, 0, NVIDIA RTX 6000 Ada Generation, 97 %, 28310 MiB, 49140 MiB, 299.44 W, 84
2026/08/27 22:34:41.988, 1, NVIDIA RTX 6000 Ada Generation, 97 %, 28438 MiB, 49140 MiB, 298.86 W, 84
2026/08/27 22:34:41.988, 2, NVIDIA RTX 6000 Ada Generation, 97 %, 28316 MiB, 49140 MiB, 299.29 W, 83
2026/08/27 22:34:41.988, 3, NVIDIA RTX 6000 Ada Generation, 97 %, 28062 MiB, 49140 MiB, 280.21 W, 79
2026/08/27 22:34:51.989, 0, NVIDIA RTX 6000 Ada Generation, 89 %, 28310 MiB, 49140 MiB, 285.88 W, 83
2026/08/27 22:34:51.989, 1, NVIDIA RTX 6000 Ada Generation, 97 %, 28438 MiB, 49140 MiB, 299.99 W, 84
2026/08/27 22:34:51.990, 2, NVIDIA RTX 6000 Ada Generation, 97 %, 28316 MiB, 49140 MiB, 299.52 W, 83
2026/08/27 22:34:51.990, 3, NVIDIA RTX 6000 Ada Generation, 97 %, 28062 MiB, 49140 MiB, 290.73 W, 80
2026/08/27 22:35:01.990, 0, NVIDIA RTX 6000 Ada Generation, 97 %, 28310 MiB, 49140 MiB, 299.63 W, 84
2026/08/27 22:35:01.991, 1, NVIDIA RTX 6000 Ada Generation, 97 %, 28438 MiB, 49140 MiB, 299.45 W, 84
2026/08/27 22:35:01.991, 2, NVIDIA RTX 6000 Ada Generation, 97 %, 28316 MiB, 49140 MiB, 299.24 W, 83
2026/08/27 22:35:01.991, 3, NVIDIA RTX 6000 Ada Generation, 98 %, 28062 MiB, 49140 MiB, 287.21 W, 79
2026/08/27 22:35:11.992, 0, NVIDIA RTX 6000 Ada Generation, 97 %, 28310 MiB, 49140 MiB, 300.23 W, 84
2026/08/27 22:35:11.992, 1, NVIDIA RTX 6000 Ada Generation, 97 %, 28438 MiB, 49140 MiB, 299.19 W, 84
2026/08/27 22:35:11.992, 2, NVIDIA RTX 6000 Ada Generation, 98 %, 28316 MiB, 49140 MiB, 299.48 W, 83
2026/08/27 22:35:11.992, 3, NVIDIA RTX 6000 Ada Generation, 88 %, 28062 MiB, 49140 MiB, 277.37 W, 79
2026/08/27 22:35:21.993, 0, NVIDIA RTX 6000 Ada Generation, 97 %, 28310 MiB, 49140 MiB, 299.66 W, 84
2026/08/27 22:35:21.993, 1, NVIDIA RTX 6000 Ada Generation, 97 %, 28438 MiB, 49140 MiB, 299.58 W, 84
2026/08/27 22:35:21.994, 2, NVIDIA RTX 6000 Ada Generation, 93 %, 28316 MiB, 49140 MiB, 292.92 W, 82
2026/08/27 22:35:21.994, 3, NVIDIA RTX 6000 Ada Generation, 97 %, 28062 MiB, 49140 MiB, 299.44 W, 80
2026/08/27 22:35:31.995, 0, NVIDIA RTX 6000 Ada Generation, 88 %, 28310 MiB, 49140 MiB, 283.41 W, 83
2026/08/27 22:35:31.995, 1, NVIDIA RTX 6000 Ada Generation, 97 %, 28438 MiB, 49140 MiB, 299.57 W, 84
2026/08/27 22:35:31.995, 2, NVIDIA RTX 6000 Ada Generation, 97 %, 28316 MiB, 49140 MiB, 299.39 W, 83
2026/08/27 22:35:31.995, 3, NVIDIA RTX 6000 Ada Generation, 98 %, 28062 MiB, 49140 MiB, 299.58 W, 80
2026/08/27 22:35:41.996, 0, NVIDIA RTX 6000 Ada Generation, 94 %, 28310 MiB, 49140 MiB, 292.58 W, 83
2026/08/27 22:35:41.997, 1, NVIDIA RTX 6000 Ada Generation, 98 %, 28438 MiB, 49140 MiB, 295.34 W, 84
2026/08/27 22:35:41.997, 2, NVIDIA RTX 6000 Ada Generation, 97 %, 28316 MiB, 49140 MiB, 299.30 W, 83
2026/08/27 22:35:41.997, 3, NVIDIA RTX 6000 Ada Generation, 97 %, 28062 MiB, 49140 MiB, 299.70 W, 80
2026/08/27 22:35:51.998, 0, NVIDIA RTX 6000 Ada Generation, 97 %, 28310 MiB, 49140 MiB, 299.85 W, 84
2026/08/27 22:35:51.998, 1, NVIDIA RTX 6000 Ada Generation, 91 %, 28438 MiB, 49140 MiB, 282.94 W, 83
2026/08/27 22:35:51.998, 2, NVIDIA RTX 6000 Ada Generation, 97 %, 28316 MiB, 49140 MiB, 299.51 W, 83
2026/08/27 22:35:51.998, 3, NVIDIA RTX 6000 Ada Generation, 97 %, 28062 MiB, 49140 MiB, 298.65 W, 80
2026/08/27 22:36:01.999, 0, NVIDIA RTX 6000 Ada Generation, 97 %, 28310 MiB, 49140 MiB, 300.33 W, 84
2026/08/27 22:36:02.000, 1, NVIDIA RTX 6000 Ada Generation, 97 %, 28438 MiB, 49140 MiB, 296.89 W, 83
2026/08/27 22:36:02.000, 2, NVIDIA RTX 6000 Ada Generation, 98 %, 28316 MiB, 49140 MiB, 299.87 W, 83
2026/08/27 22:36:02.000, 3, NVIDIA RTX 6000 Ada Generation, 97 %, 28062 MiB, 49140 MiB, 299.59 W, 80
2026/08/27 22:36:12.001, 0, NVIDIA RTX 6000 Ada Generation, 86 %, 28310 MiB, 49140 MiB, 284.59 W, 83
2026/08/27 22:36:12.001, 1, NVIDIA RTX 6000 Ada Generation, 97 %, 28438 MiB, 49140 MiB, 299.86 W, 84
2026/08/27 22:36:12.001, 2, NVIDIA RTX 6000 Ada Generation, 92 %, 28316 MiB, 49140 MiB, 297.57 W, 83
2026/08/27 22:36:12.001, 3, NVIDIA RTX 6000 Ada Generation, 97 %, 28062 MiB, 49140 MiB, 300.16 W, 81
2026/08/27 22:36:22.002, 0, NVIDIA RTX 6000 Ada Generation, 97 %, 28310 MiB, 49140 MiB, 300.20 W, 84
2026/08/27 22:36:22.003, 1, NVIDIA RTX 6000 Ada Generation, 98 %, 28438 MiB, 49140 MiB, 299.22 W, 84
2026/08/27 22:36:22.003, 2, NVIDIA RTX 6000 Ada Generation, 96 %, 28316 MiB, 49140 MiB, 299.21 W, 83
2026/08/27 22:36:22.003, 3, NVIDIA RTX 6000 Ada Generation, 98 %, 28062 MiB, 49140 MiB, 298.37 W, 81
2026/08/27 22:36:32.004, 0, NVIDIA RTX 6000 Ada Generation, 94 %, 28310 MiB, 49140 MiB, 299.63 W, 84
2026/08/27 22:36:32.004, 1, NVIDIA RTX 6000 Ada Generation, 91 %, 28438 MiB, 49140 MiB, 282.81 W, 83
2026/08/27 22:36:32.004, 2, NVIDIA RTX 6000 Ada Generation, 96 %, 28316 MiB, 49140 MiB, 299.29 W, 82
2026/08/27 22:36:32.004, 3, NVIDIA RTX 6000 Ada Generation, 97 %, 28062 MiB, 49140 MiB, 299.74 W, 81
2026/08/27 22:36:42.005, 0, NVIDIA RTX 6000 Ada Generation, 97 %, 28310 MiB, 49140 MiB, 299.74 W, 84
2026/08/27 22:36:42.006, 1, NVIDIA RTX 6000 Ada Generation, 97 %, 28438 MiB, 49140 MiB, 293.75 W, 83
2026/08/27 22:36:42.006, 2, NVIDIA RTX 6000 Ada Generation, 97 %, 28316 MiB, 49140 MiB, 298.65 W, 83
2026/08/27 22:36:42.006, 3, NVIDIA RTX 6000 Ada Generation, 96 %, 28062 MiB, 49140 MiB, 299.67 W, 81
2026/08/27 22:36:52.007, 0, NVIDIA RTX 6000 Ada Generation, 86 %, 28310 MiB, 49140 MiB, 279.53 W, 83
2026/08/27 22:36:52.007, 1, NVIDIA RTX 6000 Ada Generation, 96 %, 28438 MiB, 49140 MiB, 298.61 W, 84
2026/08/27 22:36:52.007, 2, NVIDIA RTX 6000 Ada Generation, 98 %, 28316 MiB, 49140 MiB, 294.14 W, 83
2026/08/27 22:36:52.007, 3, NVIDIA RTX 6000 Ada Generation, 96 %, 28062 MiB, 49140 MiB, 299.62 W, 81
2026/08/27 22:37:02.008, 0, NVIDIA RTX 6000 Ada Generation, 97 %, 28310 MiB, 49140 MiB, 299.64 W, 84
2026/08/27 22:37:02.008, 1, NVIDIA RTX 6000 Ada Generation, 97 %, 28438 MiB, 49140 MiB, 300.16 W, 84
2026/08/27 22:37:02.008, 2, NVIDIA RTX 6000 Ada Generation, 93 %, 28316 MiB, 49140 MiB, 292.02 W, 83
2026/08/27 22:37:02.008, 3, NVIDIA RTX 6000 Ada Generation, 90 %, 28062 MiB, 49140 MiB, 279.97 W, 80
2026/08/27 22:37:12.009, 0, NVIDIA RTX 6000 Ada Generation, 98 %, 28310 MiB, 49140 MiB, 294.52 W, 83
2026/08/27 22:37:12.009, 1, NVIDIA RTX 6000 Ada Generation, 97 %, 28438 MiB, 49140 MiB, 299.38 W, 84
2026/08/27 22:37:12.010, 2, NVIDIA RTX 6000 Ada Generation, 96 %, 28316 MiB, 49140 MiB, 295.72 W, 83
2026/08/27 22:37:12.010, 3, NVIDIA RTX 6000 Ada Generation, 97 %, 28062 MiB, 49140 MiB, 299.69 W, 81
2026/08/27 22:37:22.010, 0, NVIDIA RTX 6000 Ada Generation, 97 %, 28310 MiB, 49140 MiB, 299.78 W, 84
2026/08/27 22:37:22.011, 1, NVIDIA RTX 6000 Ada Generation, 97 %, 28438 MiB, 49140 MiB, 299.02 W, 84
2026/08/27 22:37:22.011, 2, NVIDIA RTX 6000 Ada Generation, 96 %, 28316 MiB, 49140 MiB, 299.40 W, 82
2026/08/27 22:37:22.011, 3, NVIDIA RTX 6000 Ada Generation, 93 %, 28062 MiB, 49140 MiB, 299.36 W, 81
2026/08/27 22:37:32.012, 0, NVIDIA RTX 6000 Ada Generation, 88 %, 28310 MiB, 49140 MiB, 286.37 W, 83
2026/08/27 22:37:32.012, 1, NVIDIA RTX 6000 Ada Generation, 97 %, 28438 MiB, 49140 MiB, 299.37 W, 84
2026/08/27 22:37:32.012, 2, NVIDIA RTX 6000 Ada Generation, 97 %, 28316 MiB, 49140 MiB, 299.26 W, 82
2026/08/27 22:37:32.012, 3, NVIDIA RTX 6000 Ada Generation, 95 %, 28062 MiB, 49140 MiB, 289.53 W, 80
2026/08/27 22:37:42.013, 0, NVIDIA RTX 6000 Ada Generation, 98 %, 28314 MiB, 49140 MiB, 300.32 W, 84
2026/08/27 22:37:42.013, 1, NVIDIA RTX 6000 Ada Generation, 97 %, 28438 MiB, 49140 MiB, 299.18 W, 84
2026/08/27 22:37:42.013, 2, NVIDIA RTX 6000 Ada Generation, 97 %, 28316 MiB, 49140 MiB, 299.61 W, 83
2026/08/27 22:37:42.013, 3, NVIDIA RTX 6000 Ada Generation, 97 %, 28062 MiB, 49140 MiB, 299.47 W, 81
2026/08/27 22:37:52.014, 0, NVIDIA RTX 6000 Ada Generation, 97 %, 28314 MiB, 49140 MiB, 299.85 W, 84
2026/08/27 22:37:52.014, 1, NVIDIA RTX 6000 Ada Generation, 97 %, 28438 MiB, 49140 MiB, 299.85 W, 83
2026/08/27 22:37:52.014, 2, NVIDIA RTX 6000 Ada Generation, 97 %, 28316 MiB, 49140 MiB, 299.77 W, 82
2026/08/27 22:37:52.014, 3, NVIDIA RTX 6000 Ada Generation, 97 %, 28062 MiB, 49140 MiB, 287.28 W, 80
2026/08/27 22:38:02.015, 0, NVIDIA RTX 6000 Ada Generation, 97 %, 28314 MiB, 49140 MiB, 299.76 W, 84
2026/08/27 22:38:02.015, 1, NVIDIA RTX 6000 Ada Generation, 97 %, 28438 MiB, 49140 MiB, 299.69 W, 84
2026/08/27 22:38:02.015, 2, NVIDIA RTX 6000 Ada Generation, 98 %, 28316 MiB, 49140 MiB, 298.63 W, 83
2026/08/27 22:38:02.015, 3, NVIDIA RTX 6000 Ada Generation, 88 %, 28062 MiB, 49140 MiB, 278.47 W, 80
2026/08/27 22:38:12.016, 0, NVIDIA RTX 6000 Ada Generation, 97 %, 28314 MiB, 49140 MiB, 295.41 W, 83
2026/08/27 22:38:12.016, 1, NVIDIA RTX 6000 Ada Generation, 97 %, 28438 MiB, 49140 MiB, 299.85 W, 83
2026/08/27 22:38:12.016, 2, NVIDIA RTX 6000 Ada Generation, 88 %, 28316 MiB, 49140 MiB, 287.72 W, 83
2026/08/27 22:38:12.016, 3, NVIDIA RTX 6000 Ada Generation, 97 %, 28062 MiB, 49140 MiB, 299.33 W, 80
2026/08/27 22:38:22.017, 0, NVIDIA RTX 6000 Ada Generation, 97 %, 28314 MiB, 49140 MiB, 299.52 W, 84
2026/08/27 22:38:22.017, 1, NVIDIA RTX 6000 Ada Generation, 97 %, 28438 MiB, 49140 MiB, 299.77 W, 83
2026/08/27 22:38:22.017, 2, NVIDIA RTX 6000 Ada Generation, 95 %, 28316 MiB, 49140 MiB, 299.37 W, 83
2026/08/27 22:38:22.017, 3, NVIDIA RTX 6000 Ada Generation, 88 %, 28062 MiB, 49140 MiB, 276.04 W, 80
2026/08/27 22:38:32.018, 0, NVIDIA RTX 6000 Ada Generation, 97 %, 28314 MiB, 49140 MiB, 299.36 W, 84
2026/08/27 22:38:32.019, 1, NVIDIA RTX 6000 Ada Generation, 90 %, 28438 MiB, 49140 MiB, 280.37 W, 83
2026/08/27 22:38:32.019, 2, NVIDIA RTX 6000 Ada Generation, 97 %, 28316 MiB, 49140 MiB, 299.10 W, 83
2026/08/27 22:38:32.019, 3, NVIDIA RTX 6000 Ada Generation, 97 %, 28062 MiB, 49140 MiB, 298.53 W, 81
2026/08/27 22:38:42.020, 0, NVIDIA RTX 6000 Ada Generation, 94 %, 28314 MiB, 49140 MiB, 297.04 W, 84
2026/08/27 22:38:42.020, 1, NVIDIA RTX 6000 Ada Generation, 96 %, 28438 MiB, 49140 MiB, 297.60 W, 83
2026/08/27 22:38:42.020, 2, NVIDIA RTX 6000 Ada Generation, 97 %, 28316 MiB, 49140 MiB, 299.45 W, 83
2026/08/27 22:38:42.020, 3, NVIDIA RTX 6000 Ada Generation, 96 %, 28062 MiB, 49140 MiB, 300.08 W, 81
2026/08/27 22:38:52.021, 0, NVIDIA RTX 6000 Ada Generation, 97 %, 28314 MiB, 49140 MiB, 297.15 W, 84
2026/08/27 22:38:52.021, 1, NVIDIA RTX 6000 Ada Generation, 97 %, 28438 MiB, 49140 MiB, 299.82 W, 83
2026/08/27 22:38:52.021, 2, NVIDIA RTX 6000 Ada Generation, 88 %, 28316 MiB, 49140 MiB, 287.38 W, 83
2026/08/27 22:38:52.021, 3, NVIDIA RTX 6000 Ada Generation, 97 %, 28062 MiB, 49140 MiB, 298.88 W, 81
2026/08/27 22:39:02.022, 0, NVIDIA RTX 6000 Ada Generation, 95 %, 28314 MiB, 49140 MiB, 287.85 W, 83
2026/08/27 22:39:02.022, 1, NVIDIA RTX 6000 Ada Generation, 97 %, 28438 MiB, 49140 MiB, 298.59 W, 83
2026/08/27 22:39:02.022, 2, NVIDIA RTX 6000 Ada Generation, 96 %, 28316 MiB, 49140 MiB, 294.21 W, 83
2026/08/27 22:39:02.022, 3, NVIDIA RTX 6000 Ada Generation, 97 %, 28062 MiB, 49140 MiB, 298.72 W, 81
2026/08/27 22:39:12.023, 0, NVIDIA RTX 6000 Ada Generation, 86 %, 28314 MiB, 49140 MiB, 281.99 W, 83
2026/08/27 22:39:12.023, 1, NVIDIA RTX 6000 Ada Generation, 97 %, 28438 MiB, 49140 MiB, 299.60 W, 84
2026/08/27 22:39:12.023, 2, NVIDIA RTX 6000 Ada Generation, 97 %, 28316 MiB, 49140 MiB, 299.47 W, 83
2026/08/27 22:39:12.023, 3, NVIDIA RTX 6000 Ada Generation, 97 %, 28062 MiB, 49140 MiB, 297.56 W, 81
2026/08/27 22:39:22.024, 0, NVIDIA RTX 6000 Ada Generation, 97 %, 28314 MiB, 49140 MiB, 299.87 W, 84
2026/08/27 22:39:22.024, 1, NVIDIA RTX 6000 Ada Generation, 97 %, 28438 MiB, 49140 MiB, 299.74 W, 84
2026/08/27 22:39:22.024, 2, NVIDIA RTX 6000 Ada Generation, 97 %, 28316 MiB, 49140 MiB, 299.62 W, 83
2026/08/27 22:39:22.024, 3, NVIDIA RTX 6000 Ada Generation, 98 %, 28062 MiB, 49140 MiB, 283.54 W, 80
2026/08/27 22:39:32.025, 0, NVIDIA RTX 6000 Ada Generation, 98 %, 28314 MiB, 49140 MiB, 300.09 W, 84
2026/08/27 22:39:32.025, 1, NVIDIA RTX 6000 Ada Generation, 97 %, 28438 MiB, 49140 MiB, 299.33 W, 84
2026/08/27 22:39:32.025, 2, NVIDIA RTX 6000 Ada Generation, 97 %, 28316 MiB, 49140 MiB, 299.90 W, 83
2026/08/27 22:39:32.025, 3, NVIDIA RTX 6000 Ada Generation, 97 %, 28314 MiB, 49140 MiB, 293.49 W, 80
2026/08/27 22:39:42.026, 0, NVIDIA RTX 6000 Ada Generation, 96 %, 28314 MiB, 49140 MiB, 292.62 W, 83
2026/08/27 22:39:42.026, 1, NVIDIA RTX 6000 Ada Generation, 97 %, 28438 MiB, 49140 MiB, 298.70 W, 83
2026/08/27 22:39:42.027, 2, NVIDIA RTX 6000 Ada Generation, 90 %, 28316 MiB, 49140 MiB, 288.84 W, 83
2026/08/27 22:39:42.027, 3, NVIDIA RTX 6000 Ada Generation, 97 %, 28314 MiB, 49140 MiB, 299.01 W, 81
2026/08/27 22:39:52.027, 0, NVIDIA RTX 6000 Ada Generation, 96 %, 28314 MiB, 49140 MiB, 299.35 W, 83
2026/08/27 22:39:52.028, 1, NVIDIA RTX 6000 Ada Generation, 98 %, 28438 MiB, 49140 MiB, 298.85 W, 84
2026/08/27 22:39:52.028, 2, NVIDIA RTX 6000 Ada Generation, 97 %, 28316 MiB, 49140 MiB, 299.26 W, 83
2026/08/27 22:39:52.028, 3, NVIDIA RTX 6000 Ada Generation, 97 %, 28314 MiB, 49140 MiB, 298.85 W, 80
2026/08/27 22:40:02.029, 0, NVIDIA RTX 6000 Ada Generation, 98 %, 28314 MiB, 49140 MiB, 299.89 W, 84
2026/08/27 22:40:02.029, 1, NVIDIA RTX 6000 Ada Generation, 95 %, 28438 MiB, 49140 MiB, 297.47 W, 83
2026/08/27 22:40:02.029, 2, NVIDIA RTX 6000 Ada Generation, 97 %, 28316 MiB, 49140 MiB, 299.51 W, 83
2026/08/27 22:40:02.029, 3, NVIDIA RTX 6000 Ada Generation, 97 %, 28314 MiB, 49140 MiB, 299.11 W, 81
2026/08/27 22:40:12.030, 0, NVIDIA RTX 6000 Ada Generation, 97 %, 28314 MiB, 49140 MiB, 299.99 W, 84
2026/08/27 22:40:12.030, 1, NVIDIA RTX 6000 Ada Generation, 97 %, 28438 MiB, 49140 MiB, 298.98 W, 83
2026/08/27 22:40:12.030, 2, NVIDIA RTX 6000 Ada Generation, 97 %, 28316 MiB, 49140 MiB, 296.12 W, 83
2026/08/27 22:40:12.030, 3, NVIDIA RTX 6000 Ada Generation, 96 %, 28314 MiB, 49140 MiB, 288.79 W, 80
2026/08/27 22:40:22.031, 0, NVIDIA RTX 6000 Ada Generation, 97 %, 28314 MiB, 49140 MiB, 300.08 W, 84
2026/08/27 22:40:22.031, 1, NVIDIA RTX 6000 Ada Generation, 97 %, 28438 MiB, 49140 MiB, 299.80 W, 83
2026/08/27 22:40:22.031, 2, NVIDIA RTX 6000 Ada Generation, 97 %, 28316 MiB, 49140 MiB, 297.10 W, 83
2026/08/27 22:40:22.031, 3, NVIDIA RTX 6000 Ada Generation, 97 %, 28314 MiB, 49140 MiB, 289.21 W, 80
2026/08/27 22:40:32.032, 0, NVIDIA RTX 6000 Ada Generation, 97 %, 28314 MiB, 49140 MiB, 298.51 W, 83
2026/08/27 22:40:32.032, 1, NVIDIA RTX 6000 Ada Generation, 98 %, 28438 MiB, 49140 MiB, 298.97 W, 83
2026/08/27 22:40:32.032, 2, NVIDIA RTX 6000 Ada Generation, 97 %, 28316 MiB, 49140 MiB, 299.33 W, 83
2026/08/27 22:40:32.032, 3, NVIDIA RTX 6000 Ada Generation, 98 %, 28314 MiB, 49140 MiB, 292.29 W, 80
2026/08/27 22:40:42.033, 0, NVIDIA RTX 6000 Ada Generation, 87 %, 28314 MiB, 49140 MiB, 283.74 W, 84
2026/08/27 22:40:42.033, 1, NVIDIA RTX 6000 Ada Generation, 97 %, 28438 MiB, 49140 MiB, 299.18 W, 83
2026/08/27 22:40:42.033, 2, NVIDIA RTX 6000 Ada Generation, 97 %, 28316 MiB, 49140 MiB, 299.02 W, 83
2026/08/27 22:40:42.033, 3, NVIDIA RTX 6000 Ada Generation, 88 %, 28314 MiB, 49140 MiB, 279.06 W, 80
2026/08/27 22:40:52.034, 0, NVIDIA RTX 6000 Ada Generation, 95 %, 28314 MiB, 49140 MiB, 289.92 W, 84
2026/08/27 22:40:52.034, 1, NVIDIA RTX 6000 Ada Generation, 97 %, 28438 MiB, 49140 MiB, 299.86 W, 84
2026/08/27 22:40:52.035, 2, NVIDIA RTX 6000 Ada Generation, 91 %, 28316 MiB, 49140 MiB, 289.43 W, 82
2026/08/27 22:40:52.035, 3, NVIDIA RTX 6000 Ada Generation, 96 %, 28314 MiB, 49140 MiB, 295.61 W, 80
2026/08/27 22:41:02.035, 0, NVIDIA RTX 6000 Ada Generation, 96 %, 28314 MiB, 49140 MiB, 293.29 W, 83
2026/08/27 22:41:02.036, 1, NVIDIA RTX 6000 Ada Generation, 98 %, 28438 MiB, 49140 MiB, 298.70 W, 83
2026/08/27 22:41:02.036, 2, NVIDIA RTX 6000 Ada Generation, 97 %, 28316 MiB, 49140 MiB, 299.15 W, 82
2026/08/27 22:41:02.036, 3, NVIDIA RTX 6000 Ada Generation, 87 %, 28314 MiB, 49140 MiB, 276.34 W, 79
2026/08/27 22:41:12.036, 0, NVIDIA RTX 6000 Ada Generation, 97 %, 28314 MiB, 49140 MiB, 300.09 W, 84
2026/08/27 22:41:12.037, 1, NVIDIA RTX 6000 Ada Generation, 98 %, 28438 MiB, 49140 MiB, 299.24 W, 83
2026/08/27 22:41:12.037, 2, NVIDIA RTX 6000 Ada Generation, 97 %, 28316 MiB, 49140 MiB, 299.48 W, 82
2026/08/27 22:41:12.037, 3, NVIDIA RTX 6000 Ada Generation, 97 %, 28314 MiB, 49140 MiB, 300.78 W, 81
2026/08/27 22:41:22.038, 0, NVIDIA RTX 6000 Ada Generation, 87 %, 28314 MiB, 49140 MiB, 282.85 W, 83
2026/08/27 22:41:22.038, 1, NVIDIA RTX 6000 Ada Generation, 96 %, 28438 MiB, 49140 MiB, 296.99 W, 83
2026/08/27 22:41:22.038, 2, NVIDIA RTX 6000 Ada Generation, 97 %, 28316 MiB, 49140 MiB, 299.36 W, 83
2026/08/27 22:41:22.038, 3, NVIDIA RTX 6000 Ada Generation, 97 %, 28314 MiB, 49140 MiB, 299.69 W, 81
2026/08/27 22:41:32.039, 0, NVIDIA RTX 6000 Ada Generation, 97 %, 28314 MiB, 49140 MiB, 298.87 W, 83
2026/08/27 22:41:32.039, 1, NVIDIA RTX 6000 Ada Generation, 97 %, 28438 MiB, 49140 MiB, 299.00 W, 83
2026/08/27 22:41:32.040, 2, NVIDIA RTX 6000 Ada Generation, 98 %, 28316 MiB, 49140 MiB, 299.38 W, 83
2026/08/27 22:41:32.040, 3, NVIDIA RTX 6000 Ada Generation, 97 %, 28314 MiB, 49140 MiB, 299.34 W, 81
2026/08/27 22:41:42.041, 0, NVIDIA RTX 6000 Ada Generation, 94 %, 28314 MiB, 49140 MiB, 293.40 W, 83
2026/08/27 22:41:42.041, 1, NVIDIA RTX 6000 Ada Generation, 97 %, 28438 MiB, 49140 MiB, 300.33 W, 83
2026/08/27 22:41:42.041, 2, NVIDIA RTX 6000 Ada Generation, 97 %, 28316 MiB, 49140 MiB, 299.53 W, 82
2026/08/27 22:41:42.041, 3, NVIDIA RTX 6000 Ada Generation, 98 %, 28314 MiB, 49140 MiB, 298.07 W, 81
2026/08/27 22:41:52.042, 0, NVIDIA RTX 6000 Ada Generation, 97 %, 28314 MiB, 49140 MiB, 299.75 W, 84
2026/08/27 22:41:52.042, 1, NVIDIA RTX 6000 Ada Generation, 88 %, 28438 MiB, 49140 MiB, 276.27 W, 83
2026/08/27 22:41:52.043, 2, NVIDIA RTX 6000 Ada Generation, 97 %, 28316 MiB, 49140 MiB, 298.73 W, 83
2026/08/27 22:41:52.043, 3, NVIDIA RTX 6000 Ada Generation, 87 %, 28314 MiB, 49140 MiB, 279.57 W, 80
2026/08/27 22:42:02.044, 0, NVIDIA RTX 6000 Ada Generation, 95 %, 28314 MiB, 49140 MiB, 292.38 W, 83
2026/08/27 22:42:02.044, 1, NVIDIA RTX 6000 Ada Generation, 97 %, 28438 MiB, 49140 MiB, 299.49 W, 83
2026/08/27 22:42:02.044, 2, NVIDIA RTX 6000 Ada Generation, 97 %, 28316 MiB, 49140 MiB, 299.81 W, 83
2026/08/27 22:42:02.044, 3, NVIDIA RTX 6000 Ada Generation, 96 %, 28314 MiB, 49140 MiB, 298.57 W, 81
2026/08/27 22:42:12.045, 0, NVIDIA RTX 6000 Ada Generation, 97 %, 28314 MiB, 49140 MiB, 300.14 W, 84
2026/08/27 22:42:12.045, 1, NVIDIA RTX 6000 Ada Generation, 97 %, 28438 MiB, 49140 MiB, 293.77 W, 83
2026/08/27 22:42:12.045, 2, NVIDIA RTX 6000 Ada Generation, 97 %, 28316 MiB, 49140 MiB, 300.41 W, 83
2026/08/27 22:42:12.046, 3, NVIDIA RTX 6000 Ada Generation, 97 %, 28314 MiB, 49140 MiB, 299.37 W, 81
2026/08/27 22:42:22.047, 0, NVIDIA RTX 6000 Ada Generation, 97 %, 28314 MiB, 49140 MiB, 299.77 W, 84
2026/08/27 22:42:22.047, 1, NVIDIA RTX 6000 Ada Generation, 98 %, 28438 MiB, 49140 MiB, 297.81 W, 84
2026/08/27 22:42:22.047, 2, NVIDIA RTX 6000 Ada Generation, 90 %, 28316 MiB, 49140 MiB, 288.13 W, 82
2026/08/27 22:42:22.047, 3, NVIDIA RTX 6000 Ada Generation, 97 %, 28314 MiB, 49140 MiB, 299.12 W, 81
2026/08/27 22:42:32.048, 0, NVIDIA RTX 6000 Ada Generation, 98 %, 28314 MiB, 49140 MiB, 297.07 W, 84
2026/08/27 22:42:32.048, 1, NVIDIA RTX 6000 Ada Generation, 95 %, 28438 MiB, 49140 MiB, 288.43 W, 83
2026/08/27 22:42:32.048, 2, NVIDIA RTX 6000 Ada Generation, 97 %, 28316 MiB, 49140 MiB, 295.12 W, 83
2026/08/27 22:42:32.048, 3, NVIDIA RTX 6000 Ada Generation, 97 %, 28314 MiB, 49140 MiB, 281.29 W, 80
2026/08/27 22:42:42.050, 0, NVIDIA RTX 6000 Ada Generation, 88 %, 28314 MiB, 49140 MiB, 283.90 W, 84
2026/08/27 22:42:42.050, 1, NVIDIA RTX 6000 Ada Generation, 95 %, 28438 MiB, 49140 MiB, 297.59 W, 83
2026/08/27 22:42:42.050, 2, NVIDIA RTX 6000 Ada Generation, 96 %, 28394 MiB, 49140 MiB, 299.04 W, 83
2026/08/27 22:42:42.050, 3, NVIDIA RTX 6000 Ada Generation, 97 %, 28314 MiB, 49140 MiB, 281.46 W, 79
2026/08/27 22:42:52.051, 0, NVIDIA RTX 6000 Ada Generation, 95 %, 28314 MiB, 49140 MiB, 291.67 W, 84
2026/08/27 22:42:52.051, 1, NVIDIA RTX 6000 Ada Generation, 97 %, 28438 MiB, 49140 MiB, 299.09 W, 83
2026/08/27 22:42:52.051, 2, NVIDIA RTX 6000 Ada Generation, 97 %, 28394 MiB, 49140 MiB, 299.34 W, 83
2026/08/27 22:42:52.052, 3, NVIDIA RTX 6000 Ada Generation, 97 %, 28314 MiB, 49140 MiB, 282.45 W, 79
2026/08/27 22:43:02.053, 0, NVIDIA RTX 6000 Ada Generation, 97 %, 28314 MiB, 49140 MiB, 300.25 W, 84
2026/08/27 22:43:02.053, 1, NVIDIA RTX 6000 Ada Generation, 97 %, 28438 MiB, 49140 MiB, 299.44 W, 84
2026/08/27 22:43:02.053, 2, NVIDIA RTX 6000 Ada Generation, 97 %, 28394 MiB, 49140 MiB, 299.62 W, 83
2026/08/27 22:43:02.053, 3, NVIDIA RTX 6000 Ada Generation, 98 %, 28314 MiB, 49140 MiB, 299.13 W, 80
2026/08/27 22:43:12.054, 0, NVIDIA RTX 6000 Ada Generation, 97 %, 28314 MiB, 49140 MiB, 300.15 W, 84
2026/08/27 22:43:12.054, 1, NVIDIA RTX 6000 Ada Generation, 97 %, 28438 MiB, 49140 MiB, 300.34 W, 84
2026/08/27 22:43:12.055, 2, NVIDIA RTX 6000 Ada Generation, 97 %, 28394 MiB, 49140 MiB, 299.64 W, 83
2026/08/27 22:43:12.055, 3, NVIDIA RTX 6000 Ada Generation, 95 %, 28314 MiB, 49140 MiB, 290.70 W, 80
2026/08/27 22:43:22.056, 0, NVIDIA RTX 6000 Ada Generation, 97 %, 28314 MiB, 49140 MiB, 299.56 W, 84
2026/08/27 22:43:22.056, 1, NVIDIA RTX 6000 Ada Generation, 97 %, 28438 MiB, 49140 MiB, 299.59 W, 84
2026/08/27 22:43:22.056, 2, NVIDIA RTX 6000 Ada Generation, 97 %, 28394 MiB, 49140 MiB, 299.73 W, 83
2026/08/27 22:43:22.056, 3, NVIDIA RTX 6000 Ada Generation, 97 %, 28314 MiB, 49140 MiB, 299.24 W, 80
2026/08/27 22:43:32.057, 0, NVIDIA RTX 6000 Ada Generation, 97 %, 28314 MiB, 49140 MiB, 300.05 W, 84
2026/08/27 22:43:32.057, 1, NVIDIA RTX 6000 Ada Generation, 95 %, 28438 MiB, 49140 MiB, 298.28 W, 84
2026/08/27 22:43:32.058, 2, NVIDIA RTX 6000 Ada Generation, 97 %, 28394 MiB, 49140 MiB, 293.21 W, 81
2026/08/27 22:43:32.058, 3, NVIDIA RTX 6000 Ada Generation, 85 %, 28314 MiB, 49140 MiB, 287.42 W, 80
2026/08/27 22:43:42.059, 0, NVIDIA RTX 6000 Ada Generation, 97 %, 28314 MiB, 49140 MiB, 299.47 W, 84
2026/08/27 22:43:42.059, 1, NVIDIA RTX 6000 Ada Generation, 98 %, 28438 MiB, 49140 MiB, 298.85 W, 84
2026/08/27 22:43:42.059, 2, NVIDIA RTX 6000 Ada Generation, 98 %, 28394 MiB, 49140 MiB, 299.41 W, 83
2026/08/27 22:43:42.059, 3, NVIDIA RTX 6000 Ada Generation, 97 %, 28314 MiB, 49140 MiB, 296.24 W, 81
2026/08/27 22:43:52.060, 0, NVIDIA RTX 6000 Ada Generation, 98 %, 28314 MiB, 49140 MiB, 298.82 W, 84
2026/08/27 22:43:52.061, 1, NVIDIA RTX 6000 Ada Generation, 97 %, 28438 MiB, 49140 MiB, 299.54 W, 84
2026/08/27 22:43:52.061, 2, NVIDIA RTX 6000 Ada Generation, 97 %, 28394 MiB, 49140 MiB, 299.49 W, 83
2026/08/27 22:43:52.061, 3, NVIDIA RTX 6000 Ada Generation, 97 %, 28314 MiB, 49140 MiB, 298.92 W, 81
2026/08/27 22:44:02.062, 0, NVIDIA RTX 6000 Ada Generation, 93 %, 28314 MiB, 49140 MiB, 287.74 W, 84
2026/08/27 22:44:02.062, 1, NVIDIA RTX 6000 Ada Generation, 87 %, 28438 MiB, 49140 MiB, 276.05 W, 83
2026/08/27 22:44:02.062, 2, NVIDIA RTX 6000 Ada Generation, 97 %, 28394 MiB, 49140 MiB, 299.25 W, 83
2026/08/27 22:44:02.062, 3, NVIDIA RTX 6000 Ada Generation, 97 %, 28314 MiB, 49140 MiB, 298.62 W, 81
2026/08/27 22:44:12.063, 0, NVIDIA RTX 6000 Ada Generation, 96 %, 28314 MiB, 49140 MiB, 298.60 W, 84
2026/08/27 22:44:12.064, 1, NVIDIA RTX 6000 Ada Generation, 97 %, 28438 MiB, 49140 MiB, 299.71 W, 84
2026/08/27 22:44:12.064, 2, NVIDIA RTX 6000 Ada Generation, 97 %, 28394 MiB, 49140 MiB, 300.18 W, 83
2026/08/27 22:44:12.064, 3, NVIDIA RTX 6000 Ada Generation, 97 %, 28314 MiB, 49140 MiB, 282.95 W, 80
2026/08/27 22:44:22.065, 0, NVIDIA RTX 6000 Ada Generation, 97 %, 28314 MiB, 49140 MiB, 299.80 W, 84
2026/08/27 22:44:22.065, 1, NVIDIA RTX 6000 Ada Generation, 98 %, 28438 MiB, 49140 MiB, 299.40 W, 84
2026/08/27 22:44:22.065, 2, NVIDIA RTX 6000 Ada Generation, 95 %, 28394 MiB, 49140 MiB, 293.15 W, 83
2026/08/27 22:44:22.065, 3, NVIDIA RTX 6000 Ada Generation, 97 %, 28314 MiB, 49140 MiB, 281.96 W, 80
2026/08/27 22:44:32.066, 0, NVIDIA RTX 6000 Ada Generation, 97 %, 28314 MiB, 49140 MiB, 299.79 W, 84
2026/08/27 22:44:32.067, 1, NVIDIA RTX 6000 Ada Generation, 90 %, 28438 MiB, 49140 MiB, 279.78 W, 84
2026/08/27 22:44:32.067, 2, NVIDIA RTX 6000 Ada Generation, 97 %, 28394 MiB, 49140 MiB, 299.25 W, 83
2026/08/27 22:44:32.067, 3, NVIDIA RTX 6000 Ada Generation, 98 %, 28314 MiB, 49140 MiB, 279.14 W, 79
2026/08/27 22:44:42.068, 0, NVIDIA RTX 6000 Ada Generation, 95 %, 28314 MiB, 49140 MiB, 288.50 W, 84
2026/08/27 22:44:42.068, 1, NVIDIA RTX 6000 Ada Generation, 97 %, 28438 MiB, 49140 MiB, 293.14 W, 84
2026/08/27 22:44:42.068, 2, NVIDIA RTX 6000 Ada Generation, 95 %, 28394 MiB, 49140 MiB, 294.82 W, 83
2026/08/27 22:44:42.068, 3, NVIDIA RTX 6000 Ada Generation, 89 %, 28314 MiB, 49140 MiB, 281.99 W, 80
2026/08/27 22:44:52.070, 0, NVIDIA RTX 6000 Ada Generation, 98 %, 28314 MiB, 49140 MiB, 298.97 W, 84
2026/08/27 22:44:52.070, 1, NVIDIA RTX 6000 Ada Generation, 96 %, 28438 MiB, 49140 MiB, 298.93 W, 84
2026/08/27 22:44:52.070, 2, NVIDIA RTX 6000 Ada Generation, 97 %, 28394 MiB, 49140 MiB, 299.39 W, 83
2026/08/27 22:44:52.070, 3, NVIDIA RTX 6000 Ada Generation, 96 %, 28314 MiB, 49140 MiB, 299.11 W, 80
2026/08/27 22:45:02.071, 0, NVIDIA RTX 6000 Ada Generation, 97 %, 28314 MiB, 49140 MiB, 299.89 W, 84
2026/08/27 22:45:02.071, 1, NVIDIA RTX 6000 Ada Generation, 97 %, 28438 MiB, 49140 MiB, 300.16 W, 84
2026/08/27 22:45:02.071, 2, NVIDIA RTX 6000 Ada Generation, 96 %, 28394 MiB, 49140 MiB, 299.25 W, 83
2026/08/27 22:45:02.072, 3, NVIDIA RTX 6000 Ada Generation, 96 %, 28314 MiB, 49140 MiB, 299.51 W, 81
2026/08/27 22:45:12.073, 0, NVIDIA RTX 6000 Ada Generation, 94 %, 28314 MiB, 49140 MiB, 293.05 W, 84
2026/08/27 22:45:12.073, 1, NVIDIA RTX 6000 Ada Generation, 97 %, 28438 MiB, 49140 MiB, 298.86 W, 84
2026/08/27 22:45:12.073, 2, NVIDIA RTX 6000 Ada Generation, 97 %, 28394 MiB, 49140 MiB, 299.09 W, 83
2026/08/27 22:45:12.073, 3, NVIDIA RTX 6000 Ada Generation, 88 %, 28314 MiB, 49140 MiB, 280.37 W, 80
2026/08/27 22:45:22.074, 0, NVIDIA RTX 6000 Ada Generation, 97 %, 28314 MiB, 49140 MiB, 299.76 W, 84
2026/08/27 22:45:22.075, 1, NVIDIA RTX 6000 Ada Generation, 97 %, 28438 MiB, 49140 MiB, 299.62 W, 84
2026/08/27 22:45:22.075, 2, NVIDIA RTX 6000 Ada Generation, 97 %, 28394 MiB, 49140 MiB, 299.31 W, 83
2026/08/27 22:45:22.075, 3, NVIDIA RTX 6000 Ada Generation, 97 %, 28314 MiB, 49140 MiB, 299.61 W, 81
2026/08/27 22:45:32.076, 0, NVIDIA RTX 6000 Ada Generation, 97 %, 28314 MiB, 49140 MiB, 299.93 W, 84
2026/08/27 22:45:32.076, 1, NVIDIA RTX 6000 Ada Generation, 98 %, 28438 MiB, 49140 MiB, 299.66 W, 84
2026/08/27 22:45:32.076, 2, NVIDIA RTX 6000 Ada Generation, 97 %, 28394 MiB, 49140 MiB, 299.93 W, 83
2026/08/27 22:45:32.076, 3, NVIDIA RTX 6000 Ada Generation, 96 %, 28314 MiB, 49140 MiB, 298.56 W, 81
2026/08/27 22:45:42.077, 0, NVIDIA RTX 6000 Ada Generation, 87 %, 28314 MiB, 49140 MiB, 285.01 W, 84
2026/08/27 22:45:42.078, 1, NVIDIA RTX 6000 Ada Generation, 96 %, 28438 MiB, 49140 MiB, 298.63 W, 84
2026/08/27 22:45:42.078, 2, NVIDIA RTX 6000 Ada Generation, 95 %, 28394 MiB, 49140 MiB, 295.32 W, 83
2026/08/27 22:45:42.078, 3, NVIDIA RTX 6000 Ada Generation, 97 %, 28314 MiB, 49140 MiB, 298.78 W, 81
2026/08/27 22:45:52.079, 0, NVIDIA RTX 6000 Ada Generation, 96 %, 28314 MiB, 49140 MiB, 293.62 W, 85
2026/08/27 22:45:52.079, 1, NVIDIA RTX 6000 Ada Generation, 97 %, 28438 MiB, 49140 MiB, 299.59 W, 84
2026/08/27 22:45:52.079, 2, NVIDIA RTX 6000 Ada Generation, 97 %, 28394 MiB, 49140 MiB, 299.47 W, 83
2026/08/27 22:45:52.079, 3, NVIDIA RTX 6000 Ada Generation, 97 %, 28314 MiB, 49140 MiB, 299.20 W, 81
2026/08/27 22:46:02.080, 0, NVIDIA RTX 6000 Ada Generation, 97 %, 28314 MiB, 49140 MiB, 299.41 W, 84
2026/08/27 22:46:02.081, 1, NVIDIA RTX 6000 Ada Generation, 98 %, 28438 MiB, 49140 MiB, 298.51 W, 84
2026/08/27 22:46:02.081, 2, NVIDIA RTX 6000 Ada Generation, 88 %, 28394 MiB, 49140 MiB, 286.60 W, 83
2026/08/27 22:46:02.081, 3, NVIDIA RTX 6000 Ada Generation, 96 %, 28314 MiB, 49140 MiB, 299.19 W, 81
2026/08/27 22:46:12.082, 0, NVIDIA RTX 6000 Ada Generation, 97 %, 28314 MiB, 49140 MiB, 299.46 W, 84
2026/08/27 22:46:12.082, 1, NVIDIA RTX 6000 Ada Generation, 97 %, 28438 MiB, 49140 MiB, 299.17 W, 84
2026/08/27 22:46:12.082, 2, NVIDIA RTX 6000 Ada Generation, 97 %, 28394 MiB, 49140 MiB, 299.89 W, 83
2026/08/27 22:46:12.082, 3, NVIDIA RTX 6000 Ada Generation, 97 %, 28314 MiB, 49140 MiB, 281.41 W, 80
2026/08/27 22:46:22.083, 0, NVIDIA RTX 6000 Ada Generation, 97 %, 28314 MiB, 49140 MiB, 299.82 W, 84
2026/08/27 22:46:22.084, 1, NVIDIA RTX 6000 Ada Generation, 87 %, 28438 MiB, 49140 MiB, 276.64 W, 83
2026/08/27 22:46:22.084, 2, NVIDIA RTX 6000 Ada Generation, 86 %, 28394 MiB, 49140 MiB, 287.80 W, 82
2026/08/27 22:46:22.084, 3, NVIDIA RTX 6000 Ada Generation, 97 %, 28314 MiB, 49140 MiB, 261.76 W, 78
2026/08/27 22:46:32.085, 0, NVIDIA RTX 6000 Ada Generation, 97 %, 28314 MiB, 49140 MiB, 299.79 W, 84
2026/08/27 22:46:32.085, 1, NVIDIA RTX 6000 Ada Generation, 95 %, 28438 MiB, 49140 MiB, 297.42 W, 83
2026/08/27 22:46:32.085, 2, NVIDIA RTX 6000 Ada Generation, 87 %, 28394 MiB, 49140 MiB, 287.35 W, 82
2026/08/27 22:46:32.085, 3, NVIDIA RTX 6000 Ada Generation, 98 %, 28314 MiB, 49140 MiB, 299.56 W, 80
2026/08/27 22:46:42.086, 0, NVIDIA RTX 6000 Ada Generation, 98 %, 28314 MiB, 49140 MiB, 298.89 W, 84
2026/08/27 22:46:42.087, 1, NVIDIA RTX 6000 Ada Generation, 97 %, 28438 MiB, 49140 MiB, 299.38 W, 84
2026/08/27 22:46:42.087, 2, NVIDIA RTX 6000 Ada Generation, 97 %, 28394 MiB, 49140 MiB, 298.01 W, 83
2026/08/27 22:46:42.087, 3, NVIDIA RTX 6000 Ada Generation, 88 %, 28314 MiB, 49140 MiB, 279.40 W, 79
2026/08/27 22:46:52.088, 0, NVIDIA RTX 6000 Ada Generation, 91 %, 28314 MiB, 49140 MiB, 286.05 W, 84
2026/08/27 22:46:52.088, 1, NVIDIA RTX 6000 Ada Generation, 97 %, 28438 MiB, 49140 MiB, 299.33 W, 84
2026/08/27 22:46:52.088, 2, NVIDIA RTX 6000 Ada Generation, 96 %, 28394 MiB, 49140 MiB, 300.07 W, 83
2026/08/27 22:46:52.088, 3, NVIDIA RTX 6000 Ada Generation, 95 %, 28314 MiB, 49140 MiB, 292.68 W, 80
2026/08/27 22:47:02.090, 0, NVIDIA RTX 6000 Ada Generation, 96 %, 28314 MiB, 49140 MiB, 299.74 W, 84
2026/08/27 22:47:02.090, 1, NVIDIA RTX 6000 Ada Generation, 97 %, 28438 MiB, 49140 MiB, 299.93 W, 84
2026/08/27 22:47:02.090, 2, NVIDIA RTX 6000 Ada Generation, 88 %, 28394 MiB, 49140 MiB, 288.02 W, 83
2026/08/27 22:47:02.090, 3, NVIDIA RTX 6000 Ada Generation, 97 %, 28314 MiB, 49140 MiB, 299.65 W, 80
2026/08/27 22:47:12.091, 0, NVIDIA RTX 6000 Ada Generation, 97 %, 28314 MiB, 49140 MiB, 300.22 W, 84
2026/08/27 22:47:12.091, 1, NVIDIA RTX 6000 Ada Generation, 97 %, 28438 MiB, 49140 MiB, 299.21 W, 83
2026/08/27 22:47:12.091, 2, NVIDIA RTX 6000 Ada Generation, 97 %, 28394 MiB, 49140 MiB, 294.92 W, 83
2026/08/27 22:47:12.091, 3, NVIDIA RTX 6000 Ada Generation, 97 %, 28314 MiB, 49140 MiB, 299.46 W, 81
2026/08/27 22:47:22.093, 0, NVIDIA RTX 6000 Ada Generation, 85 %, 28314 MiB, 49140 MiB, 284.01 W, 84
2026/08/27 22:47:22.093, 1, NVIDIA RTX 6000 Ada Generation, 98 %, 28438 MiB, 49140 MiB, 298.46 W, 83
2026/08/27 22:47:22.093, 2, NVIDIA RTX 6000 Ada Generation, 96 %, 28394 MiB, 49140 MiB, 296.07 W, 83
2026/08/27 22:47:22.093, 3, NVIDIA RTX 6000 Ada Generation, 98 %, 28314 MiB, 49140 MiB, 299.07 W, 81
2026/08/27 22:47:32.094, 0, NVIDIA RTX 6000 Ada Generation, 97 %, 28314 MiB, 49140 MiB, 298.57 W, 83
2026/08/27 22:47:32.094, 1, NVIDIA RTX 6000 Ada Generation, 96 %, 28438 MiB, 49140 MiB, 297.78 W, 83
2026/08/27 22:47:32.094, 2, NVIDIA RTX 6000 Ada Generation, 97 %, 28394 MiB, 49140 MiB, 299.13 W, 83
2026/08/27 22:47:32.095, 3, NVIDIA RTX 6000 Ada Generation, 96 %, 28314 MiB, 49140 MiB, 299.34 W, 81
2026/08/27 22:47:42.096, 0, NVIDIA RTX 6000 Ada Generation, 97 %, 28314 MiB, 49140 MiB, 299.49 W, 84
2026/08/27 22:47:42.096, 1, NVIDIA RTX 6000 Ada Generation, 97 %, 28438 MiB, 49140 MiB, 299.77 W, 83
2026/08/27 22:47:42.096, 2, NVIDIA RTX 6000 Ada Generation, 97 %, 28394 MiB, 49140 MiB, 299.03 W, 83
2026/08/27 22:47:42.096, 3, NVIDIA RTX 6000 Ada Generation, 97 %, 28314 MiB, 49140 MiB, 299.11 W, 81
2026/08/27 22:47:52.097, 0, NVIDIA RTX 6000 Ada Generation, 97 %, 28314 MiB, 49140 MiB, 299.39 W, 84
2026/08/27 22:47:52.097, 1, NVIDIA RTX 6000 Ada Generation, 86 %, 28438 MiB, 49140 MiB, 283.84 W, 82
2026/08/27 22:47:52.098, 2, NVIDIA RTX 6000 Ada Generation, 97 %, 28394 MiB, 49140 MiB, 299.71 W, 83
2026/08/27 22:47:52.098, 3, NVIDIA RTX 6000 Ada Generation, 96 %, 28314 MiB, 49140 MiB, 298.82 W, 81
2026/08/27 22:48:02.099, 0, NVIDIA RTX 6000 Ada Generation, 98 %, 28314 MiB, 49140 MiB, 300.16 W, 84
2026/08/27 22:48:02.099, 1, NVIDIA RTX 6000 Ada Generation, 97 %, 28438 MiB, 49140 MiB, 299.47 W, 83
2026/08/27 22:48:02.099, 2, NVIDIA RTX 6000 Ada Generation, 98 %, 28394 MiB, 49140 MiB, 299.82 W, 83
2026/08/27 22:48:02.099, 3, NVIDIA RTX 6000 Ada Generation, 97 %, 28314 MiB, 49140 MiB, 299.03 W, 81
2026/08/27 22:48:12.100, 0, NVIDIA RTX 6000 Ada Generation, 93 %, 28314 MiB, 49140 MiB, 285.27 W, 84
2026/08/27 22:48:12.101, 1, NVIDIA RTX 6000 Ada Generation, 97 %, 28438 MiB, 49140 MiB, 298.77 W, 83
2026/08/27 22:48:12.101, 2, NVIDIA RTX 6000 Ada Generation, 88 %, 28394 MiB, 49140 MiB, 287.71 W, 82
2026/08/27 22:48:12.101, 3, NVIDIA RTX 6000 Ada Generation, 97 %, 28314 MiB, 49140 MiB, 297.81 W, 81
2026/08/27 22:48:22.102, 0, NVIDIA RTX 6000 Ada Generation, 91 %, 28314 MiB, 49140 MiB, 296.31 W, 84
2026/08/27 22:48:22.102, 1, NVIDIA RTX 6000 Ada Generation, 97 %, 28438 MiB, 49140 MiB, 299.01 W, 84
2026/08/27 22:48:22.102, 2, NVIDIA RTX 6000 Ada Generation, 95 %, 28394 MiB, 49140 MiB, 295.60 W, 83
2026/08/27 22:48:22.102, 3, NVIDIA RTX 6000 Ada Generation, 97 %, 28314 MiB, 49140 MiB, 289.93 W, 81
2026/08/27 22:48:32.103, 0, NVIDIA RTX 6000 Ada Generation, 97 %, 28314 MiB, 49140 MiB, 299.87 W, 84
2026/08/27 22:48:32.104, 1, NVIDIA RTX 6000 Ada Generation, 87 %, 28438 MiB, 49140 MiB, 274.88 W, 82
2026/08/27 22:48:32.104, 2, NVIDIA RTX 6000 Ada Generation, 97 %, 28394 MiB, 49140 MiB, 299.31 W, 83
2026/08/27 22:48:32.104, 3, NVIDIA RTX 6000 Ada Generation, 97 %, 28314 MiB, 49140 MiB, 274.06 W, 80
2026/08/27 22:48:42.105, 0, NVIDIA RTX 6000 Ada Generation, 97 %, 28314 MiB, 49140 MiB, 300.22 W, 84
2026/08/27 22:48:42.105, 1, NVIDIA RTX 6000 Ada Generation, 94 %, 28438 MiB, 49140 MiB, 296.14 W, 83
2026/08/27 22:48:42.105, 2, NVIDIA RTX 6000 Ada Generation, 98 %, 28394 MiB, 49140 MiB, 299.39 W, 83
2026/08/27 22:48:42.105, 3, NVIDIA RTX 6000 Ada Generation, 98 %, 28314 MiB, 49140 MiB, 250.21 W, 78
2026/08/27 22:48:52.106, 0, NVIDIA RTX 6000 Ada Generation, 98 %, 28314 MiB, 49140 MiB, 299.59 W, 84
2026/08/27 22:48:52.107, 1, NVIDIA RTX 6000 Ada Generation, 97 %, 28438 MiB, 49140 MiB, 299.84 W, 83
2026/08/27 22:48:52.107, 2, NVIDIA RTX 6000 Ada Generation, 97 %, 28394 MiB, 49140 MiB, 298.77 W, 82
2026/08/27 22:48:52.107, 3, NVIDIA RTX 6000 Ada Generation, 90 %, 28314 MiB, 49140 MiB, 280.03 W, 79
2026/08/27 22:49:02.108, 0, NVIDIA RTX 6000 Ada Generation, 97 %, 28314 MiB, 49140 MiB, 300.26 W, 84
2026/08/27 22:49:02.108, 1, NVIDIA RTX 6000 Ada Generation, 97 %, 28438 MiB, 49140 MiB, 298.80 W, 83
2026/08/27 22:49:02.108, 2, NVIDIA RTX 6000 Ada Generation, 97 %, 28394 MiB, 49140 MiB, 299.15 W, 83
2026/08/27 22:49:02.108, 3, NVIDIA RTX 6000 Ada Generation, 95 %, 28314 MiB, 49140 MiB, 298.47 W, 80
2026/08/27 22:49:12.109, 0, NVIDIA RTX 6000 Ada Generation, 97 %, 28314 MiB, 49140 MiB, 299.66 W, 84
2026/08/27 22:49:12.110, 1, NVIDIA RTX 6000 Ada Generation, 91 %, 28438 MiB, 49140 MiB, 283.28 W, 83
2026/08/27 22:49:12.110, 2, NVIDIA RTX 6000 Ada Generation, 86 %, 28394 MiB, 49140 MiB, 286.89 W, 83
2026/08/27 22:49:12.110, 3, NVIDIA RTX 6000 Ada Generation, 97 %, 28314 MiB, 49140 MiB, 299.31 W, 80
2026/08/27 22:49:22.111, 0, NVIDIA RTX 6000 Ada Generation, 96 %, 28314 MiB, 49140 MiB, 299.96 W, 84
2026/08/27 22:49:22.111, 1, NVIDIA RTX 6000 Ada Generation, 97 %, 28438 MiB, 49140 MiB, 299.98 W, 84
2026/08/27 22:49:22.111, 2, NVIDIA RTX 6000 Ada Generation, 97 %, 28394 MiB, 49140 MiB, 299.89 W, 83
2026/08/27 22:49:22.111, 3, NVIDIA RTX 6000 Ada Generation, 97 %, 28314 MiB, 49140 MiB, 298.98 W, 81
2026/08/27 22:49:32.113, 0, NVIDIA RTX 6000 Ada Generation, 97 %, 28314 MiB, 49140 MiB, 299.82 W, 84
2026/08/27 22:49:32.113, 1, NVIDIA RTX 6000 Ada Generation, 97 %, 28438 MiB, 49140 MiB, 299.65 W, 84
2026/08/27 22:49:32.113, 2, NVIDIA RTX 6000 Ada Generation, 97 %, 28394 MiB, 49140 MiB, 299.40 W, 83
2026/08/27 22:49:32.113, 3, NVIDIA RTX 6000 Ada Generation, 95 %, 28314 MiB, 49140 MiB, 298.78 W, 81
2026/08/27 22:49:42.114, 0, NVIDIA RTX 6000 Ada Generation, 97 %, 28314 MiB, 49140 MiB, 299.24 W, 84
2026/08/27 22:49:42.114, 1, NVIDIA RTX 6000 Ada Generation, 97 %, 28438 MiB, 49140 MiB, 299.35 W, 84
2026/08/27 22:49:42.114, 2, NVIDIA RTX 6000 Ada Generation, 97 %, 28394 MiB, 49140 MiB, 299.58 W, 83
2026/08/27 22:49:42.115, 3, NVIDIA RTX 6000 Ada Generation, 97 %, 28314 MiB, 49140 MiB, 299.63 W, 81
2026/08/27 22:49:52.116, 0, NVIDIA RTX 6000 Ada Generation, 98 %, 28314 MiB, 49140 MiB, 298.65 W, 84
2026/08/27 22:49:52.116, 1, NVIDIA RTX 6000 Ada Generation, 86 %, 28438 MiB, 49140 MiB, 282.42 W, 83
2026/08/27 22:49:52.116, 2, NVIDIA RTX 6000 Ada Generation, 90 %, 28394 MiB, 49140 MiB, 295.91 W, 83
2026/08/27 22:49:52.116, 3, NVIDIA RTX 6000 Ada Generation, 86 %, 28314 MiB, 49140 MiB, 275.14 W, 80
2026/08/27 22:50:02.117, 0, NVIDIA RTX 6000 Ada Generation, 92 %, 28314 MiB, 49140 MiB, 288.12 W, 84
2026/08/27 22:50:02.117, 1, NVIDIA RTX 6000 Ada Generation, 95 %, 28438 MiB, 49140 MiB, 298.48 W, 84
2026/08/27 22:50:02.117, 2, NVIDIA RTX 6000 Ada Generation, 97 %, 28394 MiB, 49140 MiB, 298.92 W, 83
2026/08/27 22:50:02.118, 3, NVIDIA RTX 6000 Ada Generation, 97 %, 28314 MiB, 49140 MiB, 299.45 W, 81
2026/08/27 22:50:12.119, 0, NVIDIA RTX 6000 Ada Generation, 96 %, 28332 MiB, 49140 MiB, 298.97 W, 84
2026/08/27 22:50:12.119, 1, NVIDIA RTX 6000 Ada Generation, 97 %, 28438 MiB, 49140 MiB, 299.12 W, 84
2026/08/27 22:50:12.119, 2, NVIDIA RTX 6000 Ada Generation, 95 %, 28600 MiB, 49140 MiB, 299.83 W, 83
2026/08/27 22:50:12.119, 3, NVIDIA RTX 6000 Ada Generation, 97 %, 28314 MiB, 49140 MiB, 299.16 W, 81
2026/08/27 22:50:22.120, 0, NVIDIA RTX 6000 Ada Generation, 97 %, 28332 MiB, 49140 MiB, 299.88 W, 84
2026/08/27 22:50:22.120, 1, NVIDIA RTX 6000 Ada Generation, 97 %, 28438 MiB, 49140 MiB, 299.28 W, 84
2026/08/27 22:50:22.121, 2, NVIDIA RTX 6000 Ada Generation, 97 %, 28600 MiB, 49140 MiB, 299.54 W, 83
2026/08/27 22:50:22.121, 3, NVIDIA RTX 6000 Ada Generation, 97 %, 28314 MiB, 49140 MiB, 299.19 W, 81
2026/08/27 22:50:32.122, 0, NVIDIA RTX 6000 Ada Generation, 97 %, 28332 MiB, 49140 MiB, 299.99 W, 84
2026/08/27 22:50:32.122, 1, NVIDIA RTX 6000 Ada Generation, 97 %, 28438 MiB, 49140 MiB, 299.10 W, 84
2026/08/27 22:50:32.122, 2, NVIDIA RTX 6000 Ada Generation, 97 %, 28600 MiB, 49140 MiB, 299.68 W, 83
2026/08/27 22:50:32.122, 3, NVIDIA RTX 6000 Ada Generation, 98 %, 28314 MiB, 49140 MiB, 281.70 W, 80
2026/08/27 22:50:42.123, 0, NVIDIA RTX 6000 Ada Generation, 97 %, 28332 MiB, 49140 MiB, 299.61 W, 84
2026/08/27 22:50:42.124, 1, NVIDIA RTX 6000 Ada Generation, 97 %, 28438 MiB, 49140 MiB, 299.55 W, 84
2026/08/27 22:50:42.124, 2, NVIDIA RTX 6000 Ada Generation, 97 %, 28600 MiB, 49140 MiB, 299.82 W, 83
2026/08/27 22:50:42.124, 3, NVIDIA RTX 6000 Ada Generation, 92 %, 28314 MiB, 49140 MiB, 285.35 W, 80
2026/08/27 22:50:52.125, 0, NVIDIA RTX 6000 Ada Generation, 97 %, 28332 MiB, 49140 MiB, 299.67 W, 84
2026/08/27 22:50:52.125, 1, NVIDIA RTX 6000 Ada Generation, 85 %, 28438 MiB, 49140 MiB, 285.97 W, 83
2026/08/27 22:50:52.125, 2, NVIDIA RTX 6000 Ada Generation, 97 %, 28600 MiB, 49140 MiB, 299.86 W, 83
2026/08/27 22:50:52.125, 3, NVIDIA RTX 6000 Ada Generation, 86 %, 28314 MiB, 49140 MiB, 279.60 W, 80
2026/08/27 22:51:02.126, 0, NVIDIA RTX 6000 Ada Generation, 97 %, 28332 MiB, 49140 MiB, 299.44 W, 84
2026/08/27 22:51:02.126, 1, NVIDIA RTX 6000 Ada Generation, 97 %, 28438 MiB, 49140 MiB, 300.08 W, 84
2026/08/27 22:51:02.126, 2, NVIDIA RTX 6000 Ada Generation, 97 %, 28600 MiB, 49140 MiB, 299.54 W, 83
2026/08/27 22:51:02.127, 3, NVIDIA RTX 6000 Ada Generation, 97 %, 28314 MiB, 49140 MiB, 299.40 W, 81
2026/08/27 22:51:12.127, 0, NVIDIA RTX 6000 Ada Generation, 89 %, 28332 MiB, 49140 MiB, 286.02 W, 84
2026/08/27 22:51:12.128, 1, NVIDIA RTX 6000 Ada Generation, 97 %, 28438 MiB, 49140 MiB, 300.53 W, 83
2026/08/27 22:51:12.128, 2, NVIDIA RTX 6000 Ada Generation, 98 %, 28600 MiB, 49140 MiB, 299.75 W, 83
2026/08/27 22:51:12.128, 3, NVIDIA RTX 6000 Ada Generation, 98 %, 28314 MiB, 49140 MiB, 298.03 W, 81
2026/08/27 22:51:22.128, 0, NVIDIA RTX 6000 Ada Generation, 95 %, 28332 MiB, 49140 MiB, 298.93 W, 84
2026/08/27 22:51:22.129, 1, NVIDIA RTX 6000 Ada Generation, 98 %, 28438 MiB, 49140 MiB, 295.90 W, 83
2026/08/27 22:51:22.129, 2, NVIDIA RTX 6000 Ada Generation, 95 %, 28600 MiB, 49140 MiB, 296.23 W, 83
2026/08/27 22:51:22.129, 3, NVIDIA RTX 6000 Ada Generation, 96 %, 28314 MiB, 49140 MiB, 298.84 W, 81
2026/08/27 22:51:32.130, 0, NVIDIA RTX 6000 Ada Generation, 95 %, 28332 MiB, 49140 MiB, 296.11 W, 83
2026/08/27 22:51:32.130, 1, NVIDIA RTX 6000 Ada Generation, 94 %, 28438 MiB, 49140 MiB, 289.70 W, 83
2026/08/27 22:51:32.130, 2, NVIDIA RTX 6000 Ada Generation, 97 %, 28600 MiB, 49140 MiB, 299.43 W, 83
2026/08/27 22:51:32.130, 3, NVIDIA RTX 6000 Ada Generation, 97 %, 28314 MiB, 49140 MiB, 298.80 W, 81
2026/08/27 22:51:42.131, 0, NVIDIA RTX 6000 Ada Generation, 97 %, 28332 MiB, 49140 MiB, 297.21 W, 83
2026/08/27 22:51:42.131, 1, NVIDIA RTX 6000 Ada Generation, 97 %, 28438 MiB, 49140 MiB, 300.02 W, 83
2026/08/27 22:51:42.131, 2, NVIDIA RTX 6000 Ada Generation, 97 %, 28600 MiB, 49140 MiB, 299.27 W, 83
2026/08/27 22:51:42.131, 3, NVIDIA RTX 6000 Ada Generation, 97 %, 28314 MiB, 49140 MiB, 294.65 W, 81
2026/08/27 22:51:52.132, 0, NVIDIA RTX 6000 Ada Generation, 97 %, 28332 MiB, 49140 MiB, 300.15 W, 84
2026/08/27 22:51:52.132, 1, NVIDIA RTX 6000 Ada Generation, 97 %, 28438 MiB, 49140 MiB, 299.20 W, 83
2026/08/27 22:51:52.132, 2, NVIDIA RTX 6000 Ada Generation, 91 %, 28600 MiB, 49140 MiB, 289.89 W, 83
2026/08/27 22:51:52.132, 3, NVIDIA RTX 6000 Ada Generation, 97 %, 28314 MiB, 49140 MiB, 296.27 W, 81
2026/08/27 22:52:02.133, 0, NVIDIA RTX 6000 Ada Generation, 97 %, 28332 MiB, 49140 MiB, 299.68 W, 84
2026/08/27 22:52:02.133, 1, NVIDIA RTX 6000 Ada Generation, 89 %, 28438 MiB, 49140 MiB, 279.18 W, 83
2026/08/27 22:52:02.134, 2, NVIDIA RTX 6000 Ada Generation, 96 %, 28600 MiB, 49140 MiB, 295.48 W, 83
2026/08/27 22:52:02.134, 3, NVIDIA RTX 6000 Ada Generation, 79 %, 28314 MiB, 49140 MiB, 281.66 W, 80
2026/08/27 22:52:12.134, 0, NVIDIA RTX 6000 Ada Generation, 97 %, 28332 MiB, 49140 MiB, 298.03 W, 84
2026/08/27 22:52:12.135, 1, NVIDIA RTX 6000 Ada Generation, 96 %, 28438 MiB, 49140 MiB, 298.67 W, 83
2026/08/27 22:52:12.135, 2, NVIDIA RTX 6000 Ada Generation, 96 %, 28604 MiB, 49140 MiB, 299.30 W, 83
2026/08/27 22:52:12.135, 3, NVIDIA RTX 6000 Ada Generation, 95 %, 28314 MiB, 49140 MiB, 292.87 W, 80
2026/08/27 22:52:22.136, 0, NVIDIA RTX 6000 Ada Generation, 89 %, 28332 MiB, 49140 MiB, 285.84 W, 83
2026/08/27 22:52:22.136, 1, NVIDIA RTX 6000 Ada Generation, 97 %, 28438 MiB, 49140 MiB, 300.35 W, 83
2026/08/27 22:52:22.136, 2, NVIDIA RTX 6000 Ada Generation, 96 %, 28604 MiB, 49140 MiB, 298.75 W, 83
2026/08/27 22:52:22.136, 3, NVIDIA RTX 6000 Ada Generation, 97 %, 28314 MiB, 49140 MiB, 299.08 W, 80
2026/08/27 22:52:32.137, 0, NVIDIA RTX 6000 Ada Generation, 97 %, 28332 MiB, 49140 MiB, 300.38 W, 84
2026/08/27 22:52:32.137, 1, NVIDIA RTX 6000 Ada Generation, 97 %, 28438 MiB, 49140 MiB, 300.05 W, 83
2026/08/27 22:52:32.137, 2, NVIDIA RTX 6000 Ada Generation, 97 %, 28604 MiB, 49140 MiB, 299.57 W, 83
2026/08/27 22:52:32.137, 3, NVIDIA RTX 6000 Ada Generation, 97 %, 28314 MiB, 49140 MiB, 298.88 W, 80
2026/08/27 22:52:42.138, 0, NVIDIA RTX 6000 Ada Generation, 98 %, 28332 MiB, 49140 MiB, 299.75 W, 84
2026/08/27 22:52:42.138, 1, NVIDIA RTX 6000 Ada Generation, 97 %, 28438 MiB, 49140 MiB, 299.17 W, 83
2026/08/27 22:52:42.138, 2, NVIDIA RTX 6000 Ada Generation, 97 %, 28604 MiB, 49140 MiB, 299.66 W, 83
2026/08/27 22:52:42.138, 3, NVIDIA RTX 6000 Ada Generation, 86 %, 28314 MiB, 49140 MiB, 275.76 W, 80
2026/08/27 22:52:52.139, 0, NVIDIA RTX 6000 Ada Generation, 97 %, 28332 MiB, 49140 MiB, 299.60 W, 84
2026/08/27 22:52:52.140, 1, NVIDIA RTX 6000 Ada Generation, 97 %, 28438 MiB, 49140 MiB, 299.39 W, 83
2026/08/27 22:52:52.140, 2, NVIDIA RTX 6000 Ada Generation, 97 %, 28604 MiB, 49140 MiB, 299.74 W, 83
2026/08/27 22:52:52.140, 3, NVIDIA RTX 6000 Ada Generation, 96 %, 28314 MiB, 49140 MiB, 298.77 W, 81
2026/08/27 22:53:02.141, 0, NVIDIA RTX 6000 Ada Generation, 97 %, 28332 MiB, 49140 MiB, 298.76 W, 83
2026/08/27 22:53:02.141, 1, NVIDIA RTX 6000 Ada Generation, 98 %, 28438 MiB, 49140 MiB, 297.95 W, 83
2026/08/27 22:53:02.141, 2, NVIDIA RTX 6000 Ada Generation, 98 %, 28604 MiB, 49140 MiB, 297.65 W, 83
2026/08/27 22:53:02.141, 3, NVIDIA RTX 6000 Ada Generation, 97 %, 28314 MiB, 49140 MiB, 299.41 W, 81
2026/08/27 22:53:12.142, 0, NVIDIA RTX 6000 Ada Generation, 89 %, 28332 MiB, 49140 MiB, 285.81 W, 83
2026/08/27 22:53:12.142, 1, NVIDIA RTX 6000 Ada Generation, 85 %, 28438 MiB, 49140 MiB, 276.79 W, 83
2026/08/27 22:53:12.142, 2, NVIDIA RTX 6000 Ada Generation, 99 %, 28604 MiB, 49140 MiB, 297.24 W, 82
2026/08/27 22:53:12.142, 3, NVIDIA RTX 6000 Ada Generation, 96 %, 28314 MiB, 49140 MiB, 299.59 W, 81
2026/08/27 22:53:22.143, 0, NVIDIA RTX 6000 Ada Generation, 97 %, 28332 MiB, 49140 MiB, 299.35 W, 84
2026/08/27 22:53:22.143, 1, NVIDIA RTX 6000 Ada Generation, 87 %, 28438 MiB, 49140 MiB, 275.48 W, 83
2026/08/27 22:53:22.143, 2, NVIDIA RTX 6000 Ada Generation, 96 %, 28604 MiB, 49140 MiB, 295.95 W, 83
2026/08/27 22:53:22.143, 3, NVIDIA RTX 6000 Ada Generation, 97 %, 28314 MiB, 49140 MiB, 298.95 W, 81
2026/08/27 22:53:32.144, 0, NVIDIA RTX 6000 Ada Generation, 97 %, 28332 MiB, 49140 MiB, 300.37 W, 84
2026/08/27 22:53:32.145, 1, NVIDIA RTX 6000 Ada Generation, 97 %, 28438 MiB, 49140 MiB, 299.74 W, 83
2026/08/27 22:53:32.145, 2, NVIDIA RTX 6000 Ada Generation, 97 %, 28604 MiB, 49140 MiB, 299.50 W, 83
2026/08/27 22:53:32.145, 3, NVIDIA RTX 6000 Ada Generation, 97 %, 28314 MiB, 49140 MiB, 279.24 W, 80
2026/08/27 22:53:42.146, 0, NVIDIA RTX 6000 Ada Generation, 97 %, 28332 MiB, 49140 MiB, 300.00 W, 84
2026/08/27 22:53:42.146, 1, NVIDIA RTX 6000 Ada Generation, 89 %, 28438 MiB, 49140 MiB, 279.07 W, 83
2026/08/27 22:53:42.146, 2, NVIDIA RTX 6000 Ada Generation, 98 %, 28604 MiB, 49140 MiB, 300.00 W, 83
2026/08/27 22:53:42.146, 3, NVIDIA RTX 6000 Ada Generation, 98 %, 28314 MiB, 49140 MiB, 283.21 W, 79
2026/08/27 22:53:52.147, 0, NVIDIA RTX 6000 Ada Generation, 97 %, 28332 MiB, 49140 MiB, 299.70 W, 84
2026/08/27 22:53:52.147, 1, NVIDIA RTX 6000 Ada Generation, 97 %, 28442 MiB, 49140 MiB, 299.94 W, 83
2026/08/27 22:53:52.147, 2, NVIDIA RTX 6000 Ada Generation, 95 %, 28604 MiB, 49140 MiB, 299.91 W, 83
2026/08/27 22:53:52.147, 3, NVIDIA RTX 6000 Ada Generation, 89 %, 28314 MiB, 49140 MiB, 280.23 W, 80
2026/08/27 22:54:02.148, 0, NVIDIA RTX 6000 Ada Generation, 97 %, 28332 MiB, 49140 MiB, 299.75 W, 84
2026/08/27 22:54:02.148, 1, NVIDIA RTX 6000 Ada Generation, 97 %, 28442 MiB, 49140 MiB, 299.55 W, 83
2026/08/27 22:54:02.148, 2, NVIDIA RTX 6000 Ada Generation, 97 %, 28604 MiB, 49140 MiB, 299.50 W, 83
2026/08/27 22:54:02.148, 3, NVIDIA RTX 6000 Ada Generation, 97 %, 28314 MiB, 49140 MiB, 294.99 W, 80
2026/08/27 22:54:12.149, 0, NVIDIA RTX 6000 Ada Generation, 97 %, 28332 MiB, 49140 MiB, 299.18 W, 84
2026/08/27 22:54:12.149, 1, NVIDIA RTX 6000 Ada Generation, 88 %, 28442 MiB, 49140 MiB, 275.54 W, 83
2026/08/27 22:54:12.150, 2, NVIDIA RTX 6000 Ada Generation, 91 %, 28604 MiB, 49140 MiB, 289.31 W, 83
2026/08/27 22:54:12.150, 3, NVIDIA RTX 6000 Ada Generation, 97 %, 28314 MiB, 49140 MiB, 293.51 W, 80
2026/08/27 22:54:22.150, 0, NVIDIA RTX 6000 Ada Generation, 98 %, 28332 MiB, 49140 MiB, 299.17 W, 84
2026/08/27 22:54:22.151, 1, NVIDIA RTX 6000 Ada Generation, 95 %, 28442 MiB, 49140 MiB, 298.56 W, 83
2026/08/27 22:54:22.151, 2, NVIDIA RTX 6000 Ada Generation, 97 %, 28604 MiB, 49140 MiB, 299.93 W, 83
2026/08/27 22:54:22.151, 3, NVIDIA RTX 6000 Ada Generation, 97 %, 28314 MiB, 49140 MiB, 297.65 W, 80
2026/08/27 22:54:32.152, 0, NVIDIA RTX 6000 Ada Generation, 92 %, 28332 MiB, 49140 MiB, 287.39 W, 84
2026/08/27 22:54:32.152, 1, NVIDIA RTX 6000 Ada Generation, 97 %, 28442 MiB, 49140 MiB, 300.08 W, 83
2026/08/27 22:54:32.152, 2, NVIDIA RTX 6000 Ada Generation, 97 %, 28604 MiB, 49140 MiB, 299.29 W, 82
2026/08/27 22:54:32.152, 3, NVIDIA RTX 6000 Ada Generation, 97 %, 28314 MiB, 49140 MiB, 299.45 W, 80
2026/08/27 22:54:42.153, 0, NVIDIA RTX 6000 Ada Generation, 97 %, 28332 MiB, 49140 MiB, 299.53 W, 84
2026/08/27 22:54:42.153, 1, NVIDIA RTX 6000 Ada Generation, 97 %, 28442 MiB, 49140 MiB, 299.21 W, 83
2026/08/27 22:54:42.153, 2, NVIDIA RTX 6000 Ada Generation, 97 %, 28604 MiB, 49140 MiB, 299.51 W, 83
2026/08/27 22:54:42.153, 3, NVIDIA RTX 6000 Ada Generation, 97 %, 28314 MiB, 49140 MiB, 299.39 W, 81
2026/08/27 22:54:52.154, 0, NVIDIA RTX 6000 Ada Generation, 87 %, 28332 MiB, 49140 MiB, 284.14 W, 83
2026/08/27 22:54:52.155, 1, NVIDIA RTX 6000 Ada Generation, 97 %, 28442 MiB, 49140 MiB, 299.91 W, 84
2026/08/27 22:54:52.155, 2, NVIDIA RTX 6000 Ada Generation, 98 %, 28604 MiB, 49140 MiB, 298.68 W, 82
2026/08/27 22:54:52.155, 3, NVIDIA RTX 6000 Ada Generation, 88 %, 28314 MiB, 49140 MiB, 278.55 W, 80
2026/08/27 22:55:02.156, 0, NVIDIA RTX 6000 Ada Generation, 95 %, 28332 MiB, 49140 MiB, 300.99 W, 84
2026/08/27 22:55:02.156, 1, NVIDIA RTX 6000 Ada Generation, 97 %, 28442 MiB, 49140 MiB, 299.80 W, 84
2026/08/27 22:55:02.156, 2, NVIDIA RTX 6000 Ada Generation, 96 %, 28604 MiB, 49140 MiB, 298.65 W, 82
2026/08/27 22:55:02.156, 3, NVIDIA RTX 6000 Ada Generation, 97 %, 28314 MiB, 49140 MiB, 299.55 W, 81
2026/08/27 22:55:12.157, 0, NVIDIA RTX 6000 Ada Generation, 97 %, 28332 MiB, 49140 MiB, 300.00 W, 84
2026/08/27 22:55:12.158, 1, NVIDIA RTX 6000 Ada Generation, 97 %, 28444 MiB, 49140 MiB, 299.49 W, 84
2026/08/27 22:55:12.158, 2, NVIDIA RTX 6000 Ada Generation, 97 %, 28604 MiB, 49140 MiB, 299.36 W, 83
2026/08/27 22:55:12.158, 3, NVIDIA RTX 6000 Ada Generation, 87 %, 28314 MiB, 49140 MiB, 276.93 W, 80
2026/08/27 22:55:22.159, 0, NVIDIA RTX 6000 Ada Generation, 97 %, 28332 MiB, 49140 MiB, 299.70 W, 84
2026/08/27 22:55:22.159, 1, NVIDIA RTX 6000 Ada Generation, 98 %, 28444 MiB, 49140 MiB, 299.32 W, 84
2026/08/27 22:55:22.159, 2, NVIDIA RTX 6000 Ada Generation, 97 %, 28604 MiB, 49140 MiB, 299.27 W, 83
2026/08/27 22:55:22.159, 3, NVIDIA RTX 6000 Ada Generation, 97 %, 28314 MiB, 49140 MiB, 299.16 W, 81
2026/08/27 22:55:32.160, 0, NVIDIA RTX 6000 Ada Generation, 97 %, 28332 MiB, 49140 MiB, 299.33 W, 84
2026/08/27 22:55:32.161, 1, NVIDIA RTX 6000 Ada Generation, 97 %, 28444 MiB, 49140 MiB, 299.85 W, 83
2026/08/27 22:55:32.161, 2, NVIDIA RTX 6000 Ada Generation, 96 %, 28604 MiB, 49140 MiB, 291.77 W, 82
2026/08/27 22:55:32.161, 3, NVIDIA RTX 6000 Ada Generation, 95 %, 28314 MiB, 49140 MiB, 299.19 W, 81
2026/08/27 22:55:42.162, 0, NVIDIA RTX 6000 Ada Generation, 97 %, 28332 MiB, 49140 MiB, 299.43 W, 84
2026/08/27 22:55:42.162, 1, NVIDIA RTX 6000 Ada Generation, 97 %, 28444 MiB, 49140 MiB, 297.34 W, 83
2026/08/27 22:55:42.162, 2, NVIDIA RTX 6000 Ada Generation, 97 %, 28604 MiB, 49140 MiB, 299.08 W, 82
2026/08/27 22:55:42.162, 3, NVIDIA RTX 6000 Ada Generation, 96 %, 28314 MiB, 49140 MiB, 299.72 W, 81
2026/08/27 22:55:52.163, 0, NVIDIA RTX 6000 Ada Generation, 97 %, 28332 MiB, 49140 MiB, 300.14 W, 84
2026/08/27 22:55:52.164, 1, NVIDIA RTX 6000 Ada Generation, 90 %, 28444 MiB, 49140 MiB, 280.05 W, 83
2026/08/27 22:55:52.164, 2, NVIDIA RTX 6000 Ada Generation, 97 %, 28604 MiB, 49140 MiB, 299.44 W, 83
2026/08/27 22:55:52.164, 3, NVIDIA RTX 6000 Ada Generation, 97 %, 28314 MiB, 49140 MiB, 298.64 W, 81
2026/08/27 22:56:02.165, 0, NVIDIA RTX 6000 Ada Generation, 85 %, 28332 MiB, 49140 MiB, 284.95 W, 83
2026/08/27 22:56:02.165, 1, NVIDIA RTX 6000 Ada Generation, 96 %, 28444 MiB, 49140 MiB, 298.52 W, 83
2026/08/27 22:56:02.165, 2, NVIDIA RTX 6000 Ada Generation, 97 %, 28604 MiB, 49140 MiB, 299.32 W, 83
2026/08/27 22:56:02.165, 3, NVIDIA RTX 6000 Ada Generation, 97 %, 28314 MiB, 49140 MiB, 298.93 W, 81
2026/08/27 22:56:12.166, 0, NVIDIA RTX 6000 Ada Generation, 97 %, 28332 MiB, 49140 MiB, 291.30 W, 84
2026/08/27 22:56:12.167, 1, NVIDIA RTX 6000 Ada Generation, 97 %, 28444 MiB, 49140 MiB, 298.91 W, 83
2026/08/27 22:56:12.167, 2, NVIDIA RTX 6000 Ada Generation, 95 %, 28604 MiB, 49140 MiB, 297.41 W, 82
2026/08/27 22:56:12.167, 3, NVIDIA RTX 6000 Ada Generation, 97 %, 28314 MiB, 49140 MiB, 288.60 W, 80
2026/08/27 22:56:22.168, 0, NVIDIA RTX 6000 Ada Generation, 96 %, 28332 MiB, 49140 MiB, 300.37 W, 84
2026/08/27 22:56:22.168, 1, NVIDIA RTX 6000 Ada Generation, 97 %, 28444 MiB, 49140 MiB, 299.72 W, 84
2026/08/27 22:56:22.168, 2, NVIDIA RTX 6000 Ada Generation, 97 %, 28604 MiB, 49140 MiB, 299.31 W, 82
2026/08/27 22:56:22.168, 3, NVIDIA RTX 6000 Ada Generation, 97 %, 28314 MiB, 49140 MiB, 288.89 W, 80
2026/08/27 22:56:32.170, 0, NVIDIA RTX 6000 Ada Generation, 85 %, 28332 MiB, 49140 MiB, 292.13 W, 83
2026/08/27 22:56:32.170, 1, NVIDIA RTX 6000 Ada Generation, 97 %, 28444 MiB, 49140 MiB, 299.77 W, 83
2026/08/27 22:56:32.170, 2, NVIDIA RTX 6000 Ada Generation, 95 %, 28604 MiB, 49140 MiB, 298.07 W, 82
2026/08/27 22:56:32.170, 3, NVIDIA RTX 6000 Ada Generation, 85 %, 28314 MiB, 49140 MiB, 273.65 W, 79
2026/08/27 22:56:42.171, 0, NVIDIA RTX 6000 Ada Generation, 97 %, 28332 MiB, 49140 MiB, 299.83 W, 84
2026/08/27 22:56:42.171, 1, NVIDIA RTX 6000 Ada Generation, 97 %, 28444 MiB, 49140 MiB, 299.75 W, 84
2026/08/27 22:56:42.171, 2, NVIDIA RTX 6000 Ada Generation, 96 %, 28604 MiB, 49140 MiB, 299.21 W, 83
2026/08/27 22:56:42.172, 3, NVIDIA RTX 6000 Ada Generation, 96 %, 28314 MiB, 49140 MiB, 295.46 W, 80
2026/08/27 22:56:52.173, 0, NVIDIA RTX 6000 Ada Generation, 97 %, 28332 MiB, 49140 MiB, 299.55 W, 84
2026/08/27 22:56:52.173, 1, NVIDIA RTX 6000 Ada Generation, 98 %, 28444 MiB, 49140 MiB, 297.89 W, 84
2026/08/27 22:56:52.173, 2, NVIDIA RTX 6000 Ada Generation, 95 %, 28604 MiB, 49140 MiB, 287.18 W, 83
2026/08/27 22:56:52.173, 3, NVIDIA RTX 6000 Ada Generation, 97 %, 28314 MiB, 49140 MiB, 298.84 W, 80
2026/08/27 22:57:02.174, 0, NVIDIA RTX 6000 Ada Generation, 96 %, 28332 MiB, 49140 MiB, 291.27 W, 84
2026/08/27 22:57:02.175, 1, NVIDIA RTX 6000 Ada Generation, 92 %, 28444 MiB, 49140 MiB, 283.88 W, 83
2026/08/27 22:57:02.175, 2, NVIDIA RTX 6000 Ada Generation, 97 %, 28604 MiB, 49140 MiB, 299.43 W, 83
2026/08/27 22:57:02.175, 3, NVIDIA RTX 6000 Ada Generation, 85 %, 28314 MiB, 49140 MiB, 274.75 W, 80
2026/08/27 22:57:12.176, 0, NVIDIA RTX 6000 Ada Generation, 98 %, 28332 MiB, 49140 MiB, 299.97 W, 83
2026/08/27 22:57:12.176, 1, NVIDIA RTX 6000 Ada Generation, 97 %, 28444 MiB, 49140 MiB, 299.96 W, 83
2026/08/27 22:57:12.176, 2, NVIDIA RTX 6000 Ada Generation, 97 %, 28604 MiB, 49140 MiB, 299.40 W, 83
2026/08/27 22:57:12.176, 3, NVIDIA RTX 6000 Ada Generation, 97 %, 28314 MiB, 49140 MiB, 299.35 W, 80
2026/08/27 22:57:22.177, 0, NVIDIA RTX 6000 Ada Generation, 95 %, 28332 MiB, 49140 MiB, 288.56 W, 84
2026/08/27 22:57:22.178, 1, NVIDIA RTX 6000 Ada Generation, 97 %, 28444 MiB, 49140 MiB, 299.93 W, 83
2026/08/27 22:57:22.178, 2, NVIDIA RTX 6000 Ada Generation, 97 %, 28604 MiB, 49140 MiB, 299.25 W, 83
2026/08/27 22:57:22.178, 3, NVIDIA RTX 6000 Ada Generation, 86 %, 28314 MiB, 49140 MiB, 274.46 W, 80
2026/08/27 22:57:32.179, 0, NVIDIA RTX 6000 Ada Generation, 97 %, 28332 MiB, 49140 MiB, 299.28 W, 84
2026/08/27 22:57:32.179, 1, NVIDIA RTX 6000 Ada Generation, 79 %, 28444 MiB, 49140 MiB, 296.67 W, 83
2026/08/27 22:57:32.179, 2, NVIDIA RTX 6000 Ada Generation, 92 %, 28604 MiB, 49140 MiB, 289.20 W, 83
2026/08/27 22:57:32.179, 3, NVIDIA RTX 6000 Ada Generation, 96 %, 28314 MiB, 49140 MiB, 299.51 W, 81
2026/08/27 22:57:42.181, 0, NVIDIA RTX 6000 Ada Generation, 97 %, 28332 MiB, 49140 MiB, 299.36 W, 84
2026/08/27 22:57:42.181, 1, NVIDIA RTX 6000 Ada Generation, 97 %, 28444 MiB, 49140 MiB, 299.83 W, 83
2026/08/27 22:57:42.181, 2, NVIDIA RTX 6000 Ada Generation, 97 %, 28604 MiB, 49140 MiB, 299.89 W, 83
2026/08/27 22:57:42.181, 3, NVIDIA RTX 6000 Ada Generation, 84 %, 28314 MiB, 49140 MiB, 274.89 W, 80
2026/08/27 22:57:52.182, 0, NVIDIA RTX 6000 Ada Generation, 97 %, 28332 MiB, 49140 MiB, 299.26 W, 84
2026/08/27 22:57:52.182, 1, NVIDIA RTX 6000 Ada Generation, 97 %, 28444 MiB, 49140 MiB, 299.55 W, 83
2026/08/27 22:57:52.182, 2, NVIDIA RTX 6000 Ada Generation, 97 %, 28604 MiB, 49140 MiB, 299.44 W, 83
2026/08/27 22:57:52.183, 3, NVIDIA RTX 6000 Ada Generation, 97 %, 28314 MiB, 49140 MiB, 299.45 W, 81
2026/08/27 22:58:02.184, 0, NVIDIA RTX 6000 Ada Generation, 97 %, 28332 MiB, 49140 MiB, 298.90 W, 84
2026/08/27 22:58:02.184, 1, NVIDIA RTX 6000 Ada Generation, 94 %, 28444 MiB, 49140 MiB, 289.71 W, 83
2026/08/27 22:58:02.184, 2, NVIDIA RTX 6000 Ada Generation, 83 %, 28604 MiB, 49140 MiB, 297.55 W, 83
2026/08/27 22:58:02.184, 3, NVIDIA RTX 6000 Ada Generation, 97 %, 28314 MiB, 49140 MiB, 297.84 W, 81
2026/08/27 22:58:12.185, 0, NVIDIA RTX 6000 Ada Generation, 98 %, 28332 MiB, 49140 MiB, 299.57 W, 84
2026/08/27 22:58:12.185, 1, NVIDIA RTX 6000 Ada Generation, 97 %, 28444 MiB, 49140 MiB, 299.94 W, 83
2026/08/27 22:58:12.186, 2, NVIDIA RTX 6000 Ada Generation, 96 %, 28604 MiB, 49140 MiB, 299.50 W, 83
2026/08/27 22:58:12.186, 3, NVIDIA RTX 6000 Ada Generation, 89 %, 28314 MiB, 49140 MiB, 280.15 W, 81
2026/08/27 22:58:22.187, 0, NVIDIA RTX 6000 Ada Generation, 91 %, 28332 MiB, 49140 MiB, 286.17 W, 84
2026/08/27 22:58:22.187, 1, NVIDIA RTX 6000 Ada Generation, 97 %, 28444 MiB, 49140 MiB, 299.13 W, 83
2026/08/27 22:58:22.187, 2, NVIDIA RTX 6000 Ada Generation, 97 %, 28604 MiB, 49140 MiB, 299.52 W, 83
2026/08/27 22:58:22.187, 3, NVIDIA RTX 6000 Ada Generation, 93 %, 28314 MiB, 49140 MiB, 300.18 W, 81
2026/08/27 22:58:32.188, 0, NVIDIA RTX 6000 Ada Generation, 96 %, 28332 MiB, 49140 MiB, 298.94 W, 84
2026/08/27 22:58:32.188, 1, NVIDIA RTX 6000 Ada Generation, 88 %, 28444 MiB, 49140 MiB, 278.05 W, 83
2026/08/27 22:58:32.189, 2, NVIDIA RTX 6000 Ada Generation, 97 %, 28604 MiB, 49140 MiB, 299.64 W, 83
2026/08/27 22:58:32.189, 3, NVIDIA RTX 6000 Ada Generation, 95 %, 28314 MiB, 49140 MiB, 298.93 W, 81
2026/08/27 22:58:42.190, 0, NVIDIA RTX 6000 Ada Generation, 97 %, 28332 MiB, 49140 MiB, 299.73 W, 84
2026/08/27 22:58:42.190, 1, NVIDIA RTX 6000 Ada Generation, 97 %, 28444 MiB, 49140 MiB, 299.67 W, 83
2026/08/27 22:58:42.190, 2, NVIDIA RTX 6000 Ada Generation, 97 %, 28604 MiB, 49140 MiB, 299.90 W, 83
2026/08/27 22:58:42.190, 3, NVIDIA RTX 6000 Ada Generation, 97 %, 28314 MiB, 49140 MiB, 299.61 W, 81
2026/08/27 22:58:52.191, 0, NVIDIA RTX 6000 Ada Generation, 97 %, 28332 MiB, 49140 MiB, 299.62 W, 84
2026/08/27 22:58:52.191, 1, NVIDIA RTX 6000 Ada Generation, 97 %, 28444 MiB, 49140 MiB, 299.75 W, 84
2026/08/27 22:58:52.191, 2, NVIDIA RTX 6000 Ada Generation, 97 %, 28604 MiB, 49140 MiB, 299.73 W, 83
2026/08/27 22:58:52.191, 3, NVIDIA RTX 6000 Ada Generation, 97 %, 28314 MiB, 49140 MiB, 289.16 W, 81
2026/08/27 22:59:02.193, 0, NVIDIA RTX 6000 Ada Generation, 97 %, 28332 MiB, 49140 MiB, 299.61 W, 84
2026/08/27 22:59:02.193, 1, NVIDIA RTX 6000 Ada Generation, 98 %, 28444 MiB, 49140 MiB, 299.09 W, 84
2026/08/27 22:59:02.193, 2, NVIDIA RTX 6000 Ada Generation, 98 %, 28604 MiB, 49140 MiB, 299.56 W, 83
2026/08/27 22:59:02.193, 3, NVIDIA RTX 6000 Ada Generation, 97 %, 28314 MiB, 49140 MiB, 289.53 W, 80
2026/08/27 22:59:12.194, 0, NVIDIA RTX 6000 Ada Generation, 97 %, 28332 MiB, 49140 MiB, 299.18 W, 84
2026/08/27 22:59:12.194, 1, NVIDIA RTX 6000 Ada Generation, 94 %, 28444 MiB, 49140 MiB, 289.29 W, 84
2026/08/27 22:59:12.194, 2, NVIDIA RTX 6000 Ada Generation, 94 %, 28604 MiB, 49140 MiB, 292.66 W, 83
2026/08/27 22:59:12.195, 3, NVIDIA RTX 6000 Ada Generation, 97 %, 28314 MiB, 49140 MiB, 275.99 W, 80
2026/08/27 22:59:22.196, 0, NVIDIA RTX 6000 Ada Generation, 98 %, 28332 MiB, 49140 MiB, 296.92 W, 84
2026/08/27 22:59:22.196, 1, NVIDIA RTX 6000 Ada Generation, 96 %, 28444 MiB, 49140 MiB, 298.74 W, 84
2026/08/27 22:59:22.196, 2, NVIDIA RTX 6000 Ada Generation, 97 %, 28604 MiB, 49140 MiB, 299.64 W, 83
2026/08/27 22:59:22.196, 3, NVIDIA RTX 6000 Ada Generation, 92 %, 28314 MiB, 49140 MiB, 277.14 W, 79
2026/08/27 22:59:32.197, 0, NVIDIA RTX 6000 Ada Generation, 88 %, 28332 MiB, 49140 MiB, 285.03 W, 84
2026/08/27 22:59:32.198, 1, NVIDIA RTX 6000 Ada Generation, 96 %, 28444 MiB, 49140 MiB, 299.39 W, 84
2026/08/27 22:59:32.198, 2, NVIDIA RTX 6000 Ada Generation, 97 %, 28604 MiB, 49140 MiB, 299.63 W, 83
2026/08/27 22:59:32.198, 3, NVIDIA RTX 6000 Ada Generation, 98 %, 28314 MiB, 49140 MiB, 297.14 W, 80
2026/08/27 22:59:42.199, 0, NVIDIA RTX 6000 Ada Generation, 97 %, 28332 MiB, 49140 MiB, 291.64 W, 84
2026/08/27 22:59:42.199, 1, NVIDIA RTX 6000 Ada Generation, 97 %, 28444 MiB, 49140 MiB, 299.05 W, 84
2026/08/27 22:59:42.199, 2, NVIDIA RTX 6000 Ada Generation, 95 %, 28604 MiB, 49140 MiB, 295.03 W, 83
2026/08/27 22:59:42.199, 3, NVIDIA RTX 6000 Ada Generation, 91 %, 28314 MiB, 49140 MiB, 284.26 W, 80
2026/08/27 22:59:52.200, 0, NVIDIA RTX 6000 Ada Generation, 91 %, 28332 MiB, 49140 MiB, 299.97 W, 83
2026/08/27 22:59:52.201, 1, NVIDIA RTX 6000 Ada Generation, 97 %, 28444 MiB, 49140 MiB, 299.72 W, 84
2026/08/27 22:59:52.201, 2, NVIDIA RTX 6000 Ada Generation, 98 %, 28604 MiB, 49140 MiB, 293.90 W, 83
2026/08/27 22:59:52.201, 3, NVIDIA RTX 6000 Ada Generation, 96 %, 28314 MiB, 49140 MiB, 299.49 W, 80
2026/08/27 23:00:02.202, 0, NVIDIA RTX 6000 Ada Generation, 85 %, 28332 MiB, 49140 MiB, 287.71 W, 84
2026/08/27 23:00:02.202, 1, NVIDIA RTX 6000 Ada Generation, 97 %, 28444 MiB, 49140 MiB, 299.34 W, 84
2026/08/27 23:00:02.202, 2, NVIDIA RTX 6000 Ada Generation, 98 %, 28604 MiB, 49140 MiB, 296.05 W, 82
2026/08/27 23:00:02.202, 3, NVIDIA RTX 6000 Ada Generation, 98 %, 28314 MiB, 49140 MiB, 297.66 W, 80
2026/08/27 23:00:12.203, 0, NVIDIA RTX 6000 Ada Generation, 97 %, 28332 MiB, 49140 MiB, 300.15 W, 84
2026/08/27 23:00:12.204, 1, NVIDIA RTX 6000 Ada Generation, 98 %, 28444 MiB, 49140 MiB, 297.94 W, 84
2026/08/27 23:00:12.204, 2, NVIDIA RTX 6000 Ada Generation, 96 %, 28604 MiB, 49140 MiB, 300.42 W, 83
2026/08/27 23:00:12.204, 3, NVIDIA RTX 6000 Ada Generation, 96 %, 28314 MiB, 49140 MiB, 299.11 W, 81
2026/08/27 23:00:22.205, 0, NVIDIA RTX 6000 Ada Generation, 89 %, 28332 MiB, 49140 MiB, 285.72 W, 84
2026/08/27 23:00:22.205, 1, NVIDIA RTX 6000 Ada Generation, 89 %, 28444 MiB, 49140 MiB, 279.12 W, 83
2026/08/27 23:00:22.205, 2, NVIDIA RTX 6000 Ada Generation, 97 %, 28604 MiB, 49140 MiB, 299.42 W, 83
2026/08/27 23:00:22.205, 3, NVIDIA RTX 6000 Ada Generation, 97 %, 28314 MiB, 49140 MiB, 299.94 W, 81
2026/08/27 23:00:32.206, 0, NVIDIA RTX 6000 Ada Generation, 97 %, 28332 MiB, 49140 MiB, 299.63 W, 84
2026/08/27 23:00:32.207, 1, NVIDIA RTX 6000 Ada Generation, 93 %, 28444 MiB, 49140 MiB, 288.34 W, 83
2026/08/27 23:00:32.207, 2, NVIDIA RTX 6000 Ada Generation, 97 %, 28604 MiB, 49140 MiB, 299.58 W, 83
2026/08/27 23:00:32.207, 3, NVIDIA RTX 6000 Ada Generation, 96 %, 28314 MiB, 49140 MiB, 298.89 W, 81
2026/08/27 23:00:42.208, 0, NVIDIA RTX 6000 Ada Generation, 98 %, 28332 MiB, 49140 MiB, 295.53 W, 84
2026/08/27 23:00:42.208, 1, NVIDIA RTX 6000 Ada Generation, 96 %, 28444 MiB, 49140 MiB, 297.91 W, 84
2026/08/27 23:00:42.208, 2, NVIDIA RTX 6000 Ada Generation, 97 %, 28604 MiB, 49140 MiB, 299.53 W, 83
2026/08/27 23:00:42.208, 3, NVIDIA RTX 6000 Ada Generation, 97 %, 28314 MiB, 49140 MiB, 298.98 W, 81
2026/08/27 23:00:52.210, 0, NVIDIA RTX 6000 Ada Generation, 96 %, 28332 MiB, 49140 MiB, 299.62 W, 84
2026/08/27 23:00:52.210, 1, NVIDIA RTX 6000 Ada Generation, 97 %, 28444 MiB, 49140 MiB, 299.19 W, 83
2026/08/27 23:00:52.210, 2, NVIDIA RTX 6000 Ada Generation, 97 %, 28604 MiB, 49140 MiB, 299.55 W, 83
2026/08/27 23:00:52.210, 3, NVIDIA RTX 6000 Ada Generation, 98 %, 28314 MiB, 49140 MiB, 292.06 W, 81
2026/08/27 23:01:02.211, 0, NVIDIA RTX 6000 Ada Generation, 97 %, 28332 MiB, 49140 MiB, 299.57 W, 84
2026/08/27 23:01:02.211, 1, NVIDIA RTX 6000 Ada Generation, 97 %, 28444 MiB, 49140 MiB, 299.61 W, 84
2026/08/27 23:01:02.211, 2, NVIDIA RTX 6000 Ada Generation, 97 %, 28604 MiB, 49140 MiB, 299.34 W, 83
2026/08/27 23:01:02.211, 3, NVIDIA RTX 6000 Ada Generation, 95 %, 28314 MiB, 49140 MiB, 287.14 W, 81
2026/08/27 23:01:12.213, 0, NVIDIA RTX 6000 Ada Generation, 97 %, 28332 MiB, 49140 MiB, 300.16 W, 84
2026/08/27 23:01:12.213, 1, NVIDIA RTX 6000 Ada Generation, 97 %, 28444 MiB, 49140 MiB, 299.30 W, 84
2026/08/27 23:01:12.213, 2, NVIDIA RTX 6000 Ada Generation, 97 %, 28604 MiB, 49140 MiB, 299.64 W, 83
2026/08/27 23:01:12.213, 3, NVIDIA RTX 6000 Ada Generation, 96 %, 28314 MiB, 49140 MiB, 298.75 W, 81
2026/08/27 23:01:22.214, 0, NVIDIA RTX 6000 Ada Generation, 97 %, 28332 MiB, 49140 MiB, 299.62 W, 84
2026/08/27 23:01:22.214, 1, NVIDIA RTX 6000 Ada Generation, 97 %, 28444 MiB, 49140 MiB, 299.45 W, 83
2026/08/27 23:01:22.214, 2, NVIDIA RTX 6000 Ada Generation, 87 %, 28604 MiB, 49140 MiB, 287.02 W, 82
2026/08/27 23:01:22.214, 3, NVIDIA RTX 6000 Ada Generation, 96 %, 28314 MiB, 49140 MiB, 299.12 W, 81
2026/08/27 23:01:32.215, 0, NVIDIA RTX 6000 Ada Generation, 94 %, 28332 MiB, 49140 MiB, 292.57 W, 84
2026/08/27 23:01:32.216, 1, NVIDIA RTX 6000 Ada Generation, 88 %, 28444 MiB, 49140 MiB, 281.23 W, 83
2026/08/27 23:01:32.216, 2, NVIDIA RTX 6000 Ada Generation, 97 %, 28604 MiB, 49140 MiB, 296.97 W, 82
2026/08/27 23:01:32.216, 3, NVIDIA RTX 6000 Ada Generation, 96 %, 28314 MiB, 49140 MiB, 289.96 W, 81
2026/08/27 23:01:42.217, 0, NVIDIA RTX 6000 Ada Generation, 97 %, 28332 MiB, 49140 MiB, 299.41 W, 84
2026/08/27 23:01:42.217, 1, NVIDIA RTX 6000 Ada Generation, 97 %, 28444 MiB, 49140 MiB, 299.81 W, 83
2026/08/27 23:01:42.217, 2, NVIDIA RTX 6000 Ada Generation, 96 %, 28668 MiB, 49140 MiB, 298.64 W, 83
2026/08/27 23:01:42.217, 3, NVIDIA RTX 6000 Ada Generation, 98 %, 28314 MiB, 49140 MiB, 280.16 W, 80
2026/08/27 23:01:52.219, 0, NVIDIA RTX 6000 Ada Generation, 98 %, 28332 MiB, 49140 MiB, 298.87 W, 84
2026/08/27 23:01:52.219, 1, NVIDIA RTX 6000 Ada Generation, 97 %, 28444 MiB, 49140 MiB, 300.21 W, 83
2026/08/27 23:01:52.219, 2, NVIDIA RTX 6000 Ada Generation, 97 %, 28668 MiB, 49140 MiB, 299.54 W, 83
2026/08/27 23:01:52.219, 3, NVIDIA RTX 6000 Ada Generation, 91 %, 28314 MiB, 49140 MiB, 284.12 W, 80
2026/08/27 23:02:02.220, 0, NVIDIA RTX 6000 Ada Generation, 95 %, 28338 MiB, 49140 MiB, 299.04 W, 84
2026/08/27 23:02:02.220, 1, NVIDIA RTX 6000 Ada Generation, 98 %, 28444 MiB, 49140 MiB, 286.99 W, 83
2026/08/27 23:02:02.220, 2, NVIDIA RTX 6000 Ada Generation, 88 %, 28668 MiB, 49140 MiB, 286.90 W, 82
2026/08/27 23:02:02.221, 3, NVIDIA RTX 6000 Ada Generation, 96 %, 28314 MiB, 49140 MiB, 299.78 W, 81
2026/08/27 23:02:12.222, 0, NVIDIA RTX 6000 Ada Generation, 97 %, 28338 MiB, 49140 MiB, 299.54 W, 84
2026/08/27 23:02:12.222, 1, NVIDIA RTX 6000 Ada Generation, 97 %, 28444 MiB, 49140 MiB, 299.91 W, 83
2026/08/27 23:02:12.222, 2, NVIDIA RTX 6000 Ada Generation, 97 %, 28668 MiB, 49140 MiB, 299.32 W, 83
2026/08/27 23:02:12.222, 3, NVIDIA RTX 6000 Ada Generation, 98 %, 28314 MiB, 49140 MiB, 298.77 W, 81
2026/08/27 23:02:22.223, 0, NVIDIA RTX 6000 Ada Generation, 97 %, 28338 MiB, 49140 MiB, 299.85 W, 84
2026/08/27 23:02:22.223, 1, NVIDIA RTX 6000 Ada Generation, 97 %, 28444 MiB, 49140 MiB, 299.97 W, 83
2026/08/27 23:02:22.224, 2, NVIDIA RTX 6000 Ada Generation, 89 %, 28668 MiB, 49140 MiB, 286.51 W, 82
2026/08/27 23:02:22.224, 3, NVIDIA RTX 6000 Ada Generation, 97 %, 28314 MiB, 49140 MiB, 300.33 W, 81
2026/08/27 23:02:32.225, 0, NVIDIA RTX 6000 Ada Generation, 95 %, 28338 MiB, 49140 MiB, 299.04 W, 84
2026/08/27 23:02:32.225, 1, NVIDIA RTX 6000 Ada Generation, 97 %, 28444 MiB, 49140 MiB, 299.74 W, 83
2026/08/27 23:02:32.225, 2, NVIDIA RTX 6000 Ada Generation, 97 %, 28668 MiB, 49140 MiB, 299.14 W, 82
2026/08/27 23:02:32.225, 3, NVIDIA RTX 6000 Ada Generation, 86 %, 28314 MiB, 49140 MiB, 275.01 W, 80
2026/08/27 23:02:42.226, 0, NVIDIA RTX 6000 Ada Generation, 97 %, 28338 MiB, 49140 MiB, 300.16 W, 84
2026/08/27 23:02:42.226, 1, NVIDIA RTX 6000 Ada Generation, 89 %, 28444 MiB, 49140 MiB, 278.93 W, 83
2026/08/27 23:02:42.226, 2, NVIDIA RTX 6000 Ada Generation, 97 %, 28668 MiB, 49140 MiB, 296.84 W, 82
2026/08/27 23:02:42.227, 3, NVIDIA RTX 6000 Ada Generation, 97 %, 28314 MiB, 49140 MiB, 299.27 W, 81
2026/08/27 23:02:52.228, 0, NVIDIA RTX 6000 Ada Generation, 97 %, 28338 MiB, 49140 MiB, 299.06 W, 84
2026/08/27 23:02:52.228, 1, NVIDIA RTX 6000 Ada Generation, 97 %, 28444 MiB, 49140 MiB, 299.86 W, 83
2026/08/27 23:02:52.228, 2, NVIDIA RTX 6000 Ada Generation, 96 %, 28668 MiB, 49140 MiB, 297.59 W, 81
2026/08/27 23:02:52.228, 3, NVIDIA RTX 6000 Ada Generation, 97 %, 28314 MiB, 49140 MiB, 298.44 W, 81
2026/08/27 23:03:02.229, 0, NVIDIA RTX 6000 Ada Generation, 97 %, 28338 MiB, 49140 MiB, 299.42 W, 84
2026/08/27 23:03:02.230, 1, NVIDIA RTX 6000 Ada Generation, 97 %, 28444 MiB, 49140 MiB, 299.39 W, 83
2026/08/27 23:03:02.230, 2, NVIDIA RTX 6000 Ada Generation, 96 %, 28668 MiB, 49140 MiB, 299.17 W, 83
2026/08/27 23:03:02.230, 3, NVIDIA RTX 6000 Ada Generation, 97 %, 28314 MiB, 49140 MiB, 293.77 W, 81
2026/08/27 23:03:12.231, 0, NVIDIA RTX 6000 Ada Generation, 97 %, 28338 MiB, 49140 MiB, 299.47 W, 84
2026/08/27 23:03:12.231, 1, NVIDIA RTX 6000 Ada Generation, 97 %, 28444 MiB, 49140 MiB, 299.80 W, 84
2026/08/27 23:03:12.231, 2, NVIDIA RTX 6000 Ada Generation, 86 %, 28668 MiB, 49140 MiB, 286.40 W, 83
2026/08/27 23:03:12.231, 3, NVIDIA RTX 6000 Ada Generation, 97 %, 28314 MiB, 49140 MiB, 285.03 W, 80
2026/08/27 23:03:22.232, 0, NVIDIA RTX 6000 Ada Generation, 98 %, 28338 MiB, 49140 MiB, 298.89 W, 84
2026/08/27 23:03:22.233, 1, NVIDIA RTX 6000 Ada Generation, 97 %, 28444 MiB, 49140 MiB, 299.36 W, 83
2026/08/27 23:03:22.233, 2, NVIDIA RTX 6000 Ada Generation, 97 %, 28668 MiB, 49140 MiB, 300.29 W, 83
2026/08/27 23:03:22.233, 3, NVIDIA RTX 6000 Ada Generation, 97 %, 28314 MiB, 49140 MiB, 282.23 W, 80
2026/08/27 23:03:32.234, 0, NVIDIA RTX 6000 Ada Generation, 86 %, 28338 MiB, 49140 MiB, 283.58 W, 84
2026/08/27 23:03:32.234, 1, NVIDIA RTX 6000 Ada Generation, 97 %, 28444 MiB, 49140 MiB, 299.69 W, 83
2026/08/27 23:03:32.234, 2, NVIDIA RTX 6000 Ada Generation, 97 %, 28668 MiB, 49140 MiB, 298.99 W, 83
2026/08/27 23:03:32.234, 3, NVIDIA RTX 6000 Ada Generation, 98 %, 28314 MiB, 49140 MiB, 293.84 W, 80
2026/08/27 23:03:42.236, 0, NVIDIA RTX 6000 Ada Generation, 95 %, 28338 MiB, 49140 MiB, 289.63 W, 84
2026/08/27 23:03:42.236, 1, NVIDIA RTX 6000 Ada Generation, 86 %, 28444 MiB, 49140 MiB, 272.05 W, 83
2026/08/27 23:03:42.236, 2, NVIDIA RTX 6000 Ada Generation, 91 %, 28668 MiB, 49140 MiB, 289.03 W, 82
2026/08/27 23:03:42.236, 3, NVIDIA RTX 6000 Ada Generation, 94 %, 28314 MiB, 49140 MiB, 289.09 W, 80
2026/08/27 23:03:52.237, 0, NVIDIA RTX 6000 Ada Generation, 95 %, 28338 MiB, 49140 MiB, 299.52 W, 84
2026/08/27 23:03:52.237, 1, NVIDIA RTX 6000 Ada Generation, 97 %, 28444 MiB, 49140 MiB, 299.98 W, 83
2026/08/27 23:03:52.237, 2, NVIDIA RTX 6000 Ada Generation, 97 %, 28668 MiB, 49140 MiB, 297.25 W, 82
2026/08/27 23:03:52.237, 3, NVIDIA RTX 6000 Ada Generation, 97 %, 28314 MiB, 49140 MiB, 299.43 W, 80
2026/08/27 23:04:02.239, 0, NVIDIA RTX 6000 Ada Generation, 97 %, 28338 MiB, 49140 MiB, 299.51 W, 84
2026/08/27 23:04:02.239, 1, NVIDIA RTX 6000 Ada Generation, 90 %, 28444 MiB, 49140 MiB, 280.07 W, 83
2026/08/27 23:04:02.239, 2, NVIDIA RTX 6000 Ada Generation, 97 %, 28668 MiB, 49140 MiB, 299.46 W, 83
2026/08/27 23:04:02.239, 3, NVIDIA RTX 6000 Ada Generation, 97 %, 28314 MiB, 49140 MiB, 298.30 W, 80
2026/08/27 23:04:12.240, 0, NVIDIA RTX 6000 Ada Generation, 98 %, 28338 MiB, 49140 MiB, 300.32 W, 84
2026/08/27 23:04:12.240, 1, NVIDIA RTX 6000 Ada Generation, 97 %, 28444 MiB, 49140 MiB, 298.92 W, 83
2026/08/27 23:04:12.240, 2, NVIDIA RTX 6000 Ada Generation, 97 %, 28668 MiB, 49140 MiB, 299.64 W, 83
2026/08/27 23:04:12.240, 3, NVIDIA RTX 6000 Ada Generation, 97 %, 28314 MiB, 49140 MiB, 299.59 W, 81
2026/08/27 23:04:22.242, 0, NVIDIA RTX 6000 Ada Generation, 96 %, 28338 MiB, 49140 MiB, 299.15 W, 84
2026/08/27 23:04:22.242, 1, NVIDIA RTX 6000 Ada Generation, 97 %, 28444 MiB, 49140 MiB, 299.64 W, 84
2026/08/27 23:04:22.242, 2, NVIDIA RTX 6000 Ada Generation, 97 %, 28668 MiB, 49140 MiB, 299.81 W, 83
2026/08/27 23:04:22.242, 3, NVIDIA RTX 6000 Ada Generation, 98 %, 28314 MiB, 49140 MiB, 299.35 W, 81
2026/08/27 23:04:32.243, 0, NVIDIA RTX 6000 Ada Generation, 97 %, 28338 MiB, 49140 MiB, 299.33 W, 84
2026/08/27 23:04:32.243, 1, NVIDIA RTX 6000 Ada Generation, 89 %, 28444 MiB, 49140 MiB, 278.72 W, 83
2026/08/27 23:04:32.243, 2, NVIDIA RTX 6000 Ada Generation, 97 %, 28668 MiB, 49140 MiB, 299.74 W, 83
2026/08/27 23:04:32.243, 3, NVIDIA RTX 6000 Ada Generation, 97 %, 28314 MiB, 49140 MiB, 300.02 W, 81
2026/08/27 23:04:42.245, 0, NVIDIA RTX 6000 Ada Generation, 87 %, 28338 MiB, 49140 MiB, 283.37 W, 84
2026/08/27 23:04:42.245, 1, NVIDIA RTX 6000 Ada Generation, 96 %, 28444 MiB, 49140 MiB, 297.41 W, 83
2026/08/27 23:04:42.245, 2, NVIDIA RTX 6000 Ada Generation, 98 %, 28668 MiB, 49140 MiB, 299.86 W, 83
2026/08/27 23:04:42.245, 3, NVIDIA RTX 6000 Ada Generation, 85 %, 28314 MiB, 49140 MiB, 274.11 W, 80
2026/08/27 23:04:52.246, 0, NVIDIA RTX 6000 Ada Generation, 97 %, 28338 MiB, 49140 MiB, 298.64 W, 84
2026/08/27 23:04:52.246, 1, NVIDIA RTX 6000 Ada Generation, 97 %, 28444 MiB, 49140 MiB, 299.04 W, 83
2026/08/27 23:04:52.246, 2, NVIDIA RTX 6000 Ada Generation, 97 %, 28668 MiB, 49140 MiB, 299.23 W, 83
2026/08/27 23:04:52.247, 3, NVIDIA RTX 6000 Ada Generation, 79 %, 28314 MiB, 49140 MiB, 297.06 W, 79
2026/08/27 23:05:02.248, 0, NVIDIA RTX 6000 Ada Generation, 97 %, 28338 MiB, 49140 MiB, 299.99 W, 84
2026/08/27 23:05:02.248, 1, NVIDIA RTX 6000 Ada Generation, 97 %, 28444 MiB, 49140 MiB, 299.50 W, 84
2026/08/27 23:05:02.248, 2, NVIDIA RTX 6000 Ada Generation, 88 %, 28668 MiB, 49140 MiB, 287.99 W, 82
2026/08/27 23:05:02.248, 3, NVIDIA RTX 6000 Ada Generation, 97 %, 28314 MiB, 49140 MiB, 299.56 W, 81
2026/08/27 23:05:12.249, 0, NVIDIA RTX 6000 Ada Generation, 97 %, 28338 MiB, 49140 MiB, 299.29 W, 84
2026/08/27 23:05:12.250, 1, NVIDIA RTX 6000 Ada Generation, 97 %, 28444 MiB, 49140 MiB, 299.69 W, 84
2026/08/27 23:05:12.250, 2, NVIDIA RTX 6000 Ada Generation, 96 %, 28668 MiB, 49140 MiB, 299.48 W, 83
2026/08/27 23:05:12.250, 3, NVIDIA RTX 6000 Ada Generation, 98 %, 28314 MiB, 49140 MiB, 298.18 W, 81
2026/08/27 23:05:22.251, 0, NVIDIA RTX 6000 Ada Generation, 97 %, 28338 MiB, 49140 MiB, 299.38 W, 84
2026/08/27 23:05:22.251, 1, NVIDIA RTX 6000 Ada Generation, 97 %, 28444 MiB, 49140 MiB, 299.57 W, 84
2026/08/27 23:05:22.251, 2, NVIDIA RTX 6000 Ada Generation, 97 %, 28668 MiB, 49140 MiB, 300.15 W, 83
2026/08/27 23:05:22.251, 3, NVIDIA RTX 6000 Ada Generation, 97 %, 28314 MiB, 49140 MiB, 295.12 W, 80
2026/08/27 23:05:32.252, 0, NVIDIA RTX 6000 Ada Generation, 97 %, 28338 MiB, 49140 MiB, 299.38 W, 84
2026/08/27 23:05:32.253, 1, NVIDIA RTX 6000 Ada Generation, 98 %, 28444 MiB, 49140 MiB, 289.58 W, 83
2026/08/27 23:05:32.253, 2, NVIDIA RTX 6000 Ada Generation, 97 %, 28668 MiB, 49140 MiB, 299.44 W, 83
2026/08/27 23:05:32.253, 3, NVIDIA RTX 6000 Ada Generation, 97 %, 28314 MiB, 49140 MiB, 299.07 W, 81
2026/08/27 23:05:42.254, 0, NVIDIA RTX 6000 Ada Generation, 86 %, 28338 MiB, 49140 MiB, 283.48 W, 83
2026/08/27 23:05:42.254, 1, NVIDIA RTX 6000 Ada Generation, 86 %, 28444 MiB, 49140 MiB, 275.66 W, 83
2026/08/27 23:05:42.254, 2, NVIDIA RTX 6000 Ada Generation, 96 %, 28668 MiB, 49140 MiB, 299.34 W, 83
2026/08/27 23:05:42.254, 3, NVIDIA RTX 6000 Ada Generation, 97 %, 28314 MiB, 49140 MiB, 298.71 W, 81
2026/08/27 23:05:52.256, 0, NVIDIA RTX 6000 Ada Generation, 96 %, 28338 MiB, 49140 MiB, 293.11 W, 84
2026/08/27 23:05:52.256, 1, NVIDIA RTX 6000 Ada Generation, 97 %, 28444 MiB, 49140 MiB, 299.83 W, 84
2026/08/27 23:05:52.256, 2, NVIDIA RTX 6000 Ada Generation, 97 %, 28668 MiB, 49140 MiB, 299.60 W, 83
2026/08/27 23:05:52.256, 3, NVIDIA RTX 6000 Ada Generation, 98 %, 28314 MiB, 49140 MiB, 297.88 W, 81
2026/08/27 23:06:02.257, 0, NVIDIA RTX 6000 Ada Generation, 97 %, 28338 MiB, 49140 MiB, 300.05 W, 84
2026/08/27 23:06:02.257, 1, NVIDIA RTX 6000 Ada Generation, 97 %, 28444 MiB, 49140 MiB, 299.85 W, 84
2026/08/27 23:06:02.257, 2, NVIDIA RTX 6000 Ada Generation, 97 %, 28668 MiB, 49140 MiB, 299.69 W, 83
2026/08/27 23:06:02.257, 3, NVIDIA RTX 6000 Ada Generation, 95 %, 28314 MiB, 49140 MiB, 298.83 W, 81
2026/08/27 23:06:12.259, 0, NVIDIA RTX 6000 Ada Generation, 97 %, 28338 MiB, 49140 MiB, 299.04 W, 84
2026/08/27 23:06:12.259, 1, NVIDIA RTX 6000 Ada Generation, 86 %, 28444 MiB, 49140 MiB, 273.97 W, 83
2026/08/27 23:06:12.259, 2, NVIDIA RTX 6000 Ada Generation, 98 %, 28668 MiB, 49140 MiB, 299.28 W, 82
2026/08/27 23:06:12.259, 3, NVIDIA RTX 6000 Ada Generation, 98 %, 28314 MiB, 49140 MiB, 298.71 W, 81
2026/08/27 23:06:22.260, 0, NVIDIA RTX 6000 Ada Generation, 85 %, 28338 MiB, 49140 MiB, 282.27 W, 84
2026/08/27 23:06:22.260, 1, NVIDIA RTX 6000 Ada Generation, 95 %, 28444 MiB, 49140 MiB, 289.66 W, 83
2026/08/27 23:06:22.260, 2, NVIDIA RTX 6000 Ada Generation, 96 %, 28668 MiB, 49140 MiB, 299.66 W, 83
2026/08/27 23:06:22.260, 3, NVIDIA RTX 6000 Ada Generation, 95 %, 28314 MiB, 49140 MiB, 298.82 W, 81
2026/08/27 23:06:32.261, 0, NVIDIA RTX 6000 Ada Generation, 97 %, 28338 MiB, 49140 MiB, 299.96 W, 84
2026/08/27 23:06:32.262, 1, NVIDIA RTX 6000 Ada Generation, 97 %, 28444 MiB, 49140 MiB, 299.74 W, 83
2026/08/27 23:06:32.262, 2, NVIDIA RTX 6000 Ada Generation, 97 %, 28668 MiB, 49140 MiB, 299.51 W, 83
2026/08/27 23:06:32.262, 3, NVIDIA RTX 6000 Ada Generation, 96 %, 28314 MiB, 49140 MiB, 299.57 W, 80
2026/08/27 23:06:42.263, 0, NVIDIA RTX 6000 Ada Generation, 97 %, 28338 MiB, 49140 MiB, 299.30 W, 84
2026/08/27 23:06:42.263, 1, NVIDIA RTX 6000 Ada Generation, 97 %, 28444 MiB, 49140 MiB, 299.08 W, 84
2026/08/27 23:06:42.263, 2, NVIDIA RTX 6000 Ada Generation, 95 %, 28668 MiB, 49140 MiB, 298.99 W, 82
2026/08/27 23:06:42.263, 3, NVIDIA RTX 6000 Ada Generation, 97 %, 28314 MiB, 49140 MiB, 298.92 W, 81
2026/08/27 23:06:52.264, 0, NVIDIA RTX 6000 Ada Generation, 95 %, 28338 MiB, 49140 MiB, 284.71 W, 83
2026/08/27 23:06:52.265, 1, NVIDIA RTX 6000 Ada Generation, 97 %, 28444 MiB, 49140 MiB, 299.81 W, 84
2026/08/27 23:06:52.265, 2, NVIDIA RTX 6000 Ada Generation, 97 %, 28668 MiB, 49140 MiB, 299.43 W, 82
2026/08/27 23:06:52.265, 3, NVIDIA RTX 6000 Ada Generation, 97 %, 28314 MiB, 49140 MiB, 299.19 W, 81
2026/08/27 23:07:02.266, 0, NVIDIA RTX 6000 Ada Generation, 97 %, 28338 MiB, 49140 MiB, 299.79 W, 84
2026/08/27 23:07:02.266, 1, NVIDIA RTX 6000 Ada Generation, 97 %, 28444 MiB, 49140 MiB, 299.52 W, 84
2026/08/27 23:07:02.266, 2, NVIDIA RTX 6000 Ada Generation, 97 %, 28668 MiB, 49140 MiB, 299.30 W, 83
2026/08/27 23:07:02.266, 3, NVIDIA RTX 6000 Ada Generation, 97 %, 28314 MiB, 49140 MiB, 280.74 W, 80
2026/08/27 23:07:12.267, 0, NVIDIA RTX 6000 Ada Generation, 95 %, 28338 MiB, 49140 MiB, 287.60 W, 83
2026/08/27 23:07:12.268, 1, NVIDIA RTX 6000 Ada Generation, 97 %, 28444 MiB, 49140 MiB, 299.36 W, 84
2026/08/27 23:07:12.268, 2, NVIDIA RTX 6000 Ada Generation, 89 %, 28668 MiB, 49140 MiB, 289.14 W, 82
2026/08/27 23:07:12.268, 3, NVIDIA RTX 6000 Ada Generation, 97 %, 28314 MiB, 49140 MiB, 273.12 W, 79
2026/08/27 23:07:22.269, 0, NVIDIA RTX 6000 Ada Generation, 97 %, 28338 MiB, 49140 MiB, 298.96 W, 83
2026/08/27 23:07:22.269, 1, NVIDIA RTX 6000 Ada Generation, 98 %, 28444 MiB, 49140 MiB, 298.93 W, 84
2026/08/27 23:07:22.269, 2, NVIDIA RTX 6000 Ada Generation, 95 %, 28668 MiB, 49140 MiB, 294.59 W, 82
2026/08/27 23:07:22.269, 3, NVIDIA RTX 6000 Ada Generation, 85 %, 28314 MiB, 49140 MiB, 279.43 W, 79
2026/08/27 23:07:32.270, 0, NVIDIA RTX 6000 Ada Generation, 98 %, 28338 MiB, 49140 MiB, 299.20 W, 84
2026/08/27 23:07:32.270, 1, NVIDIA RTX 6000 Ada Generation, 94 %, 28444 MiB, 49140 MiB, 289.11 W, 83
2026/08/27 23:07:32.270, 2, NVIDIA RTX 6000 Ada Generation, 95 %, 28668 MiB, 49140 MiB, 295.27 W, 82
2026/08/27 23:07:32.271, 3, NVIDIA RTX 6000 Ada Generation, 95 %, 28314 MiB, 49140 MiB, 291.39 W, 80
2026/08/27 23:07:42.272, 0, NVIDIA RTX 6000 Ada Generation, 97 %, 28338 MiB, 49140 MiB, 299.46 W, 84
2026/08/27 23:07:42.272, 1, NVIDIA RTX 6000 Ada Generation, 96 %, 28444 MiB, 49140 MiB, 298.71 W, 84
2026/08/27 23:07:42.272, 2, NVIDIA RTX 6000 Ada Generation, 96 %, 28668 MiB, 49140 MiB, 295.75 W, 83
2026/08/27 23:07:42.272, 3, NVIDIA RTX 6000 Ada Generation, 97 %, 28314 MiB, 49140 MiB, 299.68 W, 80
2026/08/27 23:07:52.273, 0, NVIDIA RTX 6000 Ada Generation, 95 %, 28338 MiB, 49140 MiB, 292.08 W, 83
2026/08/27 23:07:52.273, 1, NVIDIA RTX 6000 Ada Generation, 97 %, 28444 MiB, 49140 MiB, 299.30 W, 83
2026/08/27 23:07:52.273, 2, NVIDIA RTX 6000 Ada Generation, 96 %, 28668 MiB, 49140 MiB, 300.14 W, 83
2026/08/27 23:07:52.274, 3, NVIDIA RTX 6000 Ada Generation, 95 %, 28314 MiB, 49140 MiB, 298.56 W, 80
2026/08/27 23:08:02.275, 0, NVIDIA RTX 6000 Ada Generation, 97 %, 28338 MiB, 49140 MiB, 300.25 W, 84
2026/08/27 23:08:02.275, 1, NVIDIA RTX 6000 Ada Generation, 97 %, 28444 MiB, 49140 MiB, 299.95 W, 83
2026/08/27 23:08:02.275, 2, NVIDIA RTX 6000 Ada Generation, 97 %, 28668 MiB, 49140 MiB, 299.33 W, 83
2026/08/27 23:08:02.275, 3, NVIDIA RTX 6000 Ada Generation, 97 %, 28314 MiB, 49140 MiB, 299.49 W, 80
2026/08/27 23:08:12.276, 0, NVIDIA RTX 6000 Ada Generation, 89 %, 28338 MiB, 49140 MiB, 285.03 W, 84
2026/08/27 23:08:12.276, 1, NVIDIA RTX 6000 Ada Generation, 97 %, 28444 MiB, 49140 MiB, 299.57 W, 83
2026/08/27 23:08:12.276, 2, NVIDIA RTX 6000 Ada Generation, 97 %, 28668 MiB, 49140 MiB, 299.68 W, 83
2026/08/27 23:08:12.277, 3, NVIDIA RTX 6000 Ada Generation, 98 %, 28314 MiB, 49140 MiB, 297.09 W, 81
2026/08/27 23:08:22.278, 0, NVIDIA RTX 6000 Ada Generation, 97 %, 28338 MiB, 49140 MiB, 299.93 W, 84
2026/08/27 23:08:22.278, 1, NVIDIA RTX 6000 Ada Generation, 97 %, 28444 MiB, 49140 MiB, 299.03 W, 83
2026/08/27 23:08:22.278, 2, NVIDIA RTX 6000 Ada Generation, 97 %, 28668 MiB, 49140 MiB, 299.75 W, 83
2026/08/27 23:08:22.278, 3, NVIDIA RTX 6000 Ada Generation, 95 %, 28314 MiB, 49140 MiB, 298.50 W, 81
2026/08/27 23:08:32.279, 0, NVIDIA RTX 6000 Ada Generation, 88 %, 28338 MiB, 49140 MiB, 283.82 W, 84
2026/08/27 23:08:32.279, 1, NVIDIA RTX 6000 Ada Generation, 98 %, 28444 MiB, 49140 MiB, 287.54 W, 83
2026/08/27 23:08:32.279, 2, NVIDIA RTX 6000 Ada Generation, 98 %, 28668 MiB, 49140 MiB, 299.94 W, 83
2026/08/27 23:08:32.279, 3, NVIDIA RTX 6000 Ada Generation, 97 %, 28314 MiB, 49140 MiB, 300.04 W, 81
2026/08/27 23:08:42.281, 0, NVIDIA RTX 6000 Ada Generation, 97 %, 28338 MiB, 49140 MiB, 300.01 W, 84
2026/08/27 23:08:42.281, 1, NVIDIA RTX 6000 Ada Generation, 97 %, 28444 MiB, 49140 MiB, 299.75 W, 83
2026/08/27 23:08:42.281, 2, NVIDIA RTX 6000 Ada Generation, 98 %, 28668 MiB, 49140 MiB, 299.54 W, 83
2026/08/27 23:08:42.281, 3, NVIDIA RTX 6000 Ada Generation, 97 %, 28314 MiB, 49140 MiB, 299.03 W, 81
2026/08/27 23:08:52.282, 0, NVIDIA RTX 6000 Ada Generation, 97 %, 28338 MiB, 49140 MiB, 299.46 W, 84
2026/08/27 23:08:52.282, 1, NVIDIA RTX 6000 Ada Generation, 98 %, 28444 MiB, 49140 MiB, 299.08 W, 83
2026/08/27 23:08:52.282, 2, NVIDIA RTX 6000 Ada Generation, 93 %, 28668 MiB, 49140 MiB, 292.88 W, 83
2026/08/27 23:08:52.282, 3, NVIDIA RTX 6000 Ada Generation, 98 %, 28314 MiB, 49140 MiB, 298.46 W, 81
2026/08/27 23:09:02.283, 0, NVIDIA RTX 6000 Ada Generation, 97 %, 28338 MiB, 49140 MiB, 299.57 W, 84
2026/08/27 23:09:02.284, 1, NVIDIA RTX 6000 Ada Generation, 94 %, 28444 MiB, 49140 MiB, 297.30 W, 83
2026/08/27 23:09:02.284, 2, NVIDIA RTX 6000 Ada Generation, 96 %, 28668 MiB, 49140 MiB, 298.90 W, 83
2026/08/27 23:09:02.284, 3, NVIDIA RTX 6000 Ada Generation, 90 %, 28314 MiB, 49140 MiB, 285.32 W, 80
2026/08/27 23:09:12.285, 0, NVIDIA RTX 6000 Ada Generation, 97 %, 28338 MiB, 49140 MiB, 299.10 W, 84
2026/08/27 23:09:12.285, 1, NVIDIA RTX 6000 Ada Generation, 97 %, 28444 MiB, 49140 MiB, 299.96 W, 83
2026/08/27 23:09:12.285, 2, NVIDIA RTX 6000 Ada Generation, 97 %, 28668 MiB, 49140 MiB, 299.04 W, 83
2026/08/27 23:09:12.285, 3, NVIDIA RTX 6000 Ada Generation, 95 %, 28314 MiB, 49140 MiB, 298.97 W, 81
2026/08/27 23:09:22.286, 0, NVIDIA RTX 6000 Ada Generation, 85 %, 28338 MiB, 49140 MiB, 282.49 W, 83
2026/08/27 23:09:22.287, 1, NVIDIA RTX 6000 Ada Generation, 97 %, 28444 MiB, 49140 MiB, 299.70 W, 83
2026/08/27 23:09:22.287, 2, NVIDIA RTX 6000 Ada Generation, 97 %, 28668 MiB, 49140 MiB, 299.06 W, 83
2026/08/27 23:09:22.287, 3, NVIDIA RTX 6000 Ada Generation, 97 %, 28314 MiB, 49140 MiB, 299.54 W, 81
2026/08/27 23:09:32.288, 0, NVIDIA RTX 6000 Ada Generation, 97 %, 28338 MiB, 49140 MiB, 300.15 W, 84
2026/08/27 23:09:32.288, 1, NVIDIA RTX 6000 Ada Generation, 97 %, 28444 MiB, 49140 MiB, 299.69 W, 83
2026/08/27 23:09:32.288, 2, NVIDIA RTX 6000 Ada Generation, 97 %, 28668 MiB, 49140 MiB, 299.64 W, 83
2026/08/27 23:09:32.288, 3, NVIDIA RTX 6000 Ada Generation, 97 %, 28314 MiB, 49140 MiB, 299.24 W, 81
2026/08/27 23:09:42.290, 0, NVIDIA RTX 6000 Ada Generation, 97 %, 28338 MiB, 49140 MiB, 299.98 W, 84
2026/08/27 23:09:42.290, 1, NVIDIA RTX 6000 Ada Generation, 97 %, 28444 MiB, 49140 MiB, 298.99 W, 83
2026/08/27 23:09:42.290, 2, NVIDIA RTX 6000 Ada Generation, 97 %, 28668 MiB, 49140 MiB, 299.69 W, 83
2026/08/27 23:09:42.290, 3, NVIDIA RTX 6000 Ada Generation, 97 %, 28314 MiB, 49140 MiB, 288.64 W, 80
2026/08/27 23:09:52.291, 0, NVIDIA RTX 6000 Ada Generation, 97 %, 28338 MiB, 49140 MiB, 299.63 W, 84
2026/08/27 23:09:52.291, 1, NVIDIA RTX 6000 Ada Generation, 91 %, 28444 MiB, 49140 MiB, 281.01 W, 83
2026/08/27 23:09:52.291, 2, NVIDIA RTX 6000 Ada Generation, 97 %, 28668 MiB, 49140 MiB, 299.56 W, 83
2026/08/27 23:09:52.291, 3, NVIDIA RTX 6000 Ada Generation, 97 %, 28314 MiB, 49140 MiB, 288.95 W, 80
2026/08/27 23:10:02.293, 0, NVIDIA RTX 6000 Ada Generation, 98 %, 28338 MiB, 49140 MiB, 299.18 W, 84
2026/08/27 23:10:02.293, 1, NVIDIA RTX 6000 Ada Generation, 97 %, 28444 MiB, 49140 MiB, 300.01 W, 83
2026/08/27 23:10:02.293, 2, NVIDIA RTX 6000 Ada Generation, 99 %, 28668 MiB, 49140 MiB, 299.51 W, 83
2026/08/27 23:10:02.293, 3, NVIDIA RTX 6000 Ada Generation, 98 %, 28314 MiB, 49140 MiB, 285.92 W, 80
2026/08/27 23:10:12.294, 0, NVIDIA RTX 6000 Ada Generation, 95 %, 28338 MiB, 49140 MiB, 299.71 W, 84
2026/08/27 23:10:12.294, 1, NVIDIA RTX 6000 Ada Generation, 97 %, 28444 MiB, 49140 MiB, 299.53 W, 83
2026/08/27 23:10:12.294, 2, NVIDIA RTX 6000 Ada Generation, 96 %, 28668 MiB, 49140 MiB, 299.59 W, 85
2026/08/27 23:10:12.294, 3, NVIDIA RTX 6000 Ada Generation, 88 %, 28314 MiB, 49140 MiB, 278.75 W, 80
2026/08/27 23:10:22.296, 0, NVIDIA RTX 6000 Ada Generation, 97 %, 28338 MiB, 49140 MiB, 300.08 W, 84
2026/08/27 23:10:22.296, 1, NVIDIA RTX 6000 Ada Generation, 96 %, 28444 MiB, 49140 MiB, 297.47 W, 83
2026/08/27 23:10:22.296, 2, NVIDIA RTX 6000 Ada Generation, 97 %, 28668 MiB, 49140 MiB, 299.62 W, 83
2026/08/27 23:10:22.296, 3, NVIDIA RTX 6000 Ada Generation, 95 %, 28314 MiB, 49140 MiB, 289.39 W, 79
2026/08/27 23:10:32.297, 0, NVIDIA RTX 6000 Ada Generation, 88 %, 28338 MiB, 49140 MiB, 283.37 W, 84
2026/08/27 23:10:32.297, 1, NVIDIA RTX 6000 Ada Generation, 97 %, 28444 MiB, 49140 MiB, 300.64 W, 84
2026/08/27 23:10:32.297, 2, NVIDIA RTX 6000 Ada Generation, 98 %, 28668 MiB, 49140 MiB, 299.84 W, 83
2026/08/27 23:10:32.297, 3, NVIDIA RTX 6000 Ada Generation, 97 %, 28314 MiB, 49140 MiB, 299.82 W, 80
2026/08/27 23:10:42.298, 0, NVIDIA RTX 6000 Ada Generation, 97 %, 28338 MiB, 49140 MiB, 299.23 W, 83
2026/08/27 23:10:42.299, 1, NVIDIA RTX 6000 Ada Generation, 86 %, 28444 MiB, 49140 MiB, 276.94 W, 83
2026/08/27 23:10:42.299, 2, NVIDIA RTX 6000 Ada Generation, 97 %, 28668 MiB, 49140 MiB, 299.48 W, 83
2026/08/27 23:10:42.299, 3, NVIDIA RTX 6000 Ada Generation, 87 %, 28314 MiB, 49140 MiB, 277.22 W, 80
2026/08/27 23:10:52.300, 0, NVIDIA RTX 6000 Ada Generation, 97 %, 28338 MiB, 49140 MiB, 301.00 W, 83
2026/08/27 23:10:52.300, 1, NVIDIA RTX 6000 Ada Generation, 95 %, 28444 MiB, 49140 MiB, 289.05 W, 83
2026/08/27 23:10:52.300, 2, NVIDIA RTX 6000 Ada Generation, 89 %, 28668 MiB, 49140 MiB, 287.26 W, 82
2026/08/27 23:10:52.300, 3, NVIDIA RTX 6000 Ada Generation, 97 %, 28314 MiB, 49140 MiB, 299.56 W, 81
2026/08/27 23:11:02.301, 0, NVIDIA RTX 6000 Ada Generation, 97 %, 28338 MiB, 49140 MiB, 299.77 W, 84
2026/08/27 23:11:02.302, 1, NVIDIA RTX 6000 Ada Generation, 96 %, 28444 MiB, 49140 MiB, 298.69 W, 84
2026/08/27 23:11:02.302, 2, NVIDIA RTX 6000 Ada Generation, 97 %, 28668 MiB, 49140 MiB, 299.22 W, 82
2026/08/27 23:11:02.302, 3, NVIDIA RTX 6000 Ada Generation, 85 %, 28314 MiB, 49140 MiB, 273.33 W, 80
2026/08/27 23:11:12.303, 0, NVIDIA RTX 6000 Ada Generation, 96 %, 28338 MiB, 49140 MiB, 299.98 W, 84
2026/08/27 23:11:12.303, 1, NVIDIA RTX 6000 Ada Generation, 97 %, 28444 MiB, 49140 MiB, 299.70 W, 84
2026/08/27 23:11:12.303, 2, NVIDIA RTX 6000 Ada Generation, 96 %, 28668 MiB, 49140 MiB, 299.48 W, 82
2026/08/27 23:11:12.303, 3, NVIDIA RTX 6000 Ada Generation, 97 %, 28314 MiB, 49140 MiB, 298.68 W, 80
2026/08/27 23:11:22.304, 0, NVIDIA RTX 6000 Ada Generation, 98 %, 28338 MiB, 49140 MiB, 298.86 W, 84
2026/08/27 23:11:22.305, 1, NVIDIA RTX 6000 Ada Generation, 97 %, 28444 MiB, 49140 MiB, 300.08 W, 84
2026/08/27 23:11:22.305, 2, NVIDIA RTX 6000 Ada Generation, 92 %, 28668 MiB, 49140 MiB, 289.57 W, 82
2026/08/27 23:11:22.305, 3, NVIDIA RTX 6000 Ada Generation, 86 %, 28314 MiB, 49140 MiB, 277.63 W, 80
2026/08/27 23:11:32.306, 0, NVIDIA RTX 6000 Ada Generation, 94 %, 28338 MiB, 49140 MiB, 289.55 W, 83
2026/08/27 23:11:32.306, 1, NVIDIA RTX 6000 Ada Generation, 97 %, 28444 MiB, 49140 MiB, 299.34 W, 84
2026/08/27 23:11:32.306, 2, NVIDIA RTX 6000 Ada Generation, 97 %, 28668 MiB, 49140 MiB, 300.25 W, 82
2026/08/27 23:11:32.306, 3, NVIDIA RTX 6000 Ada Generation, 98 %, 28314 MiB, 49140 MiB, 299.48 W, 81
2026/08/27 23:11:42.307, 0, NVIDIA RTX 6000 Ada Generation, 97 %, 28338 MiB, 49140 MiB, 299.47 W, 84
2026/08/27 23:11:42.308, 1, NVIDIA RTX 6000 Ada Generation, 97 %, 28444 MiB, 49140 MiB, 299.78 W, 84
2026/08/27 23:11:42.308, 2, NVIDIA RTX 6000 Ada Generation, 97 %, 28668 MiB, 49140 MiB, 299.65 W, 82
2026/08/27 23:11:42.308, 3, NVIDIA RTX 6000 Ada Generation, 97 %, 28314 MiB, 49140 MiB, 299.50 W, 81
2026/08/27 23:11:52.309, 0, NVIDIA RTX 6000 Ada Generation, 97 %, 28338 MiB, 49140 MiB, 299.71 W, 84
2026/08/27 23:11:52.309, 1, NVIDIA RTX 6000 Ada Generation, 97 %, 28444 MiB, 49140 MiB, 299.07 W, 84
2026/08/27 23:11:52.309, 2, NVIDIA RTX 6000 Ada Generation, 97 %, 28668 MiB, 49140 MiB, 299.51 W, 82
2026/08/27 23:11:52.309, 3, NVIDIA RTX 6000 Ada Generation, 97 %, 28314 MiB, 49140 MiB, 299.51 W, 81
2026/08/27 23:12:02.310, 0, NVIDIA RTX 6000 Ada Generation, 85 %, 28338 MiB, 49140 MiB, 290.74 W, 84
2026/08/27 23:12:02.311, 1, NVIDIA RTX 6000 Ada Generation, 88 %, 28444 MiB, 49140 MiB, 277.91 W, 83
2026/08/27 23:12:02.311, 2, NVIDIA RTX 6000 Ada Generation, 97 %, 28668 MiB, 49140 MiB, 299.64 W, 82
2026/08/27 23:12:02.311, 3, NVIDIA RTX 6000 Ada Generation, 96 %, 28314 MiB, 49140 MiB, 298.64 W, 81
2026/08/27 23:12:12.312, 0, NVIDIA RTX 6000 Ada Generation, 97 %, 28338 MiB, 49140 MiB, 299.73 W, 83
2026/08/27 23:12:12.312, 1, NVIDIA RTX 6000 Ada Generation, 94 %, 28444 MiB, 49140 MiB, 293.05 W, 83
2026/08/27 23:12:12.312, 2, NVIDIA RTX 6000 Ada Generation, 97 %, 28668 MiB, 49140 MiB, 299.69 W, 82
2026/08/27 23:12:12.312, 3, NVIDIA RTX 6000 Ada Generation, 97 %, 28314 MiB, 49140 MiB, 300.15 W, 81
2026/08/27 23:12:22.313, 0, NVIDIA RTX 6000 Ada Generation, 97 %, 28338 MiB, 49140 MiB, 299.51 W, 83
2026/08/27 23:12:22.314, 1, NVIDIA RTX 6000 Ada Generation, 97 %, 28444 MiB, 49140 MiB, 299.40 W, 84
2026/08/27 23:12:22.314, 2, NVIDIA RTX 6000 Ada Generation, 98 %, 28668 MiB, 49140 MiB, 299.44 W, 83
2026/08/27 23:12:22.314, 3, NVIDIA RTX 6000 Ada Generation, 97 %, 28314 MiB, 49140 MiB, 299.18 W, 81
2026/08/27 23:12:32.315, 0, NVIDIA RTX 6000 Ada Generation, 98 %, 28338 MiB, 49140 MiB, 300.16 W, 84
2026/08/27 23:12:32.315, 1, NVIDIA RTX 6000 Ada Generation, 97 %, 28444 MiB, 49140 MiB, 299.67 W, 84
2026/08/27 23:12:32.315, 2, NVIDIA RTX 6000 Ada Generation, 97 %, 28668 MiB, 49140 MiB, 300.20 W, 83
2026/08/27 23:12:32.315, 3, NVIDIA RTX 6000 Ada Generation, 88 %, 28314 MiB, 49140 MiB, 277.79 W, 80
2026/08/27 23:12:42.316, 0, NVIDIA RTX 6000 Ada Generation, 95 %, 28338 MiB, 49140 MiB, 288.85 W, 84
2026/08/27 23:12:42.317, 1, NVIDIA RTX 6000 Ada Generation, 97 %, 28444 MiB, 49140 MiB, 299.69 W, 84
2026/08/27 23:12:42.317, 2, NVIDIA RTX 6000 Ada Generation, 97 %, 28668 MiB, 49140 MiB, 298.26 W, 82
2026/08/27 23:12:42.317, 3, NVIDIA RTX 6000 Ada Generation, 97 %, 28314 MiB, 49140 MiB, 299.58 W, 81
2026/08/27 23:12:52.318, 0, NVIDIA RTX 6000 Ada Generation, 97 %, 28338 MiB, 49140 MiB, 300.13 W, 84
2026/08/27 23:12:52.318, 1, NVIDIA RTX 6000 Ada Generation, 97 %, 28444 MiB, 49140 MiB, 299.48 W, 84
2026/08/27 23:12:52.318, 2, NVIDIA RTX 6000 Ada Generation, 92 %, 28668 MiB, 49140 MiB, 302.23 W, 85
2026/08/27 23:12:52.318, 3, NVIDIA RTX 6000 Ada Generation, 97 %, 28314 MiB, 49140 MiB, 299.45 W, 81
2026/08/27 23:13:02.319, 0, NVIDIA RTX 6000 Ada Generation, 97 %, 28338 MiB, 49140 MiB, 300.14 W, 84
2026/08/27 23:13:02.320, 1, NVIDIA RTX 6000 Ada Generation, 98 %, 28444 MiB, 49140 MiB, 298.55 W, 84
2026/08/27 23:13:02.320, 2, NVIDIA RTX 6000 Ada Generation, 95 %, 28668 MiB, 49140 MiB, 292.72 W, 82
2026/08/27 23:13:02.320, 3, NVIDIA RTX 6000 Ada Generation, 95 %, 28314 MiB, 49140 MiB, 298.40 W, 80
2026/08/27 23:13:12.321, 0, NVIDIA RTX 6000 Ada Generation, 97 %, 28338 MiB, 49140 MiB, 299.52 W, 84
2026/08/27 23:13:12.321, 1, NVIDIA RTX 6000 Ada Generation, 90 %, 28444 MiB, 49140 MiB, 283.12 W, 83
2026/08/27 23:13:12.321, 2, NVIDIA RTX 6000 Ada Generation, 97 %, 28668 MiB, 49140 MiB, 293.45 W, 82
2026/08/27 23:13:12.321, 3, NVIDIA RTX 6000 Ada Generation, 97 %, 28314 MiB, 49140 MiB, 299.64 W, 81
2026/08/27 23:13:22.322, 0, NVIDIA RTX 6000 Ada Generation, 98 %, 28338 MiB, 49140 MiB, 299.58 W, 84
2026/08/27 23:13:22.322, 1, NVIDIA RTX 6000 Ada Generation, 96 %, 28444 MiB, 49140 MiB, 298.75 W, 84
2026/08/27 23:13:22.323, 2, NVIDIA RTX 6000 Ada Generation, 97 %, 28668 MiB, 49140 MiB, 299.17 W, 82
2026/08/27 23:13:22.323, 3, NVIDIA RTX 6000 Ada Generation, 95 %, 28314 MiB, 49140 MiB, 298.81 W, 81
2026/08/27 23:13:32.324, 0, NVIDIA RTX 6000 Ada Generation, 91 %, 28338 MiB, 49140 MiB, 286.08 W, 83
2026/08/27 23:13:32.324, 1, NVIDIA RTX 6000 Ada Generation, 97 %, 28444 MiB, 49140 MiB, 298.73 W, 84
2026/08/27 23:13:32.324, 2, NVIDIA RTX 6000 Ada Generation, 97 %, 28668 MiB, 49140 MiB, 299.41 W, 82
2026/08/27 23:13:32.324, 3, NVIDIA RTX 6000 Ada Generation, 97 %, 28314 MiB, 49140 MiB, 299.55 W, 81
2026/08/27 23:13:42.325, 0, NVIDIA RTX 6000 Ada Generation, 97 %, 28338 MiB, 49140 MiB, 299.92 W, 84
2026/08/27 23:13:42.325, 1, NVIDIA RTX 6000 Ada Generation, 97 %, 28444 MiB, 49140 MiB, 300.01 W, 84
2026/08/27 23:13:42.325, 2, NVIDIA RTX 6000 Ada Generation, 97 %, 28668 MiB, 49140 MiB, 299.58 W, 82
2026/08/27 23:13:42.325, 3, NVIDIA RTX 6000 Ada Generation, 97 %, 28314 MiB, 49140 MiB, 298.40 W, 81
2026/08/27 23:13:52.326, 0, NVIDIA RTX 6000 Ada Generation, 97 %, 28338 MiB, 49140 MiB, 300.18 W, 84
2026/08/27 23:13:52.326, 1, NVIDIA RTX 6000 Ada Generation, 94 %, 28444 MiB, 49140 MiB, 287.62 W, 84
2026/08/27 23:13:52.326, 2, NVIDIA RTX 6000 Ada Generation, 97 %, 28668 MiB, 49140 MiB, 299.76 W, 83
2026/08/27 23:13:52.326, 3, NVIDIA RTX 6000 Ada Generation, 97 %, 28314 MiB, 49140 MiB, 296.26 W, 81
2026/08/27 23:14:02.327, 0, NVIDIA RTX 6000 Ada Generation, 97 %, 28338 MiB, 49140 MiB, 299.69 W, 84
2026/08/27 23:14:02.327, 1, NVIDIA RTX 6000 Ada Generation, 98 %, 28444 MiB, 49140 MiB, 299.47 W, 84
2026/08/27 23:14:02.327, 2, NVIDIA RTX 6000 Ada Generation, 98 %, 28668 MiB, 49140 MiB, 299.55 W, 83
2026/08/27 23:14:02.327, 3, NVIDIA RTX 6000 Ada Generation, 98 %, 28314 MiB, 49140 MiB, 296.47 W, 81
2026/08/27 23:14:12.328, 0, NVIDIA RTX 6000 Ada Generation, 98 %, 28338 MiB, 49140 MiB, 300.25 W, 84
2026/08/27 23:14:12.329, 1, NVIDIA RTX 6000 Ada Generation, 97 %, 28444 MiB, 49140 MiB, 300.00 W, 84
2026/08/27 23:14:12.329, 2, NVIDIA RTX 6000 Ada Generation, 97 %, 28668 MiB, 49140 MiB, 299.42 W, 83
2026/08/27 23:14:12.329, 3, NVIDIA RTX 6000 Ada Generation, 92 %, 28314 MiB, 49140 MiB, 285.72 W, 80
2026/08/27 23:14:22.330, 0, NVIDIA RTX 6000 Ada Generation, 96 %, 28338 MiB, 49140 MiB, 299.31 W, 84
2026/08/27 23:14:22.330, 1, NVIDIA RTX 6000 Ada Generation, 97 %, 28444 MiB, 49140 MiB, 300.22 W, 84
2026/08/27 23:14:22.330, 2, NVIDIA RTX 6000 Ada Generation, 86 %, 28668 MiB, 49140 MiB, 285.70 W, 82
2026/08/27 23:14:22.330, 3, NVIDIA RTX 6000 Ada Generation, 96 %, 28314 MiB, 49140 MiB, 298.37 W, 80
2026/08/27 23:14:32.331, 0, NVIDIA RTX 6000 Ada Generation, 97 %, 28338 MiB, 49140 MiB, 299.41 W, 84
2026/08/27 23:14:32.331, 1, NVIDIA RTX 6000 Ada Generation, 98 %, 28444 MiB, 49140 MiB, 299.50 W, 84
2026/08/27 23:14:32.332, 2, NVIDIA RTX 6000 Ada Generation, 97 %, 28668 MiB, 49140 MiB, 300.27 W, 83
2026/08/27 23:14:32.332, 3, NVIDIA RTX 6000 Ada Generation, 97 %, 28314 MiB, 49140 MiB, 299.77 W, 81
2026/08/27 23:14:42.333, 0, NVIDIA RTX 6000 Ada Generation, 97 %, 28338 MiB, 49140 MiB, 300.08 W, 84
2026/08/27 23:14:42.333, 1, NVIDIA RTX 6000 Ada Generation, 97 %, 28444 MiB, 49140 MiB, 299.53 W, 84
2026/08/27 23:14:42.333, 2, NVIDIA RTX 6000 Ada Generation, 98 %, 28668 MiB, 49140 MiB, 299.65 W, 83
2026/08/27 23:14:42.333, 3, NVIDIA RTX 6000 Ada Generation, 97 %, 28314 MiB, 49140 MiB, 299.31 W, 81
2026/08/27 23:14:52.334, 0, NVIDIA RTX 6000 Ada Generation, 97 %, 28338 MiB, 49140 MiB, 300.19 W, 84
2026/08/27 23:14:52.334, 1, NVIDIA RTX 6000 Ada Generation, 94 %, 28444 MiB, 49140 MiB, 297.54 W, 83
2026/08/27 23:14:52.334, 2, NVIDIA RTX 6000 Ada Generation, 90 %, 28668 MiB, 49140 MiB, 288.66 W, 82
2026/08/27 23:14:52.334, 3, NVIDIA RTX 6000 Ada Generation, 97 %, 28314 MiB, 49140 MiB, 291.92 W, 80
2026/08/27 23:15:02.335, 0, NVIDIA RTX 6000 Ada Generation, 97 %, 28338 MiB, 49140 MiB, 299.36 W, 84
2026/08/27 23:15:02.336, 1, NVIDIA RTX 6000 Ada Generation, 97 %, 28444 MiB, 49140 MiB, 299.82 W, 83
2026/08/27 23:15:02.336, 2, NVIDIA RTX 6000 Ada Generation, 97 %, 28670 MiB, 49140 MiB, 297.15 W, 82
2026/08/27 23:15:02.336, 3, NVIDIA RTX 6000 Ada Generation, 97 %, 28314 MiB, 49140 MiB, 280.34 W, 79
2026/08/27 23:15:12.337, 0, NVIDIA RTX 6000 Ada Generation, 97 %, 28338 MiB, 49140 MiB, 299.89 W, 84
2026/08/27 23:15:12.337, 1, NVIDIA RTX 6000 Ada Generation, 86 %, 28444 MiB, 49140 MiB, 291.86 W, 83
2026/08/27 23:15:12.337, 2, NVIDIA RTX 6000 Ada Generation, 97 %, 28670 MiB, 49140 MiB, 299.76 W, 83
2026/08/27 23:15:12.337, 3, NVIDIA RTX 6000 Ada Generation, 97 %, 28314 MiB, 49140 MiB, 280.41 W, 79
2026/08/27 23:15:22.339, 0, NVIDIA RTX 6000 Ada Generation, 97 %, 28338 MiB, 49140 MiB, 299.25 W, 84
2026/08/27 23:15:22.339, 1, NVIDIA RTX 6000 Ada Generation, 97 %, 28444 MiB, 49140 MiB, 300.18 W, 83
2026/08/27 23:15:22.339, 2, NVIDIA RTX 6000 Ada Generation, 97 %, 28670 MiB, 49140 MiB, 299.51 W, 83
2026/08/27 23:15:22.339, 3, NVIDIA RTX 6000 Ada Generation, 98 %, 28314 MiB, 49140 MiB, 299.65 W, 80
2026/08/27 23:15:32.340, 0, NVIDIA RTX 6000 Ada Generation, 99 %, 28338 MiB, 49140 MiB, 298.43 W, 84
2026/08/27 23:15:32.340, 1, NVIDIA RTX 6000 Ada Generation, 97 %, 28444 MiB, 49140 MiB, 299.82 W, 84
2026/08/27 23:15:32.340, 2, NVIDIA RTX 6000 Ada Generation, 98 %, 28670 MiB, 49140 MiB, 299.71 W, 83
2026/08/27 23:15:32.340, 3, NVIDIA RTX 6000 Ada Generation, 91 %, 28314 MiB, 49140 MiB, 284.44 W, 80
2026/08/27 23:15:42.342, 0, NVIDIA RTX 6000 Ada Generation, 93 %, 28338 MiB, 49140 MiB, 288.29 W, 84
2026/08/27 23:15:42.342, 1, NVIDIA RTX 6000 Ada Generation, 98 %, 28444 MiB, 49140 MiB, 299.33 W, 83
2026/08/27 23:15:42.342, 2, NVIDIA RTX 6000 Ada Generation, 95 %, 28670 MiB, 49140 MiB, 298.58 W, 83
2026/08/27 23:15:42.342, 3, NVIDIA RTX 6000 Ada Generation, 94 %, 28314 MiB, 49140 MiB, 298.14 W, 80
2026/08/27 23:15:52.343, 0, NVIDIA RTX 6000 Ada Generation, 96 %, 28338 MiB, 49140 MiB, 293.62 W, 83
2026/08/27 23:15:52.343, 1, NVIDIA RTX 6000 Ada Generation, 87 %, 28444 MiB, 49140 MiB, 275.00 W, 83
2026/08/27 23:15:52.343, 2, NVIDIA RTX 6000 Ada Generation, 97 %, 28670 MiB, 49140 MiB, 299.32 W, 83
2026/08/27 23:15:52.343, 3, NVIDIA RTX 6000 Ada Generation, 97 %, 28314 MiB, 49140 MiB, 299.46 W, 80
2026/08/27 23:16:02.345, 0, NVIDIA RTX 6000 Ada Generation, 97 %, 28338 MiB, 49140 MiB, 300.08 W, 84
2026/08/27 23:16:02.345, 1, NVIDIA RTX 6000 Ada Generation, 93 %, 28444 MiB, 49140 MiB, 285.43 W, 83
2026/08/27 23:16:02.345, 2, NVIDIA RTX 6000 Ada Generation, 95 %, 28670 MiB, 49140 MiB, 292.77 W, 83
2026/08/27 23:16:02.345, 3, NVIDIA RTX 6000 Ada Generation, 97 %, 28314 MiB, 49140 MiB, 299.58 W, 81
2026/08/27 23:16:12.346, 0, NVIDIA RTX 6000 Ada Generation, 97 %, 28338 MiB, 49140 MiB, 295.15 W, 84
2026/08/27 23:16:12.346, 1, NVIDIA RTX 6000 Ada Generation, 94 %, 28444 MiB, 49140 MiB, 296.05 W, 83
2026/08/27 23:16:12.347, 2, NVIDIA RTX 6000 Ada Generation, 96 %, 28670 MiB, 49140 MiB, 299.29 W, 83
2026/08/27 23:16:12.347, 3, NVIDIA RTX 6000 Ada Generation, 96 %, 28314 MiB, 49140 MiB, 299.23 W, 81
2026/08/27 23:16:22.348, 0, NVIDIA RTX 6000 Ada Generation, 97 %, 28338 MiB, 49140 MiB, 299.97 W, 84
2026/08/27 23:16:22.348, 1, NVIDIA RTX 6000 Ada Generation, 96 %, 28444 MiB, 49140 MiB, 298.63 W, 83
2026/08/27 23:16:22.348, 2, NVIDIA RTX 6000 Ada Generation, 97 %, 28670 MiB, 49140 MiB, 299.38 W, 82
2026/08/27 23:16:22.348, 3, NVIDIA RTX 6000 Ada Generation, 97 %, 28314 MiB, 49140 MiB, 299.02 W, 81
2026/08/27 23:16:32.349, 0, NVIDIA RTX 6000 Ada Generation, 97 %, 28338 MiB, 49140 MiB, 299.17 W, 83
2026/08/27 23:16:32.349, 1, NVIDIA RTX 6000 Ada Generation, 97 %, 28444 MiB, 49140 MiB, 298.70 W, 83
2026/08/27 23:16:32.349, 2, NVIDIA RTX 6000 Ada Generation, 97 %, 28670 MiB, 49140 MiB, 299.68 W, 83
2026/08/27 23:16:32.350, 3, NVIDIA RTX 6000 Ada Generation, 97 %, 28314 MiB, 49140 MiB, 298.75 W, 81
2026/08/27 23:16:42.351, 0, NVIDIA RTX 6000 Ada Generation, 97 %, 28338 MiB, 49140 MiB, 299.28 W, 83
2026/08/27 23:16:42.351, 1, NVIDIA RTX 6000 Ada Generation, 97 %, 28444 MiB, 49140 MiB, 299.71 W, 84
2026/08/27 23:16:42.351, 2, NVIDIA RTX 6000 Ada Generation, 91 %, 28670 MiB, 49140 MiB, 288.53 W, 83
2026/08/27 23:16:42.351, 3, NVIDIA RTX 6000 Ada Generation, 98 %, 28314 MiB, 49140 MiB, 290.54 W, 80
2026/08/27 23:16:52.352, 0, NVIDIA RTX 6000 Ada Generation, 97 %, 28338 MiB, 49140 MiB, 299.86 W, 83
2026/08/27 23:16:52.352, 1, NVIDIA RTX 6000 Ada Generation, 97 %, 28444 MiB, 49140 MiB, 299.68 W, 84
2026/08/27 23:16:52.353, 2, NVIDIA RTX 6000 Ada Generation, 96 %, 28670 MiB, 49140 MiB, 295.05 W, 82
2026/08/27 23:16:52.353, 3, NVIDIA RTX 6000 Ada Generation, 89 %, 28314 MiB, 49140 MiB, 279.98 W, 80
2026/08/27 23:17:02.354, 0, NVIDIA RTX 6000 Ada Generation, 97 %, 28338 MiB, 49140 MiB, 299.91 W, 84
2026/08/27 23:17:02.354, 1, NVIDIA RTX 6000 Ada Generation, 97 %, 28444 MiB, 49140 MiB, 299.54 W, 84
2026/08/27 23:17:02.354, 2, NVIDIA RTX 6000 Ada Generation, 97 %, 28670 MiB, 49140 MiB, 299.27 W, 82
2026/08/27 23:17:02.354, 3, NVIDIA RTX 6000 Ada Generation, 95 %, 28314 MiB, 49140 MiB, 295.74 W, 81
2026/08/27 23:17:12.355, 0, NVIDIA RTX 6000 Ada Generation, 98 %, 28338 MiB, 49140 MiB, 300.37 W, 84
2026/08/27 23:17:12.355, 1, NVIDIA RTX 6000 Ada Generation, 98 %, 28444 MiB, 49140 MiB, 298.94 W, 84
2026/08/27 23:17:12.355, 2, NVIDIA RTX 6000 Ada Generation, 97 %, 28670 MiB, 49140 MiB, 299.31 W, 82
2026/08/27 23:17:12.356, 3, NVIDIA RTX 6000 Ada Generation, 97 %, 28314 MiB, 49140 MiB, 299.62 W, 81
2026/08/27 23:17:22.357, 0, NVIDIA RTX 6000 Ada Generation, 92 %, 28338 MiB, 49140 MiB, 286.21 W, 83
2026/08/27 23:17:22.357, 1, NVIDIA RTX 6000 Ada Generation, 97 %, 28444 MiB, 49140 MiB, 299.91 W, 84
2026/08/27 23:17:22.357, 2, NVIDIA RTX 6000 Ada Generation, 97 %, 28670 MiB, 49140 MiB, 299.43 W, 83
2026/08/27 23:17:22.357, 3, NVIDIA RTX 6000 Ada Generation, 97 %, 28314 MiB, 49140 MiB, 299.62 W, 81
2026/08/27 23:17:32.358, 0, NVIDIA RTX 6000 Ada Generation, 97 %, 28338 MiB, 49140 MiB, 300.01 W, 84
2026/08/27 23:17:32.358, 1, NVIDIA RTX 6000 Ada Generation, 98 %, 28444 MiB, 49140 MiB, 293.61 W, 84
2026/08/27 23:17:32.358, 2, NVIDIA RTX 6000 Ada Generation, 97 %, 28670 MiB, 49140 MiB, 299.37 W, 82
2026/08/27 23:17:32.358, 3, NVIDIA RTX 6000 Ada Generation, 95 %, 28314 MiB, 49140 MiB, 298.64 W, 81
2026/08/27 23:17:42.360, 0, NVIDIA RTX 6000 Ada Generation, 97 %, 28338 MiB, 49140 MiB, 298.79 W, 83
2026/08/27 23:17:42.360, 1, NVIDIA RTX 6000 Ada Generation, 93 %, 28444 MiB, 49140 MiB, 285.85 W, 83
2026/08/27 23:17:42.360, 2, NVIDIA RTX 6000 Ada Generation, 97 %, 28670 MiB, 49140 MiB, 299.66 W, 83
2026/08/27 23:17:42.360, 3, NVIDIA RTX 6000 Ada Generation, 96 %, 28314 MiB, 49140 MiB, 299.00 W, 81
2026/08/27 23:17:52.361, 0, NVIDIA RTX 6000 Ada Generation, 97 %, 28338 MiB, 49140 MiB, 299.93 W, 84
2026/08/27 23:17:52.361, 1, NVIDIA RTX 6000 Ada Generation, 97 %, 28444 MiB, 49140 MiB, 300.01 W, 84
2026/08/27 23:17:52.361, 2, NVIDIA RTX 6000 Ada Generation, 98 %, 28670 MiB, 49140 MiB, 299.58 W, 83
2026/08/27 23:17:52.361, 3, NVIDIA RTX 6000 Ada Generation, 97 %, 28314 MiB, 49140 MiB, 298.59 W, 81
2026/08/27 23:18:02.363, 0, NVIDIA RTX 6000 Ada Generation, 97 %, 28338 MiB, 49140 MiB, 299.86 W, 84
2026/08/27 23:18:02.363, 1, NVIDIA RTX 6000 Ada Generation, 97 %, 28444 MiB, 49140 MiB, 298.81 W, 84
2026/08/27 23:18:02.363, 2, NVIDIA RTX 6000 Ada Generation, 97 %, 28670 MiB, 49140 MiB, 295.09 W, 83
2026/08/27 23:18:02.363, 3, NVIDIA RTX 6000 Ada Generation, 97 %, 28314 MiB, 49140 MiB, 298.92 W, 81
2026/08/27 23:18:12.364, 0, NVIDIA RTX 6000 Ada Generation, 97 %, 28338 MiB, 49140 MiB, 299.86 W, 84
2026/08/27 23:18:12.364, 1, NVIDIA RTX 6000 Ada Generation, 97 %, 28444 MiB, 49140 MiB, 299.24 W, 83
2026/08/27 23:18:12.364, 2, NVIDIA RTX 6000 Ada Generation, 97 %, 28670 MiB, 49140 MiB, 299.39 W, 83
2026/08/27 23:18:12.365, 3, NVIDIA RTX 6000 Ada Generation, 96 %, 28314 MiB, 49140 MiB, 281.98 W, 80
2026/08/27 23:18:22.366, 0, NVIDIA RTX 6000 Ada Generation, 98 %, 28338 MiB, 49140 MiB, 300.05 W, 84
2026/08/27 23:18:22.366, 1, NVIDIA RTX 6000 Ada Generation, 90 %, 28444 MiB, 49140 MiB, 283.73 W, 83
2026/08/27 23:18:22.366, 2, NVIDIA RTX 6000 Ada Generation, 84 %, 28670 MiB, 49140 MiB, 284.24 W, 83
2026/08/27 23:18:22.366, 3, NVIDIA RTX 6000 Ada Generation, 97 %, 28314 MiB, 49140 MiB, 273.64 W, 79
2026/08/27 23:18:32.367, 0, NVIDIA RTX 6000 Ada Generation, 89 %, 28338 MiB, 49140 MiB, 286.25 W, 84
2026/08/27 23:18:32.367, 1, NVIDIA RTX 6000 Ada Generation, 97 %, 28444 MiB, 49140 MiB, 299.80 W, 84
2026/08/27 23:18:32.367, 2, NVIDIA RTX 6000 Ada Generation, 93 %, 28670 MiB, 49140 MiB, 291.26 W, 83
2026/08/27 23:18:32.368, 3, NVIDIA RTX 6000 Ada Generation, 87 %, 28314 MiB, 49140 MiB, 275.09 W, 79
2026/08/27 23:18:42.369, 0, NVIDIA RTX 6000 Ada Generation, 95 %, 28338 MiB, 49140 MiB, 298.81 W, 84
2026/08/27 23:18:42.369, 1, NVIDIA RTX 6000 Ada Generation, 94 %, 28444 MiB, 49140 MiB, 298.96 W, 83
2026/08/27 23:18:42.369, 2, NVIDIA RTX 6000 Ada Generation, 95 %, 28670 MiB, 49140 MiB, 295.07 W, 82
2026/08/27 23:18:42.369, 3, NVIDIA RTX 6000 Ada Generation, 97 %, 28314 MiB, 49140 MiB, 289.19 W, 80
2026/08/27 23:18:52.370, 0, NVIDIA RTX 6000 Ada Generation, 97 %, 28338 MiB, 49140 MiB, 300.43 W, 84
2026/08/27 23:18:52.370, 1, NVIDIA RTX 6000 Ada Generation, 97 %, 28444 MiB, 49140 MiB, 299.33 W, 83
2026/08/27 23:18:52.370, 2, NVIDIA RTX 6000 Ada Generation, 97 %, 28670 MiB, 49140 MiB, 300.16 W, 83
2026/08/27 23:18:52.371, 3, NVIDIA RTX 6000 Ada Generation, 97 %, 28314 MiB, 49140 MiB, 300.15 W, 80
2026/08/27 23:19:02.372, 0, NVIDIA RTX 6000 Ada Generation, 86 %, 28338 MiB, 49140 MiB, 283.00 W, 84
2026/08/27 23:19:02.372, 1, NVIDIA RTX 6000 Ada Generation, 95 %, 28444 MiB, 49140 MiB, 296.54 W, 83
2026/08/27 23:19:02.372, 2, NVIDIA RTX 6000 Ada Generation, 97 %, 28670 MiB, 49140 MiB, 299.11 W, 82
2026/08/27 23:19:02.372, 3, NVIDIA RTX 6000 Ada Generation, 97 %, 28314 MiB, 49140 MiB, 299.30 W, 81
2026/08/27 23:19:12.373, 0, NVIDIA RTX 6000 Ada Generation, 97 %, 28338 MiB, 49140 MiB, 300.08 W, 84
2026/08/27 23:19:12.373, 1, NVIDIA RTX 6000 Ada Generation, 98 %, 28444 MiB, 49140 MiB, 298.55 W, 83
2026/08/27 23:19:12.373, 2, NVIDIA RTX 6000 Ada Generation, 97 %, 28670 MiB, 49140 MiB, 299.71 W, 82
2026/08/27 23:19:12.373, 3, NVIDIA RTX 6000 Ada Generation, 97 %, 28314 MiB, 49140 MiB, 297.84 W, 80
2026/08/27 23:19:22.374, 0, NVIDIA RTX 6000 Ada Generation, 97 %, 28338 MiB, 49140 MiB, 299.09 W, 83
2026/08/27 23:19:22.375, 1, NVIDIA RTX 6000 Ada Generation, 94 %, 28444 MiB, 49140 MiB, 288.08 W, 83
2026/08/27 23:19:22.375, 2, NVIDIA RTX 6000 Ada Generation, 97 %, 28670 MiB, 49140 MiB, 299.49 W, 83
2026/08/27 23:19:22.375, 3, NVIDIA RTX 6000 Ada Generation, 97 %, 28314 MiB, 49140 MiB, 299.20 W, 81
2026/08/27 23:19:32.376, 0, NVIDIA RTX 6000 Ada Generation, 95 %, 28338 MiB, 49140 MiB, 285.77 W, 84
2026/08/27 23:19:32.376, 1, NVIDIA RTX 6000 Ada Generation, 97 %, 28448 MiB, 49140 MiB, 298.89 W, 83
2026/08/27 23:19:32.376, 2, NVIDIA RTX 6000 Ada Generation, 97 %, 28670 MiB, 49140 MiB, 299.69 W, 83
2026/08/27 23:19:32.376, 3, NVIDIA RTX 6000 Ada Generation, 97 %, 28314 MiB, 49140 MiB, 299.15 W, 81
2026/08/27 23:19:42.378, 0, NVIDIA RTX 6000 Ada Generation, 94 %, 28338 MiB, 49140 MiB, 296.52 W, 84
2026/08/27 23:19:42.378, 1, NVIDIA RTX 6000 Ada Generation, 97 %, 28448 MiB, 49140 MiB, 299.85 W, 83
2026/08/27 23:19:42.378, 2, NVIDIA RTX 6000 Ada Generation, 98 %, 28670 MiB, 49140 MiB, 299.68 W, 83
2026/08/27 23:19:42.378, 3, NVIDIA RTX 6000 Ada Generation, 98 %, 28314 MiB, 49140 MiB, 298.35 W, 81
2026/08/27 23:19:52.379, 0, NVIDIA RTX 6000 Ada Generation, 86 %, 28338 MiB, 49140 MiB, 297.62 W, 83
2026/08/27 23:19:52.379, 1, NVIDIA RTX 6000 Ada Generation, 97 %, 28448 MiB, 49140 MiB, 299.71 W, 84
2026/08/27 23:19:52.379, 2, NVIDIA RTX 6000 Ada Generation, 96 %, 28670 MiB, 49140 MiB, 298.06 W, 82
2026/08/27 23:19:52.379, 3, NVIDIA RTX 6000 Ada Generation, 97 %, 28314 MiB, 49140 MiB, 293.89 W, 81
2026/08/27 23:20:02.381, 0, NVIDIA RTX 6000 Ada Generation, 84 %, 28338 MiB, 49140 MiB, 281.95 W, 83
2026/08/27 23:20:02.381, 1, NVIDIA RTX 6000 Ada Generation, 97 %, 28448 MiB, 49140 MiB, 299.60 W, 84
2026/08/27 23:20:02.381, 2, NVIDIA RTX 6000 Ada Generation, 97 %, 28670 MiB, 49140 MiB, 299.28 W, 82
2026/08/27 23:20:02.381, 3, NVIDIA RTX 6000 Ada Generation, 97 %, 28392 MiB, 49140 MiB, 299.43 W, 81
2026/08/27 23:20:12.382, 0, NVIDIA RTX 6000 Ada Generation, 97 %, 28338 MiB, 49140 MiB, 299.47 W, 83
2026/08/27 23:20:12.382, 1, NVIDIA RTX 6000 Ada Generation, 96 %, 28448 MiB, 49140 MiB, 290.23 W, 83
2026/08/27 23:20:12.382, 2, NVIDIA RTX 6000 Ada Generation, 97 %, 28670 MiB, 49140 MiB, 299.50 W, 83
2026/08/27 23:20:12.383, 3, NVIDIA RTX 6000 Ada Generation, 97 %, 28392 MiB, 49140 MiB, 300.23 W, 81
2026/08/27 23:20:22.384, 0, NVIDIA RTX 6000 Ada Generation, 97 %, 28338 MiB, 49140 MiB, 299.73 W, 84
2026/08/27 23:20:22.384, 1, NVIDIA RTX 6000 Ada Generation, 97 %, 28448 MiB, 49140 MiB, 299.60 W, 83
2026/08/27 23:20:22.384, 2, NVIDIA RTX 6000 Ada Generation, 97 %, 28670 MiB, 49140 MiB, 299.81 W, 83
2026/08/27 23:20:22.384, 3, NVIDIA RTX 6000 Ada Generation, 97 %, 28392 MiB, 49140 MiB, 296.01 W, 80
2026/08/27 23:20:32.385, 0, NVIDIA RTX 6000 Ada Generation, 86 %, 28338 MiB, 49140 MiB, 282.21 W, 83
2026/08/27 23:20:32.385, 1, NVIDIA RTX 6000 Ada Generation, 97 %, 28448 MiB, 49140 MiB, 300.01 W, 84
2026/08/27 23:20:32.385, 2, NVIDIA RTX 6000 Ada Generation, 97 %, 28670 MiB, 49140 MiB, 297.00 W, 83
2026/08/27 23:20:32.386, 3, NVIDIA RTX 6000 Ada Generation, 94 %, 28392 MiB, 49140 MiB, 298.33 W, 80
2026/08/27 23:20:42.386, 0, NVIDIA RTX 6000 Ada Generation, 97 %, 28338 MiB, 49140 MiB, 299.84 W, 84
2026/08/27 23:20:42.387, 1, NVIDIA RTX 6000 Ada Generation, 88 %, 28448 MiB, 49140 MiB, 277.15 W, 83
2026/08/27 23:20:42.387, 2, NVIDIA RTX 6000 Ada Generation, 89 %, 28670 MiB, 49140 MiB, 287.25 W, 82
2026/08/27 23:20:42.387, 3, NVIDIA RTX 6000 Ada Generation, 97 %, 28392 MiB, 49140 MiB, 299.52 W, 80
2026/08/27 23:20:52.388, 0, NVIDIA RTX 6000 Ada Generation, 96 %, 28338 MiB, 49140 MiB, 292.50 W, 83
2026/08/27 23:20:52.388, 1, NVIDIA RTX 6000 Ada Generation, 97 %, 28448 MiB, 49140 MiB, 299.25 W, 83
2026/08/27 23:20:52.388, 2, NVIDIA RTX 6000 Ada Generation, 97 %, 28670 MiB, 49140 MiB, 299.31 W, 83
2026/08/27 23:20:52.388, 3, NVIDIA RTX 6000 Ada Generation, 97 %, 28392 MiB, 49140 MiB, 299.16 W, 80
2026/08/27 23:21:02.389, 0, NVIDIA RTX 6000 Ada Generation, 97 %, 28338 MiB, 49140 MiB, 300.12 W, 84
2026/08/27 23:21:02.389, 1, NVIDIA RTX 6000 Ada Generation, 97 %, 28448 MiB, 49140 MiB, 299.52 W, 83
2026/08/27 23:21:02.389, 2, NVIDIA RTX 6000 Ada Generation, 87 %, 28670 MiB, 49140 MiB, 290.48 W, 82
2026/08/27 23:21:02.389, 3, NVIDIA RTX 6000 Ada Generation, 96 %, 28392 MiB, 49140 MiB, 299.36 W, 81
2026/08/27 23:21:12.390, 0, NVIDIA RTX 6000 Ada Generation, 95 %, 28338 MiB, 49140 MiB, 299.21 W, 83
2026/08/27 23:21:12.390, 1, NVIDIA RTX 6000 Ada Generation, 97 %, 28448 MiB, 49140 MiB, 299.05 W, 83
2026/08/27 23:21:12.390, 2, NVIDIA RTX 6000 Ada Generation, 96 %, 28670 MiB, 49140 MiB, 299.24 W, 82
2026/08/27 23:21:12.478, 3, NVIDIA RTX 6000 Ada Generation, 90 %, 28392 MiB, 49140 MiB, 281.62 W, 80
2026/08/27 23:21:22.479, 0, NVIDIA RTX 6000 Ada Generation, 0 %, 28346 MiB, 49140 MiB, 114.20 W, 75
2026/08/27 23:21:22.479, 1, NVIDIA RTX 6000 Ada Generation, 90 %, 28448 MiB, 49140 MiB, 283.11 W, 83
2026/08/27 23:21:22.479, 2, NVIDIA RTX 6000 Ada Generation, 97 %, 28670 MiB, 49140 MiB, 299.02 W, 82
2026/08/27 23:21:22.479, 3, NVIDIA RTX 6000 Ada Generation, 97 %, 28392 MiB, 49140 MiB, 298.99 W, 80
2026/08/27 23:21:32.480, 0, NVIDIA RTX 6000 Ada Generation, 0 %, 28346 MiB, 49140 MiB, 86.20 W, 69
2026/08/27 23:21:32.480, 1, NVIDIA RTX 6000 Ada Generation, 90 %, 28448 MiB, 49140 MiB, 299.32 W, 84
2026/08/27 23:21:32.481, 2, NVIDIA RTX 6000 Ada Generation, 98 %, 28670 MiB, 49140 MiB, 294.34 W, 82
2026/08/27 23:21:32.481, 3, NVIDIA RTX 6000 Ada Generation, 97 %, 28392 MiB, 49140 MiB, 299.42 W, 81
2026/08/27 23:21:42.482, 0, NVIDIA RTX 6000 Ada Generation, 0 %, 28346 MiB, 49140 MiB, 44.01 W, 64
2026/08/27 23:21:42.482, 1, NVIDIA RTX 6000 Ada Generation, 96 %, 28448 MiB, 49140 MiB, 299.01 W, 83
2026/08/27 23:21:42.482, 2, NVIDIA RTX 6000 Ada Generation, 96 %, 28670 MiB, 49140 MiB, 299.59 W, 83
2026/08/27 23:21:42.482, 3, NVIDIA RTX 6000 Ada Generation, 97 %, 28392 MiB, 49140 MiB, 295.30 W, 81
2026/08/27 23:21:52.483, 0, NVIDIA RTX 6000 Ada Generation, 0 %, 28346 MiB, 49140 MiB, 41.27 W, 61
2026/08/27 23:21:52.484, 1, NVIDIA RTX 6000 Ada Generation, 90 %, 28448 MiB, 49140 MiB, 299.37 W, 83
2026/08/27 23:21:52.484, 2, NVIDIA RTX 6000 Ada Generation, 86 %, 28670 MiB, 49140 MiB, 287.00 W, 83
2026/08/27 23:21:52.484, 3, NVIDIA RTX 6000 Ada Generation, 97 %, 28392 MiB, 49140 MiB, 298.87 W, 80
2026/08/27 23:22:02.485, 0, NVIDIA RTX 6000 Ada Generation, 0 %, 28346 MiB, 49140 MiB, 38.94 W, 58
2026/08/27 23:22:02.485, 1, NVIDIA RTX 6000 Ada Generation, 98 %, 28448 MiB, 49140 MiB, 299.44 W, 83
2026/08/27 23:22:02.485, 2, NVIDIA RTX 6000 Ada Generation, 96 %, 28670 MiB, 49140 MiB, 300.17 W, 83
2026/08/27 23:22:02.486, 3, NVIDIA RTX 6000 Ada Generation, 97 %, 28392 MiB, 49140 MiB, 299.48 W, 81
2026/08/27 23:22:12.487, 0, NVIDIA RTX 6000 Ada Generation, 0 %, 28346 MiB, 49140 MiB, 37.68 W, 56
2026/08/27 23:22:12.487, 1, NVIDIA RTX 6000 Ada Generation, 97 %, 28448 MiB, 49140 MiB, 299.94 W, 83
2026/08/27 23:22:12.487, 2, NVIDIA RTX 6000 Ada Generation, 96 %, 28670 MiB, 49140 MiB, 300.15 W, 83
2026/08/27 23:22:12.487, 3, NVIDIA RTX 6000 Ada Generation, 97 %, 28392 MiB, 49140 MiB, 286.81 W, 80
2026/08/27 23:22:22.488, 0, NVIDIA RTX 6000 Ada Generation, 0 %, 28346 MiB, 49140 MiB, 36.56 W, 54
2026/08/27 23:22:22.489, 1, NVIDIA RTX 6000 Ada Generation, 97 %, 28448 MiB, 49140 MiB, 299.61 W, 83
2026/08/27 23:22:22.489, 2, NVIDIA RTX 6000 Ada Generation, 87 %, 28670 MiB, 49140 MiB, 280.53 W, 82
2026/08/27 23:22:22.489, 3, NVIDIA RTX 6000 Ada Generation, 97 %, 28392 MiB, 49140 MiB, 299.82 W, 80
2026/08/27 23:22:32.490, 0, NVIDIA RTX 6000 Ada Generation, 0 %, 28346 MiB, 49140 MiB, 35.83 W, 53
2026/08/27 23:22:32.490, 1, NVIDIA RTX 6000 Ada Generation, 90 %, 28448 MiB, 49140 MiB, 277.33 W, 82
2026/08/27 23:22:32.491, 2, NVIDIA RTX 6000 Ada Generation, 95 %, 28670 MiB, 49140 MiB, 294.36 W, 82
2026/08/27 23:22:32.491, 3, NVIDIA RTX 6000 Ada Generation, 98 %, 28392 MiB, 49140 MiB, 285.92 W, 80
2026/08/27 23:22:42.492, 0, NVIDIA RTX 6000 Ada Generation, 0 %, 28346 MiB, 49140 MiB, 35.18 W, 51
2026/08/27 23:22:42.492, 1, NVIDIA RTX 6000 Ada Generation, 95 %, 28448 MiB, 49140 MiB, 286.40 W, 82
2026/08/27 23:22:42.492, 2, NVIDIA RTX 6000 Ada Generation, 95 %, 28670 MiB, 49140 MiB, 299.00 W, 82
2026/08/27 23:22:42.492, 3, NVIDIA RTX 6000 Ada Generation, 97 %, 28392 MiB, 49140 MiB, 299.42 W, 80
2026/08/27 23:22:52.493, 0, NVIDIA RTX 6000 Ada Generation, 0 %, 28346 MiB, 49140 MiB, 34.89 W, 50
2026/08/27 23:22:52.494, 1, NVIDIA RTX 6000 Ada Generation, 97 %, 28448 MiB, 49140 MiB, 298.86 W, 82
2026/08/27 23:22:52.494, 2, NVIDIA RTX 6000 Ada Generation, 97 %, 28670 MiB, 49140 MiB, 299.15 W, 82
2026/08/27 23:22:52.494, 3, NVIDIA RTX 6000 Ada Generation, 98 %, 28392 MiB, 49140 MiB, 299.73 W, 80
2026/08/27 23:23:02.495, 0, NVIDIA RTX 6000 Ada Generation, 0 %, 28346 MiB, 49140 MiB, 34.09 W, 49
2026/08/27 23:23:02.495, 1, NVIDIA RTX 6000 Ada Generation, 91 %, 28448 MiB, 49140 MiB, 299.47 W, 82
2026/08/27 23:23:02.495, 2, NVIDIA RTX 6000 Ada Generation, 97 %, 28670 MiB, 49140 MiB, 299.51 W, 82
2026/08/27 23:23:02.496, 3, NVIDIA RTX 6000 Ada Generation, 97 %, 28392 MiB, 49140 MiB, 299.62 W, 80
2026/08/27 23:23:12.497, 0, NVIDIA RTX 6000 Ada Generation, 0 %, 28346 MiB, 49140 MiB, 33.45 W, 48
2026/08/27 23:23:12.497, 1, NVIDIA RTX 6000 Ada Generation, 97 %, 28448 MiB, 49140 MiB, 300.23 W, 82
2026/08/27 23:23:12.497, 2, NVIDIA RTX 6000 Ada Generation, 97 %, 28670 MiB, 49140 MiB, 299.55 W, 82
2026/08/27 23:23:12.497, 3, NVIDIA RTX 6000 Ada Generation, 98 %, 28392 MiB, 49140 MiB, 294.16 W, 80
2026/08/27 23:23:22.498, 0, NVIDIA RTX 6000 Ada Generation, 0 %, 28346 MiB, 49140 MiB, 33.33 W, 47
2026/08/27 23:23:22.498, 1, NVIDIA RTX 6000 Ada Generation, 97 %, 28448 MiB, 49140 MiB, 299.51 W, 83
2026/08/27 23:23:22.498, 2, NVIDIA RTX 6000 Ada Generation, 97 %, 28670 MiB, 49140 MiB, 299.73 W, 82
2026/08/27 23:23:22.498, 3, NVIDIA RTX 6000 Ada Generation, 97 %, 28392 MiB, 49140 MiB, 299.28 W, 79
2026/08/27 23:23:32.500, 0, NVIDIA RTX 6000 Ada Generation, 0 %, 28346 MiB, 49140 MiB, 32.82 W, 46
2026/08/27 23:23:32.500, 1, NVIDIA RTX 6000 Ada Generation, 94 %, 28448 MiB, 49140 MiB, 290.38 W, 82
2026/08/27 23:23:32.500, 2, NVIDIA RTX 6000 Ada Generation, 98 %, 28670 MiB, 49140 MiB, 299.67 W, 82
2026/08/27 23:23:32.500, 3, NVIDIA RTX 6000 Ada Generation, 75 %, 28392 MiB, 49140 MiB, 294.06 W, 79
2026/08/27 23:23:42.501, 0, NVIDIA RTX 6000 Ada Generation, 0 %, 28346 MiB, 49140 MiB, 32.54 W, 45
2026/08/27 23:23:42.501, 1, NVIDIA RTX 6000 Ada Generation, 88 %, 28448 MiB, 49140 MiB, 274.79 W, 82
2026/08/27 23:23:42.502, 2, NVIDIA RTX 6000 Ada Generation, 87 %, 28670 MiB, 49140 MiB, 286.87 W, 82
2026/08/27 23:23:42.502, 3, NVIDIA RTX 6000 Ada Generation, 97 %, 28392 MiB, 49140 MiB, 297.23 W, 80
2026/08/27 23:23:52.503, 0, NVIDIA RTX 6000 Ada Generation, 0 %, 28346 MiB, 49140 MiB, 32.37 W, 45
2026/08/27 23:23:52.503, 1, NVIDIA RTX 6000 Ada Generation, 97 %, 28448 MiB, 49140 MiB, 299.60 W, 83
2026/08/27 23:23:52.503, 2, NVIDIA RTX 6000 Ada Generation, 97 %, 28670 MiB, 49140 MiB, 299.19 W, 82
2026/08/27 23:23:52.503, 3, NVIDIA RTX 6000 Ada Generation, 97 %, 28392 MiB, 49140 MiB, 299.38 W, 80
2026/08/27 23:24:02.504, 0, NVIDIA RTX 6000 Ada Generation, 0 %, 28346 MiB, 49140 MiB, 31.91 W, 44
2026/08/27 23:24:02.505, 1, NVIDIA RTX 6000 Ada Generation, 0 %, 28488 MiB, 49140 MiB, 110.17 W, 76
2026/08/27 23:24:02.505, 2, NVIDIA RTX 6000 Ada Generation, 85 %, 28670 MiB, 49140 MiB, 287.26 W, 82
2026/08/27 23:24:02.505, 3, NVIDIA RTX 6000 Ada Generation, 60 %, 28392 MiB, 49140 MiB, 234.19 W, 78
2026/08/27 23:24:12.506, 0, NVIDIA RTX 6000 Ada Generation, 0 %, 28346 MiB, 49140 MiB, 31.77 W, 43
2026/08/27 23:24:12.506, 1, NVIDIA RTX 6000 Ada Generation, 0 %, 28488 MiB, 49140 MiB, 102.48 W, 72
2026/08/27 23:24:12.506, 2, NVIDIA RTX 6000 Ada Generation, 97 %, 28670 MiB, 49140 MiB, 299.15 W, 82
2026/08/27 23:24:12.506, 3, NVIDIA RTX 6000 Ada Generation, 74 %, 28392 MiB, 49140 MiB, 272.84 W, 79
2026/08/27 23:24:22.507, 0, NVIDIA RTX 6000 Ada Generation, 0 %, 28346 MiB, 49140 MiB, 31.46 W, 42
2026/08/27 23:24:22.507, 1, NVIDIA RTX 6000 Ada Generation, 0 %, 28488 MiB, 49140 MiB, 36.15 W, 67
2026/08/27 23:24:22.507, 2, NVIDIA RTX 6000 Ada Generation, 97 %, 28670 MiB, 49140 MiB, 298.83 W, 81
2026/08/27 23:24:22.507, 3, NVIDIA RTX 6000 Ada Generation, 79 %, 28392 MiB, 49140 MiB, 269.11 W, 78
2026/08/27 23:24:32.508, 0, NVIDIA RTX 6000 Ada Generation, 0 %, 28346 MiB, 49140 MiB, 31.05 W, 42
2026/08/27 23:24:32.509, 1, NVIDIA RTX 6000 Ada Generation, 0 %, 28488 MiB, 49140 MiB, 33.95 W, 64
2026/08/27 23:24:32.509, 2, NVIDIA RTX 6000 Ada Generation, 97 %, 28670 MiB, 49140 MiB, 298.91 W, 81
2026/08/27 23:24:32.509, 3, NVIDIA RTX 6000 Ada Generation, 76 %, 28392 MiB, 49140 MiB, 274.12 W, 78
2026/08/27 23:24:42.510, 0, NVIDIA RTX 6000 Ada Generation, 0 %, 28346 MiB, 49140 MiB, 30.87 W, 41
2026/08/27 23:24:42.510, 1, NVIDIA RTX 6000 Ada Generation, 0 %, 28488 MiB, 49140 MiB, 32.79 W, 62
2026/08/27 23:24:42.510, 2, NVIDIA RTX 6000 Ada Generation, 97 %, 28670 MiB, 49140 MiB, 300.66 W, 81
2026/08/27 23:24:42.510, 3, NVIDIA RTX 6000 Ada Generation, 76 %, 28392 MiB, 49140 MiB, 273.95 W, 78
2026/08/27 23:24:52.512, 0, NVIDIA RTX 6000 Ada Generation, 0 %, 28346 MiB, 49140 MiB, 75.46 W, 42
2026/08/27 23:24:52.512, 1, NVIDIA RTX 6000 Ada Generation, 0 %, 28488 MiB, 49140 MiB, 31.74 W, 60
2026/08/27 23:24:52.512, 2, NVIDIA RTX 6000 Ada Generation, 97 %, 28670 MiB, 49140 MiB, 299.27 W, 81
2026/08/27 23:24:52.512, 3, NVIDIA RTX 6000 Ada Generation, 0 %, 28432 MiB, 49140 MiB, 132.99 W, 74
2026/08/27 23:25:02.513, 0, NVIDIA RTX 6000 Ada Generation, 0 %, 28346 MiB, 49140 MiB, 82.39 W, 44
2026/08/27 23:25:02.513, 1, NVIDIA RTX 6000 Ada Generation, 0 %, 28488 MiB, 49140 MiB, 31.03 W, 58
2026/08/27 23:25:02.514, 2, NVIDIA RTX 6000 Ada Generation, 97 %, 28670 MiB, 49140 MiB, 300.10 W, 81
2026/08/27 23:25:02.514, 3, NVIDIA RTX 6000 Ada Generation, 0 %, 28432 MiB, 49140 MiB, 105.23 W, 69
2026/08/27 23:25:12.515, 0, NVIDIA RTX 6000 Ada Generation, 0 %, 28346 MiB, 49140 MiB, 30.86 W, 42
2026/08/27 23:25:12.515, 1, NVIDIA RTX 6000 Ada Generation, 0 %, 28488 MiB, 49140 MiB, 29.81 W, 56
2026/08/27 23:25:12.515, 2, NVIDIA RTX 6000 Ada Generation, 94 %, 28670 MiB, 49140 MiB, 294.65 W, 80
2026/08/27 23:25:12.515, 3, NVIDIA RTX 6000 Ada Generation, 0 %, 28432 MiB, 49140 MiB, 36.17 W, 64
2026/08/27 23:25:22.516, 0, NVIDIA RTX 6000 Ada Generation, 0 %, 28346 MiB, 49140 MiB, 30.92 W, 41
2026/08/27 23:25:22.517, 1, NVIDIA RTX 6000 Ada Generation, 0 %, 28488 MiB, 49140 MiB, 29.20 W, 55
2026/08/27 23:25:22.517, 2, NVIDIA RTX 6000 Ada Generation, 97 %, 28670 MiB, 49140 MiB, 299.77 W, 80
2026/08/27 23:25:22.517, 3, NVIDIA RTX 6000 Ada Generation, 0 %, 28432 MiB, 49140 MiB, 33.84 W, 61
